pair,n_obs,start,end,calendar_days,quarter_entry,quarter_exit,perp_entry,perp_exit,quarter_pnl_rub,perp_pnl_rub,funding_rub,gross_rub,margin_cost_rub,roundtrip_buffer_rub,screen_net_rub,screen_return_on_current_im_pct
GAZP_QP,5,2026-03-03,2026-03-10,7,14430.0,14657.0,129.32,129.63,227.0,-31.000000000000227,54.912000000000006,250.91199999999978,9.693086027397262,20.08,221.1389139726025,6.125426266075444
GAZP_QP,3,2026-03-02,2026-03-05,3,14423.0,14422.0,129.56,127.7,-1.0,185.99999999999994,35.281,220.28099999999995,4.154179726027397,20.08,196.04682027397257,5.430389074062028
GAZP_QP,10,2026-03-02,2026-03-16,14,14423.0,14402.0,129.56,128.4,-21.0,115.99999999999966,108.69,203.68999999999966,19.386172054794525,20.08,164.22382794520513,4.548909692735684
GAZP_QP,5,2026-04-13,2026-04-20,7,13980.0,13867.0,128.42,125.85,-113.0,256.9999999999993,49.138999999999996,193.13899999999933,9.693086027397262,20.08,163.36591397260207,4.525145947642557
GAZP_QP,20,2026-03-25,2026-04-22,28,14928.0,13774.0,136.67,124.75,-1154.0,1191.9999999999986,179.91,217.90999999999863,38.77234410958905,20.08,159.0576558904096,4.405809568786309
GAZP_QP,5,2026-04-01,2026-04-08,7,14650.0,14421.0,134.45,130.8,-229.0,364.9999999999977,45.565999999999995,181.56599999999773,9.693086027397262,20.08,151.79291397260045,4.20458021407798
GAZP_QP,10,2026-03-03,2026-03-17,14,14430.0,14302.0,129.32,127.31,-128.0,200.9999999999991,110.74,183.7399999999991,19.386172054794525,20.08,144.27382794520457,3.996305667451611
GAZP_QP,5,2026-03-31,2026-04-07,7,14635.0,14747.0,134.38,134.24,112.0,13.999999999998636,43.834999999999994,169.83499999999862,9.693086027397262,20.08,140.06191397260136,3.879637967431024
GAZP_QP,3,2026-03-03,2026-03-06,3,14430.0,14783.0,129.32,131.64,353.0,-231.99999999999932,34.188,155.18800000000067,4.154179726027397,20.08,130.9538202739733,3.6273487824422403
GAZP_QP,5,2026-03-02,2026-03-09,7,14423.0,14971.0,129.56,134.0,548.0,-443.9999999999998,54.641000000000005,158.64100000000025,9.693086027397262,20.08,128.867913972603,3.569570325374441
GAZP_QP,3,2026-04-02,2026-04-07,5,14568.0,14747.0,133.7,134.24,179.0,-54.000000000002046,26.299,151.29899999999796,6.923632876712329,20.08,124.29536712328563,3.4429132930570114
GAZP_QP,10,2026-03-25,2026-04-08,14,14928.0,14421.0,136.67,130.8,-507.0,586.9999999999976,82.92699999999999,162.9269999999976,19.386172054794525,20.08,123.46082794520309,3.4197970169133693
GAZP_QP,20,2026-03-26,2026-04-23,28,14999.0,13768.0,137.5,125.18,-1231.0,1231.9999999999993,181.042,182.04199999999932,38.77234410958905,20.08,123.18965589041026,3.412285700170359
GAZP_QP,5,2026-04-15,2026-04-22,7,14055.0,13774.0,128.48,124.75,-281.0,372.999999999999,45.847,137.84699999999899,9.693086027397262,20.08,108.07391397260172,2.9935879643840946
GAZP_QP,3,2026-03-31,2026-04-03,3,14635.0,14607.0,134.38,133.07,-28.0,131.00000000000023,27.573999999999998,130.57400000000024,4.154179726027397,20.08,106.33982027397285,2.9455545228762237
GAZP_QP,20,2026-02-09,2026-03-10,29,14135.0,14657.0,124.21,129.63,522.0,-542.0000000000002,184.259,164.25899999999976,40.15707068493151,20.08,104.02192931506825,2.8813502184120527
GAZP_QP,20,2026-04-01,2026-04-29,28,14650.0,12949.0,134.45,117.73,-1701.0,1671.9999999999984,190.682,161.6819999999984,38.77234410958905,20.08,102.82965589040934,2.848324900431816
GAZP_QP,20,2026-02-11,2026-03-12,29,14165.0,14633.0,125.25,130.3,468.0,-505.00000000000114,188.592,151.59199999999888,40.15707068493151,20.08,91.35492931506737,2.5304812866690125
GAZP_QP,5,2026-03-30,2026-04-06,7,14829.0,14627.0,136.2,133.42,-202.0,278.0000000000001,43.876,119.87600000000012,9.693086027397262,20.08,90.10291397260286,2.4958011504302515
GAZP_QP,3,2026-07-21,2026-07-24,3,9107.0,9779.0,86.64,92.38,672.0,-573.9999999999995,11.694,109.69400000000046,4.154179726027397,20.08,85.45982027397307,2.367190009195471
GAZP_QP,20,2026-03-30,2026-04-27,28,14829.0,13495.0,136.2,123.26,-1334.0,1293.9999999999984,183.62199999999999,143.6219999999984,38.77234410958905,20.08,84.76965589040934,2.3480728354378266
GAZP_QP,5,2026-07-21,2026-07-28,7,9107.0,9681.0,86.64,91.43,574.0,-479.0000000000006,19.339000000000002,114.33899999999937,9.693086027397262,20.08,84.56591397260212,2.342429296395252
GAZP_QP,3,2026-04-01,2026-04-06,5,14650.0,14627.0,134.45,133.42,-23.0,103.00000000000011,29.503,109.50300000000011,6.923632876712329,20.08,82.49936712328778,2.2851870854995533
GAZP_QP,10,2026-04-13,2026-04-27,14,13980.0,13495.0,128.42,123.26,-485.0,515.9999999999982,90.903,121.90299999999819,19.386172054794525,20.08,82.43682794520366,2.2834547846701176
GAZP_QP,3,2026-02-12,2026-02-17,5,14225.0,14292.0,125.86,125.67,67.0,18.999999999999773,21.248,107.24799999999978,6.923632876712329,20.08,80.24436712328745,2.2227248260000176
GAZP_QP,10,2026-02-12,2026-02-27,15,14225.0,14380.0,125.86,127.05,155.0,-118.99999999999977,84.936,120.93600000000023,20.77089863013699,20.08,80.08510136986324,2.218313252244022
GAZP_QP,3,2026-04-13,2026-04-16,3,13980.0,13989.0,128.42,127.79,9.0,62.999999999998124,31.823,103.82299999999813,4.154179726027397,20.08,79.58882027397074,2.204566538897527
GAZP_QP,3,2026-04-15,2026-04-20,5,14055.0,13867.0,128.48,125.85,-188.0,262.99999999999955,30.782999999999998,105.78299999999955,6.923632876712329,20.08,78.77936712328722,2.182145131912736
GAZP_QP,10,2026-02-11,2026-02-26,15,14165.0,14327.0,125.25,126.57,162.0,-131.99999999999932,86.352,116.35200000000069,20.77089863013699,20.08,75.50110136986369,2.091338973953201
GAZP_QP,20,2026-01-28,2026-02-26,29,14550.0,14327.0,128.4,126.57,-223.0,183.00000000000125,173.788,133.78800000000126,40.15707068493151,20.08,73.55092931506975,2.037320280846654
GAZP_QP,10,2026-03-24,2026-04-07,14,14850.0,14747.0,135.6,134.24,-103.0,135.99999999999852,79.353,112.35299999999852,19.386172054794525,20.08,72.88682794520399,2.018925038230891
GAZP_QP,20,2026-03-24,2026-04-21,28,14850.0,13810.0,135.6,125.65,-1040.0,994.9999999999989,176.00199999999998,131.00199999999884,38.77234410958905,20.08,72.14965589040979,1.9985057778396031
GAZP_QP,10,2026-04-02,2026-04-16,14,14568.0,13989.0,133.7,127.79,-579.0,590.9999999999982,99.518,111.51799999999818,19.386172054794525,20.08,72.05182794520366,1.995795997573629
GAZP_QP,5,2026-02-11,2026-02-18,7,14165.0,14333.0,125.25,126.3,168.0,-104.99999999999972,38.14300000000001,101.14300000000028,9.693086027397262,20.08,71.36991397260303,1.9769073556610204
GAZP_QP,10,2026-03-31,2026-04-14,14,14635.0,14030.0,134.38,128.19,-605.0,618.9999999999998,94.57799999999999,108.57799999999976,19.386172054794525,20.08,69.11182794520523,1.914359614900233
GAZP_QP,10,2026-02-24,2026-03-10,14,14316.0,14657.0,126.27,129.63,341.0,-335.99999999999994,102.569,107.56900000000006,19.386172054794525,20.08,68.10282794520553,1.8864108699623157
GAZP_QP,10,2026-04-09,2026-04-23,14,14090.0,13768.0,128.53,125.18,-322.0,334.99999999999943,93.57600000000001,106.57599999999944,19.386172054794525,20.08,67.10982794520491,1.8589053162225957
GAZP_QP,10,2026-05-13,2026-05-27,14,13439.0,12602.0,124.4,115.57,-837.0,883.0000000000013,59.379000000000005,105.37900000000126,19.386172054794525,20.08,65.91282794520673,1.8257490747056027
GAZP_QP,20,2026-03-31,2026-04-28,28,14635.0,13195.0,134.38,120.6,-1440.0,1378.0,183.945,121.945,38.77234410958905,20.08,63.09265589041094,1.7476318601956393
GAZP_QP,3,2026-04-14,2026-04-17,3,14030.0,13729.0,128.19,124.65,-301.0,353.9999999999992,32.120000000000005,85.11999999999921,4.154179726027397,20.08,60.88582027397182,1.6865037276249888
GAZP_QP,20,2026-02-16,2026-03-17,29,14325.0,14302.0,126.75,127.31,-23.0,-56.00000000000023,199.412,120.41199999999978,40.15707068493151,20.08,60.17492931506827,1.6668124391323498
GAZP_QP,10,2026-04-01,2026-04-15,14,14650.0,14055.0,134.45,128.48,-595.0,596.9999999999999,96.702,98.70199999999988,19.386172054794525,20.08,59.23582794520536,1.640799847797211
GAZP_QP,5,2026-04-02,2026-04-09,7,14568.0,14090.0,133.7,128.53,-478.0,516.9999999999987,49.419999999999995,88.41999999999874,9.693086027397262,20.08,58.64691397260148,1.6244872547241822
GAZP_QP,5,2026-02-12,2026-02-19,7,14225.0,14274.0,125.86,125.88,49.0,-1.999999999999602,40.323,87.3230000000004,9.693086027397262,20.08,57.54991397260315,1.5941009581960774
GAZP_QP,10,2026-04-06,2026-04-20,14,14627.0,13867.0,133.42,125.85,-760.0,756.9999999999993,97.982,94.98199999999932,19.386172054794525,20.08,55.51582794520479,1.5377578942103935
GAZP_QP,5,2026-04-16,2026-04-23,7,13989.0,13768.0,127.79,125.18,-221.0,260.99999999999994,43.478,83.47799999999995,9.693086027397262,20.08,53.7049139726027,1.4875965733731475
GAZP_QP,5,2026-05-20,2026-05-27,7,12973.0,12602.0,119.76,115.57,-371.0,419.0000000000012,34.636,82.63600000000119,9.693086027397262,20.08,52.862913972603934,1.4642736365667066
GAZP_QP,20,2026-01-29,2026-02-27,29,14550.0,14380.0,128.13,127.05,-170.0,107.99999999999983,174.5,112.49999999999983,40.15707068493151,20.08,52.26292931506832,1.4476543916111748
GAZP_QP,10,2026-07-21,2026-08-04,14,9107.0,9818.0,86.64,93.34,711.0,-670.0000000000002,49.187000000000005,90.18699999999978,19.386172054794525,20.08,50.72082794520526,1.4049390319930102
GAZP_QP,5,2026-04-14,2026-04-21,7,14030.0,13810.0,128.19,125.65,-220.0,253.9999999999992,45.906000000000006,79.90599999999921,9.693086027397262,20.08,50.132913972601955,1.388654138369886
GAZP_QP,5,2026-02-16,2026-02-24,8,14325.0,14316.0,126.75,126.27,-9.0,48.0000000000004,41.015,80.0150000000004,11.077812602739728,20.08,48.857187397260674,1.3533172140242502
GAZP_QP,3,2026-05-12,2026-05-15,3,13387.0,13135.0,123.7,120.61,-252.0,309.00000000000034,16.041,73.04100000000034,4.154179726027397,20.08,48.806820273972946,1.3519220724166923
GAZP_QP,20,2026-01-26,2026-02-24,29,14346.0,14316.0,126.02,126.27,-30.0,-25.0,163.798,108.798,40.15707068493151,20.08,48.56092931506849,1.3451110281223786
GAZP_QP,3,2026-02-13,2026-02-18,5,14328.0,14333.0,126.77,126.3,5.0,46.999999999999886,22.673000000000002,74.67299999999989,6.923632876712329,20.08,47.66936712328756,1.3204152458682823
GAZP_QP,20,2026-02-04,2026-03-05,29,14479.0,14422.0,127.45,127.7,-57.0,-25.0,187.52599999999998,105.52599999999998,40.15707068493151,20.08,45.28892931506847,1.2544784280858148
GAZP_QP,20,2026-01-22,2026-02-19,28,14360.0,14274.0,126.13,125.88,-86.0,25.0,164.67000000000002,103.67000000000002,38.77234410958905,20.08,44.81765589041096,1.241424413475532
GAZP_QP,3,2026-03-05,2026-03-10,5,14422.0,14657.0,127.7,129.63,235.0,-192.99999999999926,28.927999999999997,70.92800000000074,6.923632876712329,20.08,43.924367123288405,1.2166808060342809
GAZP_QP,3,2026-01-27,2026-01-30,3,14594.0,14583.0,128.53,127.95,-11.0,57.99999999999983,20.779999999999998,67.77999999999983,4.154179726027397,20.08,43.54582027397244,1.2061952665510427
GAZP_QP,20,2026-02-13,2026-03-16,31,14328.0,14402.0,126.77,128.4,74.0,-163.00000000000097,195.262,106.26199999999903,42.92652383561644,20.08,43.25547616438259,1.1981528944369142
GAZP_QP,3,2026-01-28,2026-02-02,5,14550.0,14478.0,128.4,127.22,-72.0,118.00000000000068,23.227999999999998,69.22800000000068,6.923632876712329,20.08,42.224367123288346,1.1695917412231063
GAZP_QP,3,2026-07-23,2026-07-28,5,9532.0,9681.0,90.5,91.43,149.0,-93.00000000000068,10.775,66.77499999999932,6.923632876712329,20.08,39.77136712328699,1.1016449906455354
GAZP_QP,3,2026-03-09,2026-03-12,3,14971.0,14633.0,134.0,130.3,-338.0,369.99999999999886,31.909,63.90899999999886,4.154179726027397,20.08,39.67482027397146,1.0989706960309864
GAZP_QP,3,2026-04-03,2026-04-08,5,14607.0,14421.0,133.07,130.8,-186.0,226.99999999999818,24.877,65.87699999999818,6.923632876712329,20.08,38.873367123285846,1.0767708846452486
GAZP_QP,3,2026-02-16,2026-02-19,3,14325.0,14274.0,126.75,125.88,-51.0,87.00000000000045,26.659,62.659000000000454,4.154179726027397,20.08,38.424820273973054,1.0643463836698739
GAZP_QP,5,2026-07-17,2026-07-24,7,8417.0,9779.0,79.28,92.38,1362.0,-1309.9999999999995,16.11,68.11000000000045,9.693086027397262,20.08,38.33691397260319,1.0619114274801584
GAZP_QP,3,2026-05-22,2026-05-27,5,12745.0,12602.0,117.45,115.57,-143.0,188.00000000000097,19.948,64.94800000000097,6.923632876712329,20.08,37.94436712328864,1.0510380956985148
GAZP_QP,40,2026-01-22,2026-03-20,57,14360.0,14615.0,126.13,131.0,255.0,-487.00000000000045,368.74,136.73999999999955,78.92941479452057,20.08,37.73058520547899,1.045116454178988
GAZP_QP,3,2026-05-13,2026-05-18,5,13439.0,13430.0,124.4,123.82,-9.0,58.00000000000125,15.318999999999999,64.31900000000125,6.923632876712329,20.08,37.31536712328892,1.0336151417183885
GAZP_QP,10,2026-03-26,2026-04-09,14,14999.0,14090.0,137.5,128.53,-909.0,896.9999999999999,87.466,75.46599999999988,19.386172054794525,20.08,35.999827945205354,0.9971754301781448
GAZP_QP,40,2026-03-31,2026-05-27,57,14635.0,12602.0,134.38,115.57,-2033.0,1881.0000000000002,286.516,134.51600000000025,78.92941479452057,20.08,35.50658520547968,0.9835128776260373
GAZP_QP,10,2026-08-18,2026-09-01,14,8788.0,9250.0,84.2,88.59,462.0,-439.00000000000006,51.663000000000004,74.66299999999995,19.386172054794525,20.08,35.19682794520543,0.97493277191734
GAZP_QP,20,2026-03-27,2026-04-24,28,14943.0,13531.0,136.56,123.33,-1412.0,1323.0000000000005,182.897,93.89700000000045,38.77234410958905,20.08,35.0446558904114,0.970717689711078
GAZP_QP,5,2026-07-23,2026-07-30,7,9532.0,9710.0,90.5,91.9,178.0,-140.00000000000057,24.887,62.88699999999943,9.693086027397262,20.08,33.11391397260217,0.9172372007102738
GAZP_QP,5,2026-01-28,2026-02-04,7,14550.0,14479.0,128.4,127.45,-71.0,95.00000000000028,37.233,61.23300000000028,9.693086027397262,20.08,31.45991397260302,0.8714223105940151
GAZP_QP,3,2026-04-16,2026-04-21,5,13989.0,13810.0,127.79,125.65,-179.0,214.00000000000006,23.43,58.43000000000006,6.923632876712329,20.08,31.426367123287733,0.8704930813224752
GAZP_QP,20,2026-08-17,2026-09-14,28,8622.0,10127.0,82.6,97.7,1505.0,-1510.000000000001,95.269,90.2689999999991,38.77234410958905,20.08,31.41665589041005,0.87022408551402
GAZP_QP,5,2026-04-10,2026-04-17,7,14116.0,13729.0,128.62,124.65,-387.0,396.9999999999999,50.958999999999996,60.95899999999988,9.693086027397262,20.08,31.18591397260262,0.8638326613244386
GAZP_QP,3,2026-04-17,2026-04-22,5,13729.0,13774.0,124.65,124.75,45.0,-9.999999999999432,22.736,57.73600000000057,6.923632876712329,20.08,30.732367123288242,0.8512696630995751
GAZP_QP,5,2026-08-25,2026-09-01,7,8905.0,9250.0,85.49,88.59,345.0,-310.00000000000085,24.707,59.70699999999915,9.693086027397262,20.08,29.933913972601886,0.829152950063484
GAZP_QP,10,2026-08-25,2026-09-08,14,8905.0,9462.0,85.49,90.86,557.0,-537.0000000000005,48.439,68.43899999999954,19.386172054794525,20.08,28.97282794520501,0.802531395808658
GAZP_QP,5,2026-08-28,2026-09-04,7,8819.0,9462.0,84.8,90.9,643.0,-610.0000000000009,24.643,57.64299999999909,9.693086027397262,20.08,27.86991397260183,0.7719812854927407
GAZP_QP,10,2026-02-03,2026-02-17,14,14506.0,14292.0,127.6,125.67,-214.0,192.99999999999926,87.70400000000001,66.70399999999927,19.386172054794525,20.08,27.237827945204742,0.7544728502513652
GAZP_QP,20,2026-02-12,2026-03-13,29,14225.0,14499.0,125.86,129.63,274.0,-376.9999999999996,190.02700000000002,87.02700000000041,40.15707068493151,20.08,26.789929315068903,0.7420663045905993
GAZP_QP,10,2026-07-16,2026-07-30,14,8932.0,9710.0,84.36,91.9,778.0,-754.0000000000007,42.157,66.15699999999931,19.386172054794525,20.08,26.690827945204788,0.7393212511621245
GAZP_QP,3,2026-08-17,2026-08-20,3,8622.0,8723.0,82.6,83.3,101.0,-70.00000000000028,19.900000000000002,50.89999999999972,4.154179726027397,20.08,26.66582027397233,0.7386285524259822
GAZP_QP,3,2026-02-20,2026-02-26,6,14253.0,14327.0,126.08,126.57,74.0,-48.99999999999949,29.866,54.86600000000051,8.308359452054795,20.08,26.477640547945718,0.7334160775347964
GAZP_QP,10,2026-01-27,2026-02-10,14,14594.0,14020.0,128.53,122.99,-574.0,554.0000000000007,85.677,65.67700000000069,19.386172054794525,20.08,26.210827945206162,0.7260255152154784
GAZP_QP,5,2026-09-09,2026-09-16,7,9273.0,9741.0,89.34,93.66,468.0,-431.9999999999993,19.930999999999997,55.93100000000068,9.693086027397262,20.08,26.157913972603417,0.7245598272829448
GAZP_QP,3,2026-01-12,2026-01-15,3,14018.0,14161.0,120.67,121.8,143.0,-112.99999999999955,20.246,50.24600000000045,4.154179726027397,20.08,26.011820273973058,0.7205131121986454
GAZP_QP,5,2026-03-27,2026-04-03,7,14943.0,14607.0,136.56,133.07,-336.0,349.0000000000009,42.611,55.61100000000091,9.693086027397262,20.08,25.837913972603644,0.715696003318495
GAZP_QP,20,2026-01-27,2026-02-25,29,14594.0,14356.0,128.53,126.97,-238.0,156.00000000000023,166.40699999999998,84.40700000000021,40.15707068493151,20.08,24.1699293150687,0.6694937458816097
GAZP_QP,5,2026-01-23,2026-01-30,7,14413.0,14583.0,126.43,127.95,170.0,-151.9999999999996,35.866,53.8660000000004,9.693086027397262,20.08,24.092913972603135,0.6673604632623064
GAZP_QP,10,2026-04-03,2026-04-17,14,14607.0,13729.0,133.07,124.65,-878.0,841.9999999999987,99.124,63.123999999998745,19.386172054794525,20.08,23.657827945204218,0.6553088196489986
GAZP_QP,10,2026-04-15,2026-04-29,14,14055.0,12949.0,128.48,117.73,-1106.0,1074.9999999999986,93.97999999999999,62.979999999998626,19.386172054794525,20.08,23.5138279452041,0.65132009886499
GAZP_QP,10,2026-01-22,2026-02-05,14,14360.0,14289.0,126.13,125.56,-71.0,56.99999999999932,75.92,61.91999999999932,19.386172054794525,20.08,22.453827945204793,0.6219586819827485
GAZP_QP,5,2026-08-19,2026-08-26,7,8867.0,8724.0,84.71,83.03,-143.0,167.99999999999926,27.147,52.14699999999926,9.693086027397262,20.08,22.373913972601997,0.6197451089032124
GAZP_QP,20,2026-08-27,2026-09-24,28,8835.0,10503.0,84.75,101.46,1668.0,-1670.9999999999993,83.718,80.71800000000069,38.77234410958905,20.08,21.865655890411638,0.6056666396249394
GAZP_QP,10,2026-08-28,2026-09-11,14,8819.0,9596.0,84.8,92.4,777.0,-760.0000000000009,44.072,61.07199999999909,19.386172054794525,20.08,21.605827945204567,0.5984695484769337
GAZP_QP,10,2026-08-24,2026-09-07,14,8657.0,9481.0,82.97,91.1,824.0,-812.9999999999995,48.725,59.725000000000456,19.386172054794525,20.08,20.258827945205937,0.5611583894765894
GAZP_QP,10,2026-03-27,2026-04-10,14,14943.0,14116.0,136.56,128.62,-827.0,793.9999999999998,90.776,57.77599999999977,19.386172054794525,20.08,18.309827945205242,0.5071721616430549
GAZP_QP,5,2026-01-12,2026-01-19,7,14018.0,14381.0,120.67,124.17,363.0,-350.0,34.928,47.928,9.693086027397262,20.08,18.154913972602735,0.5028811298218574
GAZP_QP,5,2026-01-26,2026-02-02,7,14346.0,14478.0,126.02,127.22,132.0,-120.00000000000028,35.908,47.90799999999972,9.693086027397262,20.08,18.134913972602455,0.5023271408240713
GAZP_QP,3,2026-08-18,2026-08-21,3,8788.0,8806.0,84.2,84.15,18.0,4.999999999999716,19.189999999999998,42.18999999999971,4.154179726027397,20.08,17.95582027397232,0.49736634389344353
GAZP_QP,10,2026-02-04,2026-02-18,14,14479.0,14333.0,127.45,126.3,-146.0,115.00000000000057,88.346,57.34600000000057,19.386172054794525,20.08,17.879827945206046,0.49526139819083936
GAZP_QP,10,2026-09-02,2026-09-16,14,9202.0,9741.0,88.42,93.66,539.0,-523.9999999999995,42.013,57.01300000000045,19.386172054794525,20.08,17.546827945205933,0.48603748137782415
GAZP_QP,20,2026-07-16,2026-08-13,28,8932.0,9360.0,84.36,88.96,428.0,-459.99999999999943,107.951,75.95100000000056,38.77234410958905,20.08,17.098655890411514,0.4736233620044295
GAZP_QP,10,2026-08-17,2026-08-31,14,8622.0,9241.0,82.6,88.76,619.0,-616.0000000000011,52.818999999999996,55.81899999999886,19.386172054794525,20.08,16.35282794520434,0.45296433821040333
GAZP_QP,3,2026-08-27,2026-09-01,5,8835.0,9250.0,84.75,88.59,415.0,-384.00000000000034,12.285,43.284999999999656,6.923632876712329,20.08,16.281367123287325,0.45098491275469155
GAZP_QP,10,2026-07-23,2026-08-06,14,9532.0,9789.0,90.5,93.07,257.0,-256.9999999999993,55.42,55.420000000000684,19.386172054794525,20.08,15.953827945206157,0.4419122577047725
GAZP_QP,10,2026-02-09,2026-02-24,15,14135.0,14316.0,124.21,126.27,181.0,-206.00000000000023,81.69,56.68999999999977,20.77089863013699,20.08,15.839101369862782,0.4387343946801207
GAZP_QP,3,2026-08-21,2026-08-26,5,8806.0,8724.0,84.15,83.03,-82.0,112.00000000000045,12.741,42.741000000000454,6.923632876712329,20.08,15.737367123288124,0.4359164120151384
GAZP_QP,10,2026-04-08,2026-04-22,14,14421.0,13774.0,130.8,124.75,-647.0,605.0000000000011,96.983,54.98300000000114,19.386172054794525,20.08,15.516827945206614,0.42980759810332486
GAZP_QP,5,2026-03-09,2026-03-16,7,14971.0,14402.0,134.0,128.4,-569.0,559.9999999999994,54.049,45.04899999999943,9.693086027397262,20.08,15.275913972602169,0.4231344135916261
GAZP_QP,10,2026-05-12,2026-05-26,14,13387.0,12625.0,123.7,116.1,-762.0,760.0000000000009,56.138,54.13800000000091,19.386172054794525,20.08,14.671827945206388,0.4064015629471768
GAZP_QP,3,2026-01-16,2026-01-21,5,14222.0,14504.0,123.51,126.13,282.0,-261.99999999999903,21.224999999999998,41.22500000000096,6.923632876712329,20.08,14.22136712328863,0.3939240459835418
GAZP_QP,3,2026-01-09,2026-01-14,5,14283.0,14169.0,123.12,121.77,-114.0,135.00000000000085,19.695,40.69500000000085,6.923632876712329,20.08,13.69136712328853,0.37924333754240863
GAZP_QP,20,2026-08-24,2026-09-21,28,8657.0,10032.0,82.97,96.86,1375.0,-1389.0,85.88,71.88,38.77234410958905,20.08,13.027655890410948,0.36085890150659927
GAZP_QP,20,2026-08-19,2026-09-16,28,8867.0,9741.0,84.71,93.66,874.0,-895.0000000000002,92.845,71.84499999999977,38.77234410958905,20.08,12.992655890410724,0.3598894207604807
GAZP_QP,10,2026-01-26,2026-02-09,14,14346.0,14135.0,126.02,124.21,-211.0,181.00000000000023,82.108,52.10800000000023,19.386172054794525,20.08,12.641827945205705,0.3501716796726397
GAZP_QP,5,2026-02-10,2026-02-17,7,14020.0,14292.0,122.99,125.67,272.0,-268.0000000000007,38.117000000000004,42.11699999999932,9.693086027397262,20.08,12.34391397260206,0.3419196265172944
GAZP_QP,20,2026-08-25,2026-09-22,28,8905.0,10357.0,85.49,100.15,1452.0,-1466.0000000000011,85.066,71.06599999999887,38.77234410958905,20.08,12.213655890409818,0.33831154929698287
GAZP_QP,40,2026-07-21,2026-09-15,56,9107.0,10043.0,86.64,96.98,936.0,-1034.0000000000005,207.498,109.49799999999954,77.5446882191781,20.08,11.873311780821439,0.32888420468844876
GAZP_QP,5,2026-05-04,2026-05-11,7,12967.0,13090.0,119.1,120.11,123.0,-101.00000000000051,19.291,41.290999999999485,9.693086027397262,20.08,11.517913972602223,0.3190398809090467
GAZP_QP,5,2026-01-27,2026-02-03,7,14594.0,14506.0,128.53,127.6,-88.0,93.00000000000068,36.09,41.090000000000686,9.693086027397262,20.08,11.316913972603423,0.313472291481406
GAZP_QP,20,2026-08-28,2026-09-25,28,8819.0,10177.0,84.8,98.52,1358.0,-1372.0,84.15599999999999,70.15599999999999,38.77234410958905,20.08,11.303655890410944,0.3131050498980921
GAZP_QP,5,2026-07-31,2026-08-07,7,9659.0,9690.0,91.81,92.04,31.0,-23.000000000000398,32.946999999999996,40.9469999999996,9.693086027397262,20.08,11.173913972602335,0.30951127014725954
GAZP_QP,20,2026-08-18,2026-09-15,28,8788.0,10043.0,84.2,96.98,1255.0,-1278.0,92.913,69.913,38.77234410958905,20.08,11.060655890410949,0.30637408357508344
GAZP_QP,20,2026-02-05,2026-03-06,29,14289.0,14783.0,125.56,131.64,494.0,-607.9999999999984,184.951,70.95100000000159,40.15707068493151,20.08,10.713929315070075,0.2967699481762703
GAZP_QP,10,2026-04-30,2026-05-15,15,13090.0,13135.0,120.28,120.61,45.0,-32.99999999999983,39.405,51.40500000000017,20.77089863013699,20.08,10.554101369863183,0.2923428020171621
GAZP_QP,10,2026-01-23,2026-02-06,14,14413.0,14273.0,126.43,125.35,-140.0,108.00000000000125,80.29499999999999,48.29500000000124,19.386172054794525,20.08,8.828827945206715,0.2445536772461959
GAZP_QP,5,2026-01-29,2026-02-05,7,14550.0,14289.0,128.13,125.56,-261.0,256.9999999999993,41.137,37.13699999999932,9.693086027397262,20.08,7.363913972602056,0.20397636607044678
GAZP_QP,10,2026-02-18,2026-03-05,15,14333.0,14422.0,126.3,127.7,89.0,-140.00000000000057,99.18,48.17999999999944,20.77089863013699,20.08,7.32910136986245,0.203012076125358
GAZP_QP,3,2026-08-28,2026-09-02,5,8819.0,9202.0,84.8,88.42,383.0,-362.00000000000045,12.451,33.450999999999546,6.923632876712329,20.08,6.4473671232872185,0.17858852254699814
GAZP_QP,3,2026-03-11,2026-03-16,5,14560.0,14402.0,129.96,128.4,-158.0,156.00000000000023,35.436,33.43600000000023,6.923632876712329,20.08,6.4323671232879,0.17817303079868316
GAZP_QP,3,2026-02-11,2026-02-16,5,14165.0,14325.0,125.25,126.75,160.0,-150.0,22.667,32.667,6.923632876712329,20.08,5.663367123287674,0.15687215383409342
GAZP_QP,5,2026-02-13,2026-02-20,7,14328.0,14253.0,126.77,126.08,-75.0,68.99999999999977,41.016000000000005,35.01599999999978,9.693086027397262,20.08,5.242913972602516,0.14522583285604915
GAZP_QP,10,2026-07-20,2026-08-03,14,8780.0,9888.0,82.72,93.8,1108.0,-1107.9999999999998,44.598,44.598000000000226,19.386172054794525,20.08,5.131827945205703,0.14214881100681137
GAZP_QP,3,2026-01-29,2026-02-03,5,14550.0,14506.0,128.13,127.6,-44.0,53.000000000000114,23.108,32.10800000000012,6.923632876712329,20.08,5.1043671232877905,0.14138816134618745
GAZP_QP,5,2026-04-30,2026-05-08,8,13090.0,12742.0,120.28,116.65,-348.0,362.99999999999955,20.677,35.676999999999545,11.077812602739728,20.08,4.51918739725982,0.12517900484906072
GAZP_QP,10,2026-08-27,2026-09-10,14,8835.0,9709.0,84.75,93.5,874.0,-875.0,44.62,43.62,19.386172054794525,20.08,4.1538279452054745,0.1150587490154362
GAZP_QP,10,2026-07-14,2026-07-28,14,9895.0,9681.0,93.58,91.43,-214.0,214.99999999999915,42.46,43.45999999999915,19.386172054794525,20.08,3.9938279452046253,0.11062683703318463
GAZP_QP,3,2026-08-05,2026-08-10,5,9996.0,9771.0,95.16,92.82,-225.0,234.00000000000034,21.921,30.92100000000034,6.923632876712329,20.08,3.917367123288013,0.10850891432803941
GAZP_QP,5,2026-03-13,2026-03-20,7,14499.0,14615.0,129.63,131.0,116.0,-137.00000000000045,54.366,33.365999999999545,9.693086027397262,20.08,3.5929139726022825,0.09952174053931612
GAZP_QP,5,2026-02-26,2026-03-05,7,14327.0,14422.0,126.57,127.7,95.0,-113.00000000000097,50.971,32.97099999999903,9.693086027397262,20.08,3.197913972601768,0.08858045783317639
GAZP_QP,3,2026-09-09,2026-09-14,5,9273.0,10127.0,89.34,97.7,854.0,-836.0,11.921000000000001,29.921,6.923632876712329,20.08,2.917367123287672,0.08080946443910475
GAZP_QP,10,2026-07-10,2026-07-24,14,9855.0,9779.0,93.11,92.38,-76.0,73.0000000000004,45.084,42.0840000000004,19.386172054794525,20.08,2.617827945205878,0.07251239398605826
GAZP_QP,5,2026-02-19,2026-02-27,8,14274.0,14380.0,125.88,127.05,106.0,-117.00000000000017,44.613,33.61299999999983,11.077812602739728,20.08,2.4551873972601044,0.06800734027832696
GAZP_QP,3,2026-09-11,2026-09-16,5,9596.0,9741.0,92.4,93.66,145.0,-125.99999999999909,10.392,29.39200000000091,6.923632876712329,20.08,2.3883671232885817,0.06615645544788851
GAZP_QP,10,2026-02-05,2026-02-19,14,14289.0,14274.0,125.56,125.88,-15.0,-31.999999999999318,88.75,41.75000000000068,19.386172054794525,20.08,2.283827945206159,0.06326077772316502
GAZP_QP,20,2026-02-03,2026-03-04,29,14506.0,14430.0,127.6,128.01,-76.0,-40.99999999999966,179.44199999999998,62.44200000000032,40.15707068493151,20.08,2.20492931506881,0.06107532907137068
GAZP_QP,5,2026-01-06,2026-01-14,8,14357.0,14169.0,123.55,121.77,-188.0,178.0000000000001,43.202999999999996,33.20300000000011,11.077812602739728,20.08,2.045187397260385,0.0566505658238754
GAZP_QP,5,2026-05-12,2026-05-19,7,13387.0,13328.0,123.7,123.03,-59.0,67.00000000000017,23.64,31.64000000000017,9.693086027397262,20.08,1.8669139726029087,0.05171249003104855
GAZP_QP,3,2026-09-03,2026-09-08,5,9345.0,9462.0,89.86,90.86,117.0,-100.0,11.585,28.585,6.923632876712329,20.08,1.5813671232876736,0.04380299938750072
GAZP_QP,5,2026-08-31,2026-09-07,7,9241.0,9481.0,88.76,91.1,240.0,-233.99999999999892,25.038,31.03800000000108,9.693086027397262,20.08,1.2649139726038214,0.035037421197940864
GAZP_QP,3,2026-09-02,2026-09-07,5,9202.0,9481.0,88.42,91.1,279.0,-267.99999999999926,16.591,27.59100000000074,6.923632876712329,20.08,0.5873671232884128,0.016269746197929542
GAZP_QP,3,2026-05-06,2026-05-11,5,12938.0,13090.0,118.73,120.11,152.0,-137.99999999999955,13.587,27.587000000000454,6.923632876712329,20.08,0.5833671232881272,0.01615894839836593
GAZP_QP,3,2026-09-21,2026-09-24,3,10032.0,10503.0,96.86,101.46,471.0,-459.99999999999943,13.734000000000002,24.73400000000057,4.154179726027397,20.08,0.4998202739731745,0.013844746632388815
GAZP_QP,3,2026-05-04,2026-05-07,3,12967.0,12824.0,119.1,117.57,-143.0,153.0000000000001,14.008000000000001,24.008000000000116,4.154179726027397,20.08,-0.22617972602727932,-0.0062650539869834555
GAZP_QP,20,2026-07-13,2026-08-10,28,9890.0,9771.0,93.55,92.82,-119.0,73.0000000000004,104.53399999999999,58.53400000000039,38.77234410958905,20.08,-0.3183441095886579,-0.008817956710985543
GAZP_QP,5,2026-07-22,2026-07-29,7,9590.0,9746.0,90.86,92.34,156.0,-148.0000000000004,21.073,29.072999999999602,9.693086027397262,20.08,-0.7000860273976599,-0.019391997833838198
GAZP_QP,3,2026-08-04,2026-08-07,3,9818.0,9690.0,93.34,92.04,-128.0,129.99999999999972,21.481,23.480999999999717,4.154179726027397,20.08,-0.7531797260276782,-0.020862664078458087
GAZP_QP,5,2026-08-24,2026-08-31,7,8657.0,9241.0,82.97,88.76,584.0,-579.0000000000007,23.687,28.68699999999932,9.693086027397262,20.08,-1.0860860273979398,-0.03008398549097108
GAZP_QP,3,2026-05-05,2026-05-08,3,13074.0,12742.0,120.05,116.65,-332.0,339.99999999999915,15.055000000000001,23.054999999999147,4.154179726027397,20.08,-1.1791797260282486,-0.03266262973115602
GAZP_QP,3,2026-07-27,2026-07-30,3,9863.0,9710.0,93.48,91.9,-153.0,157.99999999999983,17.543,22.54299999999983,4.154179726027397,20.08,-1.691179726027567,-0.04684474807426685
GAZP_QP,3,2026-07-22,2026-07-27,5,9590.0,9863.0,90.86,93.48,273.0,-262.00000000000045,13.672999999999998,24.672999999999544,6.923632876712329,20.08,-2.3306328767127837,-0.06455724857798734
GAZP_QP,10,2026-09-10,2026-09-24,14,9709.0,10503.0,93.5,101.46,794.0,-795.9999999999993,39.098,37.09800000000068,19.386172054794525,20.08,-2.368172054793842,-0.06559706316011506
GAZP_QP,5,2026-08-17,2026-08-24,7,8622.0,8657.0,82.6,82.97,35.0,-37.000000000000455,29.132,27.131999999999547,9.693086027397262,20.08,-2.641086027397712,-0.07315663006824347
GAZP_QP,3,2026-02-03,2026-02-06,3,14506.0,14273.0,127.6,125.35,-233.0,225.0,29.119,21.119,4.154179726027397,20.08,-3.115179726027396,-0.0862887647160916
GAZP_QP,10,2026-04-10,2026-04-24,14,14116.0,13531.0,128.62,123.33,-585.0,529.0000000000007,92.121,36.12100000000068,19.386172054794525,20.08,-3.3451720547938457,-0.09265942570159508
GAZP_QP,3,2026-06-09,2026-06-15,6,12131.0,12146.0,113.16,113.34,15.0,-18.000000000000682,27.435,24.434999999999317,8.308359452054795,20.08,-3.9533594520554765,-0.10950588203511946
GAZP_QP,10,2026-02-26,2026-03-12,14,14327.0,14633.0,126.57,130.3,306.0,-373.0000000000018,102.24,35.239999999998176,19.386172054794525,20.08,-4.226172054796347,-0.11706264105380748
GAZP_QP,5,2026-09-17,2026-09-24,7,9579.0,10503.0,92.3,101.46,924.0,-915.9999999999997,17.388,25.388000000000343,9.693086027397262,20.08,-4.385086027396918,-0.12146447067450702
GAZP_QP,5,2026-01-22,2026-01-29,7,14360.0,14550.0,126.13,128.13,190.0,-200.0,34.782999999999994,24.782999999999994,9.693086027397262,20.08,-4.9900860273972665,-0.13822263785731642
GAZP_QP,10,2026-08-31,2026-09-14,14,9241.0,10127.0,88.76,97.7,886.0,-893.9999999999998,42.449999999999996,34.45000000000022,19.386172054794525,20.08,-5.0161720547943,-0.13894520646600167
GAZP_QP,10,2026-07-27,2026-08-10,14,9863.0,9771.0,93.48,92.82,-92.0,66.00000000000108,60.282000000000004,34.282000000001084,19.386172054794525,20.08,-5.184172054793439,-0.14359871404731728
GAZP_QP,5,2026-02-03,2026-02-10,7,14506.0,14020.0,127.6,122.99,-486.0,460.99999999999994,49.586999999999996,24.58699999999994,9.693086027397262,20.08,-5.186086027397321,-0.1436517300355473
GAZP_QP,3,2026-07-17,2026-07-22,5,8417.0,9590.0,79.28,90.86,1173.0,-1157.9999999999998,6.651,21.651000000000227,6.923632876712329,20.08,-5.3526328767121,-0.14826498614230038
GAZP_QP,5,2026-07-20,2026-07-27,7,8780.0,9863.0,82.72,93.48,1083.0,-1076.0000000000005,17.34,24.339999999999545,9.693086027397262,20.08,-5.4330860273977155,-0.15049349415812274
GAZP_QP,3,2026-05-20,2026-05-25,5,12973.0,12659.0,119.76,116.61,-314.0,315.00000000000057,20.384,21.38400000000057,6.923632876712329,20.08,-5.6196328767117585,-0.15566073926263393
GAZP_QP,5,2026-08-04,2026-08-11,7,9818.0,9835.0,93.34,93.59,17.0,-25.0,32.001999999999995,24.001999999999995,9.693086027397262,20.08,-5.771086027397265,-0.15985590822056697
GAZP_QP,40,2026-03-30,2026-05-26,57,14829.0,12625.0,136.2,116.1,-2204.0,2009.9999999999995,286.83,92.82999999999953,78.92941479452057,20.08,-6.179414794521037,-0.1711663904437185
GAZP_QP,3,2026-09-15,2026-09-18,3,10043.0,9964.0,96.98,96.15,-79.0,82.99999999999983,13.988,17.98799999999983,4.154179726027397,20.08,-6.246179726027567,-0.17301574231832112
GAZP_QP,5,2026-08-27,2026-09-03,7,8835.0,9345.0,84.75,89.86,510.0,-510.99999999999994,24.432000000000002,23.43200000000006,9.693086027397262,20.08,-6.341086027397202,-0.17564459465725257
GAZP_QP,5,2026-01-13,2026-01-20,7,14035.0,14301.0,120.86,123.64,266.0,-278.0000000000001,35.370000000000005,23.36999999999989,9.693086027397262,20.08,-6.40308602739737,-0.1773619605503706
GAZP_QP,5,2026-04-09,2026-04-16,7,14090.0,13989.0,128.53,127.79,-101.0,73.99999999999949,50.098,23.097999999999487,9.693086027397262,20.08,-6.675086027397773,-0.18489621092016945
GAZP_QP,3,2026-03-24,2026-03-27,3,14850.0,14943.0,135.6,136.56,93.0,-96.0000000000008,20.480999999999998,17.480999999999202,4.154179726027397,20.08,-6.753179726028193,-0.18705936341202356
GAZP_QP,5,2026-05-13,2026-05-20,7,13439.0,12973.0,124.4,119.76,-466.0,464.00000000000006,24.743000000000002,22.74300000000006,9.693086027397262,20.08,-7.030086027397202,-0.19472951563072202
GAZP_QP,5,2026-06-09,2026-06-17,8,12131.0,11793.0,113.16,109.98,-338.0,317.99999999999926,44.045,24.044999999999263,11.077812602739728,20.08,-7.112812602740464,-0.19702099625892514
GAZP_QP,5,2026-05-19,2026-05-26,7,13328.0,12625.0,123.03,116.1,-703.0,693.0000000000007,32.498,22.49800000000068,9.693086027397262,20.08,-7.275086027396581,-0.2015158808534915
GAZP_QP,3,2026-02-05,2026-02-10,5,14289.0,14020.0,125.56,122.99,-269.0,257.00000000000074,31.557999999999996,19.558000000000735,6.923632876712329,20.08,-7.445632876711592,-0.20623993475980673
GAZP_QP,3,2026-06-01,2026-06-04,3,12446.0,12456.0,115.7,115.86,10.0,-15.999999999999659,22.762999999999998,16.76300000000034,4.154179726027397,20.08,-7.4711797260270565,-0.20694756843224038
GAZP_QP,10,2026-09-03,2026-09-17,14,9345.0,9579.0,89.86,92.3,234.0,-243.99999999999977,41.898,31.89800000000023,19.386172054794525,20.08,-7.568172054794292,-0.2096342025825386
GAZP_QP,3,2026-03-16,2026-03-19,3,14402.0,14615.0,128.4,130.71,213.0,-231.00000000000023,34.341,16.340999999999774,4.154179726027397,20.08,-7.893179726027622,-0.2186367362853825
GAZP_QP,3,2026-02-24,2026-02-27,3,14316.0,14380.0,126.27,127.05,64.0,-78.00000000000011,30.257,16.256999999999888,4.154179726027397,20.08,-7.977179726027508,-0.22096349007604904
GAZP_QP,10,2026-07-17,2026-07-31,14,8417.0,9659.0,79.28,91.81,1242.0,-1253.0,42.137,31.137,19.386172054794525,20.08,-8.329172054794522,-0.23071348394801705
GAZP_QP,3,2026-08-24,2026-08-27,3,8657.0,8835.0,82.97,84.75,178.0,-178.0000000000001,15.895999999999999,15.895999999999885,4.154179726027397,20.08,-8.33817972602751,-0.23096299148595112
GAZP_QP,3,2026-07-31,2026-08-05,5,9659.0,9996.0,91.81,95.16,337.0,-334.99999999999943,16.548,18.548000000000567,6.923632876712329,20.08,-8.45563287671176,-0.23421637914762586
GAZP_QP,5,2026-06-26,2026-07-03,7,10570.0,10344.0,99.41,97.25,-226.0,215.99999999999966,31.299,21.29899999999966,9.693086027397262,20.08,-8.474086027397602,-0.23472752127034116
GAZP_QP,10,2026-05-04,2026-05-18,14,12967.0,13430.0,119.1,123.82,463.0,-471.9999999999999,39.686,30.686000000000114,19.386172054794525,20.08,-8.78017205479441,-0.2432059358479192
GAZP_QP,5,2026-07-27,2026-08-03,7,9863.0,9888.0,93.48,93.8,25.0,-31.999999999999318,27.258,20.25800000000068,9.693086027397262,20.08,-9.51508602739658,-0.2635626486046839
GAZP_QP,5,2026-09-03,2026-09-10,7,9345.0,9709.0,89.86,93.5,364.0,-364.00000000000006,20.188,20.187999999999942,9.693086027397262,20.08,-9.585086027397319,-0.2655016100969292
GAZP_QP,10,2026-08-21,2026-09-04,14,8806.0,9462.0,84.15,90.9,656.0,-675.0,48.618,29.618000000000002,19.386172054794525,20.08,-9.84817205479452,-0.27278894832929435
GAZP_QP,3,2026-06-24,2026-06-29,5,10427.0,10876.0,97.63,102.15,449.0,-452.000000000001,19.813,16.812999999998976,6.923632876712329,20.08,-10.190632876713352,-0.2822749247049552
GAZP_QP,3,2026-03-30,2026-04-02,3,14829.0,14568.0,136.2,133.7,-261.0,250.0,25.024,14.024000000000001,4.154179726027397,20.08,-10.210179726027395,-0.2828163616780159
GAZP_QP,5,2026-02-25,2026-03-04,7,14356.0,14430.0,126.97,128.01,74.0,-103.9999999999992,49.125,19.125000000000796,9.693086027397262,20.08,-10.648086027396465,-0.294946125328833
GAZP_QP,3,2026-07-29,2026-08-03,5,9746.0,9888.0,92.34,93.8,142.0,-145.99999999999937,19.858,15.858000000000626,6.923632876712329,20.08,-11.145632876711701,-0.30872789934883305
GAZP_QP,3,2026-01-22,2026-01-27,5,14360.0,14594.0,126.13,128.53,234.0,-240.00000000000057,21.801,15.80099999999943,6.923632876712329,20.08,-11.202632876712897,-0.31030676799253487
GAZP_QP,20,2026-08-20,2026-09-17,28,8723.0,9579.0,83.3,92.3,856.0,-900.0,91.458,47.458,38.77234410958905,20.08,-11.39434410958905,-0.31561706368073195
GAZP_QP,10,2026-07-22,2026-08-05,14,9590.0,9996.0,90.86,95.16,406.0,-429.9999999999997,52.034000000000006,28.03400000000029,19.386172054794525,20.08,-11.432172054794233,-0.31666487695334394
GAZP_QP,10,2026-02-19,2026-03-06,15,14274.0,14783.0,125.88,131.64,509.0,-575.9999999999991,96.20100000000001,29.201000000000917,20.77089863013699,20.08,-11.649898630136072,-0.3226957833165125
GAZP_QP,3,2026-01-26,2026-01-29,3,14346.0,14550.0,126.02,128.13,204.0,-210.99999999999994,19.555,12.555000000000057,4.154179726027397,20.08,-11.67917972602734,-0.3235068535648455
GAZP_QP,20,2026-02-18,2026-03-19,29,14333.0,14615.0,126.3,130.71,282.0,-441.0000000000011,206.93,47.92999999999893,40.15707068493151,20.08,-12.307070684932583,-0.3408990877167505
GAZP_QP,10,2026-09-09,2026-09-23,14,9273.0,10484.0,89.34,101.56,1211.0,-1222.0,37.979,26.979,19.386172054794525,20.08,-12.487172054794524,-0.3458877965861681
GAZP_QP,5,2026-08-06,2026-08-13,7,9789.0,9360.0,93.07,88.96,-429.0,410.99999999999994,35.260999999999996,17.26099999999994,9.693086027397262,20.08,-12.512086027397322,-0.3465778999218133
GAZP_QP,20,2026-04-02,2026-04-30,28,14568.0,13090.0,133.7,120.28,-1478.0,1341.9999999999986,182.304,46.30399999999864,38.77234410958905,20.08,-12.54834410959041,-0.3475822288525893
GAZP_QP,5,2026-08-05,2026-08-12,7,9996.0,9680.0,95.16,92.17,-316.0,298.9999999999995,34.207,17.20699999999949,9.693086027397262,20.08,-12.566086027397771,-0.34807367021582775
GAZP_QP,20,2026-07-10,2026-08-07,28,9855.0,9690.0,93.11,92.04,-165.0,106.99999999999932,104.058,46.057999999999325,38.77234410958905,20.08,-12.794344109589723,-0.3543962935252459
GAZP_QP,20,2026-08-21,2026-09-18,28,8806.0,9964.0,84.15,96.15,1158.0,-1200.0,87.71100000000001,45.71100000000001,38.77234410958905,20.08,-13.141344109589035,-0.36400800263668387
GAZP_QP,3,2026-08-31,2026-09-03,3,9241.0,9345.0,88.76,89.86,104.0,-109.99999999999943,16.641000000000002,10.64100000000057,4.154179726027397,20.08,-13.593179726026825,-0.37652360065223406
GAZP_QP,5,2026-09-15,2026-09-22,7,10043.0,10357.0,96.98,100.15,314.0,-317.00000000000017,19.109,16.10899999999983,9.693086027397262,20.08,-13.66408602739743,-0.37848766619385815
GAZP_QP,5,2026-05-08,2026-05-15,7,12742.0,13135.0,116.65,120.61,393.0,-395.9999999999994,18.728,15.728000000000627,9.693086027397262,20.08,-14.045086027396634,-0.3890411566015166
GAZP_QP,3,2026-02-04,2026-02-09,5,14479.0,14135.0,127.45,124.21,-344.0,324.0000000000009,32.195,12.19500000000091,6.923632876712329,20.08,-14.808632876711417,-0.4101909842919582
GAZP_QP,5,2026-08-18,2026-08-25,7,8788.0,8905.0,84.2,85.49,117.0,-128.9999999999992,26.956000000000003,14.956000000000799,9.693086027397262,20.08,-14.817086027396462,-0.41042513191576213
GAZP_QP,10,2026-07-13,2026-07-27,14,9890.0,9863.0,93.55,93.48,-27.0,6.999999999999318,44.252,24.25199999999932,19.386172054794525,20.08,-15.214172054795203,-0.4214241964332859
GAZP_QP,40,2026-01-12,2026-03-10,57,14018.0,14657.0,120.67,129.63,639.0,-895.9999999999993,340.786,83.78600000000068,78.92941479452057,20.08,-15.223414794519883,-0.4216802152391261
GAZP_QP,20,2026-07-14,2026-08-11,28,9895.0,9835.0,93.58,93.59,-60.0,-1.0000000000005116,104.30999999999999,43.30999999999948,38.77234410958905,20.08,-15.542344109589571,-0.4305143818200081
GAZP_QP,5,2026-08-03,2026-08-10,7,9888.0,9771.0,93.8,92.82,-117.0,98.0000000000004,33.024,14.024000000000399,9.693086027397262,20.08,-15.749086027396862,-0.43624101921225145
GAZP_QP,3,2026-08-06,2026-08-11,5,9789.0,9835.0,93.07,93.59,46.0,-52.00000000000102,17.205,11.204999999998975,6.923632876712329,20.08,-15.798632876713352,-0.4376134396820477
GAZP_QP,5,2026-02-18,2026-02-26,8,14333.0,14327.0,126.3,126.57,-6.0,-26.999999999999602,48.209,15.209000000000401,11.077812602739728,20.08,-15.948812602739325,-0.4417733354774367
GAZP_QP,3,2026-09-14,2026-09-17,3,10127.0,9579.0,97.7,92.3,-548.0,540.0000000000006,16.089000000000002,8.08900000000057,4.154179726027397,20.08,-16.145179726026825,-0.4472125967687712
GAZP_QP,40,2026-07-22,2026-09-16,56,9590.0,9741.0,90.86,93.66,151.0,-279.9999999999997,209.979,80.9790000000003,77.5446882191781,20.08,-16.6456882191778,-0.461076406693788
GAZP_QP,3,2026-04-30,2026-05-06,6,13090.0,12938.0,120.28,118.73,-152.0,154.99999999999972,8.634,11.633999999999716,8.308359452054795,20.08,-16.754359452055077,-0.46408654006323996
GAZP_QP,3,2026-02-18,2026-02-24,6,14333.0,14316.0,126.3,126.27,-17.0,3.0000000000001137,25.539,11.539000000000115,8.308359452054795,20.08,-16.849359452054678,-0.4667179878026768
GAZP_QP,5,2026-06-01,2026-06-08,7,12446.0,12212.0,115.7,113.6,-234.0,210.00000000000085,36.851,12.851000000000852,9.693086027397262,20.08,-16.92208602739641,-0.4687324739319483
GAZP_QP,5,2026-09-11,2026-09-18,7,9596.0,9964.0,92.4,96.15,368.0,-375.0,19.664,12.664000000000001,9.693086027397262,20.08,-17.10908602739726,-0.47391227106120076
GAZP_QP,10,2026-02-20,2026-03-09,17,14253.0,14971.0,126.08,134.0,718.0,-792.0000000000002,100.197,26.196999999999775,23.540351780821922,20.08,-17.423351780822145,-0.48261725954999873
GAZP_QP,10,2026-07-15,2026-07-29,14,9471.0,9746.0,89.4,92.34,275.0,-293.9999999999998,41.037,22.037000000000226,19.386172054794525,20.08,-17.429172054794297,-0.48277847793723017
GAZP_QP,10,2026-03-30,2026-04-13,14,14829.0,13980.0,136.2,128.42,-849.0,778.0000000000001,92.719,21.719000000000108,19.386172054794525,20.08,-17.747172054794415,-0.49158690300191166
GAZP_QP,5,2026-09-10,2026-09-17,7,9709.0,9579.0,93.5,92.3,-130.0,120.00000000000028,21.71,11.710000000000285,9.693086027397262,20.08,-18.063086027396977,-0.5003375462552276
GAZP_QP,20,2026-01-23,2026-02-20,28,14413.0,14253.0,126.43,126.08,-160.0,35.00000000000085,165.11499999999998,40.11500000000083,38.77234410958905,20.08,-18.737344109588214,-0.5190141242150866
GAZP_QP,40,2026-07-23,2026-09-17,56,9532.0,9579.0,90.5,92.3,47.0,-179.99999999999972,211.729,78.7290000000003,77.5446882191781,20.08,-18.8956882191778,-0.5234001689438698
GAZP_QP,20,2026-07-09,2026-08-06,28,9988.0,9789.0,94.46,93.07,-199.0,139.00000000000006,99.81400000000001,39.814000000000064,38.77234410958905,20.08,-19.038344109588984,-0.5273516586316744
GAZP_QP,20,2026-07-21,2026-08-18,28,9107.0,8788.0,86.64,84.2,-319.0,243.99999999999977,114.58500000000001,39.58499999999978,38.77234410958905,20.08,-19.267344109589267,-0.5336948326562462
GAZP_QP,3,2026-07-09,2026-07-14,5,9988.0,9895.0,94.46,93.58,-93.0,87.99999999999955,12.709000000000001,7.708999999999547,6.923632876712329,20.08,-19.294632876712782,-0.5344507164937145
GAZP_QP,3,2026-04-24,2026-04-29,5,13531.0,12949.0,123.33,117.73,-582.0,559.9999999999994,29.707,7.706999999999432,6.923632876712329,20.08,-19.296632876712895,-0.5345061153934955
GAZP_QP,40,2026-03-02,2026-04-27,56,14423.0,13495.0,129.56,123.26,-928.0,629.9999999999998,375.221,77.22099999999978,77.5446882191781,20.08,-20.40368821917832,-0.5651709393763834
GAZP_QP,20,2026-07-15,2026-08-12,28,9471.0,9680.0,89.4,92.17,209.0,-276.9999999999996,106.205,38.205000000000396,38.77234410958905,20.08,-20.64734410958865,-0.5719200735029458
GAZP_QP,10,2026-04-07,2026-04-21,14,14747.0,13810.0,134.24,125.65,-937.0,859.0000000000003,96.649,18.649000000000342,19.386172054794525,20.08,-20.81717205479418,-0.5766242141609056
GAZP_QP,20,2026-08-14,2026-09-11,28,8874.0,9596.0,84.58,92.4,722.0,-782.0000000000007,97.894,37.89399999999932,38.77234410958905,20.08,-20.958344109589724,-0.5805346024184312
GAZP_QP,3,2026-09-23,2026-09-28,5,10484.0,10133.0,101.56,98.14,-351.0,342.00000000000017,14.996,5.996000000000171,6.923632876712329,20.08,-21.007632876712158,-0.581899874153426
GAZP_QP,5,2026-09-14,2026-09-21,7,10127.0,10032.0,97.7,96.86,-95.0,84.00000000000034,19.743,8.74300000000034,9.693086027397262,20.08,-21.03008602739692,-0.5825218140756672
GAZP_QP,5,2026-09-01,2026-09-08,7,9250.0,9462.0,88.59,90.86,212.0,-226.9999999999996,23.732,8.732000000000397,9.693086027397262,20.08,-21.041086027396865,-0.5828265080244438
GAZP_QP,20,2026-08-31,2026-09-28,28,9241.0,10133.0,88.76,98.14,892.0,-937.9999999999995,83.504,37.50400000000046,38.77234410958905,20.08,-21.348344109588588,-0.5913373878750806
GAZP_QP,10,2026-01-28,2026-02-11,14,14550.0,14165.0,128.4,125.25,-385.0,315.00000000000057,87.436,17.436000000000575,19.386172054794525,20.08,-22.030172054793947,-0.6102236468761654
GAZP_QP,10,2026-02-10,2026-02-25,15,14020.0,14356.0,122.99,126.97,336.0,-398.0000000000004,80.73,18.729999999999606,20.77089863013699,20.08,-22.120898630137383,-0.6127367231034847
GAZP_QP,3,2026-06-05,2026-06-10,5,12363.0,12150.0,115.2,113.28,-213.0,192.00000000000017,25.828,4.82800000000017,6.923632876712329,20.08,-22.175632876712157,-0.6142528316236907
GAZP_QP,3,2026-06-08,2026-06-11,3,12212.0,12082.0,113.6,112.55,-130.0,104.99999999999972,26.849,1.848999999999716,4.154179726027397,20.08,-22.38517972602768,-0.6200571640756881
GAZP_QP,3,2026-02-02,2026-02-05,3,14478.0,14289.0,127.22,125.56,-189.0,165.99999999999966,24.784,1.7839999999996579,4.154179726027397,20.08,-22.450179726027738,-0.6218576283184699
GAZP_QP,3,2026-05-21,2026-05-26,5,12996.0,12625.0,119.67,116.1,-371.0,357.00000000000074,17.942,3.942000000000739,6.923632876712329,20.08,-23.061632876711588,-0.6387945442252626
GAZP_QP,5,2026-06-05,2026-06-15,10,12363.0,12146.0,115.2,113.34,-217.0,185.99999999999994,41.855,10.85499999999994,13.847265753424658,20.08,-23.072265753424716,-0.639089069060953
GAZP_QP,3,2026-06-30,2026-07-03,3,10740.0,10344.0,101.01,97.25,-396.0,376.0000000000005,21.125,1.1250000000005116,4.154179726027397,20.08,-23.109179726026884,-0.640111565795248
GAZP_QP,10,2026-07-29,2026-08-12,14,9746.0,9680.0,92.34,92.17,-66.0,17.00000000000017,65.168,16.168000000000177,19.386172054794525,20.08,-23.298172054794346,-0.6453465493353335
GAZP_QP,10,2026-09-04,2026-09-18,14,9462.0,9964.0,90.9,96.15,502.0,-525.0,39.093,16.093000000000004,19.386172054794525,20.08,-23.37317205479452,-0.6474240080770077
GAZP_QP,10,2026-08-12,2026-08-26,14,9680.0,8724.0,92.17,83.03,-956.0,914.0,58.040000000000006,16.040000000000006,19.386172054794525,20.08,-23.426172054794517,-0.6488920789211208
GAZP_QP,20,2026-07-17,2026-08-14,28,8417.0,8874.0,79.28,84.58,457.0,-529.9999999999998,108.344,35.34400000000022,38.77234410958905,20.08,-23.508344109588826,-0.6511681996351657
GAZP_QP,10,2026-08-20,2026-09-03,14,8723.0,9345.0,83.3,89.86,622.0,-656.0000000000002,49.559999999999995,15.559999999999768,19.386172054794525,20.08,-23.906172054794755,-0.6621878148678113
GAZP_QP,3,2026-05-18,2026-05-21,3,13430.0,12996.0,123.82,119.67,-434.0,414.99999999999915,18.944,-0.05600000000085359,4.154179726027397,20.08,-24.29017972602825,-0.6728246161141064
GAZP_QP,3,2026-07-10,2026-07-15,5,9855.0,9471.0,93.11,89.4,-384.0,370.9999999999994,15.661,2.6609999999993743,6.923632876712329,20.08,-24.342632876712955,-0.6742775395330137
GAZP_QP,40,2026-07-17,2026-09-11,56,8417.0,9596.0,79.28,92.4,1179.0,-1312.0000000000005,206.238,73.23799999999954,77.5446882191781,20.08,-24.386688219178552,-0.6754978482839789
GAZP_QP,3,2026-09-07,2026-09-10,3,9481.0,9709.0,91.1,93.5,228.0,-240.00000000000057,11.791,-0.20900000000056806,4.154179726027397,20.08,-24.443179726027964,-0.677062631947104
GAZP_QP,20,2026-03-23,2026-04-20,28,14644.0,13867.0,132.21,125.85,-777.0,636.0000000000014,175.278,34.278000000001356,38.77234410958905,20.08,-24.57434410958769,-0.6806958132167285
GAZP_QP,10,2026-08-19,2026-09-02,14,8867.0,9202.0,84.71,88.42,335.0,-371.0000000000008,50.832,14.831999999999205,19.386172054794525,20.08,-24.634172054795318,-0.6823530143869645
GAZP_QP,5,2026-08-14,2026-08-21,7,8874.0,8806.0,84.58,84.15,-68.0,42.99999999999926,29.847,4.846999999999262,9.693086027397262,20.08,-24.926086027398,-0.6904388708429495
GAZP_QP,3,2026-08-25,2026-08-28,3,8905.0,8819.0,85.49,84.8,-86.0,68.99999999999977,16.209,-0.7910000000002277,4.154179726027397,20.08,-25.025179726027623,-0.6931837117824491
GAZP_QP,3,2026-05-29,2026-06-03,5,12450.0,12532.0,115.51,116.51,82.0,-100.0,19.781,1.7809999999999988,6.923632876712329,20.08,-25.22263287671233,-0.6986530554352505
GAZP_QP,3,2026-04-09,2026-04-14,5,14090.0,14030.0,128.53,128.19,-60.0,34.00000000000034,27.622000000000003,1.6220000000003445,6.923632876712329,20.08,-25.381632876711983,-0.7030572679675801
GAZP_QP,3,2026-03-12,2026-03-17,5,14633.0,14302.0,130.3,127.31,-331.0,299.0000000000009,33.487,1.4870000000009114,6.923632876712329,20.08,-25.516632876711416,-0.7067966937025693
GAZP_QP,5,2026-02-02,2026-02-09,7,14478.0,14135.0,127.22,124.21,-343.0,301.0000000000005,46.199999999999996,4.200000000000507,9.693086027397262,20.08,-25.573086027396755,-0.7083604149210497
GAZP_QP,5,2026-05-14,2026-05-21,7,13211.0,12996.0,121.6,119.67,-215.0,192.99999999999926,25.948,3.9479999999992614,9.693086027397262,20.08,-25.825086027398,-0.7153406762930934
GAZP_QP,3,2026-09-22,2026-09-25,3,10357.0,10177.0,100.15,98.52,-180.0,163.00000000000097,15.299000000000001,-1.7009999999990324,4.154179726027397,20.08,-25.935179726026426,-0.7183902111813378
GAZP_QP,10,2026-04-14,2026-04-28,14,14030.0,13195.0,128.19,120.6,-835.0,759.0000000000003,89.36699999999999,13.367000000000331,19.386172054794525,20.08,-26.09917205479419,-0.7229327084742088
GAZP_QP,3,2026-08-10,2026-08-13,3,9771.0,9360.0,92.82,88.96,-411.0,385.99999999999994,23.055,-1.9450000000000571,4.154179726027397,20.08,-26.179179726027453,-0.7251488769542641
GAZP_QP,20,2026-07-06,2026-08-03,28,10115.0,9888.0,95.4,93.8,-227.0,160.00000000000085,99.653,32.65300000000086,38.77234410958905,20.08,-26.19934410958819,-0.7257074192862457
GAZP_QP,5,2026-09-04,2026-09-11,7,9462.0,9596.0,90.9,92.4,134.0,-150.0,19.429,3.4289999999999985,9.693086027397262,20.08,-26.34408602739726,-0.7297166907854251
GAZP_QP,5,2026-09-07,2026-09-14,7,9481.0,10127.0,91.1,97.7,646.0,-660.0000000000009,17.412,3.4119999999990895,9.693086027397262,20.08,-26.361086027398173,-0.7301875814335621
GAZP_QP,3,2026-06-26,2026-07-01,5,10570.0,10714.0,99.41,101.01,144.0,-160.00000000000085,16.57,0.5699999999991476,6.923632876712329,20.08,-26.43363287671318,-0.7321970892507624
GAZP_QP,5,2026-07-16,2026-07-23,7,8932.0,9532.0,84.36,90.5,600.0,-614.0,17.27,3.2699999999999996,9.693086027397262,20.08,-26.50308602739726,-0.7341209033177641
GAZP_QP,20,2026-07-29,2026-08-26,28,9746.0,8724.0,92.34,83.03,-1022.0,931.0000000000002,123.20800000000001,32.20800000000024,38.77234410958905,20.08,-26.644344109588808,-0.7380336744868347
GAZP_QP,3,2026-09-01,2026-09-04,3,9250.0,9462.0,88.59,90.9,212.0,-231.00000000000023,16.145,-2.855000000000228,4.154179726027397,20.08,-27.089179726027623,-0.7503553763531907
GAZP_QP,5,2026-05-07,2026-05-14,7,12824.0,13211.0,117.57,121.6,387.0,-403.0000000000001,18.674,2.673999999999886,9.693086027397262,20.08,-27.099086027397377,-0.7506297754515668
GAZP_QP,20,2026-02-19,2026-03-20,29,14274.0,14615.0,125.88,131.0,341.0,-512.0000000000005,204.07000000000002,33.06999999999957,40.15707068493151,20.08,-27.167070684931943,-0.7525129130661613
GAZP_QP,10,2026-09-07,2026-09-21,14,9481.0,10032.0,91.1,96.86,551.0,-576.0000000000005,37.155,12.154999999999546,19.386172054794525,20.08,-27.311172054794977,-0.7565044417396078
GAZP_QP,40,2026-07-16,2026-09-10,56,8932.0,9709.0,84.36,93.5,777.0,-914.0,207.28900000000002,70.28900000000002,77.5446882191781,20.08,-27.33568821917808,-0.7571835260064063
GAZP_QP,5,2026-03-05,2026-03-12,7,14422.0,14633.0,127.7,130.3,211.0,-260.00000000000085,51.269,2.2689999999991457,9.693086027397262,20.08,-27.504086027398117,-0.761848052656602
GAZP_QP,20,2026-07-23,2026-08-20,28,9532.0,8723.0,90.5,83.3,-809.0,720.0000000000002,120.271,31.271000000000228,38.77234410958905,20.08,-27.58134410958882,-0.7639880590327578
GAZP_QP,5,2026-04-03,2026-04-10,7,14607.0,14116.0,133.07,128.62,-491.0,444.99999999999886,48.165,2.1649999999988623,9.693086027397262,20.08,-27.6080860273984,-0.7647287954450581
GAZP_QP,3,2026-09-17,2026-09-22,5,9579.0,10357.0,92.3,100.15,778.0,-785.0000000000009,6.314,-0.6860000000009094,6.923632876712329,20.08,-27.689632876713237,-0.7669875983112542
GAZP_QP,5,2026-09-02,2026-09-09,7,9202.0,9273.0,88.42,89.34,71.0,-92.00000000000017,22.081999999999997,1.0819999999998267,9.693086027397262,20.08,-28.691086027397432,-0.7947272996747372
GAZP_QP,3,2026-08-03,2026-08-06,3,9888.0,9789.0,93.8,93.07,-99.0,73.0000000000004,20.818,-5.181999999999601,4.154179726027397,20.08,-29.416179726026996,-0.8148119962447024
GAZP_QP,3,2026-05-19,2026-05-22,3,13328.0,12745.0,123.03,117.45,-583.0,557.9999999999998,19.724,-5.276000000000227,4.154179726027397,20.08,-29.510179726027623,-0.8174157445342787
GAZP_QP,10,2026-07-30,2026-08-13,14,9710.0,9360.0,91.9,88.96,-350.0,294.0000000000012,65.794,9.79400000000119,19.386172054794525,20.08,-29.672172054793332,-0.8219028429273146
GAZP_QP,5,2026-07-13,2026-07-20,7,9890.0,8780.0,93.55,82.72,-1110.0,1082.9999999999998,26.912000000000003,-0.08800000000022479,9.693086027397262,20.08,-29.861086027397484,-0.8271356560447812
GAZP_QP,3,2026-04-20,2026-04-23,3,13867.0,13768.0,125.85,125.18,-99.0,66.99999999999875,26.161999999999995,-5.838000000001255,4.154179726027397,20.08,-30.07217972602865,-0.8329828353718831
GAZP_QP,3,2026-06-03,2026-06-08,5,12532.0,12212.0,116.51,113.6,-320.0,291.0000000000011,25.779999999999998,-3.2199999999989224,6.923632876712329,20.08,-30.22363287671125,-0.8371780043297355
GAZP_QP,10,2026-09-11,2026-09-25,14,9596.0,10177.0,92.4,98.52,581.0,-611.9999999999991,40.084,9.084000000000913,19.386172054794525,20.08,-30.38217205479361,-0.8415694523484594
GAZP_QP,5,2026-07-29,2026-08-05,7,9746.0,9996.0,92.34,95.16,250.0,-281.9999999999993,30.961,-1.0389999999993194,9.693086027397262,20.08,-30.81208602739658,-0.853477832889124
GAZP_QP,3,2026-01-14,2026-01-19,5,14169.0,14381.0,121.77,124.17,212.0,-240.00000000000057,23.979,-4.021000000000569,6.923632876712329,20.08,-31.024632876712896,-0.8593652636908102
GAZP_QP,3,2026-06-02,2026-06-05,3,12663.0,12363.0,117.88,115.2,-300.0,267.99999999999926,24.918,-7.08200000000074,4.154179726027397,20.08,-31.316179726028135,-0.8674409510336918
GAZP_QP,3,2026-08-14,2026-08-19,5,8874.0,8867.0,84.58,84.71,-7.0,-12.999999999999545,15.440999999999999,-4.558999999999546,6.923632876712329,20.08,-31.562632876711874,-0.8742675677310238
GAZP_QP,5,2026-06-04,2026-06-11,7,12456.0,12082.0,115.86,112.55,-374.0,331.0000000000002,40.937,-2.062999999999775,9.693086027397262,20.08,-31.836086027397037,-0.8818420695753961
GAZP_QP,5,2026-06-23,2026-06-30,7,10880.0,10740.0,102.1,101.01,-140.0,108.99999999999892,28.929,-2.0710000000010815,9.693086027397262,20.08,-31.84408602739834,-0.8820636651745435
GAZP_QP,3,2026-02-19,2026-02-25,6,14274.0,14356.0,125.88,126.97,82.0,-109.00000000000034,23.537999999999997,-3.4620000000003444,8.308359452054795,20.08,-31.850359452055137,-0.8822374355864564
GAZP_QP,10,2026-02-25,2026-03-11,14,14356.0,14560.0,126.97,129.96,204.0,-299.0000000000009,102.43200000000002,7.431999999999107,19.386172054794525,20.08,-32.03417205479542,-0.8873289435650139
GAZP_QP,3,2026-09-10,2026-09-15,5,9709.0,10043.0,93.5,96.98,334.0,-348.0000000000004,8.915000000000001,-5.085000000000397,6.923632876712329,20.08,-32.08863287671272,-0.8888374783726218
GAZP_QP,3,2026-08-07,2026-08-12,5,9690.0,9680.0,92.04,92.17,-10.0,-12.999999999999545,17.808,-5.191999999999545,6.923632876712329,20.08,-32.19563287671187,-0.8918013195107133
GAZP_QP,3,2026-03-13,2026-03-18,5,14499.0,14401.0,129.63,129.03,-98.0,59.99999999999943,32.741,-5.259000000000569,6.923632876712329,20.08,-32.2626328767129,-0.8936571826532997
GAZP_QP,5,2026-03-12,2026-03-19,7,14633.0,14615.0,130.3,130.71,-18.0,-40.99999999999966,56.481,-2.5189999999996573,9.693086027397262,20.08,-32.29208602739692,-0.8944730187247427
GAZP_QP,3,2026-09-08,2026-09-11,3,9462.0,9596.0,90.86,92.4,134.0,-154.00000000000063,11.842,-8.158000000000625,4.154179726027397,20.08,-32.39217972602802,-0.8972455591141719
GAZP_QP,10,2026-05-07,2026-05-21,14,12824.0,12996.0,117.57,119.67,172.0,-210.00000000000085,44.622,6.621999999999147,19.386172054794525,20.08,-32.84417205479538,-0.9097654979750421
GAZP_QP,5,2026-09-18,2026-09-25,7,9964.0,10177.0,96.15,98.52,213.0,-236.99999999999903,20.419999999999998,-3.5799999999990355,9.693086027397262,20.08,-33.353086027396294,-0.923862135056875
GAZP_QP,10,2026-01-05,2026-01-20,15,14411.0,14301.0,124.0,123.64,-110.0,35.99999999999994,81.33,7.3299999999999415,20.77089863013699,20.08,-33.52089863013705,-0.9285104518372226
GAZP_QP,3,2026-07-15,2026-07-20,5,9471.0,8780.0,89.4,82.72,-691.0,668.0000000000007,16.297,-6.702999999999317,6.923632876712329,20.08,-33.706632876711645,-0.9336551882928731
GAZP_QP,20,2026-02-10,2026-03-11,29,14020.0,14560.0,122.99,129.96,540.0,-697.0000000000014,183.162,26.161999999998642,40.15707068493151,20.08,-34.07507068493287,-0.9438607128988821
GAZP_QP,5,2026-02-27,2026-03-06,7,14380.0,14783.0,127.05,131.64,403.0,-458.9999999999989,51.588,-4.411999999998919,9.693086027397262,20.08,-34.18508602739618,-0.9469080773644577
GAZP_QP,3,2026-01-05,2026-01-09,4,14411.0,14283.0,124.0,123.12,-128.0,87.99999999999955,31.194,-8.806000000000456,5.538906301369864,20.08,-34.424906301370314,-0.9535509670257524
GAZP_QP,20,2026-08-04,2026-09-01,28,9818.0,9250.0,93.34,88.59,-568.0,475.0,117.06099999999999,24.060999999999993,38.77234410958905,20.08,-34.791344109589055,-0.9637010927319152
GAZP_QP,5,2026-07-08,2026-07-15,7,10112.0,9471.0,95.5,89.4,-641.0,609.9999999999994,25.531,-5.46900000000057,9.693086027397262,20.08,-35.24208602739783,-0.9761863958970973
GAZP_QP,10,2026-07-31,2026-08-14,14,9659.0,8874.0,91.81,84.58,-785.0,723.0000000000005,66.207,4.207000000000448,19.386172054794525,20.08,-35.25917205479408,-0.9766596694567605
GAZP_QP,3,2026-06-22,2026-06-25,3,10668.0,10568.0,99.6,98.88,-100.0,71.99999999999989,16.962,-11.038000000000114,4.154179726027397,20.08,-35.27217972602751,-0.9770199747942625
GAZP_QP,5,2026-01-30,2026-02-06,7,14583.0,14273.0,127.95,125.35,-310.0,260.00000000000085,44.428999999999995,-5.570999999999152,9.693086027397262,20.08,-35.344086027396415,-0.9790117397857284
GAZP_QP,5,2026-09-21,2026-09-28,7,10032.0,10133.0,96.86,98.14,101.0,-128.0000000000001,21.311000000000003,-5.68900000000011,9.693086027397262,20.08,-35.46208602739737,-0.982280274872648
GAZP_QP,10,2026-07-24,2026-08-07,14,9779.0,9690.0,92.38,92.04,-89.0,33.99999999999892,58.974000000000004,3.9739999999989237,19.386172054794525,20.08,-35.4921720547956,-0.9831136412809224
GAZP_QP,3,2026-06-11,2026-06-17,6,12082.0,11793.0,112.55,109.98,-289.0,256.9999999999993,24.831999999999997,-7.168000000000685,8.308359452054795,20.08,-35.556359452055474,-0.9848915968748225
GAZP_QP,10,2026-03-06,2026-03-20,14,14783.0,14615.0,131.64,131.0,-168.0,63.999999999998636,107.869,3.8689999999986355,19.386172054794525,20.08,-35.59717205479589,-0.9860220835192675
GAZP_QP,10,2026-09-14,2026-09-28,14,10127.0,10133.0,97.7,98.14,6.0,-43.99999999999977,41.054,3.0540000000002294,19.386172054794525,20.08,-36.4121720547943,-1.0085971351786973
GAZP_QP,3,2026-07-06,2026-07-09,3,10115.0,9988.0,95.4,94.46,-127.0,94.0000000000012,20.657,-12.342999999998806,4.154179726027397,20.08,-36.5771797260262,-1.0131677568992736
GAZP_QP,5,2026-07-15,2026-07-22,7,9471.0,9590.0,89.4,90.86,119.0,-145.99999999999937,19.964000000000002,-7.0359999999993725,9.693086027397262,20.08,-36.80908602739663,-1.0195914338730099
GAZP_QP,10,2026-09-08,2026-09-22,14,9462.0,10357.0,90.86,100.15,895.0,-929.0000000000007,36.626999999999995,2.626999999999313,19.386172054794525,20.08,-36.83917205479521,-1.020424800281294
GAZP_QP,5,2026-07-30,2026-08-06,7,9710.0,9789.0,91.9,93.07,79.0,-116.99999999999875,30.532999999999998,-7.466999999998752,9.693086027397262,20.08,-37.24008602739601,-1.0315298967751194
GAZP_QP,10,2026-06-02,2026-06-17,15,12663.0,11793.0,117.88,109.98,-870.0,789.9999999999991,83.383,3.382999999999086,20.77089863013699,20.08,-37.4678986301379,-1.0378401805488342
GAZP_QP,5,2026-08-20,2026-08-27,7,8723.0,8835.0,83.3,84.75,112.0,-145.00000000000028,25.128,-7.872000000000284,9.693086027397262,20.08,-37.64508602739755,-1.0427481739801767
GAZP_QP,3,2026-06-10,2026-06-16,6,12150.0,11958.0,113.28,111.7,-192.0,157.99999999999983,24.518,-9.48200000000017,8.308359452054795,20.08,-37.87035945205496,-1.0489881239177814
GAZP_QP,3,2026-05-11,2026-05-14,3,13090.0,13211.0,120.11,121.6,121.0,-148.9999999999995,13.391,-14.608999999999488,4.154179726027397,20.08,-38.84317972602688,-1.075934710347597
GAZP_QP,3,2026-07-08,2026-07-13,5,10112.0,9890.0,95.5,93.55,-222.0,195.00000000000028,14.916000000000002,-12.083999999999714,6.923632876712329,20.08,-39.08763287671204,-1.0827059281451905
GAZP_QP,40,2026-03-25,2026-05-21,57,14928.0,12996.0,136.67,119.67,-1932.0,1699.9999999999986,291.876,59.87599999999861,78.92941479452057,20.08,-39.133414794521954,-1.083974062083385
GAZP_QP,3,2026-09-18,2026-09-23,5,9964.0,10484.0,96.15,101.56,520.0,-540.9999999999997,8.776,-12.22399999999966,6.923632876712329,20.08,-39.227632876711986,-1.0865838511296384
GAZP_QP,5,2026-03-11,2026-03-18,7,14560.0,14401.0,129.96,129.03,-159.0,93.00000000000068,56.474999999999994,-9.524999999999324,9.693086027397262,20.08,-39.298086027396586,-1.0885353646465434
GAZP_QP,10,2026-07-28,2026-08-11,14,9681.0,9835.0,91.43,93.59,154.0,-215.99999999999966,61.85000000000001,-0.1499999999996504,19.386172054794525,20.08,-39.61617205479418,-1.0973461726228104
GAZP_QP,10,2026-03-05,2026-03-19,14,14422.0,14615.0,127.7,130.71,193.0,-301.0000000000005,107.75000000000001,-0.2500000000004974,19.386172054794525,20.08,-39.716172054795024,-1.1001161176117265
GAZP_QP,3,2026-07-20,2026-07-23,3,8780.0,9532.0,82.72,90.5,752.0,-778.0000000000001,9.995999999999999,-16.004000000000115,4.154179726027397,20.08,-40.23817972602751,-1.114575442942665
GAZP_QP,5,2026-05-11,2026-05-18,7,13090.0,13430.0,120.11,123.82,340.0,-370.9999999999994,20.395,-10.604999999999375,9.693086027397262,20.08,-40.378086027396634,-1.118450770526584
GAZP_QP,5,2026-03-04,2026-03-11,7,14430.0,14560.0,128.01,129.96,130.0,-195.0000000000017,53.307,-11.693000000001703,9.693086027397262,20.08,-41.466086027398966,-1.1485877720057993
GAZP_QP,3,2026-05-14,2026-05-19,5,13211.0,13328.0,121.6,123.03,117.0,-143.00000000000068,11.392,-14.608000000000683,6.923632876712329,20.08,-41.61163287671301,-1.1526193396648645
GAZP_QP,5,2026-07-06,2026-07-13,7,10115.0,9890.0,95.4,93.55,-225.0,185.00000000000085,28.143,-11.856999999999147,9.693086027397262,20.08,-41.63008602739641,-1.153130481787512
GAZP_QP,3,2026-04-06,2026-04-09,3,14627.0,14090.0,133.42,128.53,-537.0,488.99999999999864,30.568,-17.432000000001363,4.154179726027397,20.08,-41.66617972602876,-1.1541302573840848
GAZP_QP,20,2026-06-26,2026-07-24,28,10570.0,9779.0,99.41,92.38,-791.0,703.0000000000001,104.961,16.961000000000112,38.77234410958905,20.08,-41.891344109588935,-1.1603671869432806
GAZP_QP,10,2026-05-05,2026-05-19,14,13074.0,13328.0,120.05,123.03,254.0,-298.0000000000004,41.382000000000005,-2.618000000000393,19.386172054794525,20.08,-42.08417205479492,-1.1657084149486983
GAZP_QP,5,2026-03-26,2026-04-02,7,14999.0,14568.0,137.5,133.7,-431.0,380.00000000000114,38.046,-12.953999999998864,9.693086027397262,20.08,-42.727086027396126,-1.1835167783156553
GAZP_QP,40,2026-07-20,2026-09-14,56,8780.0,10127.0,82.72,97.7,1347.0,-1498.0000000000005,205.63600000000002,54.63599999999957,77.5446882191781,20.08,-42.98868821917853,-1.1907630151177648
GAZP_QP,5,2026-09-08,2026-09-15,7,9462.0,10043.0,90.86,96.98,581.0,-612.0000000000005,17.518,-13.482000000000454,9.693086027397262,20.08,-43.25508602739772,-1.198142087857052
GAZP_QP,20,2026-04-13,2026-05-12,29,13980.0,13387.0,128.42,123.7,-593.0,471.99999999999847,137.97299999999998,16.97299999999845,40.15707068493151,20.08,-43.26407068493306,-1.1983909579282213
GAZP_QP,20,2026-07-08,2026-08-05,28,10112.0,9996.0,95.5,95.16,-116.0,34.00000000000034,97.529,15.529000000000337,38.77234410958905,20.08,-43.32334410958871,-1.2000327991842152
GAZP_QP,3,2026-07-13,2026-07-16,3,9890.0,8932.0,93.55,84.36,-958.0,918.9999999999998,19.637999999999998,-19.36200000000023,4.154179726027397,20.08,-43.59617972602763,-1.2075901956696793
GAZP_QP,3,2026-04-21,2026-04-24,3,13810.0,13531.0,125.65,123.33,-279.0,232.00000000000074,27.376,-19.62399999999926,4.154179726027397,20.08,-43.858179726026655,-1.2148474515405505
GAZP_QP,5,2026-06-03,2026-06-10,7,12532.0,12150.0,116.51,113.28,-382.0,323.0000000000004,44.824,-14.175999999999604,9.693086027397262,20.08,-43.949086027396866,-1.2173655060799422
GAZP_QP,10,2026-09-01,2026-09-15,14,9250.0,10043.0,88.59,96.98,793.0,-839.0,41.25,-4.75,19.386172054794525,20.08,-44.21617205479453,-1.224763642111876
GAZP_QP,3,2026-09-16,2026-09-21,5,9741.0,10032.0,93.66,96.86,291.0,-320.0000000000003,11.733,-17.267000000000284,6.923632876712329,20.08,-44.27063287671261,-1.2262721769195055
GAZP_QP,3,2026-08-19,2026-08-24,5,8867.0,8657.0,84.71,82.97,-210.0,173.9999999999995,18.697999999999997,-17.302000000000515,6.923632876712329,20.08,-44.30563287671284,-1.2272416576656242
GAZP_QP,3,2026-07-07,2026-07-10,3,9925.0,9855.0,93.45,93.11,-70.0,34.00000000000034,15.867,-20.132999999999658,4.154179726027397,20.08,-44.367179726027054,-1.2289464715340248
GAZP_QP,3,2026-07-24,2026-07-29,5,9779.0,9746.0,92.38,92.34,-33.0,3.999999999999204,11.613999999999999,-17.3860000000008,6.923632876712329,20.08,-44.38963287671312,-1.229568411456302
GAZP_QP,3,2026-07-01,2026-07-06,5,10714.0,10115.0,101.01,95.4,-599.0,561.0,20.21,-17.79,6.923632876712329,20.08,-44.79363287671232,-1.2407589892114055
GAZP_QP,3,2026-07-02,2026-07-07,5,10318.0,9925.0,97.03,93.45,-393.0,357.99999999999983,17.183,-17.81700000000017,6.923632876712329,20.08,-44.820632876712494,-1.2415068743584112
GAZP_QP,3,2026-02-27,2026-03-04,5,14380.0,14430.0,127.05,128.01,50.0,-95.99999999999937,28.049999999999997,-17.949999999999378,6.923632876712329,20.08,-44.95363287671171,-1.2451909011936164
GAZP_QP,20,2026-02-06,2026-03-09,31,14273.0,14971.0,125.35,134.0,698.0,-865.0000000000006,185.017,18.016999999999427,42.92652383561644,20.08,-44.989523835617014,-1.2461850610112795
GAZP_QP,10,2026-02-17,2026-03-04,15,14292.0,14430.0,125.67,128.01,138.0,-233.99999999999892,91.738,-4.26199999999892,20.77089863013699,20.08,-45.11289863013591,-1.2496024749496122
GAZP_QP,40,2026-07-14,2026-09-08,56,9895.0,9462.0,93.58,90.86,-433.0,271.9999999999999,213.101,52.100999999999885,77.5446882191781,20.08,-45.52368821917821,-1.2609811205861816
GAZP_QP,3,2026-04-10,2026-04-15,5,14116.0,14055.0,128.62,128.48,-61.0,14.000000000001478,27.848,-19.151999999998523,6.923632876712329,20.08,-46.155632876710854,-1.278485639960081
GAZP_QP,40,2026-07-31,2026-09-25,56,9659.0,10177.0,91.81,98.52,518.0,-670.9999999999993,204.185,51.185000000000684,77.5446882191781,20.08,-46.43968821917741,-1.2863538166844148
GAZP_QP,3,2026-06-23,2026-06-26,3,10880.0,10570.0,102.1,99.41,-310.0,268.9999999999998,18.755,-22.24500000000023,4.154179726027397,20.08,-46.479179726027624,-1.2874477096994505
GAZP_QP,40,2026-07-13,2026-09-07,56,9890.0,9481.0,93.55,91.1,-409.0,245.00000000000028,215.136,51.13600000000028,77.5446882191781,20.08,-46.48868821917782,-1.2877110897289834
GAZP_QP,5,2026-07-07,2026-07-14,7,9925.0,9895.0,93.45,93.58,-30.0,-12.999999999999545,26.136,-16.863999999999546,9.693086027397262,20.08,-46.637086027396805,-1.2918216273813716
GAZP_QP,5,2026-05-29,2026-06-05,7,12450.0,12363.0,115.51,115.2,-87.0,31.000000000000227,38.777,-17.22299999999977,9.693086027397262,20.08,-46.996086027397034,-1.3017657298915022
GAZP_QP,3,2026-01-06,2026-01-12,6,14357.0,14018.0,123.55,120.67,-339.0,287.99999999999955,32.254,-18.746000000000457,8.308359452054795,20.08,-47.13435945205525,-1.3055958276887925
GAZP_QP,5,2026-01-05,2026-01-13,8,14411.0,14035.0,124.0,120.86,-376.0,314.00000000000006,45.96,-16.039999999999942,11.077812602739728,20.08,-47.19781260273967,-1.3073534450564699
GAZP_QP,3,2026-07-30,2026-08-04,5,9710.0,9818.0,91.9,93.34,108.0,-143.99999999999977,15.736,-20.263999999999772,6.923632876712329,20.08,-47.2676328767121,-1.3092874282366003
GAZP_QP,5,2026-07-01,2026-07-08,7,10714.0,10112.0,101.01,95.5,-602.0,551.0000000000005,33.437,-17.562999999999548,9.693086027397262,20.08,-47.33608602739681,-1.3111835428537306
GAZP_QP,10,2026-02-06,2026-02-20,14,14273.0,14253.0,125.35,126.08,-20.0,-73.0000000000004,84.82000000000001,-8.18000000000039,19.386172054794525,20.08,-47.64617205479492,-1.3197727552309002
GAZP_QP,20,2026-04-28,2026-05-27,29,13195.0,12602.0,120.6,115.57,-593.0,503.0000000000001,102.57099999999998,12.571000000000097,40.15707068493151,20.08,-47.66607068493141,-1.3203239363392243
GAZP_QP,10,2026-01-16,2026-01-30,14,14222.0,14583.0,123.51,127.95,361.0,-443.9999999999998,74.655,-8.344999999999771,19.386172054794525,20.08,-47.8111720547943,-1.3243431644625558
GAZP_QP,10,2026-01-29,2026-02-12,14,14550.0,14225.0,128.13,125.86,-325.0,226.9999999999996,89.564,-8.436000000000405,19.386172054794525,20.08,-47.90217205479493,-1.3268638144024654
GAZP_QP,5,2026-03-25,2026-04-01,7,14928.0,14650.0,136.67,134.45,-278.0,221.9999999999999,37.361,-18.639000000000117,9.693086027397262,20.08,-48.41208602739738,-1.3409881509342299
GAZP_QP,10,2026-06-01,2026-06-16,15,12446.0,11958.0,115.7,111.7,-488.0,400.0,80.413,-7.587000000000003,20.77089863013699,20.08,-48.43789863013699,-1.3417031458303184
GAZP_QP,5,2026-07-09,2026-07-16,7,9988.0,8932.0,94.46,84.36,-1056.0,1009.9999999999994,27.124,-18.87600000000057,9.693086027397262,20.08,-48.64908602739783,-1.3475529205579175
GAZP_QP,3,2026-03-17,2026-03-20,3,14302.0,14615.0,127.31,131.0,313.0,-368.9999999999998,31.317,-24.682999999999772,4.154179726027397,20.08,-48.91717972602717,-1.3549789685286375
GAZP_QP,5,2026-06-22,2026-06-29,7,10668.0,10876.0,99.6,102.15,208.0,-255.00000000000114,27.58,-19.42000000000114,9.693086027397262,20.08,-49.1930860273984,-1.3626214212975087
GAZP_QP,3,2026-06-29,2026-07-02,3,10876.0,10318.0,102.15,97.03,-558.0,512.0000000000005,20.663999999999998,-25.335999999999547,4.154179726027397,20.08,-49.57017972602694,-1.3730667093060993
GAZP_QP,20,2026-07-22,2026-08-19,28,9590.0,8867.0,90.86,84.71,-723.0,615.0000000000006,117.134,9.134000000000569,38.77234410958905,20.08,-49.71834410958848,-1.3771707812238858
GAZP_QP,3,2026-01-15,2026-01-20,5,14161.0,14301.0,121.8,123.64,140.0,-184.00000000000034,21.144,-22.856000000000343,6.923632876712329,20.08,-49.859632876712666,-1.38108440234871
GAZP_QP,5,2026-05-18,2026-05-25,7,13430.0,12659.0,123.82,116.61,-771.0,720.9999999999993,29.808,-20.192000000000682,9.693086027397262,20.08,-49.965086027397945,-1.3840053966117463
GAZP_QP,10,2026-05-29,2026-06-15,17,12450.0,12146.0,115.51,113.34,-304.0,217.00000000000017,80.63199999999999,-6.367999999999839,23.540351780821922,20.08,-49.98835178082176,-1.3846498451828373
GAZP_QP,20,2026-08-11,2026-09-08,28,9835.0,9462.0,93.59,90.86,-373.0,273.0000000000004,108.791,8.791000000000395,38.77234410958905,20.08,-50.06134410958865,-1.3866716925357918
GAZP_QP,3,2026-09-04,2026-09-09,5,9462.0,9273.0,90.9,89.34,-189.0,156.00000000000023,9.89,-23.109999999999772,6.923632876712329,20.08,-50.1136328767121,-1.3881200626204815
GAZP_QP,3,2026-03-04,2026-03-09,5,14430.0,14971.0,128.01,134.0,541.0,-599.0000000000009,34.694,-23.306000000000907,6.923632876712329,20.08,-50.30963287671324,-1.3935491547987422
GAZP_QP,5,2026-06-02,2026-06-09,7,12663.0,12131.0,117.88,113.16,-532.0,471.9999999999999,39.338,-20.662000000000113,9.693086027397262,20.08,-50.435086027397375,-1.3970241380595252
GAZP_QP,5,2026-06-24,2026-07-01,7,10427.0,10714.0,97.63,101.01,287.0,-338.00000000000097,30.220000000000002,-20.780000000000964,9.693086027397262,20.08,-50.55308602739822,-1.400292673146442
GAZP_QP,3,2026-08-20,2026-08-25,5,8723.0,8905.0,83.3,85.49,182.0,-218.99999999999977,12.706000000000001,-24.29399999999977,6.923632876712329,20.08,-51.2976328767121,-1.4209162112889688
GAZP_QP,10,2026-07-06,2026-07-20,14,10115.0,8780.0,95.4,82.72,-1335.0,1268.0000000000007,55.055,-11.944999999999318,19.386172054794525,20.08,-51.41117205479384,-1.4240611840626738
GAZP_QP,5,2026-06-08,2026-06-16,8,12212.0,11958.0,113.6,111.7,-254.0,189.99999999999915,43.562,-20.438000000000855,11.077812602739728,20.08,-51.59581260274058,-1.4291756256679882
GAZP_QP,5,2026-05-28,2026-06-04,7,12516.0,12456.0,115.85,115.86,-60.0,-1.0000000000005116,38.939,-22.06100000000051,9.693086027397262,20.08,-51.834086027397774,-1.4357756684541427
GAZP_QP,10,2026-07-08,2026-07-22,14,10112.0,9590.0,95.5,90.86,-522.0,464.00000000000006,45.495000000000005,-12.504999999999939,19.386172054794525,20.08,-51.971172054794465,-1.4395728760004893
GAZP_QP,3,2026-03-06,2026-03-11,5,14783.0,14560.0,131.64,129.96,-223.0,167.99999999999784,29.769000000000002,-25.231000000002158,6.923632876712329,20.08,-52.234632876714485,-1.446870595834958
GAZP_QP,40,2026-01-16,2026-03-16,59,14222.0,14402.0,123.51,128.4,180.0,-489.00000000000006,358.15000000000003,49.14999999999998,81.69886794520549,20.08,-52.62886794520551,-1.457790690359082
GAZP_QP,5,2026-02-09,2026-02-16,7,14135.0,14325.0,124.21,126.75,190.0,-254.00000000000063,40.675,-23.325000000000628,9.693086027397262,20.08,-53.09808602739789,-1.4707877731137475
GAZP_QP,3,2026-06-25,2026-06-30,5,10568.0,10740.0,98.88,101.01,172.0,-213.00000000000097,14.629,-26.37100000000097,6.923632876712329,20.08,-53.37463287671329,-1.4784479687082996
GAZP_QP,3,2026-07-14,2026-07-17,3,9895.0,8417.0,93.58,79.28,-1478.0,1429.9999999999998,18.705,-29.29500000000023,4.154179726027397,20.08,-53.52917972602762,-1.4827288314163731
GAZP_QP,40,2026-07-10,2026-09-04,56,9855.0,9462.0,93.11,90.9,-393.0,220.99999999999937,215.78300000000002,43.78299999999939,77.5446882191781,20.08,-53.84168821917871,-1.491385144762275
GAZP_QP,5,2026-07-28,2026-08-04,7,9681.0,9818.0,91.43,93.34,137.0,-190.99999999999966,29.848000000000003,-24.151999999999656,9.693086027397262,20.08,-53.925086027396915,-1.4936952181718617
GAZP_QP,20,2026-07-02,2026-07-30,28,10318.0,9710.0,97.03,91.9,-608.0,512.9999999999995,99.89099999999999,4.890999999999536,38.77234410958905,20.08,-53.96134410958951,-1.4946995471026239
GAZP_QP,5,2026-02-17,2026-02-25,8,14292.0,14356.0,125.67,126.97,64.0,-129.99999999999972,42.613,-23.386999999999716,11.077812602739728,20.08,-54.54481260273944,-1.510861303390397
GAZP_QP,5,2026-04-17,2026-04-24,7,13729.0,13531.0,124.65,123.33,-198.0,132.00000000000074,41.162,-24.837999999999262,9.693086027397262,20.08,-54.611086027396524,-1.5126970407956535
GAZP_QP,5,2026-06-30,2026-07-07,7,10740.0,9925.0,101.01,93.45,-815.0,756.0000000000002,33.836,-25.163999999999774,9.693086027397262,20.08,-54.93708602739704,-1.5217270614594571
GAZP_QP,10,2026-07-09,2026-07-23,14,9988.0,9532.0,94.46,90.5,-456.0,395.9999999999994,44.394,-15.606000000000627,19.386172054794525,20.08,-55.072172054795146,-1.525468870106065
GAZP_QP,5,2026-07-10,2026-07-17,7,9855.0,8417.0,93.11,79.28,-1438.0,1382.9999999999998,28.974,-26.026000000000227,9.693086027397262,20.08,-55.799086027397486,-1.545603987263723
GAZP_QP,3,2026-03-25,2026-03-30,5,14928.0,14829.0,136.67,136.2,-99.0,46.999999999999886,22.988,-29.012000000000114,6.923632876712329,20.08,-56.015632876712445,-1.5516022158649274
GAZP_QP,40,2026-07-30,2026-09-24,56,9710.0,10503.0,91.9,101.46,793.0,-955.9999999999989,204.23,41.23000000000113,77.5446882191781,20.08,-56.39468821917697,-1.562101840328653
GAZP_QP,20,2026-07-07,2026-08-04,28,9925.0,9818.0,93.45,93.34,-107.0,10.999999999999943,98.444,2.4439999999999458,38.77234410958905,20.08,-56.4083441095891,-1.5624801009808125
GAZP_QP,20,2026-06-30,2026-07-28,28,10740.0,9681.0,101.01,91.43,-1059.0,957.9999999999998,102.43199999999999,1.4319999999997606,38.77234410958905,20.08,-57.42034410958929,-1.59051194426841
GAZP_QP,5,2026-08-21,2026-08-28,7,8806.0,8819.0,84.15,84.8,13.0,-64.99999999999915,23.974999999999998,-28.02499999999915,9.693086027397262,20.08,-57.79808602739641,-1.6009751875916547
GAZP_QP,10,2026-08-05,2026-08-19,14,9996.0,8867.0,95.16,84.71,-1129.0,1045.0000000000002,65.10000000000001,-18.899999999999764,19.386172054794525,20.08,-58.36617205479429,-1.6167108580401612
GAZP_QP,3,2026-01-30,2026-02-04,5,14583.0,14479.0,127.95,127.45,-104.0,50.0,22.56,-31.44,6.923632876712329,20.08,-58.44363287671233,-1.6188564801952348
GAZP_QP,3,2026-03-26,2026-03-31,5,14999.0,14635.0,137.5,134.38,-364.0,312.00000000000045,20.51,-31.489999999999544,6.923632876712329,20.08,-58.49363287671187,-1.6202414526896685
GAZP_QP,40,2026-07-27,2026-09-21,56,9863.0,10032.0,93.48,96.86,169.0,-337.99999999999955,208.039,39.03900000000044,77.5446882191781,20.08,-58.585688219177655,-1.622791335035307
GAZP_QP,10,2026-02-02,2026-02-16,14,14478.0,14325.0,127.22,126.75,-153.0,46.999999999999886,86.875,-19.125000000000114,19.386172054794525,20.08,-58.59117205479464,-1.6229432342651788
GAZP_QP,5,2026-09-16,2026-09-23,7,9741.0,10484.0,93.66,101.56,743.0,-790.0000000000006,18.048000000000002,-28.952000000000567,9.693086027397262,20.08,-58.72508602739783,-1.6266525776387277
GAZP_QP,5,2026-01-08,2026-01-15,7,14263.0,14161.0,122.16,121.8,-102.0,35.99999999999994,36.641999999999996,-29.35800000000006,9.693086027397262,20.08,-59.13108602739732,-1.6378985542936173
GAZP_QP,5,2026-03-06,2026-03-13,7,14783.0,14499.0,131.64,129.63,-284.0,200.9999999999991,53.503,-29.49700000000091,9.693086027397262,20.08,-59.27008602739817,-1.6417487778282016
GAZP_QP,3,2026-06-16,2026-06-19,3,11958.0,11266.0,111.7,105.42,-692.0,628.0000000000001,28.663,-35.33699999999989,4.154179726027397,20.08,-59.57117972602728,-1.6500889076452498
GAZP_QP,20,2026-07-01,2026-07-29,28,10714.0,9746.0,101.01,92.34,-968.0,867.0000000000002,100.00500000000001,-0.994999999999763,38.77234410958905,20.08,-59.84734410958881,-1.6577385091488182
GAZP_QP,3,2026-06-04,2026-06-09,5,12456.0,12131.0,115.86,113.16,-325.0,270.0000000000003,21.724,-33.27599999999971,6.923632876712329,20.08,-60.27963287671204,-1.6697126701912934
GAZP_QP,10,2026-03-04,2026-03-18,14,14430.0,14401.0,128.01,129.03,-29.0,-102.00000000000102,109.782,-21.218000000001027,19.386172054794525,20.08,-60.68417205479555,-1.6809181828827247
GAZP_QP,40,2026-03-26,2026-05-22,57,14999.0,12745.0,137.5,117.45,-2254.0,2004.9999999999998,287.078,38.07799999999975,78.92941479452057,20.08,-60.93141479452082,-1.687766670762145
GAZP_QP,20,2026-08-07,2026-09-04,28,9690.0,9462.0,92.04,90.9,-228.0,114.00000000000006,111.72500000000001,-2.2749999999999346,38.77234410958905,20.08,-61.12734410958898,-1.6931938050066473
GAZP_QP,3,2026-04-07,2026-04-10,3,14747.0,14116.0,134.24,128.62,-631.0,562.0000000000005,31.904,-37.09599999999955,4.154179726027397,20.08,-61.33017972602694,-1.6988122399998598
GAZP_QP,3,2026-08-11,2026-08-14,3,9835.0,8874.0,93.59,84.58,-961.0,901.0000000000005,22.738999999999997,-37.26099999999955,4.154179726027397,20.08,-61.49517972602695,-1.7033826492315325
GAZP_QP,3,2026-05-28,2026-06-02,5,12516.0,12663.0,115.85,117.88,147.0,-203.0000000000001,21.325,-34.67500000000011,6.923632876712329,20.08,-61.67863287671244,-1.708464200585911
GAZP_QP,3,2026-06-15,2026-06-18,3,12146.0,11441.0,113.34,106.97,-705.0,637.0000000000005,30.002000000000002,-37.99799999999954,4.154179726027397,20.08,-62.23217972602694,-1.7237971437996702
GAZP_QP,10,2026-07-01,2026-07-15,14,10714.0,9471.0,101.01,89.4,-1243.0,1161.0,58.967999999999996,-23.032000000000004,19.386172054794525,20.08,-62.49817205479452,-1.7311649849812063
GAZP_QP,10,2026-08-14,2026-08-28,14,8874.0,8819.0,84.58,84.8,-55.0,-21.999999999999886,53.822,-23.177999999999884,19.386172054794525,20.08,-62.64417205479441,-1.7352091046649865
GAZP_QP,20,2026-08-05,2026-09-02,28,9996.0,9202.0,95.16,88.42,-794.0,673.9999999999995,115.93199999999999,-4.068000000000467,38.77234410958905,20.08,-62.920344109589514,-1.7428589186575048
GAZP_QP,5,2026-06-10,2026-06-18,8,12150.0,11441.0,113.28,106.97,-709.0,631.0000000000002,46.028999999999996,-31.970999999999776,11.077812602739728,20.08,-63.1288126027395,-1.7486333812369328
GAZP_QP,5,2026-06-25,2026-07-02,7,10568.0,10318.0,98.88,97.03,-250.0,184.99999999999943,31.282,-33.71800000000057,9.693086027397262,20.08,-63.491086027397834,-1.7586681558093453
GAZP_QP,10,2026-05-28,2026-06-11,14,12516.0,12082.0,115.85,112.55,-434.0,329.9999999999997,79.876,-24.12400000000028,19.386172054794525,20.08,-63.590172054794806,-1.7614127842599205
GAZP_QP,10,2026-08-06,2026-08-20,14,9789.0,8723.0,93.07,83.3,-1066.0,976.9999999999995,64.851,-24.149000000000456,19.386172054794525,20.08,-63.61517205479498,-1.7621052705071485
GAZP_QP,5,2026-06-18,2026-06-25,7,11441.0,10568.0,106.97,98.88,-873.0,809.0000000000003,30.062,-33.93799999999966,9.693086027397262,20.08,-63.711086027396924,-1.764762034784884
GAZP_QP,5,2026-05-05,2026-05-12,7,13074.0,13387.0,120.05,123.7,313.0,-365.00000000000057,17.742,-34.258000000000564,9.693086027397262,20.08,-64.03108602739783,-1.7736258587493652
GAZP_QP,10,2026-05-06,2026-05-20,14,12938.0,12973.0,118.73,119.76,35.0,-103.00000000000011,43.406,-24.594000000000115,19.386172054794525,20.08,-64.06017205479463,-1.7744315257077106
GAZP_QP,20,2026-08-13,2026-09-10,28,9360.0,9709.0,88.96,93.5,349.0,-454.0000000000006,99.33800000000001,-5.662000000000617,38.77234410958905,20.08,-64.51434410958967,-1.787011841780456
GAZP_QP,10,2026-06-26,2026-07-10,14,10570.0,9855.0,99.41,93.11,-715.0,629.9999999999998,59.877,-25.123000000000225,19.386172054794525,20.08,-64.58917205479474,-1.789084534698955
GAZP_QP,3,2026-05-25,2026-05-28,3,12659.0,12516.0,116.61,115.85,-143.0,76.00000000000051,26.473999999999997,-40.52599999999949,4.154179726027397,20.08,-64.76017972602689,-1.793821353118872
GAZP_QP,3,2026-07-03,2026-07-08,5,10344.0,10112.0,97.25,95.5,-232.0,175.0,18.708,-38.292,6.923632876712329,20.08,-65.29563287671233,-1.8086531108341501
GAZP_QP,3,2026-01-23,2026-01-28,5,14413.0,14550.0,126.43,128.4,137.0,-196.9999999999999,21.193,-38.80699999999989,6.923632876712329,20.08,-65.81063287671222,-1.8229183275269436
GAZP_QP,3,2026-07-28,2026-07-31,3,9681.0,9659.0,91.43,91.81,-22.0,-37.999999999999545,18.382,-41.61799999999954,4.154179726027397,20.08,-65.85217972602693,-1.8240691523975794
GAZP_QP,5,2026-08-12,2026-08-19,7,9680.0,8867.0,92.17,84.71,-813.0,746.0000000000008,30.892999999999997,-36.1069999999992,9.693086027397262,20.08,-65.88008602739646,-1.8248421415939495
GAZP_QP,20,2026-08-10,2026-09-07,28,9771.0,9481.0,92.82,91.1,-290.0,171.9999999999999,110.602,-7.39800000000011,38.77234410958905,20.08,-66.25034410958915,-1.8350980867876157
GAZP_QP,40,2026-07-09,2026-09-03,56,9988.0,9345.0,94.46,89.86,-643.0,459.99999999999943,214.22500000000002,31.224999999999454,77.5446882191781,20.08,-66.39968821917864,-1.839234836467396
GAZP_QP,40,2026-07-01,2026-08-26,56,10714.0,8724.0,101.01,83.03,-1990.0,1798.0000000000005,223.21300000000002,31.213000000000477,77.5446882191781,20.08,-66.41168821917762,-1.8395672298660348
GAZP_QP,5,2026-08-07,2026-08-14,7,9690.0,8874.0,92.04,84.58,-816.0,746.0000000000008,33.26,-36.739999999999206,9.693086027397262,20.08,-66.51308602739647,-1.8423758933736396
GAZP_QP,20,2026-04-09,2026-05-08,29,14090.0,12742.0,128.53,116.65,-1348.0,1187.9999999999995,153.56099999999998,-6.439000000000476,40.15707068493151,20.08,-66.67607068493199,-1.846890478727708
GAZP_QP,10,2026-06-23,2026-07-07,14,10880.0,9925.0,102.1,93.45,-955.0,864.9999999999991,62.765,-27.23500000000091,19.386172054794525,20.08,-66.70117205479544,-1.8475857728643845
GAZP_QP,5,2026-07-24,2026-07-31,7,9779.0,9659.0,92.38,91.81,-120.0,56.99999999999932,26.027,-36.97300000000068,9.693086027397262,20.08,-66.74608602739795,-1.8488298651978003
GAZP_QP,5,2026-08-26,2026-09-02,7,8724.0,9202.0,83.03,88.42,478.0,-539.0,23.685000000000002,-37.315,9.693086027397262,20.08,-67.08808602739725,-1.8583030770597933
GAZP_QP,20,2026-08-06,2026-09-03,28,9789.0,9345.0,93.07,89.86,-444.0,320.9999999999994,114.411,-8.589000000000624,38.77234410958905,20.08,-67.44134410958966,-1.86808813160534
GAZP_QP,3,2026-08-26,2026-08-31,5,8724.0,9241.0,83.03,88.76,517.0,-573.0000000000005,15.238,-40.762000000000455,6.923632876712329,20.08,-67.76563287671279,-1.877070752059808
GAZP_QP,20,2026-08-26,2026-09-23,28,8724.0,10484.0,83.03,101.56,1760.0,-1853.0,83.746,-9.254000000000005,38.77234410958905,20.08,-68.10634410958906,-1.8865082657814582
GAZP_QP,10,2026-05-11,2026-05-25,14,13090.0,12659.0,120.11,116.61,-431.0,350.0,50.202999999999996,-30.797000000000004,19.386172054794525,20.08,-70.26317205479452,-1.9462512133687109
GAZP_QP,10,2026-05-08,2026-05-22,14,12742.0,12745.0,116.65,117.45,3.0,-79.99999999999972,46.051,-30.948999999999714,19.386172054794525,20.08,-70.41517205479424,-1.9504615297518193
GAZP_QP,3,2026-05-07,2026-05-12,5,12824.0,13387.0,117.57,123.7,563.0,-613.0000000000009,6.426,-43.57400000000091,6.923632876712329,20.08,-70.57763287671324,-1.954961605147478
GAZP_QP,3,2026-02-10,2026-02-13,3,14020.0,14328.0,122.99,126.77,308.0,-378.0000000000001,23.336000000000002,-46.664000000000115,4.154179726027397,20.08,-70.89817972602751,-1.9638405765371119
GAZP_QP,40,2026-07-07,2026-09-01,56,9925.0,9250.0,93.45,88.59,-675.0,485.99999999999994,215.50500000000002,26.504999999999967,77.5446882191781,20.08,-71.11968821917813,-1.9699762399431089
GAZP_QP,5,2026-08-13,2026-08-20,7,9360.0,8723.0,88.96,83.3,-637.0,565.9999999999997,29.59,-41.41000000000034,9.693086027397262,20.08,-71.1830860273976,-1.9717323243549516
GAZP_QP,10,2026-01-06,2026-01-21,15,14357.0,14504.0,123.55,126.13,147.0,-257.99999999999983,80.596,-30.403999999999826,20.77089863013699,20.08,-71.25489863013681,-1.9737214939459198
GAZP_QP,3,2026-07-16,2026-07-21,5,8932.0,9107.0,84.36,86.64,175.0,-228.0000000000001,8.706,-44.29400000000011,6.923632876712329,20.08,-71.29763287671244,-1.9749052090674826
GAZP_QP,10,2026-08-07,2026-08-21,14,9690.0,8806.0,92.04,84.15,-884.0,789.0,63.107,-31.893,19.386172054794525,20.08,-71.35917205479453,-1.9766098104469727
GAZP_QP,5,2026-07-02,2026-07-09,7,10318.0,9988.0,97.03,94.46,-330.0,257.00000000000074,30.610000000000003,-42.38999999999926,9.693086027397262,20.08,-72.16308602739653,-1.9988777852460689
GAZP_QP,3,2026-02-09,2026-02-12,3,14135.0,14225.0,124.21,125.86,90.0,-165.00000000000057,27.010999999999996,-47.98900000000057,4.154179726027397,20.08,-72.22317972602796,-2.0005423476399504
GAZP_QP,5,2026-02-06,2026-02-13,7,14273.0,14328.0,125.35,126.77,55.0,-142.00000000000017,43.804,-43.19600000000017,9.693086027397262,20.08,-72.96908602739742,-2.021203541856567
GAZP_QP,3,2026-06-19,2026-06-24,5,11266.0,10427.0,105.42,97.63,-839.0,779.0000000000007,13.715,-46.284999999999314,6.923632876712329,20.08,-73.28863287671165,-2.0300548137963106
GAZP_QP,10,2026-02-27,2026-03-13,14,14380.0,14499.0,127.05,129.63,119.0,-257.99999999999983,105.09100000000001,-33.90899999999982,19.386172054794525,20.08,-73.37517205479435,-2.032451901423041
GAZP_QP,3,2026-03-18,2026-03-23,5,14401.0,14644.0,129.03,132.21,243.0,-318.0000000000007,28.449999999999996,-46.550000000000686,6.923632876712329,20.08,-73.55363287671301,-2.0373951680169133
GAZP_QP,5,2026-02-04,2026-02-11,7,14479.0,14165.0,127.45,125.25,-314.0,220.00000000000028,50.202999999999996,-43.79699999999972,9.693086027397262,20.08,-73.57008602739698,-2.037850911239799
GAZP_QP,20,2026-04-16,2026-05-15,29,13989.0,13135.0,127.79,120.61,-854.0,718.0000000000007,122.191,-13.808999999999315,40.15707068493151,20.08,-74.04607068493083,-2.0510354244090547
GAZP_QP,40,2026-07-29,2026-09-23,56,9746.0,10484.0,92.34,101.56,738.0,-921.9999999999999,206.954,22.95400000000012,77.5446882191781,20.08,-74.67068821917798,-2.068336986498678
GAZP_QP,40,2026-01-21,2026-03-19,57,14504.0,14615.0,126.13,130.71,111.0,-458.00000000000125,371.266,24.26599999999877,78.92941479452057,20.08,-74.7434147945218,-2.0703514726280074
GAZP_QP,5,2026-02-05,2026-02-12,7,14289.0,14225.0,125.56,125.86,-64.0,-29.999999999999716,48.427,-45.572999999999716,9.693086027397262,20.08,-75.34608602739698,-2.0870451342425302
GAZP_QP,10,2026-08-26,2026-09-09,14,8724.0,9273.0,83.03,89.34,549.0,-631.0000000000002,45.767,-36.233000000000224,19.386172054794525,20.08,-75.69917205479474,-2.096825422964914
GAZP_QP,5,2026-07-03,2026-07-10,7,10344.0,9855.0,97.25,93.11,-489.0,414.00000000000006,28.578000000000003,-46.42199999999994,9.693086027397262,20.08,-76.1950860273972,-2.1105619671982336
GAZP_QP,5,2026-05-15,2026-05-22,7,13135.0,12745.0,120.61,117.45,-390.0,315.99999999999966,27.323000000000004,-46.677000000000334,9.693086027397262,20.08,-76.45008602739759,-2.1176253269199203
GAZP_QP,5,2026-04-28,2026-05-06,8,13195.0,12938.0,120.6,118.73,-257.0,186.99999999999903,24.529,-45.47100000000097,11.077812602739728,20.08,-76.6288126027407,-2.122575954737456
GAZP_QP,5,2026-05-06,2026-05-13,7,12938.0,13439.0,118.73,124.4,501.0,-567.0000000000002,18.663,-47.33700000000023,9.693086027397262,20.08,-77.1100860273975,-2.1359069638466086
GAZP_QP,10,2026-06-24,2026-07-08,14,10427.0,10112.0,97.63,95.5,-315.0,212.99999999999955,63.657,-38.34300000000046,19.386172054794525,20.08,-77.80917205479498,-2.155271262230553
GAZP_QP,20,2026-07-31,2026-08-28,28,9659.0,8819.0,91.81,84.8,-840.0,701.0000000000005,120.02900000000001,-18.970999999999535,38.77234410958905,20.08,-77.82334410958859,-2.155663820352131
GAZP_QP,3,2026-02-17,2026-02-20,3,14292.0,14253.0,125.67,126.08,-39.0,-40.99999999999966,26.234999999999996,-53.76499999999966,4.154179726027397,20.08,-77.99917972602705,-2.160534370198357
GAZP_QP,20,2026-08-12,2026-09-09,28,9680.0,9273.0,92.17,89.34,-407.0,282.99999999999983,103.807,-20.19300000000017,38.77234410958905,20.08,-79.04534410958922,-2.189512548116416
GAZP_QP,40,2026-07-15,2026-09-09,56,9471.0,9273.0,89.4,89.34,-198.0,6.000000000000227,210.012,18.012000000000228,77.5446882191781,20.08,-79.61268821917787,-2.2052276678497433
GAZP_QP,40,2026-07-24,2026-09-18,56,9779.0,9964.0,92.38,96.15,185.0,-377.000000000001,209.79199999999997,17.79199999999895,77.5446882191781,20.08,-79.83268821917915,-2.211321546825342
GAZP_QP,40,2026-02-25,2026-04-22,56,14356.0,13774.0,126.97,124.75,-582.0,221.9999999999999,377.699,17.6989999999999,77.5446882191781,20.08,-79.9256882191782,-2.213897595664986
GAZP_QP,40,2026-01-23,2026-03-23,59,14413.0,14644.0,126.43,132.21,231.0,-578.0000000000001,368.84999999999997,21.849999999999852,81.69886794520549,20.08,-79.92886794520564,-2.2139856723267437
GAZP_QP,3,2026-01-13,2026-01-16,3,14035.0,14222.0,120.86,123.51,187.0,-265.00000000000057,21.096999999999998,-56.903000000000574,4.154179726027397,20.08,-81.13717972602797,-2.2474552439498297
GAZP_QP,40,2026-04-01,2026-05-28,57,14650.0,12516.0,134.45,115.85,-2134.0,1859.9999999999995,291.853,17.852999999999554,78.92941479452057,20.08,-81.15641479452101,-2.2479880447656626
GAZP_QP,20,2026-02-20,2026-03-23,31,14253.0,14644.0,126.08,132.21,391.0,-613.0000000000009,203.735,-18.265000000000896,42.92652383561644,20.08,-81.27152383561733,-2.2511765018812726
GAZP_QP,10,2026-05-20,2026-06-03,14,12973.0,12532.0,119.76,116.51,-441.0,325.0,74.105,-41.894999999999996,19.386172054794525,20.08,-81.36117205479452,-2.253659708236002
GAZP_QP,10,2026-06-30,2026-07-14,14,10740.0,9895.0,101.01,93.58,-845.0,743.0000000000007,59.972,-42.02799999999932,19.386172054794525,20.08,-81.49417205479384,-2.2573437350712107
GAZP_QP,20,2026-01-21,2026-02-18,28,14504.0,14333.0,126.13,126.3,-171.0,-17.00000000000017,164.33599999999998,-23.664000000000186,38.77234410958905,20.08,-82.51634410958923,-2.2856573386808754
GAZP_QP,20,2026-08-03,2026-08-31,28,9888.0,9241.0,93.8,88.76,-647.0,503.9999999999992,118.58800000000001,-24.412000000000788,38.77234410958905,20.08,-83.26434410958984,-2.3063765271978083
GAZP_QP,10,2026-03-09,2026-03-23,14,14971.0,14644.0,134.0,132.21,-327.0,178.9999999999992,103.538,-44.4620000000008,19.386172054794525,20.08,-83.92817205479533,-2.324764196100896
GAZP_QP,20,2026-04-15,2026-05-14,29,14055.0,13211.0,128.48,121.6,-844.0,687.9999999999995,131.865,-24.135000000000446,40.15707068493151,20.08,-84.37207068493196,-2.337059943962128
GAZP_QP,40,2026-08-03,2026-09-28,56,9888.0,10133.0,93.8,98.14,245.0,-434.00000000000034,202.09199999999998,13.091999999999643,77.5446882191781,20.08,-84.53268821917845,-2.3415089613032714
GAZP_QP,5,2026-06-29,2026-07-06,7,10876.0,10115.0,102.15,95.4,-761.0,675.0,30.617,-55.382999999999996,9.693086027397262,20.08,-85.15608602739725,-2.358776737652894
GAZP_QP,3,2026-06-18,2026-06-23,5,11441.0,10880.0,106.97,102.1,-561.0,487.00000000000045,15.762,-58.237999999999545,6.923632876712329,20.08,-85.24163287671188,-2.36114633831864
GAZP_QP,20,2026-02-17,2026-03-18,29,14292.0,14401.0,125.67,129.03,109.0,-335.99999999999994,201.52,-25.479999999999933,40.15707068493151,20.08,-85.71707068493144,-2.374315704062718
GAZP_QP,40,2026-02-20,2026-04-20,59,14253.0,13867.0,126.08,125.85,-386.0,23.000000000000398,379.013,16.013000000000375,81.69886794520549,20.08,-85.76586794520512,-2.375667361328386
GAZP_QP,10,2026-06-19,2026-07-03,14,11266.0,10344.0,105.42,97.25,-922.0,817.0000000000002,58.664,-46.33599999999977,19.386172054794525,20.08,-85.8021720547943,-2.376672965192713
GAZP_QP,40,2026-07-08,2026-09-02,56,10112.0,9202.0,95.5,88.42,-910.0,707.9999999999998,213.46099999999998,11.460999999999757,77.5446882191781,20.08,-86.16368821917834,-2.3866867640721052
GAZP_QP,40,2026-07-28,2026-09-22,56,9681.0,10357.0,91.43,100.15,676.0,-871.9999999999999,207.268,11.268000000000114,77.5446882191781,20.08,-86.35668821917798,-2.392032757900658
GAZP_QP,20,2026-07-24,2026-08-21,28,9779.0,8806.0,92.38,84.15,-973.0,822.999999999999,122.08099999999999,-27.919000000001034,38.77234410958905,20.08,-86.77134410959009,-2.403518497958276
GAZP_QP,40,2026-03-03,2026-04-28,56,14430.0,13195.0,129.32,120.6,-1235.0,871.9999999999999,373.735,10.7349999999999,77.5446882191781,20.08,-86.8896882191782,-2.406796564691461
GAZP_QP,10,2026-06-03,2026-06-18,15,12532.0,11441.0,116.51,106.97,-1091.0,954.0000000000007,90.853,-46.14699999999932,20.77089863013699,20.08,-86.9978986301363,-2.409793933547255
GAZP_QP,3,2026-03-27,2026-04-01,5,14943.0,14650.0,136.56,134.45,-293.0,211.00000000000136,21.922,-60.07799999999864,6.923632876712329,20.08,-87.08163287671097,-2.412113326114237
GAZP_QP,5,2026-03-24,2026-03-31,7,14850.0,14635.0,135.6,134.38,-215.0,121.99999999999989,35.518,-57.48200000000011,9.693086027397262,20.08,-87.25508602739737,-2.4169178829697513
GAZP_QP,3,2026-06-17,2026-06-22,5,11793.0,10668.0,109.98,99.6,-1125.0,1038.000000000001,26.491999999999997,-60.50799999999909,6.923632876712329,20.08,-87.51163287671142,-2.4240240895664873
GAZP_QP,3,2026-04-28,2026-05-04,6,13195.0,12967.0,120.6,119.1,-228.0,150.0,18.825,-59.175,8.308359452054795,20.08,-87.5633594520548,-2.425456887248137
GAZP_QP,10,2026-01-30,2026-02-13,14,14583.0,14328.0,127.95,126.77,-255.0,118.00000000000068,88.23299999999999,-48.76699999999933,19.386172054794525,20.08,-88.23317205479385,-2.444010327872678
GAZP_QP,10,2026-08-13,2026-08-27,14,9360.0,8835.0,88.96,84.75,-525.0,420.9999999999994,54.718,-49.28200000000062,19.386172054794525,20.08,-88.74817205479515,-2.4582755445655105
GAZP_QP,5,2026-06-11,2026-06-19,8,12082.0,11266.0,112.55,105.42,-816.0,712.9999999999995,45.376,-57.62400000000046,11.077812602739728,20.08,-88.78181260274019,-2.45920736923755
GAZP_QP,40,2026-07-06,2026-08-31,56,10115.0,9241.0,95.4,88.76,-874.0,664.0,218.24099999999999,8.240999999999985,77.5446882191781,20.08,-89.38368821917811,-2.475878992714438
GAZP_QP,10,2026-08-04,2026-08-18,14,9818.0,8788.0,93.34,84.2,-1030.0,914.0,65.398,-50.602000000000004,19.386172054794525,20.08,-90.06817205479453,-2.4948388184188746
GAZP_QP,5,2026-05-21,2026-05-28,7,12996.0,12516.0,119.67,115.85,-480.0,382.00000000000074,37.338,-60.66199999999926,9.693086027397262,20.08,-90.43508602739652,-2.5050021336165096
GAZP_QP,5,2026-06-15,2026-06-22,7,12146.0,10668.0,113.34,99.6,-1478.0,1374.000000000001,43.102000000000004,-60.89799999999909,9.693086027397262,20.08,-90.67108602739634,-2.511539203790291
GAZP_QP,5,2026-04-07,2026-04-14,7,14747.0,14030.0,134.24,128.19,-717.0,605.0000000000011,50.743,-61.25699999999886,9.693086027397262,20.08,-91.03008602739612,-2.5214833063004094
GAZP_QP,5,2026-05-22,2026-05-29,7,12745.0,12450.0,117.45,115.51,-295.0,193.99999999999977,39.635999999999996,-61.36400000000023,9.693086027397262,20.08,-91.13708602739749,-2.524447147438562
GAZP_QP,3,2026-05-15,2026-05-20,5,13135.0,12973.0,120.61,119.76,-162.0,84.99999999999943,12.635000000000002,-64.36500000000056,6.923632876712329,20.08,-91.3686328767129,-2.5308608677881126
GAZP_QP,20,2026-04-10,2026-05-11,31,14116.0,13090.0,128.62,120.11,-1026.0,851.0000000000005,146.322,-28.677999999999543,42.92652383561644,20.08,-91.68452383561599,-2.5396108735746137
GAZP_QP,20,2026-07-27,2026-08-24,28,9863.0,8657.0,93.48,82.97,-1206.0,1051.0000000000005,122.15899999999999,-32.84099999999955,38.77234410958905,20.08,-91.69334410958861,-2.539855190311525
GAZP_QP,5,2026-01-16,2026-01-23,7,14222.0,14413.0,123.51,126.43,191.0,-292.00000000000017,38.789,-62.21100000000017,9.693086027397262,20.08,-91.98408602739742,-2.54790858149448
GAZP_QP,20,2026-05-13,2026-06-10,28,13439.0,12150.0,124.4,113.28,-1289.0,1112.0000000000005,143.672,-33.32799999999955,38.77234410958905,20.08,-92.1803441095886,-2.553344822407431
GAZP_QP,5,2026-01-14,2026-01-21,7,14169.0,14504.0,121.77,126.13,335.0,-435.99999999999994,37.393,-63.60699999999994,9.693086027397262,20.08,-93.3800860273972,-2.5865770135394133
GAZP_QP,10,2026-06-05,2026-06-22,17,12363.0,10668.0,115.2,99.6,-1695.0,1560.000000000001,84.95700000000001,-50.04299999999908,23.540351780821922,20.08,-93.663351780821,-2.5944233190816246
GAZP_QP,5,2026-01-09,2026-01-16,7,14283.0,14222.0,123.12,123.51,-61.0,-39.00000000000006,35.863,-64.13700000000006,9.693086027397262,20.08,-93.91008602739731,-2.601257721980547
GAZP_QP,20,2026-07-20,2026-08-17,28,8780.0,8622.0,82.72,82.6,-158.0,12.000000000000455,110.36699999999999,-35.632999999999555,38.77234410958905,20.08,-94.48534410958861,-2.617192054401404
GAZP_QP,10,2026-05-14,2026-05-28,14,13211.0,12516.0,121.6,115.85,-695.0,575.0,63.286,-56.714,19.386172054794525,20.08,-96.18017205479453,-2.664137856139985
GAZP_QP,5,2026-04-21,2026-04-28,7,13810.0,13195.0,125.65,120.6,-615.0,505.00000000000114,43.461,-66.53899999999886,9.693086027397262,20.08,-96.31208602739612,-2.667791800613712
GAZP_QP,3,2026-02-06,2026-02-11,5,14273.0,14165.0,125.35,125.25,-108.0,9.999999999999432,28.334,-69.66600000000057,6.923632876712329,20.08,-96.6696328767129,-2.677695651649305
GAZP_QP,5,2026-03-10,2026-03-17,7,14657.0,14302.0,129.63,127.31,-355.0,231.99999999999932,55.828,-67.17200000000068,9.693086027397262,20.08,-96.94508602739793,-2.685325552393452
GAZP_QP,5,2026-06-19,2026-06-26,7,11266.0,10570.0,105.42,99.41,-696.0,601.0000000000005,27.365000000000002,-67.63499999999954,9.693086027397262,20.08,-97.40808602739679,-2.6981503976919927
GAZP_QP,20,2026-07-30,2026-08-27,28,9710.0,8835.0,91.9,84.75,-875.0,715.0000000000006,120.512,-39.48799999999943,38.77234410958905,20.08,-98.34034410958849,-2.723973433723207
GAZP_QP,3,2026-05-08,2026-05-13,5,12742.0,13439.0,116.65,124.4,697.0,-775.0,6.619999999999999,-71.38,6.923632876712329,20.08,-98.38363287671233,-2.725172508758907
GAZP_QP,10,2026-08-11,2026-08-25,14,9835.0,8905.0,93.59,85.49,-930.0,810.0000000000009,60.352,-59.647999999999094,19.386172054794525,20.08,-99.11417205479361,-2.7454080421140667
GAZP_QP,20,2026-07-03,2026-07-31,28,10344.0,9659.0,97.25,91.81,-685.0,543.9999999999998,99.68900000000001,-41.31100000000022,38.77234410958905,20.08,-100.16334410958926,-2.774469530870739
GAZP_QP,10,2026-03-23,2026-04-06,14,14644.0,14627.0,132.21,133.42,-17.0,-120.99999999999795,77.29599999999999,-60.70399999999796,19.386172054794525,20.08,-100.17017205479249,-2.7746586611967405
GAZP_QP,10,2026-06-04,2026-06-19,15,12456.0,11266.0,115.86,105.42,-1190.0,1043.9999999999998,86.31299999999999,-59.68700000000024,20.77089863013699,20.08,-100.53789863013724,-2.7848444850433283
GAZP_QP,5,2026-07-14,2026-07-21,7,9895.0,9107.0,93.58,86.64,-788.0,693.9999999999998,23.121,-70.87900000000023,9.693086027397262,20.08,-100.65208602739749,-2.7880074131316857
GAZP_QP,10,2026-07-02,2026-07-16,14,10318.0,8932.0,97.03,84.36,-1386.0,1267.0000000000002,57.733999999999995,-61.26599999999978,19.386172054794525,20.08,-100.7321720547943,-2.7902257520343667
GAZP_QP,5,2026-04-20,2026-04-27,7,13867.0,13495.0,125.85,123.26,-372.0,258.9999999999989,41.764,-71.23600000000107,9.693086027397262,20.08,-101.00908602739833,-2.797896116742055
GAZP_QP,5,2026-04-27,2026-05-05,8,13495.0,13074.0,123.26,120.05,-421.0,321.0000000000008,29.328,-70.6719999999992,11.077812602739728,20.08,-101.82981260273893,-2.8206297913882112
GAZP_QP,20,2026-06-29,2026-07-27,28,10876.0,9863.0,102.15,93.48,-1013.0,867.0000000000002,103.01199999999999,-42.987999999999786,38.77234410958905,20.08,-101.84034410958883,-2.8209215083344548
GAZP_QP,3,2026-01-08,2026-01-13,5,14263.0,14035.0,122.16,120.86,-228.0,129.99999999999972,22.416,-75.58400000000029,6.923632876712329,20.08,-102.58763287671262,-2.8416209960919567
GAZP_QP,40,2026-03-27,2026-05-25,59,14943.0,12659.0,136.56,116.61,-2284.0,1995.0000000000002,287.301,-1.698999999999785,81.69886794520549,20.08,-103.47786794520528,-2.8662800177610332
GAZP_QP,20,2026-03-11,2026-04-08,28,14560.0,14421.0,129.96,130.8,-139.0,-84.00000000000034,178.284,-44.71600000000035,38.77234410958905,20.08,-103.5683441095894,-2.8687861577425333
GAZP_QP,10,2026-02-16,2026-03-03,15,14325.0,14430.0,126.75,129.32,105.0,-256.9999999999993,88.672,-63.32799999999932,20.77089863013699,20.08,-104.17889863013632,-2.8856981820888796
GAZP_QP,5,2026-08-11,2026-08-18,7,9835.0,8788.0,93.59,84.2,-1047.0,939.0,33.396,-74.604,9.693086027397262,20.08,-104.37708602739725,-2.891187863967925
GAZP_QP,40,2026-03-24,2026-05-20,57,14850.0,12973.0,135.6,119.76,-1877.0,1583.9999999999989,287.398,-5.602000000001112,78.92941479452057,20.08,-104.61141479452168,-2.8976786419104217
GAZP_QP,5,2026-04-22,2026-04-29,7,13774.0,12949.0,124.75,117.73,-825.0,701.9999999999995,48.132999999999996,-74.86700000000046,9.693086027397262,20.08,-104.64008602739771,-2.8984728192887252
GAZP_QP,10,2026-04-16,2026-04-30,14,13989.0,13090.0,127.79,120.28,-899.0,751.0000000000005,82.786,-65.21399999999954,19.386172054794525,20.08,-104.68017205479407,-2.8995831801958367
GAZP_QP,10,2026-05-25,2026-06-08,14,12659.0,12212.0,116.61,113.6,-447.0,301.0000000000005,79.501,-66.49899999999948,19.386172054794525,20.08,-105.96517205479401,-2.935176973303104
GAZP_QP,40,2026-01-06,2026-03-05,58,14357.0,14422.0,123.55,127.7,65.0,-415.00000000000057,344.112,-5.888000000000545,80.31414136986302,20.08,-106.28214136986357,-2.9439568489622
GAZP_QP,10,2026-08-10,2026-08-24,14,9771.0,8657.0,92.82,82.97,-1114.0,984.9999999999994,61.877,-67.12300000000056,19.386172054794525,20.08,-106.58917205479509,-2.952461430033823
GAZP_QP,10,2026-06-29,2026-07-13,14,10876.0,9890.0,102.15,93.55,-986.0,860.0000000000009,58.76,-67.2399999999991,19.386172054794525,20.08,-106.70617205479363,-2.955702265670787
GAZP_QP,10,2026-06-10,2026-06-25,15,12150.0,10568.0,113.28,98.88,-1582.0,1440.0000000000005,76.091,-65.90899999999955,20.77089863013699,20.08,-106.75989863013653,-2.957190462252201
GAZP_QP,10,2026-06-18,2026-07-02,14,11441.0,10318.0,106.97,97.03,-1123.0,993.9999999999998,61.344,-67.65600000000023,19.386172054794525,20.08,-107.12217205479476,-2.9672252368246115
GAZP_QP,20,2026-04-06,2026-05-05,29,14627.0,13074.0,133.42,120.05,-1553.0,1336.999999999999,169.07399999999998,-46.926000000000926,40.15707068493151,20.08,-107.16307068493244,-2.9683581063806357
GAZP_QP,20,2026-01-20,2026-02-17,28,14301.0,14292.0,123.64,125.67,-9.0,-203.0000000000001,163.39600000000002,-48.6040000000001,38.77234410958905,20.08,-107.45634410958915,-2.9764816189106678
GAZP_QP,3,2026-04-27,2026-04-30,3,13495.0,13090.0,123.26,120.28,-405.0,298.0000000000004,23.706,-83.2939999999996,4.154179726027397,20.08,-107.52817972602699,-2.978471425968428
GAZP_QP,3,2026-08-12,2026-08-17,5,9680.0,8622.0,92.17,82.6,-1058.0,957.0000000000007,20.459,-80.54099999999931,6.923632876712329,20.08,-107.54463287671165,-2.978927169191332
GAZP_QP,3,2026-08-13,2026-08-18,5,9360.0,8788.0,88.96,84.2,-572.0,475.9999999999991,15.340000000000002,-80.6600000000009,6.923632876712329,20.08,-107.66363287671324,-2.9822234037281583
GAZP_QP,10,2026-04-24,2026-05-11,17,13531.0,13090.0,123.33,120.11,-441.0,321.9999999999999,54.201,-64.79900000000012,23.540351780821922,20.08,-108.41935178082204,-3.0031564016426335
GAZP_QP,40,2026-06-26,2026-08-21,56,10570.0,8806.0,99.41,84.15,-1764.0,1525.999999999999,227.042,-10.958000000000908,77.5446882191781,20.08,-108.582688219179,-3.0076807311319382
GAZP_QP,5,2026-05-25,2026-06-01,7,12659.0,12446.0,116.61,115.7,-213.0,90.99999999999966,42.65,-79.35000000000034,9.693086027397262,20.08,-109.12308602739759,-3.0226494531407737
GAZP_QP,40,2026-04-02,2026-05-29,57,14568.0,12450.0,133.7,115.51,-2118.0,1818.9999999999984,288.668,-10.332000000001585,78.92941479452057,20.08,-109.34141479452215,-3.028697039885051
GAZP_QP,20,2026-06-24,2026-07-22,28,10427.0,9590.0,97.63,90.86,-837.0,676.9999999999995,109.152,-50.848000000000454,38.77234410958905,20.08,-109.7003441095895,-3.038639184461425
GAZP_QP,5,2026-06-16,2026-06-23,7,11958.0,10880.0,111.7,102.1,-1078.0,960.0000000000009,37.273,-80.7269999999991,9.693086027397262,20.08,-110.50008602739635,-3.0607915956377894
GAZP_QP,20,2026-04-27,2026-05-26,29,13495.0,12625.0,123.26,116.1,-870.0,716.0000000000011,103.20800000000001,-50.79199999999885,40.15707068493151,20.08,-111.02907068493036,-3.075444179651163
GAZP_QP,10,2026-07-03,2026-07-17,14,10344.0,8417.0,97.25,79.28,-1927.0,1797.0,57.55200000000001,-72.448,19.386172054794525,20.08,-111.91417205479452,-3.099961000692334
GAZP_QP,5,2026-04-08,2026-04-15,7,14421.0,14055.0,130.8,128.48,-366.0,232.00000000000216,51.136,-82.86399999999784,9.693086027397262,20.08,-112.6370860273951,-3.1199853200503878
GAZP_QP,3,2026-05-26,2026-05-29,3,12625.0,12450.0,116.1,115.51,-175.0,58.99999999999892,26.862,-89.13800000000109,4.154179726027397,20.08,-113.37217972602848,-3.140347011119348
GAZP_QP,10,2026-06-09,2026-06-24,15,12131.0,10427.0,113.16,97.63,-1704.0,1553.0,78.304,-72.696,20.77089863013699,20.08,-113.546898630137,-3.14518662864835
GAZP_QP,10,2026-06-22,2026-07-06,14,10668.0,10115.0,99.6,95.4,-553.0,419.99999999999886,58.196999999999996,-74.80300000000113,19.386172054794525,20.08,-114.26917205479566,-3.1651932051807843
GAZP_QP,10,2026-06-25,2026-07-09,14,10568.0,9988.0,98.88,94.46,-580.0,442.00000000000017,61.892,-76.10799999999983,19.386172054794525,20.08,-115.57417205479436,-3.201340987285796
GAZP_QP,20,2026-01-16,2026-02-13,28,14222.0,14328.0,123.51,126.77,106.0,-325.9999999999991,162.88799999999998,-57.111999999999114,38.77234410958905,20.08,-115.96434410958817,-3.2121485385656157
GAZP_QP,40,2026-02-12,2026-04-10,57,14225.0,14116.0,125.86,128.62,-109.0,-276.0000000000005,367.865,-17.135000000000502,78.92941479452057,20.08,-116.14441479452107,-3.2171363974793796
GAZP_QP,10,2026-05-19,2026-06-02,14,13328.0,12663.0,123.03,117.88,-665.0,515.0000000000006,73.219,-76.78099999999944,19.386172054794525,20.08,-116.24717205479396,-3.219982717061032
GAZP_QP,20,2026-04-30,2026-05-29,29,13090.0,12450.0,120.28,115.51,-640.0,476.9999999999996,106.36399999999999,-56.63600000000041,40.15707068493151,20.08,-116.87307068493192,-3.237319764802085
GAZP_QP,40,2026-02-10,2026-04-08,57,14020.0,14421.0,122.99,130.8,401.0,-781.0000000000016,361.446,-18.554000000001565,78.92941479452057,20.08,-117.56341479452213,-3.256441916871794
GAZP_QP,10,2026-05-22,2026-06-05,14,12745.0,12363.0,117.45,115.2,-382.0,225.0,78.413,-78.587,19.386172054794525,20.08,-118.05317205479453,-3.2700079235604465
GAZP_QP,3,2026-04-23,2026-04-28,5,13768.0,13195.0,125.18,120.6,-573.0,458.00000000000125,23.413,-91.58699999999875,6.923632876712329,20.08,-118.59063287671108,-3.2848952926643844
GAZP_QP,20,2026-07-28,2026-08-25,28,9681.0,8905.0,91.43,85.49,-776.0,594.0000000000011,122.20200000000001,-59.79799999999885,38.77234410958905,20.08,-118.65034410958789,-3.2865492609672615
GAZP_QP,5,2026-03-16,2026-03-23,7,14402.0,14644.0,128.4,132.21,242.0,-381.0000000000002,49.489,-89.51100000000022,9.693086027397262,20.08,-119.28408602739748,-3.304103563462139
GAZP_QP,10,2026-08-03,2026-08-17,14,9888.0,8622.0,93.8,82.6,-1266.0,1120.0000000000002,65.769,-80.23099999999977,19.386172054794525,20.08,-119.6971720547943,-3.315545819177833
GAZP_QP,10,2026-06-15,2026-06-29,14,12146.0,10876.0,113.34,102.15,-1270.0,1118.9999999999998,70.682,-80.31800000000023,19.386172054794525,20.08,-119.78417205479475,-3.317955671318182
GAZP_QP,10,2026-01-21,2026-02-04,14,14504.0,14479.0,126.13,127.45,-25.0,-132.00000000000074,75.99000000000001,-81.01000000000073,19.386172054794525,20.08,-120.47617205479526,-3.3371236906413326
GAZP_QP,5,2026-04-29,2026-05-07,8,12949.0,12824.0,117.73,117.57,-125.0,16.00000000000108,19.211,-89.78899999999892,11.077812602739728,20.08,-120.94681260273865,-3.350160174914787
GAZP_QP,10,2026-05-21,2026-06-04,14,12996.0,12456.0,119.67,115.86,-540.0,381.0000000000002,76.277,-82.72299999999977,19.386172054794525,20.08,-122.1891720547943,-3.3845728483010347
GAZP_QP,10,2026-06-16,2026-06-30,14,11958.0,10740.0,111.7,101.01,-1218.0,1068.9999999999998,66.202,-82.79800000000023,19.386172054794525,20.08,-122.26417205479476,-3.3866503070427165
GAZP_QP,5,2026-08-10,2026-08-17,7,9771.0,8622.0,92.82,82.6,-1149.0,1021.9999999999999,32.745000000000005,-94.25500000000011,9.693086027397262,20.08,-124.02808602739736,-3.4355097537351975
GAZP_QP,20,2026-05-12,2026-06-09,28,13387.0,12131.0,123.7,113.16,-1256.0,1054.0000000000007,136.197,-65.80299999999932,38.77234410958905,20.08,-124.65534410958837,-3.4528844575502706
GAZP_QP,20,2026-03-02,2026-03-30,28,14423.0,14829.0,129.56,136.2,406.0,-663.9999999999986,191.59900000000002,-66.40099999999862,38.77234410958905,20.08,-125.25334410958767,-3.4694487285838287
GAZP_QP,20,2026-05-06,2026-06-03,28,12938.0,12532.0,118.73,116.51,-406.0,221.9999999999999,117.51100000000001,-66.4890000000001,38.77234410958905,20.08,-125.34134410958914,-3.4718862801740946
GAZP_QP,20,2026-01-13,2026-02-10,28,14035.0,14020.0,120.86,122.99,-15.0,-212.99999999999955,160.649,-67.35099999999954,38.77234410958905,20.08,-126.2033441095886,-3.4957632059783332
GAZP_QP,5,2026-06-17,2026-06-24,7,11793.0,10427.0,109.98,97.63,-1366.0,1235.000000000001,34.259,-96.74099999999909,9.693086027397262,20.08,-126.51408602739635,-3.5043705861590375
GAZP_QP,40,2026-02-09,2026-04-07,57,14135.0,14747.0,124.21,134.24,612.0,-1003.0000000000016,362.972,-28.02800000000161,78.92941479452057,20.08,-127.03741479452218,-3.5188665051194725
GAZP_QP,10,2026-07-07,2026-07-21,14,9925.0,9107.0,93.45,86.64,-818.0,681.0000000000002,49.257,-87.74299999999977,19.386172054794525,20.08,-127.2091720547943,-3.523624086743439
GAZP_QP,3,2026-04-29,2026-05-05,6,12949.0,13074.0,117.73,120.05,125.0,-231.99999999999932,7.895,-99.10499999999932,8.308359452054795,20.08,-127.49335945205412,-3.5314959213129016
GAZP_QP,20,2026-05-04,2026-06-01,28,12967.0,12446.0,119.1,115.7,-521.0,339.99999999999915,112.144,-68.85600000000085,38.77234410958905,20.08,-127.7083441095899,-3.5374508780612017
GAZP_QP,5,2026-04-06,2026-04-13,7,14627.0,13980.0,133.42,128.42,-647.0,500.0,48.843,-98.157,9.693086027397262,20.08,-127.93008602739725,-3.5435930072017805
GAZP_QP,10,2026-04-29,2026-05-14,15,12949.0,13211.0,117.73,121.6,262.0,-386.99999999999903,37.885000000000005,-87.11499999999903,20.77089863013699,20.08,-127.96589863013601,-3.544584996596735
GAZP_QP,5,2026-05-26,2026-06-02,7,12625.0,12663.0,116.1,117.88,38.0,-178.0000000000001,40.721000000000004,-99.27900000000011,9.693086027397262,20.08,-129.05208602739737,-3.5746717899771583
GAZP_QP,3,2026-04-22,2026-04-27,5,13774.0,13495.0,124.75,123.26,-279.0,148.9999999999995,26.700000000000003,-103.30000000000051,6.923632876712329,20.08,-130.30363287671284,-3.6093389492134142
GAZP_QP,40,2026-01-19,2026-03-17,57,14381.0,14302.0,124.17,127.31,-79.0,-314.00000000000006,361.686,-31.314000000000078,78.92941479452057,20.08,-130.32341479452066,-3.6098868974544382
GAZP_QP,20,2026-04-03,2026-05-04,31,14607.0,12967.0,133.07,119.1,-1640.0,1397.0,175.196,-67.804,42.92652383561644,20.08,-130.81052383561644,-3.623379549928713
GAZP_QP,40,2026-07-02,2026-08-27,56,10318.0,8835.0,97.03,84.75,-1483.0,1228.0,220.403,-34.59700000000001,77.5446882191781,20.08,-132.2216882191781,-3.6624680270562155
GAZP_QP,20,2026-05-19,2026-06-17,29,13328.0,11793.0,123.03,109.98,-1535.0,1304.9999999999998,156.602,-73.39800000000022,40.15707068493151,20.08,-133.63507068493175,-3.7016179438402443
GAZP_QP,10,2026-04-28,2026-05-13,15,13195.0,13439.0,120.6,124.4,244.0,-380.00000000000114,43.192,-92.80800000000113,20.77089863013699,20.08,-133.65889863013814,-3.702277964814445
GAZP_QP,40,2026-02-11,2026-04-09,57,14165.0,14090.0,125.25,128.53,-75.0,-328.0000000000001,368.085,-34.915000000000134,78.92941479452057,20.08,-133.92441479452071,-3.7096326165044595
GAZP_QP,20,2026-05-07,2026-06-04,28,12824.0,12456.0,117.57,115.86,-368.0,170.99999999999937,120.899,-76.10100000000062,38.77234410958905,20.08,-134.9533441095897,-3.738133392506459
GAZP_QP,20,2026-03-20,2026-04-17,28,14615.0,13729.0,131.0,124.65,-886.0,634.9999999999994,174.431,-76.56900000000056,38.77234410958905,20.08,-135.4213441095896,-3.7510967350544733
GAZP_QP,40,2026-01-14,2026-03-12,57,14169.0,14633.0,121.77,130.3,464.0,-853.0000000000016,352.178,-36.822000000001594,78.92941479452057,20.08,-135.83141479452217,-3.7624554674426802
GAZP_QP,20,2026-01-09,2026-02-06,28,14283.0,14273.0,123.12,125.35,-10.0,-222.99999999999898,154.947,-78.05299999999897,38.77234410958905,20.08,-136.90534410958804,-3.7922027186895955
GAZP_QP,20,2026-05-05,2026-06-02,28,13074.0,12663.0,120.05,117.88,-411.0,217.00000000000017,114.601,-79.39899999999983,38.77234410958905,20.08,-138.2513441095889,-3.829486178240112
GAZP_QP,10,2026-05-18,2026-06-01,14,13430.0,12446.0,123.82,115.7,-984.0,811.9999999999991,72.458,-99.54200000000091,19.386172054794525,20.08,-139.00817205479544,-3.850449895982899
GAZP_QP,20,2026-01-12,2026-02-09,28,14018.0,14135.0,120.67,124.21,117.0,-353.9999999999992,156.527,-80.47299999999922,38.77234410958905,20.08,-139.3253441095883,-3.8592353874208007
GAZP_QP,40,2026-06-24,2026-08-19,56,10427.0,8867.0,97.63,84.71,-1560.0,1292.0000000000002,226.286,-41.71399999999977,77.5446882191781,20.08,-139.33868821917787,-3.85960501191569
GAZP_QP,20,2026-04-14,2026-05-13,29,14030.0,13439.0,128.19,124.4,-591.0,378.9999999999992,132.559,-79.4410000000008,40.15707068493151,20.08,-139.67807068493232,-3.8690057195190355
GAZP_QP,20,2026-05-14,2026-06-11,28,13211.0,12082.0,121.6,112.55,-1129.0,904.9999999999998,143.16199999999998,-80.83800000000025,38.77234410958905,20.08,-139.69034410958932,-3.869345686630287
GAZP_QP,5,2026-04-24,2026-05-04,10,13531.0,12967.0,123.33,119.1,-564.0,423.0000000000004,34.910000000000004,-106.0899999999996,13.847265753424658,20.08,-140.01726575342428,-3.8784012363212987
GAZP_QP,40,2026-01-13,2026-03-11,57,14035.0,14560.0,120.86,129.96,525.0,-910.0000000000009,343.811,-41.18900000000093,78.92941479452057,20.08,-140.1984147945215,-3.883418965107598
GAZP_QP,10,2026-02-13,2026-03-02,17,14328.0,14423.0,126.77,129.56,95.0,-279.0000000000006,86.572,-97.42800000000062,23.540351780821922,20.08,-141.04835178082254,-3.906961752068388
GAZP_QP,10,2026-06-08,2026-06-23,15,12212.0,10880.0,113.6,102.1,-1332.0,1150.0,80.83500000000001,-101.16499999999999,20.77089863013699,20.08,-142.01589863013697,-3.93376226753616
GAZP_QP,40,2026-02-26,2026-04-23,56,14327.0,13768.0,126.57,125.18,-559.0,138.99999999999864,375.30899999999997,-44.691000000001395,77.5446882191781,20.08,-142.3156882191795,-3.9420662742350654
GAZP_QP,40,2026-02-19,2026-04-17,57,14274.0,13729.0,125.88,124.65,-545.0,122.99999999999898,378.50100000000003,-43.49900000000099,78.92941479452057,20.08,-142.50841479452157,-3.9474046943510173
GAZP_QP,20,2026-02-02,2026-03-03,29,14478.0,14430.0,127.22,129.32,-48.0,-209.99999999999943,175.547,-82.45299999999943,40.15707068493151,20.08,-142.69007068493096,-3.95243646258444
GAZP_QP,20,2026-06-22,2026-07-20,28,10668.0,8780.0,99.6,82.72,-1888.0,1687.9999999999995,113.252,-86.74800000000046,38.77234410958905,20.08,-145.6003441095895,-4.033049435473841
GAZP_QP,10,2026-04-27,2026-05-12,15,13495.0,13387.0,123.26,123.7,-108.0,-43.99999999999977,47.07,-104.92999999999978,20.77089863013699,20.08,-145.7808986301368,-4.038050696367959
GAZP_QP,40,2026-01-05,2026-03-04,58,14411.0,14430.0,124.0,128.01,19.0,-400.9999999999991,336.464,-45.53599999999909,80.31414136986302,20.08,-145.9301413698621,-4.042184638158266
GAZP_QP,10,2026-05-15,2026-05-29,14,13135.0,12450.0,120.61,115.51,-685.0,509.99999999999943,66.959,-108.04100000000057,19.386172054794525,20.08,-147.5071720547951,-4.085867520588865
GAZP_QP,40,2026-04-13,2026-06-09,57,13980.0,12131.0,128.42,113.16,-1849.0,1525.999999999999,274.16999999999996,-48.83000000000095,78.92941479452057,20.08,-147.83941479452153,-4.095070461708876
GAZP_QP,3,2026-01-21,2026-01-26,5,14504.0,14346.0,126.13,126.02,-158.0,10.999999999999943,26.077,-120.92300000000006,6.923632876712329,20.08,-147.9266328767124,-4.097486354605931
GAZP_QP,20,2026-05-20,2026-06-18,29,12973.0,11441.0,119.76,106.97,-1532.0,1279.0000000000007,164.958,-88.04199999999932,40.15707068493151,20.08,-148.27907068493084,-4.10724868801364
GAZP_QP,3,2026-03-10,2026-03-13,3,14657.0,14499.0,129.63,129.63,-158.0,0.0,32.779,-125.221,4.154179726027397,20.08,-149.45517972602738,-4.139826261461406
GAZP_QP,20,2026-05-29,2026-06-29,31,12450.0,10876.0,115.51,102.15,-1574.0,1336.0,151.314,-86.686,42.92652383561644,20.08,-149.69252383561644,-4.146400562731399
GAZP_QP,20,2026-06-25,2026-07-23,28,10568.0,9532.0,98.88,90.5,-1036.0,837.9999999999995,106.28599999999999,-91.71400000000047,38.77234410958905,20.08,-150.56634410958952,-4.170604903622244
GAZP_QP,40,2026-06-18,2026-08-13,56,11441.0,9360.0,106.97,88.96,-2081.0,1801.0000000000005,227.02900000000002,-52.97099999999952,77.5446882191781,20.08,-150.5956882191776,-4.171417719315313
GAZP_QP,20,2026-06-01,2026-06-30,29,12446.0,10740.0,115.7,101.01,-1706.0,1468.9999999999998,146.615,-90.38500000000022,40.15707068493151,20.08,-150.6220706849317,-4.172148499103416
GAZP_QP,10,2026-04-21,2026-05-06,15,13810.0,12938.0,125.65,118.73,-872.0,692.0000000000002,67.99,-112.00999999999978,20.77089863013699,20.08,-152.86089863013677,-4.234162801581549
GAZP_QP,20,2026-04-07,2026-05-06,29,14747.0,12938.0,134.24,118.73,-1809.0,1551.0000000000005,164.639,-93.36099999999954,40.15707068493151,20.08,-153.59807068493103,-4.2545820619728385
GAZP_QP,10,2026-04-23,2026-05-08,15,13768.0,12742.0,125.18,116.65,-1026.0,853.0000000000001,59.985,-113.01499999999989,20.77089863013699,20.08,-153.86589863013688,-4.262000748719922
GAZP_QP,5,2026-05-27,2026-06-03,7,12602.0,12532.0,115.57,116.51,-70.0,-94.0000000000012,39.469,-124.5310000000012,9.693086027397262,20.08,-154.30408602739845,-4.2741382985723275
GAZP_QP,10,2026-01-20,2026-02-03,14,14301.0,14506.0,123.64,127.6,205.0,-395.9999999999994,75.69200000000001,-115.30799999999937,19.386172054794525,20.08,-154.7741720547939,-4.2871594229316505
GAZP_QP,40,2026-06-30,2026-08-25,56,10740.0,8905.0,101.01,85.49,-1835.0,1552.000000000001,224.63400000000001,-58.365999999999076,77.5446882191781,20.08,-155.99068821917717,-4.320856251466053
GAZP_QP,20,2026-05-11,2026-06-08,28,13090.0,12212.0,120.11,113.6,-878.0,651.0000000000005,129.704,-97.29599999999954,38.77234410958905,20.08,-156.1483441095886,-4.325223232902198
GAZP_QP,10,2026-06-17,2026-07-01,14,11793.0,10714.0,109.98,101.01,-1079.0,896.9999999999999,64.479,-117.52100000000011,19.386172054794525,20.08,-156.98717205479466,-4.348458305535863
GAZP_QP,40,2026-07-03,2026-08-28,56,10344.0,8819.0,97.25,84.8,-1525.0,1245.0000000000002,219.718,-60.28199999999978,77.5446882191781,20.08,-157.90668821917785,-4.373928397453253
GAZP_QP,40,2026-06-25,2026-08-20,56,10568.0,8723.0,98.88,83.3,-1845.0,1557.9999999999998,226.557,-60.44300000000024,77.5446882191781,20.08,-158.0676882191783,-4.378388008885382
GAZP_QP,20,2026-04-24,2026-05-25,31,13531.0,12659.0,123.33,116.61,-872.0,671.9999999999999,104.40400000000001,-95.5960000000001,42.92652383561644,20.08,-158.60252383561652,-4.393202661241725
GAZP_QP,10,2026-05-26,2026-06-09,14,12625.0,12131.0,116.1,113.16,-494.0,293.9999999999998,80.059,-119.94100000000023,19.386172054794525,20.08,-159.40717205479473,-4.4154909742670645
GAZP_QP,40,2026-01-09,2026-03-09,59,14283.0,14971.0,123.12,134.0,688.0,-1087.9999999999995,339.964,-60.03599999999955,81.69886794520549,20.08,-161.81486794520504,-4.482182825931256
GAZP_QP,20,2026-03-13,2026-04-10,28,14499.0,14116.0,129.63,128.62,-383.0,100.99999999999909,177.838,-104.16200000000092,38.77234410958905,20.08,-163.01434410958996,-4.515407655839597
GAZP_QP,20,2026-04-17,2026-05-18,31,13729.0,13430.0,124.65,123.82,-299.0,83.00000000000125,115.75800000000001,-100.24199999999874,42.92652383561644,20.08,-163.24852383561517,-4.521894305425634
GAZP_QP,40,2026-02-24,2026-04-21,56,14316.0,13810.0,126.27,125.65,-506.0,61.999999999999034,377.93100000000004,-66.06900000000093,77.5446882191781,20.08,-163.69368821917902,-4.534225113960495
GAZP_QP,40,2026-02-05,2026-04-03,57,14289.0,14607.0,125.56,133.07,318.0,-750.9999999999991,368.127,-64.87299999999908,78.92941479452057,20.08,-163.88241479451966,-4.539452736276852
GAZP_QP,20,2026-03-09,2026-04-06,28,14971.0,14627.0,134.0,133.42,-344.0,58.00000000000125,180.834,-105.16599999999875,38.77234410958905,20.08,-164.01834410958782,-4.543217903528018
GAZP_QP,40,2026-02-16,2026-04-14,57,14325.0,14030.0,126.75,128.19,-295.0,-143.99999999999977,373.04,-65.95999999999975,78.92941479452057,20.08,-164.96941479452033,-4.569562038306132
GAZP_QP,10,2026-01-09,2026-01-23,14,14283.0,14413.0,123.12,126.43,130.0,-331.0000000000002,74.652,-126.34800000000023,19.386172054794525,20.08,-165.81417205479477,-4.592961349705409
GAZP_QP,10,2026-06-11,2026-06-26,15,12082.0,10570.0,112.55,99.41,-1512.0,1314.0,72.741,-125.259,20.77089863013699,20.08,-166.10989863013697,-4.601152813159924
GAZP_QP,20,2026-06-04,2026-07-03,29,12456.0,10344.0,115.86,97.25,-2112.0,1861.0,144.977,-106.023,40.15707068493151,20.08,-166.26007068493152,-4.605312496466423
GAZP_QP,5,2026-02-20,2026-03-02,10,14253.0,14423.0,126.08,129.56,170.0,-348.0000000000004,45.556000000000004,-132.4440000000004,13.847265753424658,20.08,-166.37126575342506,-4.608392538694055
GAZP_QP,3,2026-01-20,2026-01-23,3,14301.0,14413.0,123.64,126.43,112.0,-279.0000000000006,24.516,-142.48400000000063,4.154179726027397,20.08,-166.71817972602804,-4.61800186489394
GAZP_QP,20,2026-05-18,2026-06-16,29,13430.0,11958.0,123.82,111.7,-1472.0,1211.999999999999,152.871,-107.1290000000009,40.15707068493151,20.08,-167.36607068493242,-4.635948088043599
GAZP_QP,3,2026-05-27,2026-06-01,5,12602.0,12446.0,115.57,115.7,-156.0,-13.000000000000966,28.398,-140.60200000000097,6.923632876712329,20.08,-167.6056328767133,-4.642583828970114
GAZP_QP,20,2026-01-05,2026-02-03,29,14411.0,14506.0,124.0,127.6,95.0,-359.99999999999943,157.022,-107.97799999999944,40.15707068493151,20.08,-168.21507068493094,-4.659464920999255
GAZP_QP,20,2026-05-08,2026-06-05,28,12742.0,12363.0,116.65,115.2,-379.0,145.00000000000028,124.464,-109.53599999999972,38.77234410958905,20.08,-168.3883441095888,-4.664264499542648
GAZP_QP,20,2026-04-08,2026-05-07,29,14421.0,12824.0,130.8,117.57,-1597.0,1323.0000000000018,164.327,-109.67299999999818,40.15707068493151,20.08,-169.91007068492968,-4.706415488560949
GAZP_QP,20,2026-03-03,2026-03-31,28,14430.0,14635.0,129.32,134.38,205.0,-506.0000000000002,189.79,-111.21000000000024,38.77234410958905,20.08,-170.06234410958928,-4.7106333786567225
GAZP_QP,20,2026-06-09,2026-07-08,29,12131.0,10112.0,113.16,95.5,-2019.0,1765.9999999999995,141.961,-111.03900000000044,40.15707068493151,20.08,-171.27607068493194,-4.744252937109284
GAZP_QP,20,2026-01-06,2026-02-04,29,14357.0,14479.0,123.55,127.45,122.0,-390.00000000000057,156.586,-111.41400000000056,40.15707068493151,20.08,-171.65107068493205,-4.754640230817634
GAZP_QP,5,2026-01-21,2026-01-28,7,14504.0,14550.0,126.13,128.4,46.0,-227.00000000000102,38.757,-142.24300000000102,9.693086027397262,20.08,-172.01608602739827,-4.764750955004966
GAZP_QP,10,2026-01-12,2026-01-26,14,14018.0,14346.0,120.67,126.02,328.0,-534.9999999999994,74.419,-132.58099999999945,19.386172054794525,20.08,-172.04717205479398,-4.765612020863058
GAZP_QP,10,2026-01-19,2026-02-02,14,14381.0,14478.0,124.17,127.22,97.0,-304.9999999999997,75.399,-132.60099999999971,19.386172054794525,20.08,-172.06717205479424,-4.766166009860844
GAZP_QP,10,2026-01-13,2026-01-27,14,14035.0,14594.0,120.86,128.53,559.0,-767.0000000000002,74.972,-133.02800000000025,19.386172054794525,20.08,-172.49417205479477,-4.77799367496343
GAZP_QP,40,2026-06-23,2026-08-18,56,10880.0,8788.0,102.1,84.2,-2092.0,1789.999999999999,226.607,-75.39300000000091,77.5446882191781,20.08,-173.01768821917898,-4.792494784724833
GAZP_QP,40,2026-01-20,2026-03-18,57,14301.0,14401.0,123.64,129.03,100.0,-539.0,364.916,-74.084,78.92941479452057,20.08,-173.09341479452058,-4.794592369203767
GAZP_QP,5,2026-02-24,2026-03-03,7,14316.0,14430.0,126.27,129.32,114.0,-304.9999999999997,47.657,-143.34299999999973,9.693086027397262,20.08,-173.116086027397,-4.795220349882748
GAZP_QP,40,2026-06-29,2026-08-24,56,10876.0,8657.0,102.15,82.97,-2219.0,1918.0000000000007,225.17100000000002,-75.8289999999993,77.5446882191781,20.08,-173.45368821917737,-4.80457174487636
GAZP_QP,20,2026-06-23,2026-07-21,28,10880.0,9107.0,102.1,86.64,-1773.0,1545.9999999999993,112.022,-114.97800000000068,38.77234410958905,20.08,-173.8303441095897,-4.8150049058382045
GAZP_QP,40,2026-03-04,2026-04-29,56,14430.0,12949.0,128.01,117.73,-1481.0,1027.9999999999986,376.707,-76.29300000000137,77.5446882191781,20.08,-173.91768821917947,-4.817424289624879
GAZP_QP,3,2026-02-26,2026-03-03,5,14327.0,14430.0,126.57,129.32,103.0,-275.0,24.987000000000002,-147.013,6.923632876712329,20.08,-174.01663287671232,-4.820165002207987
GAZP_QP,20,2026-06-03,2026-07-02,29,12532.0,10318.0,116.51,97.03,-2214.0,1948.0000000000005,152.197,-113.80299999999954,40.15707068493151,20.08,-174.04007068493104,-4.820814216602248
GAZP_QP,20,2026-06-02,2026-07-01,29,12663.0,10714.0,117.88,101.01,-1949.0,1686.999999999999,147.862,-114.13800000000091,40.15707068493151,20.08,-174.37507068493244,-4.830093532315076
GAZP_QP,10,2026-04-17,2026-05-04,17,13729.0,12967.0,124.65,119.1,-762.0,555.0000000000011,76.07199999999999,-130.92799999999886,23.540351780821922,20.08,-174.54835178082078,-4.834893323347334
GAZP_QP,20,2026-03-18,2026-04-15,28,14401.0,14055.0,129.03,128.48,-346.0,55.00000000000114,172.945,-118.05499999999887,38.77234410958905,20.08,-176.90734410958794,-4.900236113146379
GAZP_QP,20,2026-05-15,2026-06-15,31,13135.0,12146.0,120.61,113.34,-989.0,726.9999999999995,147.591,-114.40900000000045,42.92652383561644,20.08,-177.4155238356169,-4.914312412002086
GAZP_QP,20,2026-06-19,2026-07-17,28,11266.0,8417.0,105.42,79.28,-2849.0,2614.0,116.21600000000001,-118.78399999999999,38.77234410958905,20.08,-177.63634410958906,-4.920429012115436
GAZP_QP,3,2026-03-23,2026-03-26,3,14644.0,14999.0,132.21,137.5,355.0,-528.9999999999992,20.398,-153.6019999999992,4.154179726027397,20.08,-177.83617972602661,-4.925964348758971
GAZP_QP,10,2026-05-27,2026-06-10,14,12602.0,12150.0,115.57,113.28,-452.0,228.9999999999992,84.29299999999999,-138.7070000000008,19.386172054794525,20.08,-178.17317205479532,-4.935298850882652
GAZP_QP,5,2026-04-23,2026-04-30,7,13768.0,13090.0,125.18,120.28,-678.0,490.00000000000057,39.308,-148.69199999999944,9.693086027397262,20.08,-178.4650860273967,-4.9433847073386
GAZP_QP,40,2026-06-16,2026-08-11,56,11958.0,9835.0,111.7,93.59,-2123.0,1811.0,230.484,-81.51599999999999,77.5446882191781,20.08,-179.14068821917806,-4.962098516394696
GAZP_QP,10,2026-03-20,2026-04-03,14,14615.0,14607.0,131.0,133.07,-8.0,-206.99999999999932,75.307,-139.6929999999993,19.386172054794525,20.08,-179.15917205479383,-4.962610508473091
GAZP_QP,40,2026-06-19,2026-08-14,56,11266.0,8874.0,105.42,84.58,-2392.0,2084.0000000000005,224.56,-83.43999999999954,77.5446882191781,20.08,-181.06468821917764,-5.015392257980976
GAZP_QP,40,2026-01-29,2026-03-27,57,14550.0,14943.0,128.13,136.56,393.0,-843.0000000000007,366.65299999999996,-83.34700000000072,78.92941479452057,20.08,-182.3564147945213,-5.051172373524902
GAZP_QP,10,2026-04-20,2026-05-05,15,13867.0,13074.0,125.85,120.05,-793.0,579.9999999999998,71.092,-141.90800000000024,20.77089863013699,20.08,-182.75889863013725,-5.062320954360648
GAZP_QP,20,2026-06-16,2026-07-14,28,11958.0,9895.0,111.7,93.58,-2063.0,1812.0000000000005,126.174,-124.82599999999954,38.77234410958905,20.08,-183.67834410958858,-5.087789088344309
GAZP_QP,5,2026-01-20,2026-01-27,7,14301.0,14594.0,123.64,128.53,293.0,-489.00000000000006,39.602,-156.39800000000005,9.693086027397262,20.08,-186.17108602739734,-5.156836668182676
GAZP_QP,40,2026-06-15,2026-08-10,56,12146.0,9771.0,113.34,92.82,-2375.0,2052.000000000001,233.976,-89.02399999999909,77.5446882191781,20.08,-186.6486882191772,-5.170065986160723
GAZP_QP,40,2026-01-26,2026-03-24,57,14346.0,14850.0,126.02,135.6,504.0,-957.9999999999998,365.727,-88.2729999999998,78.92941479452057,20.08,-187.28241479452038,-5.187619863677721
GAZP_QP,20,2026-06-18,2026-07-16,28,11441.0,8932.0,106.97,84.36,-2509.0,2261.0,119.07799999999999,-128.92200000000003,38.77234410958905,20.08,-187.7743441095891,-5.201246035089361
GAZP_QP,20,2026-06-05,2026-07-06,31,12363.0,10115.0,115.2,95.4,-2248.0,1979.9999999999998,143.154,-124.84600000000023,42.92652383561644,20.08,-187.8525238356167,-5.203411570492792
GAZP_QP,40,2026-06-01,2026-07-28,57,12446.0,9681.0,115.7,91.43,-2765.0,2426.9999999999995,249.04700000000003,-88.95300000000043,78.92941479452057,20.08,-187.962414794521,-5.206455489602209
GAZP_QP,20,2026-06-08,2026-07-07,29,12212.0,9925.0,113.6,93.45,-2287.0,2014.999999999999,143.6,-128.40000000000092,40.15707068493151,20.08,-188.63707068493244,-5.225143086630927
GAZP_QP,40,2026-02-06,2026-04-06,59,14273.0,14627.0,125.35,133.42,354.0,-806.9999999999993,365.851,-87.14899999999932,81.69886794520549,20.08,-188.9278679452048,-5.233198010769679
GAZP_QP,3,2026-02-25,2026-03-02,5,14356.0,14423.0,126.97,129.56,67.0,-259.00000000000034,29.178000000000004,-162.82200000000034,6.923632876712329,20.08,-189.8256328767127,-5.258065605502016
GAZP_QP,40,2026-01-08,2026-03-06,57,14263.0,14783.0,122.16,131.64,520.0,-947.999999999999,336.458,-91.54199999999895,78.92941479452057,20.08,-190.55141479451953,-5.278169365364595
GAZP_QP,40,2026-01-15,2026-03-13,57,14161.0,14499.0,121.8,129.63,338.0,-782.9999999999998,353.31899999999996,-91.68099999999981,78.92941479452057,20.08,-190.6904147945204,-5.282019588899179
GAZP_QP,20,2026-05-22,2026-06-22,31,12745.0,10668.0,117.45,99.6,-2077.0,1785.000000000001,163.37,-128.6299999999991,42.92652383561644,20.08,-191.63652383561555,-5.3082262888724525
GAZP_QP,40,2026-01-28,2026-03-26,57,14550.0,14999.0,128.4,137.5,449.0,-909.9999999999994,368.055,-92.94499999999942,78.92941479452057,20.08,-191.95441479452,-5.31703169355877
GAZP_QP,40,2026-06-05,2026-08-03,59,12363.0,9888.0,115.2,93.8,-2475.0,2140.0000000000005,242.807,-92.19299999999956,81.69886794520549,20.08,-193.97186794520502,-5.372914036009424
GAZP_QP,40,2026-06-09,2026-08-05,57,12131.0,9996.0,113.16,95.16,-2135.0,1800.0,239.48999999999998,-95.51000000000002,78.92941479452057,20.08,-194.51941479452057,-5.388080782523878
GAZP_QP,20,2026-03-06,2026-04-03,28,14783.0,14607.0,131.64,133.07,-176.0,-143.00000000000068,183.17600000000002,-135.82400000000067,38.77234410958905,20.08,-194.6763441095897,-5.392427638222739
GAZP_QP,20,2026-04-21,2026-05-20,29,13810.0,12973.0,125.65,119.76,-837.0,589.0,111.396,-136.60399999999998,40.15707068493151,20.08,-196.84107068493148,-5.452389373519644
GAZP_QP,3,2026-04-08,2026-04-13,5,14421.0,13980.0,130.8,128.42,-441.0,238.0000000000024,32.78,-170.2199999999976,6.923632876712329,20.08,-197.22363287670993,-5.462986135780208
GAZP_QP,20,2026-06-17,2026-07-15,28,11793.0,9471.0,109.98,89.4,-2322.0,2058.0,123.447,-140.553,38.77234410958905,20.08,-199.40534410958907,-5.523418336747449
GAZP_QP,40,2026-02-27,2026-04-24,56,14380.0,13531.0,127.05,123.33,-849.0,371.9999999999999,375.05,-101.9500000000001,77.5446882191781,20.08,-199.5746882191782,-5.528109075424998
GAZP_QP,40,2026-06-17,2026-08-12,56,11793.0,9680.0,109.98,92.17,-2113.0,1781.0000000000002,229.65200000000002,-102.34799999999976,77.5446882191781,20.08,-199.97268821917783,-5.53913345648078
GAZP_QP,40,2026-06-10,2026-08-06,57,12150.0,9789.0,113.28,93.07,-2361.0,2021.000000000001,237.797,-102.2029999999991,78.92941479452057,20.08,-201.21241479451965,-5.5734732006304295
GAZP_QP,10,2026-03-13,2026-03-27,14,14499.0,14943.0,129.63,136.56,444.0,-693.0000000000007,87.06200000000001,-161.93800000000067,19.386172054794525,20.08,-201.4041720547952,-5.57878477125227
GAZP_QP,20,2026-06-10,2026-07-09,29,12150.0,9988.0,113.28,94.46,-2162.0,1882.0000000000007,137.983,-142.0169999999993,40.15707068493151,20.08,-202.2540706849308,-5.602326495768377
GAZP_QP,20,2026-05-21,2026-06-19,29,12996.0,11266.0,119.67,105.42,-1730.0,1425.0,162.59,-142.41,40.15707068493151,20.08,-202.64707068493152,-5.613212379574745
GAZP_QP,40,2026-06-11,2026-08-07,57,12082.0,9690.0,112.55,92.04,-2392.0,2050.999999999999,236.67600000000002,-104.3240000000009,78.92941479452057,20.08,-203.33341479452145,-5.6322237338448895
GAZP_QP,40,2026-04-15,2026-06-11,57,14055.0,12082.0,128.48,112.55,-1973.0,1592.9999999999993,275.027,-104.9730000000007,78.92941479452057,20.08,-203.98241479452128,-5.650200676822798
GAZP_QP,20,2026-04-29,2026-05-28,29,12949.0,12516.0,117.73,115.85,-433.0,188.00000000000097,101.17099999999999,-143.82899999999904,40.15707068493151,20.08,-204.06607068493054,-5.652517898967102
GAZP_QP,20,2026-04-23,2026-05-22,29,13768.0,12745.0,125.18,117.45,-1023.0,773.0000000000005,106.036,-143.96399999999954,40.15707068493151,20.08,-204.20107068493104,-5.65625732470212
GAZP_QP,20,2026-04-20,2026-05-19,29,13867.0,13328.0,125.85,123.03,-539.0,281.9999999999993,112.474,-144.5260000000007,40.15707068493151,20.08,-204.7630706849322,-5.671824415539729
GAZP_QP,10,2026-04-22,2026-05-07,15,13774.0,12824.0,124.75,117.57,-950.0,718.0000000000007,67.34400000000001,-164.65599999999932,20.77089863013699,20.08,-205.50689863013633,-5.692428040433893
GAZP_QP,20,2026-06-15,2026-07-13,28,12146.0,9890.0,113.34,93.55,-2256.0,1979.0000000000007,129.442,-147.5579999999993,38.77234410958905,20.08,-206.41034410958838,-5.717452983219351
GAZP_QP,40,2026-06-03,2026-07-30,57,12532.0,9710.0,116.51,91.9,-2822.0,2461.0,252.088,-108.912,78.92941479452057,20.08,-207.92141479452056,-5.759308809935253
GAZP_QP,20,2026-01-30,2026-03-02,31,14583.0,14423.0,127.95,129.56,-160.0,-160.99999999999994,174.805,-146.19499999999994,42.92652383561644,20.08,-209.2015238356164,-5.794767126171449
GAZP_QP,40,2026-03-23,2026-05-19,57,14644.0,13328.0,132.21,123.03,-1316.0,918.0000000000007,287.752,-110.24799999999931,78.92941479452057,20.08,-209.2574147945199,-5.796315274986839
GAZP_QP,20,2026-05-28,2026-06-26,29,12516.0,10570.0,115.85,99.41,-1946.0,1643.9999999999998,152.617,-149.38300000000024,40.15707068493151,20.08,-209.62007068493176,-5.806360643650226
GAZP_QP,10,2026-01-15,2026-01-29,14,14161.0,14550.0,121.8,128.13,389.0,-632.9999999999998,73.728,-170.27199999999976,19.386172054794525,20.08,-209.7381720547943,-5.809631986626547
GAZP_QP,5,2026-01-19,2026-01-26,7,14381.0,14346.0,124.17,126.02,-35.0,-184.99999999999943,39.491,-180.50899999999945,9.693086027397262,20.08,-210.2820860273967,-5.824698104454534
GAZP_QP,5,2026-03-23,2026-03-30,7,14644.0,14829.0,132.21,136.2,185.0,-398.99999999999807,33.42,-180.57999999999805,9.693086027397262,20.08,-210.3530860273953,-5.826664765396608
GAZP_QP,20,2026-01-19,2026-02-16,28,14381.0,14325.0,124.17,126.75,-56.0,-257.99999999999983,162.274,-151.72599999999983,38.77234410958905,20.08,-210.5783441095889,-5.832904290356406
GAZP_QP,20,2026-06-11,2026-07-10,29,12082.0,9855.0,112.55,93.11,-2227.0,1943.9999999999998,132.618,-150.38200000000023,40.15707068493151,20.08,-210.61907068493173,-5.834032394089262
GAZP_QP,40,2026-04-14,2026-06-10,57,14030.0,12150.0,128.19,113.28,-1880.0,1490.9999999999995,276.231,-112.76900000000046,78.92941479452057,20.08,-211.77841479452104,-5.866145588156852
GAZP_QP,40,2026-02-18,2026-04-16,57,14333.0,13989.0,126.3,127.79,-344.0,-149.0000000000009,380.04,-112.96000000000089,78.92941479452057,20.08,-211.96941479452147,-5.871436183085648
GAZP_QP,40,2026-06-02,2026-07-29,57,12663.0,9746.0,117.88,92.34,-2917.0,2553.999999999999,247.86700000000002,-115.13300000000089,78.92941479452057,20.08,-214.14241479452147,-5.931627087694283
GAZP_QP,40,2026-01-27,2026-03-25,57,14594.0,14928.0,128.53,136.67,334.0,-813.9999999999986,364.196,-115.80399999999861,78.92941479452057,20.08,-214.8134147945192,-5.950213418569688
GAZP_QP,40,2026-04-09,2026-06-05,57,14090.0,12363.0,128.53,115.2,-1727.0,1332.9999999999998,278.02500000000003,-115.9750000000002,78.92941479452057,20.08,-214.98441479452077,-5.954950024500738
GAZP_QP,3,2026-01-19,2026-01-22,3,14381.0,14360.0,124.17,126.13,-21.0,-195.99999999999937,24.263,-192.73699999999937,4.154179726027397,20.08,-216.97117972602678,-6.009982320162063
GAZP_QP,20,2026-04-22,2026-05-21,29,13774.0,12996.0,124.75,119.67,-778.0,507.99999999999983,111.96600000000001,-158.03400000000016,40.15707068493151,20.08,-218.27107068493166,-6.045988584639315
GAZP_QP,20,2026-03-19,2026-04-16,28,14615.0,13989.0,130.71,127.79,-626.0,292.00000000000017,173.11,-160.88999999999982,38.77234410958905,20.08,-219.74234410958888,-6.0867420491385165
GAZP_QP,40,2026-06-22,2026-08-17,56,10668.0,8622.0,99.6,82.6,-2046.0,1700.0,223.619,-122.381,77.5446882191781,20.08,-220.00568821917807,-6.094036536105625
GAZP_QP,20,2026-01-08,2026-02-05,28,14263.0,14289.0,122.16,125.56,26.0,-340.00000000000057,151.507,-162.49300000000056,38.77234410958905,20.08,-221.34534410958963,-6.131144267310484
GAZP_QP,5,2026-01-15,2026-01-22,7,14161.0,14360.0,121.8,126.13,199.0,-432.99999999999983,38.94499999999999,-195.05499999999984,9.693086027397262,20.08,-224.8280860273971,-6.22761430253885
GAZP_QP,40,2026-06-08,2026-08-04,57,12212.0,9818.0,113.6,93.34,-2394.0,2025.999999999999,242.044,-125.9560000000009,78.92941479452057,20.08,-224.96541479452145,-6.23141823384212
GAZP_QP,5,2026-03-20,2026-03-27,7,14615.0,14943.0,131.0,136.56,328.0,-556.0000000000002,32.696000000000005,-195.30400000000023,9.693086027397262,20.08,-225.0770860273975,-6.234511465561204
GAZP_QP,40,2026-04-06,2026-06-02,57,14627.0,12663.0,133.42,117.88,-1964.0,1553.999999999999,283.675,-126.3250000000009,78.92941479452057,20.08,-225.33441479452148,-6.241639330851133
GAZP_QP,40,2026-04-10,2026-06-08,59,14116.0,12212.0,128.62,113.6,-1904.0,1502.000000000001,276.026,-125.97399999999908,81.69886794520549,20.08,-227.75286794520457,-6.308629152707193
GAZP_QP,5,2026-03-18,2026-03-25,7,14401.0,14928.0,129.03,136.67,527.0,-763.9999999999986,38.882,-198.11799999999863,9.693086027397262,20.08,-227.8910860273959,-6.312457717548595
GAZP_QP,20,2026-05-25,2026-06-23,29,12659.0,10880.0,116.61,102.1,-1779.0,1451.0000000000005,160.33599999999998,-167.66399999999956,40.15707068493151,20.08,-227.90107068493108,-6.312734287069649
GAZP_QP,40,2026-04-16,2026-06-15,60,13989.0,12146.0,127.79,113.34,-1843.0,1445.0000000000002,269.78200000000004,-128.21799999999973,83.08359452054796,20.08,-231.3815945205477,-6.409142882641522
GAZP_QP,40,2026-05-28,2026-07-24,57,12516.0,9779.0,115.85,92.38,-2737.0,2347.0,257.578,-132.42200000000003,78.92941479452057,20.08,-231.4314147945206,-6.410522876823886
GAZP_QP,40,2026-05-29,2026-07-27,59,12450.0,9863.0,115.51,93.48,-2587.0,2203.0,254.32600000000002,-129.67399999999998,81.69886794520549,20.08,-231.45286794520547,-6.411117117296242
GAZP_QP,40,2026-03-13,2026-05-11,59,14499.0,13090.0,129.63,120.11,-1409.0,951.9999999999995,324.16,-132.84000000000043,81.69886794520549,20.08,-234.61886794520592,-6.498813575644591
GAZP_QP,20,2026-01-15,2026-02-12,28,14161.0,14225.0,121.8,125.86,64.0,-406.0000000000002,163.292,-178.70800000000023,38.77234410958905,20.08,-237.56034410958927,-6.580290847259396
GAZP_QP,40,2026-04-03,2026-06-01,59,14607.0,12446.0,133.07,115.7,-2161.0,1736.999999999999,287.34000000000003,-136.66000000000088,81.69886794520549,20.08,-238.43886794520637,-6.604625474220298
GAZP_QP,40,2026-03-18,2026-05-14,57,14401.0,13211.0,129.03,121.6,-1190.0,743.0000000000007,304.81,-142.18999999999932,78.92941479452057,20.08,-241.1994147945199,-6.681091103338889
GAZP_QP,40,2026-02-17,2026-04-15,57,14292.0,14055.0,125.67,128.48,-237.0,-280.9999999999988,374.46500000000003,-143.53499999999883,78.92941479452057,20.08,-242.5444147945194,-6.718346863439479
GAZP_QP,40,2026-02-13,2026-04-13,59,14328.0,13980.0,126.77,128.42,-348.0,-164.99999999999915,370.89,-142.1099999999991,81.69886794520549,20.08,-243.8888679452046,-6.755587476114891
GAZP_QP,20,2026-03-17,2026-04-14,28,14302.0,14030.0,127.31,128.19,-272.0,-87.99999999999955,173.62800000000001,-186.37199999999953,38.77234410958905,20.08,-245.22434410958857,-6.792579431208099
GAZP_QP,10,2026-01-14,2026-01-28,14,14169.0,14550.0,121.77,128.4,381.0,-663.0000000000009,76.14999999999999,-205.85000000000093,19.386172054794525,20.08,-245.31617205479546,-6.79512301477476
GAZP_QP,20,2026-03-12,2026-04-09,28,14633.0,14090.0,130.3,128.53,-543.0,177.00000000000102,179.493,-186.50699999999898,38.77234410958905,20.08,-245.35934410958805,-6.79631885694309
GAZP_QP,40,2026-06-04,2026-07-31,57,12456.0,9659.0,115.86,91.81,-2797.0,2404.9999999999995,244.666,-147.33400000000046,78.92941479452057,20.08,-246.34341479452104,-6.8235770735675505
GAZP_QP,40,2026-04-30,2026-06-29,60,13090.0,10876.0,120.28,102.15,-2214.0,1812.9999999999995,257.678,-143.32200000000046,83.08359452054796,20.08,-246.48559452054843,-6.827515373763868
GAZP_QP,10,2026-03-11,2026-03-25,14,14560.0,14928.0,129.96,136.67,368.0,-670.999999999998,95.357,-207.64299999999795,19.386172054794525,20.08,-247.10917205479245,-6.84478812842552
GAZP_QP,20,2026-01-14,2026-02-11,28,14169.0,14165.0,121.77,125.25,-4.0,-348.0000000000004,163.58599999999998,-188.4140000000004,38.77234410958905,20.08,-247.26634410958945,-6.8491417078813095
GAZP_QP,40,2026-03-09,2026-05-05,57,14971.0,13074.0,134.0,120.05,-1897.0,1395.0000000000002,349.908,-152.09199999999976,78.92941479452057,20.08,-251.10141479452034,-6.955371056139039
GAZP_QP,20,2026-03-10,2026-04-07,28,14657.0,14747.0,129.63,134.24,90.0,-461.00000000000136,178.713,-192.28700000000137,38.77234410958905,20.08,-251.1393441095904,-6.956421677301143
GAZP_QP,20,2026-05-26,2026-06-24,29,12625.0,10427.0,116.1,97.63,-2198.0,1847.0,158.363,-192.637,40.15707068493151,20.08,-252.8740706849315,-7.00447264914579
GAZP_QP,40,2026-03-11,2026-05-07,57,14560.0,12824.0,129.96,117.57,-1736.0,1239.0000000000014,342.611,-154.38899999999865,78.92941479452057,20.08,-253.39841479451923,-7.018996692533869
GAZP_QP,20,2026-02-27,2026-03-27,28,14380.0,14943.0,127.05,136.56,563.0,-951.0000000000005,192.153,-195.84700000000046,38.77234410958905,20.08,-254.6993441095895,-7.055031718905691
GAZP_QP,20,2026-02-24,2026-03-24,28,14316.0,14850.0,126.27,135.6,534.0,-932.9999999999998,201.92899999999997,-197.0709999999998,38.77234410958905,20.08,-255.92334410958887,-7.088935845569718
GAZP_QP,10,2026-03-18,2026-04-01,14,14401.0,14650.0,129.03,134.45,249.0,-541.9999999999987,76.24300000000001,-216.75699999999875,19.386172054794525,20.08,-256.2231720547933,-7.097240914713207
GAZP_QP,40,2026-05-04,2026-06-30,57,12967.0,10740.0,119.1,101.01,-2227.0,1808.9999999999989,258.759,-159.24100000000112,78.92941479452057,20.08,-258.2504147945217,-7.153394423395001
GAZP_QP,40,2026-04-07,2026-06-03,57,14747.0,12532.0,134.24,116.51,-2215.0,1773.0000000000005,282.15,-159.84999999999957,78.92941479452057,20.08,-258.85941479452015,-7.170263388377314
GAZP_QP,20,2026-02-25,2026-03-25,28,14356.0,14928.0,126.97,136.67,572.0,-969.9999999999989,197.789,-200.21099999999888,38.77234410958905,20.08,-259.06334410958794,-7.175912118220918
GAZP_QP,3,2026-03-19,2026-03-24,5,14615.0,14850.0,130.71,135.6,235.0,-488.99999999999864,20.538,-233.46199999999862,6.923632876712329,20.08,-260.46563287671097,-7.214754745655645
GAZP_QP,3,2026-03-20,2026-03-25,5,14615.0,14928.0,131.0,136.67,313.0,-566.9999999999987,17.257,-236.74299999999874,6.923632876712329,20.08,-263.7466328767111,-7.305636640741212
GAZP_QP,10,2026-01-08,2026-01-22,14,14263.0,14360.0,122.16,126.13,97.0,-396.9999999999999,75.58699999999999,-224.4129999999999,19.386172054794525,20.08,-263.8791720547944,-7.309307903062851
GAZP_QP,20,2026-05-27,2026-06-25,29,12602.0,10568.0,115.57,98.88,-2034.0,1668.9999999999998,160.384,-204.61600000000024,40.15707068493151,20.08,-264.85307068493177,-7.336284359365232
GAZP_QP,40,2026-02-04,2026-04-02,57,14479.0,14568.0,127.45,133.7,89.0,-624.9999999999986,368.868,-167.13199999999864,78.92941479452057,20.08,-266.1414147945192,-7.371970782468441
GAZP_QP,5,2026-03-17,2026-03-24,7,14302.0,14850.0,127.31,135.6,548.0,-828.9999999999992,43.532000000000004,-237.4679999999992,9.693086027397262,20.08,-267.2410860273965,-7.402431070677819
GAZP_QP,40,2026-03-19,2026-05-15,57,14615.0,13135.0,130.71,120.61,-1480.0,1010.0000000000009,295.301,-174.6989999999991,78.92941479452057,20.08,-273.7084147945197,-7.581572519777952
GAZP_QP,40,2026-05-13,2026-07-09,57,13439.0,9988.0,124.4,94.46,-3451.0,2994.0000000000014,281.655,-175.34499999999866,78.92941479452057,20.08,-274.35441479451924,-7.599466364406185
GAZP_QP,40,2026-02-03,2026-04-01,57,14506.0,14650.0,127.6,134.45,144.0,-684.9999999999994,365.467,-175.53299999999945,78.92941479452057,20.08,-274.54241479452,-7.604673860985326
GAZP_QP,40,2026-05-12,2026-07-08,57,13387.0,10112.0,123.7,95.5,-3275.0,2820.0000000000005,278.158,-176.84199999999953,78.92941479452057,20.08,-275.8514147945201,-7.64093244088993
GAZP_QP,40,2026-03-20,2026-05-18,59,14615.0,13430.0,131.0,123.82,-1185.0,718.0000000000007,290.18899999999996,-176.81099999999935,81.69886794520549,20.08,-278.58986794520484,-7.716786086710492
GAZP_QP,40,2026-05-06,2026-07-02,57,12938.0,10318.0,118.73,97.03,-2620.0,2170.0000000000005,269.708,-180.29199999999952,78.92941479452057,20.08,-279.3014147945201,-7.736495543006722
GAZP_QP,40,2026-05-07,2026-07-03,57,12824.0,10344.0,117.57,97.25,-2480.0,2031.9999999999993,265.876,-182.1240000000007,78.92941479452057,20.08,-281.13341479452123,-7.787240935203264
GAZP_QP,40,2026-04-08,2026-06-04,57,14421.0,12456.0,130.8,115.86,-1965.0,1494.0000000000011,285.226,-185.77399999999886,78.92941479452057,20.08,-284.7834147945194,-7.88834392729779
GAZP_QP,20,2026-02-26,2026-03-26,28,14327.0,14999.0,126.57,137.5,672.0,-1093.0000000000007,194.26700000000002,-226.73300000000066,38.77234410958905,20.08,-285.5853441095897,-7.9105569281750405
GAZP_QP,5,2026-03-19,2026-03-26,7,14615.0,14999.0,130.71,137.5,384.0,-678.9999999999992,35.546,-259.4539999999992,9.693086027397262,20.08,-289.22708602739647,-8.011431175935728
GAZP_QP,40,2026-03-12,2026-05-08,57,14633.0,12742.0,130.3,116.65,-1891.0,1365.0000000000005,333.05400000000003,-192.94599999999951,78.92941479452057,20.08,-291.9554147945201,-8.087004381901181
GAZP_QP,40,2026-04-28,2026-06-25,58,13195.0,10568.0,120.6,98.88,-2627.0,2172.0,262.955,-192.04500000000002,80.31414136986302,20.08,-292.439141369863,-8.100403341934834
GAZP_QP,40,2026-05-05,2026-07-01,57,13074.0,10714.0,120.05,101.01,-2360.0,1903.999999999999,262.46299999999997,-193.53700000000094,78.92941479452057,20.08,-292.54641479452147,-8.103374756785573
GAZP_QP,40,2026-02-02,2026-03-31,57,14478.0,14635.0,127.22,134.38,157.0,-715.9999999999997,365.33700000000005,-193.6629999999996,78.92941479452057,20.08,-292.6724147945202,-8.106864887471543
GAZP_QP,20,2026-03-04,2026-04-01,28,14430.0,14650.0,128.01,134.45,220.0,-643.9999999999998,186.025,-237.97499999999977,38.77234410958905,20.08,-296.8273441095888,-8.221954143826313
GAZP_QP,10,2026-03-12,2026-03-26,14,14633.0,14999.0,130.3,137.5,366.0,-719.9999999999989,92.027,-261.9729999999989,19.386172054794525,20.08,-301.4391720547934,-8.349699240890853
GAZP_QP,40,2026-03-06,2026-05-04,59,14783.0,12967.0,131.64,119.1,-1816.0,1253.999999999999,358.372,-203.6280000000009,81.69886794520549,20.08,-305.4068679452064,-8.45960223438184
GAZP_QP,20,2026-03-16,2026-04-13,28,14402.0,13980.0,128.4,128.42,-422.0,-1.999999999998181,175.62800000000001,-248.37199999999817,38.77234410958905,20.08,-307.2243441095872,-8.509945324321425
GAZP_QP,10,2026-03-16,2026-03-30,14,14402.0,14829.0,128.4,136.2,427.0,-779.9999999999983,82.909,-270.0909999999983,19.386172054794525,20.08,-309.55717205479283,-8.57456337508913
GAZP_QP,40,2026-04-17,2026-06-16,60,13729.0,11958.0,124.65,111.7,-1771.0,1295.0000000000002,268.629,-207.37099999999975,83.08359452054796,20.08,-310.5345945205477,-8.60163743969962
GAZP_QP,10,2026-03-19,2026-04-02,14,14615.0,14568.0,130.71,133.7,-47.0,-298.99999999999807,73.592,-272.4079999999981,19.386172054794525,20.08,-311.8741720547926,-8.638743000481766
GAZP_QP,40,2026-05-19,2026-07-15,57,13328.0,9471.0,123.03,89.4,-3857.0,3362.9999999999995,280.049,-213.95100000000048,78.92941479452057,20.08,-312.960414794521,-8.66883132681808
GAZP_QP,40,2026-01-30,2026-03-30,59,14583.0,14829.0,127.95,136.2,246.0,-824.9999999999986,366.404,-212.59599999999864,81.69886794520549,20.08,-314.37486794520413,-8.708010900985661
GAZP_QP,40,2026-05-20,2026-07-16,57,12973.0,8932.0,119.76,84.36,-4041.0,3540.0000000000005,284.036,-216.96399999999954,78.92941479452057,20.08,-315.9734147945201,-8.752289769333387
GAZP_QP,40,2026-05-22,2026-07-20,59,12745.0,8780.0,117.45,82.72,-3965.0,3473.0000000000005,276.622,-215.37799999999953,81.69886794520549,20.08,-317.156867945205,-8.785070770576676
GAZP_QP,40,2026-04-20,2026-06-17,58,13867.0,11793.0,125.85,109.98,-2074.0,1586.999999999999,269.076,-217.9240000000009,80.31414136986302,20.08,-318.3181413698639,-8.817237405610353
GAZP_QP,40,2026-03-05,2026-04-30,56,14422.0,13090.0,127.7,120.28,-1332.0,742.0000000000002,363.646,-226.35399999999976,77.5446882191781,20.08,-323.97868821917785,-8.97403143940684
GAZP_QP,40,2026-05-11,2026-07-07,57,13090.0,9925.0,120.11,93.45,-3165.0,2665.9999999999995,273.304,-225.69600000000048,78.92941479452057,20.08,-324.705414794521,-8.994161365763507
GAZP_QP,40,2026-04-21,2026-06-18,58,13810.0,11441.0,125.65,106.97,-2369.0,1868.0000000000007,276.354,-224.64599999999933,80.31414136986302,20.08,-325.04014136986234,-9.003433107763666
GAZP_QP,40,2026-05-14,2026-07-10,57,13211.0,9855.0,121.6,93.11,-3356.0,2848.9999999999995,275.78000000000003,-231.22000000000043,78.92941479452057,20.08,-330.229414794521,-9.14717312694993
GAZP_QP,40,2026-03-16,2026-05-12,57,14402.0,13387.0,128.4,123.7,-1015.0,470.0000000000003,313.601,-231.39899999999977,78.92941479452057,20.08,-330.4084147945203,-9.152131328480028
GAZP_QP,40,2026-05-18,2026-07-14,57,13430.0,9895.0,123.82,93.58,-3535.0,3023.9999999999995,279.04499999999996,-231.9550000000005,78.92941479452057,20.08,-330.964414794521,-9.167532222618291
GAZP_QP,20,2026-03-05,2026-04-02,28,14422.0,14568.0,127.7,133.7,146.0,-599.9999999999986,181.342,-272.65799999999865,38.77234410958905,20.08,-331.51034410958766,-9.182654164323873
GAZP_QP,10,2026-03-17,2026-03-31,14,14302.0,14635.0,127.31,134.38,333.0,-706.9999999999993,79.05,-294.9499999999993,19.386172054794525,20.08,-334.41617205479383,-9.26314399987795
GAZP_QP,40,2026-05-08,2026-07-06,59,12742.0,10115.0,116.65,95.4,-2627.0,2125.0,267.618,-234.382,81.69886794520549,20.08,-336.1608679452055,-9.311471116265823
GAZP_QP,40,2026-05-26,2026-07-22,57,12625.0,9590.0,116.1,90.86,-3035.0,2523.9999999999995,267.515,-243.48500000000047,78.92941479452057,20.08,-342.494414794521,-9.486906879837598
GAZP_QP,40,2026-04-27,2026-06-24,58,13495.0,10427.0,123.26,97.63,-3068.0,2563.000000000001,261.571,-243.42899999999906,80.31414136986302,20.08,-343.82314136986207,-9.523711875027342
GAZP_QP,10,2026-03-10,2026-03-24,14,14657.0,14850.0,129.63,135.6,193.0,-596.9999999999999,99.36,-304.6399999999999,19.386172054794525,20.08,-344.1061720547944,-9.531551669301653
GAZP_QP,40,2026-05-21,2026-07-17,57,12996.0,8417.0,119.67,79.28,-4579.0,4039.0,278.80600000000004,-261.19399999999996,78.92941479452057,20.08,-360.2034147945205,-9.97743643792056
GAZP_QP,40,2026-05-15,2026-07-13,59,13135.0,9890.0,120.61,93.55,-3245.0,2706.0,277.033,-261.967,81.69886794520549,20.08,-363.7458679452055,-10.075560441451824
GAZP_QP,40,2026-03-17,2026-05-13,57,14302.0,13439.0,127.31,124.4,-863.0,290.99999999999966,306.187,-265.81300000000033,78.92941479452057,20.08,-364.82241479452085,-10.105380196957515
GAZP_QP,40,2026-04-24,2026-06-23,60,13531.0,10880.0,123.33,102.1,-2651.0,2123.0000000000005,264.74,-263.25999999999954,83.08359452054796,20.08,-366.4235945205475,-10.149731994541753
GAZP_QP,40,2026-04-23,2026-06-22,60,13768.0,10668.0,125.18,99.6,-3100.0,2558.0000000000014,269.406,-272.59399999999863,83.08359452054796,20.08,-375.75759452054655,-10.408278659804955
GAZP_QP,40,2026-05-25,2026-07-21,57,12659.0,9107.0,116.61,86.64,-3552.0,2997.0,272.358,-282.642,78.92941479452057,20.08,-381.6514147945206,-10.571534239138229
GAZP_QP,40,2026-03-10,2026-05-06,57,14657.0,12938.0,129.63,118.73,-1719.0,1089.999999999999,343.35200000000003,-285.6480000000009,78.92941479452057,20.08,-384.65741479452146,-10.654798785504363
GAZP_QP,40,2026-04-29,2026-06-26,58,12949.0,10570.0,117.73,99.41,-2379.0,1832.0000000000007,253.78799999999998,-293.2119999999993,80.31414136986302,20.08,-393.6061413698623,-10.902673588847712
GAZP_QP,40,2026-05-27,2026-07-23,57,12602.0,9532.0,115.57,90.5,-3070.0,2506.999999999999,266.67,-296.3300000000009,78.92941479452057,20.08,-395.3394147945215,-10.950684309217863
GAZP_QP,40,2026-04-22,2026-06-19,58,13774.0,11266.0,124.75,105.42,-2508.0,1932.9999999999998,274.556,-300.44400000000024,80.31414136986302,20.08,-400.83814136986325,-11.102996010444443
