name,direction,n_obs,start,end,calendar_days,entry_swaprate,quarter_pnl_rub,perp_pnl_rub,funding_rub,margin_cost_rub,roundtrip_fee_rub,spread_buffer_rub,screen_net_rub,screen_return_on_current_im_pct
RGBI,SHORT_QUARTERLY_LONG_PERP,40,2026-04-24,2026-06-23,60,-0.00867,627.0,-359.00000000000034,15.997,53.76690410958905,2.92,3.999999999999602,223.31009589041102,9.558280010718272
RGBI,SHORT_QUARTERLY_LONG_PERP,40,2026-04-27,2026-06-24,58,-0.03006,645.0,-426.0000000000005,17.01,51.974673972602744,2.92,3.999999999999602,177.11532602739715,7.581018106724185
RGBI,SHORT_QUARTERLY_LONG_PERP,40,2026-04-28,2026-06-25,58,-0.03124,727.0,-506.0000000000002,9.189,51.974673972602744,2.92,3.999999999999602,171.29432602739743,7.331863460488696
RGBI,SHORT_QUARTERLY_LONG_PERP,40,2026-05-06,2026-07-02,57,-0.00493,946.0,-679.9999999999998,-37.189,51.0785589041096,2.92,3.999999999999602,170.81244109589105,7.3112374736074575
RGBI,SHORT_QUARTERLY_LONG_PERP,40,2026-05-05,2026-07-01,57,-0.02225,863.0,-625.0,-28.682999999999996,51.0785589041096,2.92,3.999999999999602,151.31844109589082,6.476841206004829
RGBI,SHORT_QUARTERLY_LONG_PERP,40,2026-06-02,2026-07-29,57,-0.02814,602.0,-372.0000000000013,-31.355,51.0785589041096,2.92,3.999999999999602,140.64644109588951,6.020050554119313
RGBI,SHORT_QUARTERLY_LONG_PERP,40,2026-05-11,2026-07-07,57,-0.02496,1069.0,-818.9999999999998,-56.123999999999995,51.0785589041096,2.92,3.999999999999602,135.87744109589104,5.815924371694177
RGBI,SHORT_QUARTERLY_LONG_PERP,40,2026-05-08,2026-07-06,59,-0.02435,1017.0,-781.0000000000002,-50.117999999999995,52.8707890410959,2.92,3.999999999999602,126.0912109589043,5.3970470812354705
RGBI,SHORT_QUARTERLY_LONG_PERP,20,2026-05-27,2026-06-25,29,-0.04764,607.0,-465.00000000000057,14.917,25.987336986301372,2.92,3.999999999999602,124.00966301369849,5.307951162680241
RGBI,SHORT_QUARTERLY_LONG_PERP,20,2026-06-02,2026-07-01,29,-0.02814,774.0,-583.0000000000013,-34.79,25.987336986301372,2.92,3.999999999999602,123.3026630136978,5.277689638047245
RGBI,SHORT_QUARTERLY_LONG_PERP,40,2026-06-03,2026-07-30,57,-0.02559,576.0,-372.999999999999,-28.200999999999997,51.0785589041096,2.92,3.999999999999602,116.80044109589183,4.9993768392711475
RGBI,SHORT_QUARTERLY_LONG_PERP,20,2026-04-24,2026-05-25,31,-0.00867,223.0,-71.0000000000008,-4.227,27.779567123287674,2.92,3.999999999999602,113.07343287671192,4.839850741630437
RGBI,SHORT_QUARTERLY_LONG_PERP,5,2026-06-02,2026-06-09,7,-0.02814,178.0,-58.00000000000125,3.0450000000000004,6.272805479452056,2.92,3.999999999999602,109.85219452054709,4.701972970960368
RGBI,LONG_QUARTERLY_SHORT_PERP,10,2026-01-23,2026-02-06,14,0.00522,6.0,70.00000000000028,45.125,12.545610958904112,2.92,3.999999999999602,101.65938904109657,4.351298593549482
RGBI,SHORT_QUARTERLY_LONG_PERP,20,2026-05-08,2026-06-05,28,-0.02435,142.0,-18.999999999999773,7.253,25.091221917808223,2.92,3.999999999999602,98.24177808219238,4.205015540906235
RGBI,SHORT_QUARTERLY_LONG_PERP,20,2026-03-03,2026-03-31,28,-0.00061,55.0,107.99999999999983,-35.714,25.091221917808223,2.92,3.999999999999602,95.274778082192,4.078019863981167
RGBI,SHORT_QUARTERLY_LONG_PERP,40,2026-05-20,2026-07-16,57,-0.00425,1006.0,-807.9999999999998,-44.948,51.0785589041096,2.92,3.999999999999602,95.05344109589102,4.06854603843218
RGBI,SHORT_QUARTERLY_LONG_PERP,40,2026-06-04,2026-07-31,57,-0.01447,566.0,-389.99999999999915,-23.851,51.0785589041096,2.92,3.999999999999602,94.15044109589165,4.0298951802376255
RGBI,LONG_QUARTERLY_SHORT_PERP,10,2026-04-10,2026-04-24,14,0.07406,119.0,-46.999999999999886,38.580999999999996,12.545610958904112,2.92,3.999999999999602,91.11538904109639,3.8999866901124163
RGBI,LONG_QUARTERLY_SHORT_PERP,20,2026-01-09,2026-02-06,28,0.02807,-212.0,243.99999999999977,90.91799999999999,25.091221917808223,2.92,3.999999999999602,90.90677808219193,3.891057573179469
RGBI,SHORT_QUARTERLY_LONG_PERP,10,2026-06-02,2026-06-17,15,-0.02814,177.0,-73.0000000000004,6.530000000000001,13.441726027397262,2.92,3.999999999999602,90.16827397260273,3.859447586893923
RGBI,SHORT_QUARTERLY_LONG_PERP,10,2026-05-06,2026-05-20,14,-0.00493,131.0,-17.00000000000017,-4.5920000000000005,12.545610958904112,2.92,3.999999999999602,89.94238904109612,3.849779096909477
RGBI,LONG_QUARTERLY_SHORT_PERP,5,2026-01-30,2026-02-06,7,0.03279,-4.0,78.00000000000011,28.182000000000002,6.272805479452056,2.92,3.999999999999602,88.98919452054845,3.8089797765932647
RGBI,SHORT_QUARTERLY_LONG_PERP,20,2026-05-28,2026-06-26,29,-0.0227,661.0,-542.0000000000002,0.47300000000000025,25.987336986301372,2.92,3.999999999999602,86.5656630136988,3.7052460306338566
RGBI,SHORT_QUARTERLY_LONG_PERP,20,2026-06-03,2026-07-02,29,-0.02559,812.0,-647.999999999999,-45.362,25.987336986301372,2.92,3.999999999999602,85.73066301370005,3.669505757552542
RGBI,SHORT_QUARTERLY_LONG_PERP,20,2026-05-11,2026-06-08,28,-0.02496,236.0,-120.99999999999937,1.3970000000000005,25.091221917808223,2.92,3.999999999999602,84.3857780821928,3.6119410213668104
RGBI,SHORT_QUARTERLY_LONG_PERP,20,2026-03-06,2026-04-03,28,-0.03964,70.0,103.9999999999992,-61.12,25.091221917808223,2.92,3.999999999999602,80.86877808219137,3.4614038472024724
RGBI,SHORT_QUARTERLY_LONG_PERP,10,2026-07-20,2026-08-03,14,-0.00172,-354.0,412.99999999999955,39.856,12.545610958904112,2.92,3.999999999999602,79.39038904109583,3.398124771694381
RGBI,SHORT_QUARTERLY_LONG_PERP,20,2026-05-06,2026-06-03,28,-0.00493,134.0,-32.00000000000074,8.173,25.091221917808223,2.92,3.999999999999602,78.16177808219143,3.3455368780632377
RGBI,SHORT_QUARTERLY_LONG_PERP,3,2026-06-02,2026-06-05,3,-0.02814,76.0,6.999999999999318,2.8470000000000004,2.688345205479452,2.92,3.999999999999602,76.23865479452026,3.263221966122512
RGBI,LONG_QUARTERLY_SHORT_PERP,3,2026-02-03,2026-02-06,3,0.06197,5.0,64.00000000000006,15.833,2.688345205479452,2.92,3.999999999999602,75.224654794521,3.2198200057578648
RGBI,LONG_QUARTERLY_SHORT_PERP,10,2026-01-06,2026-01-21,15,0.10233,-157.0,199.0000000000009,51.739999999999995,13.441726027397262,2.92,3.999999999999602,73.37827397260403,3.1407898802638368
RGBI,SHORT_QUARTERLY_LONG_PERP,40,2026-03-03,2026-04-28,56,-0.00061,113.0,129.99999999999972,-112.778,50.182443835616446,2.92,3.999999999999602,73.11955616438364,3.1297160537766398
RGBI,LONG_QUARTERLY_SHORT_PERP,3,2026-01-16,2026-01-21,5,0.06896,18.0,46.999999999999886,18.704,4.480575342465754,2.92,3.999999999999602,72.30342465753453,3.094783403566945
RGBI,SHORT_QUARTERLY_LONG_PERP,40,2026-05-19,2026-07-15,57,-0.03081,911.0,-740.0000000000006,-43.594,51.0785589041096,2.92,3.999999999999602,69.40744109589023,2.970827423528238
RGBI,SHORT_QUARTERLY_LONG_PERP,20,2026-03-04,2026-04-01,28,-0.02965,23.0,123.99999999999949,-46.439,25.091221917808223,2.92,3.999999999999602,68.54977808219166,2.934117111766111
RGBI,SHORT_QUARTERLY_LONG_PERP,10,2026-07-24,2026-08-07,14,-0.08218,-7.0,45.000000000000284,47.382999999999996,12.545610958904112,2.92,3.999999999999602,65.91738904109657,2.821443694777921
RGBI,LONG_QUARTERLY_SHORT_PERP,10,2026-01-08,2026-01-22,14,0.06312,-140.0,176.9999999999996,48.077999999999996,12.545610958904112,2.92,3.999999999999602,65.6123890410959,2.808388864490686
RGBI,SHORT_QUARTERLY_LONG_PERP,10,2026-05-05,2026-05-19,14,-0.02225,126.0,-36.999999999999034,-4.524,12.545610958904112,2.92,3.999999999999602,65.01038904109726,2.7826216256943566
RGBI,LONG_QUARTERLY_SHORT_PERP,20,2026-01-12,2026-02-09,28,0.02921,-143.0,143.00000000000068,96.023,25.091221917808223,2.92,3.999999999999602,64.01177808219285,2.739878358181434
RGBI,SHORT_QUARTERLY_LONG_PERP,10,2026-05-27,2026-06-10,14,-0.04764,94.0,-21.999999999999886,11.407,12.545610958904112,2.92,3.999999999999602,63.9413890410964,2.7368655156057184
RGBI,SHORT_QUARTERLY_LONG_PERP,40,2026-05-29,2026-07-27,59,-0.03927,601.0,-435.99999999999994,-41.285,52.8707890410959,2.92,3.999999999999602,63.92421095890457,2.7361302469248194
RGBI,SHORT_QUARTERLY_LONG_PERP,5,2026-06-03,2026-06-10,7,-0.02559,114.0,-39.99999999999915,2.0450000000000004,6.272805479452056,2.92,3.999999999999602,62.85219452054919,2.690245025063099
RGBI,SHORT_QUARTERLY_LONG_PERP,10,2026-05-08,2026-05-22,14,-0.02435,97.0,-9.000000000000341,-6.285,12.545610958904112,2.92,3.999999999999602,62.24938904109595,2.664443309553394
RGBI,SHORT_QUARTERLY_LONG_PERP,20,2026-05-29,2026-06-29,31,-0.03927,607.0,-494.99999999999886,-15.068999999999999,27.779567123287674,2.92,3.999999999999602,62.23143287671385,2.6636747368366156
RGBI,SHORT_QUARTERLY_LONG_PERP,40,2026-06-11,2026-08-07,57,-0.01811,452.0,-320.9999999999994,-11.505,51.0785589041096,2.92,3.999999999999602,61.49644109589143,2.6322150877837363
RGBI,SHORT_QUARTERLY_LONG_PERP,5,2026-07-24,2026-07-31,7,-0.08218,-5.0,45.000000000000284,32.628,6.272805479452056,2.92,3.999999999999602,59.43519452054862,2.5439881231241115
RGBI,SHORT_QUARTERLY_LONG_PERP,10,2026-05-11,2026-05-25,14,-0.02496,163.0,-76.00000000000051,-9.522,12.545610958904112,2.92,3.999999999999602,58.01238904109577,2.483088175366852
RGBI,SHORT_QUARTERLY_LONG_PERP,40,2026-01-26,2026-03-24,57,-0.01293,-71.0,321.0000000000008,-134.725,51.0785589041096,2.92,3.999999999999602,57.2764410958916,2.4515875998755123
RGBI,LONG_QUARTERLY_SHORT_PERP,5,2026-02-02,2026-02-09,7,0.06152,-31.0,70.99999999999937,30.056,6.272805479452056,2.92,3.999999999999602,56.863194520547715,2.4338995214890087
RGBI,LONG_QUARTERLY_SHORT_PERP,5,2026-01-14,2026-01-21,7,0.03551,-1.0,42.00000000000017,28.923,6.272805479452056,2.92,3.999999999999602,56.730194520548515,2.428206759429376
RGBI,SHORT_QUARTERLY_LONG_PERP,10,2026-05-28,2026-06-11,14,-0.0227,125.0,-60.99999999999994,10.948,12.545610958904112,2.92,3.999999999999602,55.48238904109635,2.3747972880664445
RGBI,LONG_QUARTERLY_SHORT_PERP,3,2026-04-21,2026-04-24,3,0.01009,-3.0,62.000000000000455,5.366,2.688345205479452,2.92,3.999999999999602,54.7576547945214,2.3437766894029615
RGBI,LONG_QUARTERLY_SHORT_PERP,5,2026-02-17,2026-02-25,8,0.0274,34.0,9.999999999999432,24.482,7.1689205479452065,2.92,3.999999999999602,54.39307945205462,2.3281718722790146
RGBI,SHORT_QUARTERLY_LONG_PERP,40,2026-06-15,2026-08-10,56,-0.01199,442.0,-318.9999999999998,-11.796000000000001,50.182443835616446,2.92,3.999999999999602,54.10155616438417,2.3156938819665354
RGBI,SHORT_QUARTERLY_LONG_PERP,3,2026-04-24,2026-04-29,5,-0.00867,89.0,-28.000000000000114,4.192,4.480575342465754,2.92,3.999999999999602,53.791424657534535,2.302419409216904
RGBI,SHORT_QUARTERLY_LONG_PERP,5,2026-07-27,2026-08-03,7,-0.10582,2.0,37.000000000000455,27.38,6.272805479452056,2.92,3.999999999999602,53.18719452054879,2.2765567144865293
RGBI,SHORT_QUARTERLY_LONG_PERP,10,2026-06-10,2026-06-25,15,-0.01559,513.0,-443.0000000000007,3.51,13.441726027397262,2.92,3.999999999999602,53.14827397260245,2.2748908090828426
RGBI,LONG_QUARTERLY_SHORT_PERP,5,2026-04-10,2026-04-17,7,0.07406,128.0,-86.99999999999903,25.191000000000003,6.272805479452056,2.92,3.999999999999602,52.99819452054931,2.2684669999807094
RGBI,SHORT_QUARTERLY_LONG_PERP,20,2026-04-27,2026-05-26,29,-0.03006,154.0,-60.99999999999994,-7.368000000000001,25.987336986301372,2.92,3.999999999999602,52.724663013699086,2.2567591068655175
RGBI,LONG_QUARTERLY_SHORT_PERP,10,2026-01-12,2026-01-26,14,0.02921,-73.0,102.00000000000102,41.579,12.545610958904112,2.92,3.999999999999602,51.113389041097314,2.187792194542538
RGBI,SHORT_QUARTERLY_LONG_PERP,40,2026-05-28,2026-07-24,57,-0.0227,584.0,-426.9999999999996,-47.94,51.0785589041096,2.92,3.999999999999602,51.0614410958912,2.1855686810722594
RGBI,LONG_QUARTERLY_SHORT_PERP,20,2026-03-27,2026-04-24,28,0.001,28.0,-40.99999999999966,95.562,25.091221917808223,2.92,3.999999999999602,50.55077808219251,2.1637109139319652
RGBI,SHORT_QUARTERLY_LONG_PERP,40,2026-03-04,2026-04-29,56,-0.02965,76.0,148.9999999999995,-117.681,50.182443835616446,2.92,3.999999999999602,50.21655616438344,2.149405306013074
RGBI,SHORT_QUARTERLY_LONG_PERP,3,2026-01-26,2026-01-29,3,-0.01293,27.0,46.000000000000796,-14.957,2.688345205479452,2.92,3.999999999999602,48.43465479452174,2.073135076596402
RGBI,SHORT_QUARTERLY_LONG_PERP,10,2026-04-24,2026-05-11,17,-0.00867,60.0,4.999999999999716,5.295,15.233956164383565,2.92,3.999999999999602,48.14104383561655,2.060567728271906
RGBI,LONG_QUARTERLY_SHORT_PERP,10,2026-04-06,2026-04-20,14,0.04525,144.0,-129.99999999999972,53.215999999999994,12.545610958904112,2.92,3.999999999999602,47.75038904109656,2.0438466396052117
RGBI,SHORT_QUARTERLY_LONG_PERP,20,2026-07-10,2026-08-07,28,-0.00576,-170.0,193.00000000000068,56.569,25.091221917808223,2.92,3.999999999999602,47.557778082192854,2.0356023662283462
RGBI,SHORT_QUARTERLY_LONG_PERP,40,2026-06-10,2026-08-06,57,-0.01559,459.0,-342.00000000000017,-12.088000000000001,51.0785589041096,2.92,3.999999999999602,46.91344109589063,2.00802298916623
RGBI,SHORT_QUARTERLY_LONG_PERP,3,2026-03-03,2026-03-06,3,-0.00061,60.0,-9.999999999999432,6.328,2.688345205479452,2.92,3.999999999999602,46.71965479452152,1.9997284079322653
RGBI,LONG_QUARTERLY_SHORT_PERP,5,2026-07-16,2026-07-23,7,0.00929,232.0,-178.0000000000001,5.537,6.272805479452056,2.92,3.999999999999602,46.34419452054823,1.9836576861083004
RGBI,SHORT_QUARTERLY_LONG_PERP,20,2026-05-19,2026-06-17,29,-0.03081,140.0,-78.00000000000011,17.161,25.987336986301372,2.92,3.999999999999602,46.25366301369891,1.9797826911654715
RGBI,LONG_QUARTERLY_SHORT_PERP,3,2026-02-04,2026-02-09,5,0.08271,-50.0,92.00000000000017,15.588,4.480575342465754,2.92,3.999999999999602,46.18742465753481,1.9769475092040751
RGBI,LONG_QUARTERLY_SHORT_PERP,5,2026-04-13,2026-04-20,7,0.06073,149.0,-115.99999999999966,26.133,6.272805479452056,2.92,3.999999999999602,45.94019452054868,1.966365386318053
RGBI,SHORT_QUARTERLY_LONG_PERP,20,2026-07-20,2026-08-17,28,-0.00172,-222.0,251.9999999999996,47.759,25.091221917808223,2.92,3.999999999999602,45.74777808219177,1.958129438950125
RGBI,SHORT_QUARTERLY_LONG_PERP,20,2026-06-04,2026-07-03,29,-0.01447,821.0,-691.9999999999987,-50.571,25.987336986301372,2.92,3.999999999999602,45.52166301370028,1.9484510984762349
RGBI,SHORT_QUARTERLY_LONG_PERP,10,2026-05-29,2026-06-15,17,-0.03927,100.0,-40.99999999999966,8.22,15.233956164383565,2.92,3.999999999999602,45.06604383561717,1.928949357343542
RGBI,SHORT_QUARTERLY_LONG_PERP,5,2026-06-15,2026-06-22,7,-0.01199,335.0,-275.0,-2.8630000000000004,6.272805479452056,2.92,3.999999999999602,43.94419452054834,1.8809311527007808
RGBI,LONG_QUARTERLY_SHORT_PERP,3,2026-01-19,2026-01-22,3,0.06868,9.0,29.999999999999716,14.485999999999999,2.688345205479452,2.92,3.999999999999602,43.87765479452066,1.8780830712888181
RGBI,SHORT_QUARTERLY_LONG_PERP,10,2026-06-04,2026-06-19,15,-0.01447,244.0,-182.99999999999983,2.277,13.441726027397262,2.92,3.999999999999602,42.9152739726033,1.8368905522665453
RGBI,SHORT_QUARTERLY_LONG_PERP,40,2026-05-27,2026-07-23,57,-0.04764,751.0,-596.9999999999999,-53.888000000000005,51.0785589041096,2.92,3.999999999999602,42.113441095890906,1.802569922351192
RGBI,LONG_QUARTERLY_SHORT_PERP,10,2026-04-03,2026-04-17,14,0.07697,120.0,-109.99999999999943,50.726000000000006,12.545610958904112,2.92,3.999999999999602,41.26038904109686,1.7660569721823762
RGBI,SHORT_QUARTERLY_LONG_PERP,5,2026-06-16,2026-06-23,7,-0.00743,281.0,-226.9999999999996,0.43499999999999994,6.272805479452056,2.92,3.999999999999602,41.24219452054874,1.7652781971728264
RGBI,SHORT_QUARTERLY_LONG_PERP,3,2026-06-04,2026-06-09,5,-0.01447,114.0,-60.99999999999994,-0.9609999999999997,4.480575342465754,2.92,3.999999999999602,40.6384246575347,1.7394352034214227
RGBI,SHORT_QUARTERLY_LONG_PERP,20,2026-04-28,2026-05-27,29,-0.03124,120.0,-40.99999999999966,-5.728000000000001,25.987336986301372,2.92,3.999999999999602,40.36466301369937,1.7277174598167773
RGBI,SHORT_QUARTERLY_LONG_PERP,40,2026-06-16,2026-08-11,56,-0.00743,393.0,-283.9999999999989,-12.092,50.182443835616446,2.92,3.999999999999602,39.80555616438503,1.70378616463575
RGBI,SHORT_QUARTERLY_LONG_PERP,10,2026-03-12,2026-03-26,14,-0.00615,56.0,25.0,-22.152,12.545610958904112,2.92,3.999999999999602,39.38238904109628,1.6856734597909633
RGBI,SHORT_QUARTERLY_LONG_PERP,5,2026-03-19,2026-03-26,7,-0.04389,57.0,-5.000000000001137,-0.5199999999999996,6.272805479452056,2.92,3.999999999999602,38.28719452054721,1.638796152914746
RGBI,SHORT_QUARTERLY_LONG_PERP,10,2026-03-06,2026-03-20,14,-0.03964,-74.0,157.99999999999983,-26.407999999999998,12.545610958904112,2.92,3.999999999999602,38.12638904109611,1.6319132406410184
RGBI,SHORT_QUARTERLY_LONG_PERP,3,2026-07-24,2026-07-29,5,-0.08218,-33.0,59.99999999999943,21.118000000000002,4.480575342465754,2.92,3.999999999999602,36.717424657534075,1.5716057294668524
RGBI,SHORT_QUARTERLY_LONG_PERP,3,2026-07-27,2026-07-30,3,-0.10582,-58.0,88.00000000000097,16.249,2.688345205479452,2.92,3.999999999999602,36.64065479452191,1.5683197703429315
RGBI,SHORT_QUARTERLY_LONG_PERP,10,2026-03-20,2026-04-03,14,-0.02646,144.0,-54.000000000000625,-34.711999999999996,12.545610958904112,2.92,3.999999999999602,35.82238904109566,1.5332957685697752
RGBI,SHORT_QUARTERLY_LONG_PERP,10,2026-06-09,2026-06-24,15,-0.03558,371.0,-325.0,9.766,13.441726027397262,2.92,3.999999999999602,35.404273972603136,1.515399305423239
RGBI,SHORT_QUARTERLY_LONG_PERP,10,2026-07-27,2026-08-10,14,-0.10582,-59.0,76.00000000000051,37.708999999999996,12.545610958904112,2.92,3.999999999999602,35.24338904109679,1.5085129923852583
RGBI,LONG_QUARTERLY_SHORT_PERP,3,2026-01-23,2026-01-28,5,0.00522,3.0,37.000000000000455,5.882,4.480575342465754,2.92,3.999999999999602,34.481424657535094,1.4758988425088855
RGBI,LONG_QUARTERLY_SHORT_PERP,20,2026-01-29,2026-02-27,29,0.07782,125.0,-148.9999999999995,91.208,25.987336986301372,2.92,3.999999999999602,34.300663013699534,1.4681617520737718
RGBI,LONG_QUARTERLY_SHORT_PERP,5,2026-01-15,2026-01-22,7,0.03323,8.0,10.999999999999943,28.249999999999996,6.272805479452056,2.92,3.999999999999602,34.057194520548286,1.4577406377840296
RGBI,SHORT_QUARTERLY_LONG_PERP,10,2026-06-03,2026-06-18,15,-0.02559,146.0,-95.99999999999937,3.9020000000000006,13.441726027397262,2.92,3.999999999999602,33.54027397260376,1.4356150311434213
RGBI,LONG_QUARTERLY_SHORT_PERP,10,2026-02-10,2026-02-25,15,0.04909,289.0,-276.0000000000005,40.09,13.441726027397262,2.92,3.999999999999602,32.72827397260262,1.4008592206738268
RGBI,SHORT_QUARTERLY_LONG_PERP,5,2026-06-04,2026-06-11,7,-0.01447,112.0,-68.99999999999977,2.4090000000000003,6.272805479452056,2.92,3.999999999999602,32.21619452054857,1.3789408261160196
RGBI,SHORT_QUARTERLY_LONG_PERP,10,2026-03-03,2026-03-17,14,-0.00061,-75.0,148.9999999999995,-22.811999999999998,12.545610958904112,2.92,3.999999999999602,31.722389041095774,1.3578046073319254
RGBI,SHORT_QUARTERLY_LONG_PERP,5,2026-01-26,2026-02-02,7,-0.01293,39.0,29.999999999999716,-24.387999999999998,6.272805479452056,2.92,3.999999999999602,31.41919452054806,1.344827056480249
RGBI,LONG_QUARTERLY_SHORT_PERP,5,2026-04-17,2026-04-24,7,0.02968,-9.0,39.99999999999915,13.390000000000002,6.272805479452056,2.92,3.999999999999602,31.19719452054749,1.3353248521400285
RGBI,SHORT_QUARTERLY_LONG_PERP,5,2026-05-29,2026-06-05,7,-0.03927,14.0,26.00000000000051,3.4530000000000003,6.272805479452056,2.92,3.999999999999602,30.260194520548858,1.2952187013888994
RGBI,SHORT_QUARTERLY_LONG_PERP,40,2026-02-13,2026-04-13,59,-0.01362,95.0,128.9999999999992,-134.414,52.8707890410959,2.92,3.999999999999602,29.795210958903716,1.2753161391475287
RGBI,LONG_QUARTERLY_SHORT_PERP,20,2026-04-03,2026-05-04,31,0.07697,65.0,-65.99999999999966,65.243,27.779567123287674,2.92,3.999999999999602,29.543432876713055,1.2645393518260948
RGBI,SHORT_QUARTERLY_LONG_PERP,20,2026-06-15,2026-07-13,28,-0.01199,735.0,-606.0000000000002,-67.843,25.091221917808223,2.92,3.999999999999602,29.14577808219194,1.24751864410358
RGBI,SHORT_QUARTERLY_LONG_PERP,3,2026-07-14,2026-07-17,3,-0.0339,232.0,-195.99999999999937,2.3,2.688345205479452,2.92,3.999999999999602,28.69165479452157,1.2280809311527443
RGBI,SHORT_QUARTERLY_LONG_PERP,3,2026-06-03,2026-06-08,5,-0.02559,102.0,-58.99999999999892,-3.0719999999999996,4.480575342465754,2.92,3.999999999999602,28.527424657535718,1.2210514342137446
RGBI,LONG_QUARTERLY_SHORT_PERP,5,2026-01-19,2026-01-26,7,0.06868,-44.0,71.99999999999989,13.715,6.272805479452056,2.92,3.999999999999602,28.522194520548233,1.2208275701129234
RGBI,SHORT_QUARTERLY_LONG_PERP,5,2026-03-04,2026-03-11,7,-0.02965,23.0,22.999999999998977,-4.6739999999999995,6.272805479452056,2.92,3.999999999999602,28.13319452054732,1.2041773111564147
RGBI,SHORT_QUARTERLY_LONG_PERP,20,2026-07-14,2026-08-11,28,-0.0339,-269.0,276.0000000000005,53.104,25.091221917808223,2.92,3.999999999999602,28.09277808219268,1.20244737757106
RGBI,LONG_QUARTERLY_SHORT_PERP,3,2026-04-15,2026-04-20,5,0.0518,104.0,-79.99999999999972,15.032,4.480575342465754,2.92,3.999999999999602,27.63142465753492,1.1827001950749012
RGBI,LONG_QUARTERLY_SHORT_PERP,3,2026-04-14,2026-04-17,3,0.05921,135.0,-110.99999999999994,13.197000000000001,2.688345205479452,2.92,3.999999999999602,27.588654794521005,1.1808695285075121
RGBI,LONG_QUARTERLY_SHORT_PERP,3,2026-07-16,2026-07-21,5,0.00929,164.0,-128.0000000000001,2.286,4.480575342465754,2.92,3.999999999999602,26.88542465753453,1.1507693642740455
RGBI,SHORT_QUARTERLY_LONG_PERP,5,2026-07-10,2026-07-17,7,-0.00576,277.0,-244.99999999999886,7.12,6.272805479452056,2.92,3.999999999999602,25.927194520549477,1.1097545058660907
RGBI,LONG_QUARTERLY_SHORT_PERP,3,2026-01-12,2026-01-15,3,0.02921,-28.0,49.00000000000091,14.100000000000001,2.688345205479452,2.92,3.999999999999602,25.491654794521857,1.0911122199427237
RGBI,LONG_QUARTERLY_SHORT_PERP,5,2026-04-16,2026-04-23,7,0.05049,86.0,-65.00000000000057,17.225,6.272805479452056,2.92,3.999999999999602,25.032194520547776,1.0714460694494616
RGBI,SHORT_QUARTERLY_LONG_PERP,5,2026-04-24,2026-05-04,10,-0.00867,46.0,-4.000000000000625,-1.1270000000000002,8.961150684931509,2.92,3.999999999999602,24.991849315068258,1.0697191848250762
RGBI,LONG_QUARTERLY_SHORT_PERP,3,2026-02-17,2026-02-20,3,0.0274,32.0,-10.999999999999943,13.449,2.688345205479452,2.92,3.999999999999602,24.840654794521,1.0632476477558959
RGBI,LONG_QUARTERLY_SHORT_PERP,20,2026-06-25,2026-07-23,28,0.04697,-144.0,131.99999999999932,68.805,25.091221917808223,2.92,3.999999999999602,24.7937780821915,1.0612411968579163
RGBI,LONG_QUARTERLY_SHORT_PERP,3,2026-04-10,2026-04-15,5,0.07406,43.0,-23.99999999999949,17.174,4.480575342465754,2.92,3.999999999999602,24.773424657535152,1.0603700148754507
RGBI,LONG_QUARTERLY_SHORT_PERP,5,2026-01-08,2026-01-15,7,0.06312,-148.0,165.99999999999966,19.828000000000003,6.272805479452056,2.92,3.999999999999602,24.635194520548005,1.054453388714977
RGBI,LONG_QUARTERLY_SHORT_PERP,10,2026-01-14,2026-01-28,14,0.03551,-66.0,71.99999999999989,37.977,12.545610958904112,2.92,3.999999999999602,24.511389041096166,1.0491541771645834
RGBI,LONG_QUARTERLY_SHORT_PERP,10,2026-09-08,2026-09-22,14,0.03355,-145.0,139.00000000000006,49.673,12.545610958904112,2.92,3.999999999999602,24.20738904109634,1.036142149599638
RGBI,SHORT_QUARTERLY_LONG_PERP,10,2026-06-11,2026-06-26,15,-0.01811,536.0,-481.0000000000002,-10.475,13.441726027397262,2.92,3.999999999999602,24.16327397260291,1.0342539045757353
RGBI,LONG_QUARTERLY_SHORT_PERP,10,2026-02-12,2026-02-27,15,0.0199,165.0,-162.99999999999955,42.00000000000001,13.441726027397262,2.92,3.999999999999602,23.6382739726036,1.011782475392869
RGBI,LONG_QUARTERLY_SHORT_PERP,5,2026-02-18,2026-02-26,8,0.0685,-56.0,71.0000000000008,22.244,7.1689205479452065,2.92,3.999999999999602,23.155079452055986,0.9911004345356326
RGBI,LONG_QUARTERLY_SHORT_PERP,10,2026-04-13,2026-04-27,14,0.06073,52.0,-39.00000000000006,29.502,12.545610958904112,2.92,3.999999999999602,23.03638904109622,0.9860201618412112
RGBI,SHORT_QUARTERLY_LONG_PERP,5,2026-03-03,2026-03-10,7,-0.00061,25.0,6.999999999999318,4.172,6.272805479452056,2.92,3.999999999999602,22.979194520547658,0.9835720806637699
RGBI,SHORT_QUARTERLY_LONG_PERP,5,2026-07-28,2026-08-04,7,-0.05328,-54.0,62.999999999999545,26.772000000000002,6.272805479452056,2.92,3.999999999999602,22.579194520547894,0.9664509917625259
RGBI,LONG_QUARTERLY_SHORT_PERP,20,2026-01-06,2026-02-04,29,0.10233,-218.0,181.00000000000023,92.475,25.987336986301372,2.92,3.999999999999602,22.567663013699246,0.965957411877723
RGBI,SHORT_QUARTERLY_LONG_PERP,3,2026-07-29,2026-08-03,5,-0.05208,63.0,-45.999999999999375,16.844,4.480575342465754,2.92,3.999999999999602,22.443424657535267,0.9606396720256501
RGBI,LONG_QUARTERLY_SHORT_PERP,10,2026-04-09,2026-04-23,14,0.02831,190.0,-195.00000000000028,46.854,12.545610958904112,2.92,3.999999999999602,22.388389041095998,0.95828399782117
RGBI,SHORT_QUARTERLY_LONG_PERP,3,2026-05-06,2026-05-11,5,-0.00493,0.0,29.999999999999716,3.704,4.480575342465754,2.92,3.999999999999602,22.303424657534357,0.9546472909101723
RGBI,SHORT_QUARTERLY_LONG_PERP,40,2026-06-09,2026-08-05,57,-0.03558,419.0,-326.9999999999996,-11.735,51.0785589041096,2.92,3.999999999999602,22.266441095891196,0.9530642937932283
RGBI,SHORT_QUARTERLY_LONG_PERP,20,2026-06-09,2026-07-08,29,-0.03558,676.0,-556.9999999999993,-63.900999999999996,25.987336986301372,2.92,3.999999999999602,22.19166301369971,0.949863588310564
RGBI,SHORT_QUARTERLY_LONG_PERP,20,2026-05-20,2026-06-18,29,-0.00425,149.0,-110.99999999999994,16.667,25.987336986301372,2.92,3.999999999999602,21.759663013699083,0.9313728122971827
RGBI,SHORT_QUARTERLY_LONG_PERP,3,2026-07-28,2026-07-31,3,-0.05328,-50.0,64.00000000000006,16.718,2.688345205479452,2.92,3.999999999999602,21.109654794521,0.9035506910294481
RGBI,SHORT_QUARTERLY_LONG_PERP,20,2026-05-05,2026-06-02,28,-0.02225,89.0,-41.99999999999875,6.107,25.091221917808223,2.92,3.999999999999602,21.095778082193426,0.9029567299659045
RGBI,LONG_QUARTERLY_SHORT_PERP,3,2026-04-03,2026-04-08,5,0.07697,15.0,1.999999999999602,15.298,4.480575342465754,2.92,3.999999999999602,20.897424657534245,0.8944666634222593
RGBI,SHORT_QUARTERLY_LONG_PERP,10,2026-07-15,2026-07-29,14,-0.02614,-346.0,362.99999999999955,22.87,12.545610958904112,2.92,3.999999999999602,20.404389041095833,0.8733633968709427
RGBI,SHORT_QUARTERLY_LONG_PERP,20,2026-03-12,2026-04-09,28,-0.00615,154.0,-29.999999999999716,-71.827,25.091221917808223,2.92,3.999999999999602,20.161778082192463,0.8629789873814347
RGBI,LONG_QUARTERLY_SHORT_PERP,3,2026-04-06,2026-04-09,3,0.04525,5.0,10.999999999999943,13.604,2.688345205479452,2.92,3.999999999999602,19.99565479452089,0.8558684584394507
RGBI,LONG_QUARTERLY_SHORT_PERP,10,2026-09-10,2026-09-24,14,0.04236,-146.0,145.00000000000028,40.382,12.545610958904112,2.92,3.999999999999602,19.916389041096565,0.8524756684114438
RGBI,LONG_QUARTERLY_SHORT_PERP,10,2026-01-13,2026-01-27,14,0.07226,-53.0,55.999999999998806,36.199,12.545610958904112,2.92,3.999999999999602,19.733389041095087,0.8446427702390569
RGBI,LONG_QUARTERLY_SHORT_PERP,5,2026-09-08,2026-09-15,7,0.03355,-86.0,83.00000000000125,35.922,6.272805479452056,2.92,3.999999999999602,19.72919452054959,0.8444632333411629
RGBI,SHORT_QUARTERLY_LONG_PERP,5,2026-03-20,2026-03-27,7,-0.02646,61.0,-25.0,-3.2659999999999996,6.272805479452056,2.92,3.999999999999602,19.541194520548345,0.8364163215575201
RGBI,LONG_QUARTERLY_SHORT_PERP,10,2026-01-05,2026-01-20,15,0.03411,-170.0,154.00000000000063,55.845,13.441726027397262,2.92,3.999999999999602,19.48327397260376,0.8339371644310988
RGBI,SHORT_QUARTERLY_LONG_PERP,5,2026-07-20,2026-07-27,7,-0.00172,-356.0,375.9999999999991,12.475999999999999,6.272805479452056,2.92,3.999999999999602,19.283194520547433,0.8253732192161722
RGBI,SHORT_QUARTERLY_LONG_PERP,10,2026-06-16,2026-06-30,14,-0.00743,569.0,-495.9999999999994,-34.276,12.545610958904112,2.92,3.999999999999602,19.258389041096905,0.8243114771688953
RGBI,SHORT_QUARTERLY_LONG_PERP,10,2026-03-19,2026-04-02,14,-0.04389,98.0,-35.00000000000085,-24.369,12.545610958904112,2.92,3.999999999999602,19.16538904109543,0.8203308239992907
RGBI,SHORT_QUARTERLY_LONG_PERP,10,2026-03-04,2026-03-18,14,-0.02965,-98.0,165.99999999999966,-30.080000000000002,12.545610958904112,2.92,3.999999999999602,18.454389041095943,0.7898980884773334
RGBI,SHORT_QUARTERLY_LONG_PERP,20,2026-07-13,2026-08-10,28,-0.0143,-293.0,287.00000000000045,56.047000000000004,25.091221917808223,2.92,3.999999999999602,18.035778082192635,0.7719803998712765
RGBI,LONG_QUARTERLY_SHORT_PERP,5,2026-06-25,2026-07-02,7,0.04697,-185.0,164.99999999999915,50.917,6.272805479452056,2.92,3.999999999999602,17.724194520547492,0.7586437752235369
RGBI,LONG_QUARTERLY_SHORT_PERP,20,2026-01-05,2026-02-03,29,0.03411,-219.0,175.0,94.437,25.987336986301372,2.92,3.999999999999602,17.52966301369902,0.7503172971664178
RGBI,LONG_QUARTERLY_SHORT_PERP,20,2026-08-26,2026-09-23,28,0.02099,-134.0,125.0,58.516999999999996,25.091221917808223,2.92,3.999999999999602,17.505778082192172,0.749294957077095
RGBI,LONG_QUARTERLY_SHORT_PERP,3,2026-01-29,2026-02-03,5,0.07782,1.0,12.000000000000455,15.628,4.480575342465754,2.92,3.999999999999602,17.227424657535096,0.7373806727532892
RGBI,LONG_QUARTERLY_SHORT_PERP,3,2026-06-25,2026-06-30,5,0.04697,-94.0,87.99999999999955,34.033,4.480575342465754,2.92,3.999999999999602,16.632424657534187,0.7119130530126347
RGBI,LONG_QUARTERLY_SHORT_PERP,3,2026-09-10,2026-09-15,5,0.04236,-93.0,93.00000000000068,27.943,4.480575342465754,2.92,3.999999999999602,16.542424657535328,0.7080608080099013
RGBI,SHORT_QUARTERLY_LONG_PERP,5,2026-05-28,2026-06-04,7,-0.0227,13.0,7.9999999999998295,8.539,6.272805479452056,2.92,3.999999999999602,16.346194520548174,0.6996616239587455
RGBI,LONG_QUARTERLY_SHORT_PERP,5,2026-01-13,2026-01-20,7,0.07226,0.0,3.0000000000001137,26.346000000000004,6.272805479452056,2.92,3.999999999999602,16.15319452054846,0.6914006985639027
RGBI,LONG_QUARTERLY_SHORT_PERP,20,2026-01-30,2026-03-02,31,0.03279,82.0,-123.99999999999949,92.642,27.779567123287674,2.92,3.999999999999602,15.942432876713234,0.6823795264612094
RGBI,LONG_QUARTERLY_SHORT_PERP,3,2026-02-18,2026-02-24,6,0.0685,-22.0,35.99999999999994,14.229,5.376690410958904,2.92,3.999999999999602,15.932309589041438,0.6819462221907049
RGBI,LONG_QUARTERLY_SHORT_PERP,3,2026-02-19,2026-02-25,6,0.02467,-32.0,44.99999999999886,15.165000000000001,5.376690410958904,2.92,3.999999999999602,15.868309589040358,0.6792068479664579
RGBI,SHORT_QUARTERLY_LONG_PERP,10,2026-07-14,2026-07-28,14,-0.0339,-163.0,178.0000000000001,20.276,12.545610958904112,2.92,3.999999999999602,15.810389041096393,0.676727690840063
RGBI,LONG_QUARTERLY_SHORT_PERP,5,2026-01-12,2026-01-19,7,0.02921,-29.0,30.000000000001137,27.864,6.272805479452056,2.92,3.999999999999602,15.671194520549477,0.6707697864379351
RGBI,LONG_QUARTERLY_SHORT_PERP,3,2026-04-13,2026-04-16,3,0.06073,114.0,-104.99999999999972,16.150000000000002,2.688345205479452,2.92,3.999999999999602,15.541654794521229,0.6652251335240006
RGBI,LONG_QUARTERLY_SHORT_PERP,5,2026-01-29,2026-02-05,7,0.07782,-28.0,29.000000000000625,27.67,6.272805479452056,2.92,3.999999999999602,15.47719452054897,0.6624660583208051
RGBI,LONG_QUARTERLY_SHORT_PERP,5,2026-05-26,2026-06-02,7,0.00135,58.0,-18.000000000000682,-11.567,6.272805479452056,2.92,3.999999999999602,15.24019452054766,0.652321813146756
RGBI,LONG_QUARTERLY_SHORT_PERP,20,2026-01-23,2026-02-20,28,0.00522,132.0,-171.9999999999999,87.117,25.091221917808223,2.92,3.999999999999602,15.105778082192295,0.6465684236695756
RGBI,LONG_QUARTERLY_SHORT_PERP,5,2026-09-10,2026-09-17,7,0.04236,-132.0,128.0000000000001,32.204,6.272805479452056,2.92,3.999999999999602,15.011194520548457,0.6425199897508221
RGBI,LONG_QUARTERLY_SHORT_PERP,5,2026-09-11,2026-09-18,7,0.04946,-7.0,3.999999999999204,30.942999999999998,6.272805479452056,2.92,3.999999999999602,14.750194520547545,0.6313484792427146
RGBI,LONG_QUARTERLY_SHORT_PERP,20,2026-04-13,2026-05-12,29,0.06073,52.0,-35.99999999999994,31.53,25.987336986301372,2.92,3.999999999999602,14.622663013699082,0.6258897835765561
RGBI,LONG_QUARTERLY_SHORT_PERP,20,2026-02-02,2026-03-03,29,0.06152,107.0,-146.0000000000008,86.429,25.987336986301372,2.92,3.999999999999602,14.52166301369823,0.621566708628953
RGBI,LONG_QUARTERLY_SHORT_PERP,20,2026-04-07,2026-05-06,29,0.07618,52.0,-54.999999999999716,50.382000000000005,25.987336986301372,2.92,3.999999999999602,14.474663013699313,0.619554980683102
RGBI,SHORT_QUARTERLY_LONG_PERP,3,2026-03-19,2026-03-24,5,-0.04389,22.0,4.999999999999716,-1.1819999999999997,4.480575342465754,2.92,3.999999999999602,14.417424657534362,0.6171050232219475
RGBI,LONG_QUARTERLY_SHORT_PERP,5,2026-06-22,2026-06-29,7,0.01532,-172.0,178.9999999999992,20.426,6.272805479452056,2.92,3.999999999999602,14.233194520547542,0.6092194718378436
RGBI,LONG_QUARTERLY_SHORT_PERP,20,2026-01-14,2026-02-11,28,0.03551,-154.0,106.99999999999932,92.977,25.091221917808223,2.92,3.999999999999602,13.965778082191498,0.5977733203009672
RGBI,LONG_QUARTERLY_SHORT_PERP,20,2026-04-06,2026-05-05,29,0.04525,40.0,-51.9999999999996,58.492999999999995,25.987336986301372,2.92,3.999999999999602,13.585663013699417,0.5815033606000691
RGBI,LONG_QUARTERLY_SHORT_PERP,10,2026-02-17,2026-03-04,15,0.0274,-37.0,37.999999999999545,32.891000000000005,13.441726027397262,2.92,3.999999999999602,13.529273972602688,0.5790897561358852
RGBI,LONG_QUARTERLY_SHORT_PERP,3,2026-02-24,2026-02-27,3,0.0763,1.0,12.000000000000455,10.125,2.688345205479452,2.92,3.999999999999602,13.5166547945214,0.578549620961409
RGBI,SHORT_QUARTERLY_LONG_PERP,20,2026-07-24,2026-08-21,28,-0.08218,98.0,-84.00000000000034,31.477,25.091221917808223,2.92,3.999999999999602,13.46577808219184,0.5763719591744142
RGBI,LONG_QUARTERLY_SHORT_PERP,10,2026-06-25,2026-07-09,14,0.04697,-125.0,86.99999999999903,70.34899999999999,12.545610958904112,2.92,3.999999999999602,12.883389041095306,0.5514441228050895
RGBI,LONG_QUARTERLY_SHORT_PERP,3,2026-03-27,2026-04-01,5,0.001,-8.0,12.000000000000455,20.128,4.480575342465754,2.92,3.999999999999602,12.727424657535096,0.5447684226141803
RGBI,LONG_QUARTERLY_SHORT_PERP,20,2026-01-27,2026-02-25,29,0.01846,137.0,-189.00000000000006,97.597,25.987336986301372,2.92,3.999999999999602,12.689663013698961,0.5431521214612404
RGBI,LONG_QUARTERLY_SHORT_PERP,10,2026-09-04,2026-09-18,14,0.01341,-124.0,106.00000000000023,49.952999999999996,12.545610958904112,2.92,3.999999999999602,12.487389041096506,0.5344942447928993
RGBI,SHORT_QUARTERLY_LONG_PERP,20,2026-07-15,2026-08-12,28,-0.02614,-391.0,384.00000000000034,51.171,25.091221917808223,2.92,3.999999999999602,12.159778082192517,0.5204716039118485
RGBI,LONG_QUARTERLY_SHORT_PERP,20,2026-01-08,2026-02-05,28,0.06312,-248.0,201.9999999999996,89.934,25.091221917808223,2.92,3.999999999999602,11.922778082191774,0.5103273587378236
RGBI,LONG_QUARTERLY_SHORT_PERP,10,2026-01-16,2026-01-30,14,0.06896,-40.0,31.999999999999318,38.818999999999996,12.545610958904112,2.92,3.999999999999602,11.353389041095598,0.485955957757805
RGBI,LONG_QUARTERLY_SHORT_PERP,3,2026-01-14,2026-01-19,5,0.03551,2.0,3.0000000000001137,17.087,4.480575342465754,2.92,3.999999999999602,10.686424657534756,0.4574080664955167
RGBI,LONG_QUARTERLY_SHORT_PERP,10,2026-09-09,2026-09-23,14,0.03743,-135.0,119.99999999999886,45.127,12.545610958904112,2.92,3.999999999999602,10.66138904109515,0.45633647395861615
RGBI,SHORT_QUARTERLY_LONG_PERP,10,2026-06-15,2026-06-29,14,-0.01199,507.0,-453.9999999999992,-23.289,12.545610958904112,2.92,3.999999999999602,10.245389041097079,0.4385305415013944
RGBI,LONG_QUARTERLY_SHORT_PERP,3,2026-04-30,2026-05-06,6,0.01287,-6.0,26.999999999999602,1.3140000000000003,5.376690410958904,2.92,3.999999999999602,10.017309589041096,0.42876812006339493
RGBI,LONG_QUARTERLY_SHORT_PERP,5,2026-01-06,2026-01-14,8,0.10233,-156.0,157.00000000000074,22.817,7.1689205479452065,2.92,3.999999999999602,9.728079452055931,0.4163882828427826
RGBI,SHORT_QUARTERLY_LONG_PERP,3,2026-07-13,2026-07-16,3,-0.0143,135.0,-120.99999999999937,5.075,2.688345205479452,2.92,3.999999999999602,9.466654794521569,0.4051985958362183
RGBI,LONG_QUARTERLY_SHORT_PERP,10,2026-02-02,2026-02-16,14,0.06152,128.0,-147.0000000000013,47.833,12.545610958904112,2.92,3.999999999999602,9.367389041094976,0.40094975136305167
RGBI,SHORT_QUARTERLY_LONG_PERP,20,2026-03-19,2026-04-16,28,-0.04389,51.0,69.99999999999886,-79.824,25.091221917808223,2.92,3.999999999999602,9.16477808219104,0.39227745076364506
RGBI,LONG_QUARTERLY_SHORT_PERP,20,2026-08-18,2026-09-15,28,0.03666,-106.0,82.00000000000074,65.116,25.091221917808223,2.92,3.999999999999602,9.104778082192913,0.3897092874285371
RGBI,LONG_QUARTERLY_SHORT_PERP,5,2026-02-12,2026-02-19,7,0.0199,206.0,-203.9999999999992,20.113,6.272805479452056,2.92,3.999999999999602,8.920194520549137,0.38180860850700404
RGBI,SHORT_QUARTERLY_LONG_PERP,40,2026-03-26,2026-05-22,57,-0.00715,183.0,-17.00000000000017,-99.148,51.0785589041096,2.92,3.999999999999602,8.853441095890632,0.37895138021190056
RGBI,LONG_QUARTERLY_SHORT_PERP,10,2026-08-18,2026-09-01,14,0.03666,24.0,-20.000000000000284,24.05,12.545610958904112,2.92,3.999999999999602,8.584389041096003,0.36743521983889066
RGBI,LONG_QUARTERLY_SHORT_PERP,3,2026-08-26,2026-08-31,5,0.02099,28.0,-14.999999999999147,6.88,4.480575342465754,2.92,3.999999999999602,8.479424657535494,0.36294245848287865
RGBI,SHORT_QUARTERLY_LONG_PERP,20,2026-06-10,2026-07-09,29,-0.01559,638.0,-529.9999999999998,-66.839,25.987336986301372,2.92,3.999999999999602,8.253663013699255,0.3532792455463448
RGBI,SHORT_QUARTERLY_LONG_PERP,10,2026-07-17,2026-07-31,14,-0.00615,-445.0,437.99999999999955,34.694,12.545610958904112,2.92,3.999999999999602,8.228389041095834,0.3521974507167673
RGBI,LONG_QUARTERLY_SHORT_PERP,3,2026-09-09,2026-09-14,5,0.03743,-45.0,40.99999999999966,23.263,4.480575342465754,2.92,3.999999999999602,7.862424657534303,0.33653317885264317
RGBI,LONG_QUARTERLY_SHORT_PERP,5,2026-02-19,2026-02-27,8,0.02467,-41.0,40.99999999999966,21.887,7.1689205479452065,2.92,3.999999999999602,7.798079452054852,0.33377902889418526
RGBI,LONG_QUARTERLY_SHORT_PERP,10,2026-04-21,2026-05-06,15,0.01009,-63.0,87.00000000000045,3.7750000000000004,13.441726027397262,2.92,3.999999999999602,7.413273972603589,0.31730830683574834
RGBI,LONG_QUARTERLY_SHORT_PERP,5,2026-09-07,2026-09-14,7,0.0273,-65.0,54.999999999999716,30.361,6.272805479452056,2.92,3.999999999999602,7.168194520548058,0.3068182391194648
RGBI,SHORT_QUARTERLY_LONG_PERP,20,2026-06-11,2026-07-10,29,-0.01811,622.0,-514.0,-68.074,25.987336986301372,2.92,3.999999999999602,7.018663013699028,0.300417883563713
RGBI,SHORT_QUARTERLY_LONG_PERP,5,2026-03-06,2026-03-13,7,-0.03964,-168.0,200.9999999999991,-12.842,6.272805479452056,2.92,3.999999999999602,6.965194520547433,0.29812928650205167
RGBI,LONG_QUARTERLY_SHORT_PERP,20,2026-08-17,2026-09-14,28,0.02719,-24.0,3.0000000000001137,59.866,25.091221917808223,2.92,3.999999999999602,6.854778082192288,0.29340316235895597
RGBI,SHORT_QUARTERLY_LONG_PERP,5,2026-09-01,2026-09-08,7,-0.02377,44.0,-18.999999999999773,-5.144000000000001,6.272805479452056,2.92,3.999999999999602,6.663194520548567,0.2852028643816533
RGBI,LONG_QUARTERLY_SHORT_PERP,5,2026-02-20,2026-03-02,10,0.04132,-40.0,40.00000000000057,22.468,8.961150684931509,2.92,3.999999999999602,6.586849315069458,0.28193508175617243
RGBI,SHORT_QUARTERLY_LONG_PERP,20,2026-07-27,2026-08-24,28,-0.10582,159.0,-136.99999999999903,16.456,25.091221917808223,2.92,3.999999999999602,6.444778082193144,0.2758540462352071
RGBI,LONG_QUARTERLY_SHORT_PERP,10,2026-08-13,2026-08-27,14,0.02749,-139.0,137.99999999999955,26.8,12.545610958904112,2.92,3.999999999999602,6.334389041095832,0.2711290947693289
RGBI,LONG_QUARTERLY_SHORT_PERP,5,2026-07-08,2026-07-15,7,0.02822,-94.0,120.00000000000028,-6.630999999999999,6.272805479452056,2.92,3.999999999999602,6.176194520548625,0.26435793864437895
RGBI,SHORT_QUARTERLY_LONG_PERP,3,2026-08-05,2026-08-10,5,-0.01101,7.0,6.000000000000227,4.507999999999999,4.480575342465754,2.92,3.999999999999602,6.107424657534869,0.2614144012984149
RGBI,SHORT_QUARTERLY_LONG_PERP,5,2026-05-11,2026-05-18,7,-0.02496,74.0,-42.99999999999926,-11.802,6.272805479452056,2.92,3.999999999999602,6.005194520549081,0.2570386731391123
RGBI,LONG_QUARTERLY_SHORT_PERP,10,2026-06-22,2026-07-06,14,0.01532,-454.0,420.0000000000003,59.275,12.545610958904112,2.92,3.999999999999602,5.809389041096569,0.24865766558646446
RGBI,LONG_QUARTERLY_SHORT_PERP,5,2026-01-23,2026-01-30,7,0.00522,10.0,-7.9999999999998295,16.943,6.272805479452056,2.92,3.999999999999602,5.750194520548513,0.24612397896453847
RGBI,SHORT_QUARTERLY_LONG_PERP,3,2026-03-20,2026-03-25,5,-0.02646,14.0,6.999999999999318,-3.881,4.480575342465754,2.92,3.999999999999602,5.71842465753396,0.2447641423419064
RGBI,LONG_QUARTERLY_SHORT_PERP,3,2026-02-02,2026-02-05,3,0.06152,-16.0,12.999999999999545,18.239,2.688345205479452,2.92,3.999999999999602,5.630654794520492,0.24100735327314524
RGBI,LONG_QUARTERLY_SHORT_PERP,20,2026-04-10,2026-05-11,31,0.07406,59.0,-51.9999999999996,33.286,27.779567123287674,2.92,3.999999999999602,5.586432876713124,0.23911453480773545
RGBI,SHORT_QUARTERLY_LONG_PERP,10,2026-07-28,2026-08-11,14,-0.05328,-106.0,98.0000000000004,32.828,12.545610958904112,2.92,3.999999999999602,5.362389041096687,0.22952484873931803
RGBI,LONG_QUARTERLY_SHORT_PERP,3,2026-08-25,2026-08-28,3,0.02287,-44.0,51.00000000000051,7.958,2.688345205479452,2.92,3.999999999999602,5.349654794521458,0.22897978832005553
RGBI,LONG_QUARTERLY_SHORT_PERP,20,2026-08-27,2026-09-24,28,0.02782,-124.0,106.00000000000023,55.226,25.091221917808223,2.92,3.999999999999602,5.214778082192401,0.22320669786381891
RGBI,LONG_QUARTERLY_SHORT_PERP,3,2026-03-13,2026-03-18,5,0.0542,-42.0,37.999999999999545,20.601,4.480575342465754,2.92,3.999999999999602,5.200424657534187,0.22259233221479208
RGBI,LONG_QUARTERLY_SHORT_PERP,10,2026-04-29,2026-05-14,15,0.01938,10.0,6.000000000000227,9.529,13.441726027397262,2.92,3.999999999999602,5.167273972603363,0.2211733926551968
RGBI,LONG_QUARTERLY_SHORT_PERP,10,2026-07-09,2026-07-23,14,0.01379,-19.0,45.000000000000284,-1.544,12.545610958904112,2.92,3.999999999999602,4.99038904109657,0.2136022360611467
RGBI,SHORT_QUARTERLY_LONG_PERP,20,2026-06-16,2026-07-14,28,-0.00743,662.0,-559.9999999999994,-65.196,25.091221917808223,2.92,3.999999999999602,4.792778082192745,0.20514394907301053
RGBI,LONG_QUARTERLY_SHORT_PERP,3,2026-01-06,2026-01-12,6,0.10233,-125.0,129.99999999999972,12.04,5.376690410958904,2.92,3.999999999999602,4.743309589041209,0.2030265629003642
RGBI,LONG_QUARTERLY_SHORT_PERP,5,2026-08-21,2026-08-28,7,0.05205,-38.0,40.99999999999966,14.684,6.272805479452056,2.92,3.999999999999602,4.491194520547998,0.19223535164781907
RGBI,SHORT_QUARTERLY_LONG_PERP,3,2026-07-30,2026-08-04,5,-0.05713,21.0,-21.000000000000796,15.850999999999999,4.480575342465754,2.92,3.999999999999602,4.450424657533846,0.190490290524926
RGBI,LONG_QUARTERLY_SHORT_PERP,3,2026-09-21,2026-09-24,3,0.02469,-20.0,32.00000000000074,2.024,2.688345205479452,2.92,3.999999999999602,4.415654794521686,0.18900204573563692
RGBI,LONG_QUARTERLY_SHORT_PERP,20,2026-08-25,2026-09-22,28,0.02287,-197.0,171.9999999999999,61.419000000000004,25.091221917808223,2.92,3.999999999999602,4.407778082192065,0.18866490100552433
RGBI,SHORT_QUARTERLY_LONG_PERP,3,2026-09-01,2026-09-04,3,-0.02377,10.0,3.0000000000001137,0.9410000000000002,2.688345205479452,2.92,3.999999999999602,4.33265479452106,0.1854494197885999
RGBI,SHORT_QUARTERLY_LONG_PERP,3,2026-06-16,2026-06-19,3,-0.00743,127.0,-110.99999999999994,-2.0740000000000003,2.688345205479452,2.92,3.999999999999602,4.317654794521003,0.18480737895480046
RGBI,LONG_QUARTERLY_SHORT_PERP,5,2026-09-16,2026-09-23,7,0.01536,4.0,1.999999999999602,11.411999999999999,6.272805479452056,2.92,3.999999999999602,4.219194520547942,0.18059301119496393
RGBI,LONG_QUARTERLY_SHORT_PERP,5,2026-04-14,2026-04-21,7,0.05921,129.0,-133.00000000000125,21.221,6.272805479452056,2.92,3.999999999999602,4.028194520547091,0.17241769124457862
RGBI,LONG_QUARTERLY_SHORT_PERP,20,2026-04-14,2026-05-13,29,0.05921,55.0,-48.0000000000004,29.731,25.987336986301372,2.92,3.999999999999602,3.8236630136986296,0.1636631859649287
RGBI,LONG_QUARTERLY_SHORT_PERP,5,2026-08-13,2026-08-20,7,0.02749,-108.0,114.99999999999915,9.988,6.272805479452056,2.92,3.999999999999602,3.795194520547488,0.1624446569596151
RGBI,SHORT_QUARTERLY_LONG_PERP,5,2026-06-11,2026-06-19,8,-0.01811,132.0,-114.00000000000006,-0.1320000000000001,7.1689205479452065,2.92,3.999999999999602,3.779079452055134,0.16175488815884662
RGBI,LONG_QUARTERLY_SHORT_PERP,10,2026-01-29,2026-02-12,14,0.07782,-40.0,14.000000000000057,49.208,12.545610958904112,2.92,3.999999999999602,3.7423890410963416,0.16018443868922405
RGBI,LONG_QUARTERLY_SHORT_PERP,5,2026-04-29,2026-05-07,8,0.01938,17.0,-3.0000000000001137,3.8280000000000003,7.1689205479452065,2.92,3.999999999999602,3.739079452055078,0.16004277926871882
RGBI,LONG_QUARTERLY_SHORT_PERP,5,2026-02-24,2026-03-03,7,0.0763,-29.0,31.000000000000227,14.777,6.272805479452056,2.92,3.999999999999602,3.5841945205485697,0.15341328256424985
RGBI,LONG_QUARTERLY_SHORT_PERP,3,2026-07-01,2026-07-06,5,0.08871,-177.0,171.9999999999999,19.734,4.480575342465754,2.92,3.999999999999602,3.3334246575345308,0.14267964976820316
RGBI,LONG_QUARTERLY_SHORT_PERP,10,2026-09-07,2026-09-21,14,0.0273,-142.0,114.99999999999915,49.692,12.545610958904112,2.92,3.999999999999602,3.226389041095434,0.13809823400656737
RGBI,LONG_QUARTERLY_SHORT_PERP,3,2026-01-30,2026-02-04,5,0.03279,-3.0,-3.0000000000001137,20.62,4.480575342465754,2.92,3.999999999999602,3.21942465753453,0.13780013943134573
RGBI,LONG_QUARTERLY_SHORT_PERP,3,2026-08-18,2026-08-21,3,0.03666,26.0,-23.99999999999949,10.722,2.688345205479452,2.92,3.999999999999602,3.113654794521457,0.13327290136204498
RGBI,LONG_QUARTERLY_SHORT_PERP,20,2026-08-20,2026-09-17,28,0.03281,-141.0,112.00000000000045,63.85999999999999,25.091221917808223,2.92,3.999999999999602,2.848778082192622,0.12193545701291023
RGBI,LONG_QUARTERLY_SHORT_PERP,20,2026-08-24,2026-09-21,28,0.04439,-76.0,50.0,60.370000000000005,25.091221917808223,2.92,3.999999999999602,2.3587780821921793,0.10096212310885498
RGBI,LONG_QUARTERLY_SHORT_PERP,5,2026-08-18,2026-08-25,7,0.03666,32.0,-34.00000000000034,17.448,6.272805479452056,2.92,3.999999999999602,2.2551945205480006,0.09652846468980869
RGBI,LONG_QUARTERLY_SHORT_PERP,3,2026-01-05,2026-01-09,4,0.03411,-2.0,-4.999999999999716,19.352,3.5844602739726033,2.92,3.999999999999602,1.8475397260280797,0.07907972974481357
RGBI,LONG_QUARTERLY_SHORT_PERP,20,2026-04-15,2026-05-14,29,0.0518,-3.0,10.999999999999943,26.744,25.987336986301372,2.92,3.999999999999602,1.8366630136989688,0.07861417684796339
RGBI,LONG_QUARTERLY_SHORT_PERP,40,2026-01-05,2026-03-04,58,0.03411,-157.0,45.999999999999375,171.704,51.974673972602744,2.92,3.999999999999602,1.8093260273970362,0.077444079416044
RGBI,LONG_QUARTERLY_SHORT_PERP,3,2026-08-24,2026-08-27,3,0.04439,28.0,-23.99999999999949,7.168000000000001,2.688345205479452,2.92,3.999999999999602,1.5596547945214585,0.06675747098067279
RGBI,LONG_QUARTERLY_SHORT_PERP,3,2026-02-20,2026-02-26,6,0.04132,-42.0,40.00000000000057,15.645000000000001,5.376690410958904,2.92,3.999999999999602,1.3483095890420635,0.05771132085100644
RGBI,LONG_QUARTERLY_SHORT_PERP,20,2026-08-21,2026-09-18,28,0.05205,-136.0,106.99999999999932,62.339999999999996,25.091221917808223,2.92,3.999999999999602,1.328778082191489,0.05687531918809609
RGBI,LONG_QUARTERLY_SHORT_PERP,3,2026-08-27,2026-09-01,5,0.02782,59.0,-48.0000000000004,1.7209999999999999,4.480575342465754,2.92,3.999999999999602,1.3204246575342449,0.056517769872629575
RGBI,LONG_QUARTERLY_SHORT_PERP,5,2026-08-26,2026-09-02,7,0.02099,-2.0,14.000000000000057,2.42,6.272805479452056,2.92,3.999999999999602,1.2271945205483998,0.052527266213602694
RGBI,LONG_QUARTERLY_SHORT_PERP,5,2026-05-25,2026-06-01,7,0.00741,-15.0,37.999999999999545,-8.618,6.272805479452056,2.92,3.999999999999602,1.189194520547888,0.05090076276796164
RGBI,LONG_QUARTERLY_SHORT_PERP,5,2026-02-04,2026-02-11,7,0.08271,-92.0,82.99999999999983,23.319000000000003,6.272805479452056,2.92,3.999999999999602,1.1261945205481734,0.04820419126602633
RGBI,LONG_QUARTERLY_SHORT_PERP,20,2026-06-22,2026-07-20,28,0.01532,-522.0,495.9999999999994,59.118,25.091221917808223,2.92,3.999999999999602,1.1067780821915516,0.047373114847902735
RGBI,LONG_QUARTERLY_SHORT_PERP,10,2026-08-17,2026-08-31,14,0.02719,48.0,-57.99999999999983,30.092999999999996,12.545610958904112,2.92,3.999999999999602,0.6273890410964533,0.026853958870712378
RGBI,LONG_QUARTERLY_SHORT_PERP,3,2026-09-08,2026-09-11,3,0.03355,-83.0,80.00000000000114,12.925,2.688345205479452,2.92,3.999999999999602,0.31665479452208345,0.013553687220052365
RGBI,LONG_QUARTERLY_SHORT_PERP,10,2026-04-07,2026-04-21,14,0.07618,115.0,-142.00000000000017,46.607,12.545610958904112,2.92,3.999999999999602,0.14138904109611516,0.006051835855674149
RGBI,LONG_QUARTERLY_SHORT_PERP,3,2026-09-11,2026-09-16,5,0.04946,-53.0,39.99999999999915,24.532999999999998,4.480575342465754,2.92,3.999999999999602,0.13242465753378863,0.005668135835885315
RGBI,LONG_QUARTERLY_SHORT_PERP,5,2026-08-24,2026-08-31,7,0.04439,73.0,-70.99999999999937,11.266000000000002,6.272805479452056,2.92,3.999999999999602,0.07319452054896924,0.0031329247335089346
RGBI,LONG_QUARTERLY_SHORT_PERP,3,2026-06-30,2026-07-03,3,0.10244,-135.0,123.99999999999949,20.646,2.688345205479452,2.92,3.999999999999602,0.037654794520435075,0.0016117277113570634
RGBI,LONG_QUARTERLY_SHORT_PERP,10,2026-08-26,2026-09-09,14,0.02099,1.0,5.000000000001137,13.389999999999999,12.545610958904112,2.92,3.999999999999602,-0.07561095890257619,-0.0032363548732001965
RGBI,LONG_QUARTERLY_SHORT_PERP,20,2026-01-13,2026-02-10,28,0.07226,-205.0,142.99999999999926,93.706,25.091221917808223,2.92,3.999999999999602,-0.3052219178085611,-0.013064328973529132
RGBI,LONG_QUARTERLY_SHORT_PERP,10,2026-09-11,2026-09-25,14,0.04946,-86.0,71.99999999999989,33.1,12.545610958904112,2.92,3.999999999999602,-0.3656109589038259,-0.015649144326662923
RGBI,LONG_QUARTERLY_SHORT_PERP,3,2026-08-17,2026-08-20,3,0.02719,34.0,-34.00000000000034,9.183,2.688345205479452,2.92,3.999999999999602,-0.42534520547939536,-0.01820593269183732
RGBI,SHORT_QUARTERLY_LONG_PERP,5,2026-07-31,2026-08-07,7,-0.05797,-2.0,0.0,14.754999999999999,6.272805479452056,2.92,3.999999999999602,-0.4378054794516588,-0.018739266337870084
RGBI,LONG_QUARTERLY_SHORT_PERP,5,2026-09-09,2026-09-16,7,0.03743,-139.0,117.99999999999926,33.715,6.272805479452056,2.92,3.999999999999602,-0.4778054794523934,-0.02045137522802694
RGBI,LONG_QUARTERLY_SHORT_PERP,5,2026-08-25,2026-09-01,7,0.02287,-8.0,14.000000000000057,6.601999999999999,6.272805479452056,2.92,3.999999999999602,-0.5908054794516007,-0.025288082842597297
RGBI,LONG_QUARTERLY_SHORT_PERP,10,2026-08-31,2026-09-14,14,0.01021,-72.0,60.99999999999994,29.773,12.545610958904112,2.92,3.999999999999602,-0.6926109589037708,-0.029645634503435807
RGBI,LONG_QUARTERLY_SHORT_PERP,5,2026-04-15,2026-04-22,7,0.0518,144.0,-149.0000000000009,17.392000000000003,6.272805479452056,2.92,3.999999999999602,-0.8008054794525643,-0.03427665451579695
RGBI,SHORT_QUARTERLY_LONG_PERP,3,2026-05-05,2026-05-08,3,-0.02225,23.0,-15.999999999999659,1.701,2.688345205479452,2.92,3.999999999999602,-0.9073452054787126,-0.03883684481781931
RGBI,LONG_QUARTERLY_SHORT_PERP,3,2026-09-17,2026-09-22,5,0.02725,-20.0,20.999999999999375,9.49,4.480575342465754,2.92,3.999999999999602,-0.9105753424659815,-0.03897510347412496
RGBI,LONG_QUARTERLY_SHORT_PERP,3,2026-08-13,2026-08-18,5,0.02749,-104.0,109.99999999999943,4.471,4.480575342465754,2.92,3.999999999999602,-0.9295753424659248,-0.0397883551969321
RGBI,LONG_QUARTERLY_SHORT_PERP,5,2026-01-16,2026-01-23,7,0.06896,-50.0,39.99999999999915,21.876,6.272805479452056,2.92,3.999999999999602,-1.3168054794525093,-0.05636285919841241
RGBI,LONG_QUARTERLY_SHORT_PERP,3,2026-04-22,2026-04-27,5,0.01351,-137.0,146.0000000000008,1.0090000000000001,4.480575342465754,2.92,3.999999999999602,-1.3915753424645603,-0.05956321287782221
RGBI,LONG_QUARTERLY_SHORT_PERP,5,2026-06-26,2026-07-03,7,0.12174,-173.0,141.99999999999875,42.505,6.272805479452056,2.92,3.999999999999602,-1.6878054794529058,-0.07224266915434258
RGBI,LONG_QUARTERLY_SHORT_PERP,10,2026-02-16,2026-03-03,15,0.09418,-21.0,1.0000000000005116,38.596000000000004,13.441726027397262,2.92,3.999999999999602,-1.765726027396349,-0.0755778807257779
RGBI,SHORT_QUARTERLY_LONG_PERP,3,2026-08-04,2026-08-07,3,-0.0472,2.0,1.0000000000005116,4.701,2.688345205479452,2.92,3.999999999999602,-1.907345205478543,-0.08163956707094734
RGBI,LONG_QUARTERLY_SHORT_PERP,5,2026-09-17,2026-09-24,7,0.02725,-14.0,17.00000000000017,8.178,6.272805479452056,2.92,3.999999999999602,-2.0148054794514865,-0.08623915933105707
RGBI,SHORT_QUARTERLY_LONG_PERP,5,2026-07-15,2026-07-22,7,-0.02614,-76.0,93.00000000000068,-6.001,6.272805479452056,2.92,3.999999999999602,-2.193805479450977,-0.09390084661434647
RGBI,LONG_QUARTERLY_SHORT_PERP,5,2026-09-15,2026-09-22,7,0.08916,-59.0,55.999999999998806,13.751,6.272805479452056,2.92,3.999999999999602,-2.441805479452852,-0.10451592173320429
RGBI,LONG_QUARTERLY_SHORT_PERP,3,2026-08-20,2026-08-25,5,0.03281,36.0,-39.00000000000006,11.931,4.480575342465754,2.92,3.999999999999602,-2.469575342465414,-0.1057045474667386
RGBI,LONG_QUARTERLY_SHORT_PERP,3,2026-09-16,2026-09-21,5,0.01536,17.0,-17.00000000000017,8.879000000000001,4.480575342465754,2.92,3.999999999999602,-2.5215753424655256,-0.10793028902390642
RGBI,SHORT_QUARTERLY_LONG_PERP,3,2026-04-27,2026-04-30,3,-0.03006,-15.0,21.999999999999886,-0.10100000000000005,2.688345205479452,2.92,3.999999999999602,-2.709345205479168,-0.11596735031798859
RGBI,LONG_QUARTERLY_SHORT_PERP,10,2026-02-05,2026-02-19,14,0.03771,194.0,-218.99999999999977,41.650999999999996,12.545610958904112,2.92,3.999999999999602,-2.81461095890349,-0.1204730111245769
RGBI,SHORT_QUARTERLY_LONG_PERP,3,2026-08-12,2026-08-17,5,-0.00681,240.0,-228.0000000000001,-3.5540000000000003,4.480575342465754,2.92,3.999999999999602,-2.9545753424654704,-0.12646386775951163
RGBI,SHORT_QUARTERLY_LONG_PERP,3,2026-09-23,2026-09-28,5,-0.00803,92.0,-87.00000000000045,3.2079999999999997,4.480575342465754,2.92,3.999999999999602,-3.192575342465811,-0.13665091565577242
RGBI,LONG_QUARTERLY_SHORT_PERP,3,2026-04-29,2026-05-05,6,0.01938,13.0,-6.999999999999318,3.0940000000000003,5.376690410958904,2.92,3.999999999999602,-3.202690410957823,-0.13708386812300744
RGBI,SHORT_QUARTERLY_LONG_PERP,3,2026-03-04,2026-03-09,5,-0.02965,-22.0,28.000000000000114,2.1520000000000006,4.480575342465754,2.92,3.999999999999602,-3.2485753424652417,-0.1390478681019236
RGBI,LONG_QUARTERLY_SHORT_PERP,5,2026-01-20,2026-01-27,7,0.05708,-53.0,52.99999999999869,9.853000000000002,6.272805479452056,2.92,3.999999999999602,-3.3398054794529637,-0.14295276631652457
RGBI,LONG_QUARTERLY_SHORT_PERP,5,2026-01-05,2026-01-13,8,0.03411,-170.0,151.0000000000005,29.499000000000002,7.1689205479452065,2.92,3.999999999999602,-3.5899205479442946,-0.1536583721244829
RGBI,LONG_QUARTERLY_SHORT_PERP,3,2026-02-26,2026-03-03,5,0.04612,5.0,-4.000000000000625,6.762,4.480575342465754,2.92,3.999999999999602,-3.638575342465982,-0.15574092978067808
RGBI,SHORT_QUARTERLY_LONG_PERP,3,2026-05-19,2026-05-22,3,-0.03081,-6.0,11.999999999999034,-0.059999999999999984,2.688345205479452,2.92,3.999999999999602,-3.66834520548002,-0.15701516095878182
RGBI,LONG_QUARTERLY_SHORT_PERP,10,2026-04-14,2026-04-28,14,0.05921,32.0,-37.000000000000455,20.457,12.545610958904112,2.92,3.999999999999602,-4.008610958904168,-0.17157946149484943
RGBI,LONG_QUARTERLY_SHORT_PERP,3,2026-07-08,2026-07-13,5,0.02822,-43.0,51.00000000000051,-0.627,4.480575342465754,2.92,3.999999999999602,-4.027575342464845,-0.17239118873709902
RGBI,LONG_QUARTERLY_SHORT_PERP,3,2026-05-22,2026-05-27,5,0.00404,-18.0,28.999999999999204,-3.8880000000000003,4.480575342465754,2.92,3.999999999999602,-4.288575342466152,-0.18356269924522328
RGBI,LONG_QUARTERLY_SHORT_PERP,5,2026-08-20,2026-08-27,7,0.03281,-31.0,23.000000000000398,16.811999999999998,6.272805479452056,2.92,3.999999999999602,-4.380805479451262,-0.18751040018196558
RGBI,LONG_QUARTERLY_SHORT_PERP,3,2026-09-14,2026-09-17,3,0.14081,-83.0,75.0,13.177,2.688345205479452,2.92,3.999999999999602,-4.4313452054790545,-0.18967363803788273
RGBI,SHORT_QUARTERLY_LONG_PERP,3,2026-03-06,2026-03-11,5,-0.03964,-5.0,19.999999999998863,-8.036999999999999,4.480575342465754,2.92,3.999999999999602,-4.437575342466492,-0.18994030486095503
RGBI,LONG_QUARTERLY_SHORT_PERP,3,2026-09-15,2026-09-18,3,0.08916,-4.0,0.9999999999990905,7.946000000000001,2.688345205479452,2.92,3.999999999999602,-4.662345205479963,-0.1995610668783959
RGBI,LONG_QUARTERLY_SHORT_PERP,5,2026-03-25,2026-04-01,7,0.00053,-55.0,43.99999999999977,19.512999999999998,6.272805479452056,2.92,3.999999999999602,-4.679805479451887,-0.2003084141356798
RGBI,SHORT_QUARTERLY_LONG_PERP,3,2026-08-11,2026-08-14,3,-0.00447,131.0,-126.00000000000051,-0.15399999999999997,2.688345205479452,2.92,3.999999999999602,-4.762345205479566,-0.2038413391036924
RGBI,SHORT_QUARTERLY_LONG_PERP,5,2026-05-06,2026-05-13,7,-0.00493,11.0,1.999999999999602,-4.735,6.272805479452056,2.92,3.999999999999602,-4.927805479452055,-0.21092348925446452
RGBI,LONG_QUARTERLY_SHORT_PERP,5,2026-04-06,2026-04-13,7,0.04525,-5.0,-14.000000000000057,27.083000000000002,6.272805479452056,2.92,3.999999999999602,-5.109805479451713,-0.21871358470452051
RGBI,SHORT_QUARTERLY_LONG_PERP,3,2026-09-24,2026-09-29,5,-0.00509,115.0,-111.99999999999903,3.2639999999999993,4.480575342465754,2.92,3.999999999999602,-5.136575342464391,-0.21985940771580664
RGBI,SHORT_QUARTERLY_LONG_PERP,20,2026-07-17,2026-08-14,28,-0.00615,-370.0,345.9999999999994,50.64999999999999,25.091221917808223,2.92,3.999999999999602,-5.361221917808459,-0.22947489268537682
RGBI,LONG_QUARTERLY_SHORT_PERP,3,2026-04-20,2026-04-23,3,0.07015,51.0,-54.000000000000625,7.242,2.688345205479452,2.92,3.999999999999602,-5.366345205479679,-0.22969418334459096
RGBI,LONG_QUARTERLY_SHORT_PERP,5,2026-05-07,2026-05-14,7,0.01227,-7.0,9.000000000000341,5.7010000000000005,6.272805479452056,2.92,3.999999999999602,-5.491805479451316,-0.2350642246052012
RGBI,SHORT_QUARTERLY_LONG_PERP,3,2026-06-10,2026-06-16,6,-0.01559,38.0,-35.00000000000085,3.753,5.376690410958904,2.92,3.999999999999602,-5.543690410959359,-0.2372850409176629
RGBI,LONG_QUARTERLY_SHORT_PERP,10,2026-04-22,2026-05-07,15,0.01351,-140.0,151.0000000000005,3.6510000000000002,13.441726027397262,2.92,3.999999999999602,-5.710726027396353,-0.24443462001439678
RGBI,LONG_QUARTERLY_SHORT_PERP,40,2026-01-06,2026-03-05,58,0.10233,-176.0,67.00000000000017,162.072,51.974673972602744,2.92,3.999999999999602,-5.822673972602173,-0.24922629681985073
RGBI,SHORT_QUARTERLY_LONG_PERP,5,2026-03-12,2026-03-19,7,-0.00615,-1.0,30.000000000001137,-21.632,6.272805479452056,2.92,3.999999999999602,-5.824805479450522,-0.2493175311154613
RGBI,SHORT_QUARTERLY_LONG_PERP,5,2026-05-27,2026-06-03,7,-0.04764,-20.0,17.99999999999926,9.362,6.272805479452056,2.92,3.999999999999602,-5.830805479452397,-0.2495743474490603
RGBI,LONG_QUARTERLY_SHORT_PERP,20,2026-01-19,2026-02-16,28,0.06868,45.0,-105.00000000000114,85.936,25.091221917808223,2.92,3.999999999999602,-6.075221917808955,-0.26003603637413664
RGBI,LONG_QUARTERLY_SHORT_PERP,5,2026-08-17,2026-08-24,7,0.02719,-25.0,12.999999999999545,18.826999999999998,6.272805479452056,2.92,3.999999999999602,-6.365805479452114,-0.2724738038544756
RGBI,LONG_QUARTERLY_SHORT_PERP,3,2026-04-16,2026-04-21,5,0.05049,10.0,-16.00000000000108,10.992,4.480575342465754,2.92,3.999999999999602,-6.408575342466436,-0.2743044704218823
RGBI,LONG_QUARTERLY_SHORT_PERP,3,2026-02-16,2026-02-19,3,0.09418,50.0,-58.99999999999892,12.057,2.688345205479452,2.92,3.999999999999602,-6.551345205477974,-0.2804154092144833
RGBI,LONG_QUARTERLY_SHORT_PERP,3,2026-06-26,2026-07-01,5,0.12174,-62.0,35.99999999999994,30.73,4.480575342465754,2.92,3.999999999999602,-6.670575342465413,-0.28551878365215994
RGBI,SHORT_QUARTERLY_LONG_PERP,5,2026-07-30,2026-08-06,7,-0.05713,-3.0,-9.000000000000341,18.157999999999998,6.272805479452056,2.92,3.999999999999602,-7.034805479452001,-0.3011088250418183
RGBI,LONG_QUARTERLY_SHORT_PERP,3,2026-01-08,2026-01-13,5,0.06312,-170.0,160.99999999999994,12.954000000000002,4.480575342465754,2.92,3.999999999999602,-7.446575342465411,-0.3187336961205928
RGBI,LONG_QUARTERLY_SHORT_PERP,20,2026-04-08,2026-05-07,29,0.03155,24.0,-46.999999999999886,48.454,25.987336986301372,2.92,3.999999999999602,-7.45333698630086,-0.31902311288365615
RGBI,LONG_QUARTERLY_SHORT_PERP,10,2026-02-11,2026-02-26,15,0.02822,175.0,-203.9999999999992,41.88,13.441726027397262,2.92,3.999999999999602,-7.481726027396066,-0.32023824112468713
RGBI,LONG_QUARTERLY_SHORT_PERP,3,2026-01-09,2026-01-14,5,0.02807,-149.0,139.00000000000006,13.697999999999999,4.480575342465754,2.92,3.999999999999602,-7.702575342465301,-0.32969119301739075
RGBI,LONG_QUARTERLY_SHORT_PERP,3,2026-07-22,2026-07-27,5,0.02786,209.0,-186.99999999999903,-18.335,4.480575342465754,2.92,3.999999999999602,-7.735575342464391,-0.33110368285170527
RGBI,LONG_QUARTERLY_SHORT_PERP,10,2026-08-24,2026-09-07,14,0.04439,66.0,-64.99999999999915,10.678,12.545610958904112,2.92,3.999999999999602,-7.78761095890286,-0.33333094888939174
RGBI,LONG_QUARTERLY_SHORT_PERP,3,2026-05-21,2026-05-26,5,0.00081,-41.0,43.00000000000068,1.28,4.480575342465754,2.92,3.999999999999602,-8.120575342464674,-0.3475827309191745
RGBI,LONG_QUARTERLY_SHORT_PERP,3,2026-03-25,2026-03-30,5,0.00053,-42.0,39.00000000000006,6.143,4.480575342465754,2.92,3.999999999999602,-8.2575753424653,-0.3534467038678808
RGBI,LONG_QUARTERLY_SHORT_PERP,20,2026-08-13,2026-09-10,28,0.02749,-117.0,98.99999999999949,41.644,25.091221917808223,2.92,3.999999999999602,-8.367221917808338,-0.35813987577829637
RGBI,SHORT_QUARTERLY_LONG_PERP,5,2026-07-29,2026-08-05,7,-0.05208,-5.0,-12.999999999999545,22.665,6.272805479452056,2.92,3.999999999999602,-8.527805479451203,-0.36501328936571514
RGBI,LONG_QUARTERLY_SHORT_PERP,3,2026-09-04,2026-09-09,5,0.01341,-31.0,24.00000000000091,9.828000000000001,4.480575342465754,2.92,3.999999999999602,-8.572575342464447,-0.3669295613775819
RGBI,LONG_QUARTERLY_SHORT_PERP,3,2026-07-21,2026-07-24,3,0.03073,233.0,-226.9999999999996,-4.9670000000000005,2.688345205479452,2.92,3.999999999999602,-8.575345205478657,-0.36704811905485835
RGBI,LONG_QUARTERLY_SHORT_PERP,20,2026-08-19,2026-09-16,28,0.02236,-176.0,134.99999999999943,64.416,25.091221917808223,2.92,3.999999999999602,-8.595221917808397,-0.36789889645201374
RGBI,LONG_QUARTERLY_SHORT_PERP,10,2026-04-08,2026-04-22,14,0.03155,164.0,-198.0000000000004,44.803,12.545610958904112,2.92,3.999999999999602,-8.662610958904114,-0.37078333086093884
RGBI,LONG_QUARTERLY_SHORT_PERP,10,2026-01-20,2026-02-03,14,0.05708,-49.0,20.999999999999375,38.592,12.545610958904112,2.92,3.999999999999602,-8.87361095890434,-0.37981470525636
RGBI,SHORT_QUARTERLY_LONG_PERP,3,2026-07-10,2026-07-15,5,-0.00576,150.0,-154.99999999999972,7.434,4.480575342465754,2.92,3.999999999999602,-8.966575342465072,-0.38379383394534394
RGBI,LONG_QUARTERLY_SHORT_PERP,10,2026-04-16,2026-04-30,14,0.05049,-47.0,43.99999999999977,13.453000000000001,12.545610958904112,2.92,3.999999999999602,-9.01261095890394,-0.3857642836495287
RGBI,LONG_QUARTERLY_SHORT_PERP,5,2026-06-30,2026-07-07,7,0.10244,-214.0,185.99999999999994,32.115,6.272805479452056,2.92,3.999999999999602,-9.077805479451712,-0.3885547866049613
RGBI,LONG_QUARTERLY_SHORT_PERP,5,2026-09-04,2026-09-11,7,0.01341,-117.0,102.00000000000102,19.009999999999998,6.272805479452056,2.92,3.999999999999602,-9.182805479450636,-0.39304907244149445
RGBI,LONG_QUARTERLY_SHORT_PERP,3,2026-02-11,2026-02-16,5,0.02822,201.0,-209.00000000000034,10.046,4.480575342465754,2.92,3.999999999999602,-9.354575342465697,-0.40040129017958725
RGBI,LONG_QUARTERLY_SHORT_PERP,5,2026-04-09,2026-04-16,7,0.02831,104.0,-129.99999999999972,29.629,6.272805479452056,2.92,3.999999999999602,-9.563805479451371,-0.4093569096199705
RGBI,SHORT_QUARTERLY_LONG_PERP,3,2026-05-20,2026-05-25,5,-0.00425,32.0,-29.000000000000625,-1.226,4.480575342465754,2.92,3.999999999999602,-9.626575342465982,-0.4120436306324522
RGBI,LONG_QUARTERLY_SHORT_PERP,5,2026-03-11,2026-03-18,7,0.05881,121.0,-143.00000000000068,25.406000000000002,6.272805479452056,2.92,3.999999999999602,-9.786805479452337,-0.418901916682461
RGBI,SHORT_QUARTERLY_LONG_PERP,5,2026-04-27,2026-05-05,8,-0.03006,7.0,-1.0000000000005116,-1.9080000000000004,7.1689205479452065,2.92,3.999999999999602,-9.99692054794532,-0.42789541360036465
RGBI,LONG_QUARTERLY_SHORT_PERP,3,2026-07-02,2026-07-07,5,0.08013,-123.0,109.00000000000034,15.231,4.480575342465754,2.92,3.999999999999602,-10.169575342465016,-0.4352855088158633
RGBI,LONG_QUARTERLY_SHORT_PERP,3,2026-03-05,2026-03-10,5,0.00601,21.0,-17.99999999999926,-1.8080000000000003,4.480575342465754,2.92,3.999999999999602,-10.208575342464618,-0.43695481498371863
RGBI,LONG_QUARTERLY_SHORT_PERP,10,2026-04-15,2026-04-29,14,0.0518,-13.0,4.999999999999716,17.215,12.545610958904112,2.92,3.999999999999602,-10.250610958903998,-0.4387540537989127
RGBI,LONG_QUARTERLY_SHORT_PERP,3,2026-09-18,2026-09-23,5,0.03685,-42.0,37.999999999999545,5.002,4.480575342465754,2.92,3.999999999999602,-10.398575342465811,-0.4450873322118654
RGBI,LONG_QUARTERLY_SHORT_PERP,20,2026-08-31,2026-09-28,28,0.01021,-254.0,226.9999999999996,48.429,25.091221917808223,2.92,3.999999999999602,-10.582221917808221,-0.452947905568986
RGBI,LONG_QUARTERLY_SHORT_PERP,5,2026-04-07,2026-04-14,7,0.07618,-14.0,-8.99999999999892,25.385999999999996,6.272805479452056,2.92,3.999999999999602,-10.806805479450581,-0.4625606933805838
RGBI,LONG_QUARTERLY_SHORT_PERP,5,2026-09-14,2026-09-21,7,0.14081,-77.0,59.99999999999943,19.331,6.272805479452056,2.92,3.999999999999602,-10.861805479452226,-0.46491484310457665
RGBI,LONG_QUARTERLY_SHORT_PERP,3,2026-07-07,2026-07-10,3,0.0351,166.0,-170.99999999999937,3.6249999999999996,2.688345205479452,2.92,3.999999999999602,-10.983345205478429,-0.4701170742403984
RGBI,LONG_QUARTERLY_SHORT_PERP,3,2026-05-07,2026-05-12,5,0.01227,3.0,-1.999999999999602,-0.614,4.480575342465754,2.92,3.999999999999602,-11.014575342464958,-0.4714538091197602
RGBI,LONG_QUARTERLY_SHORT_PERP,10,2026-07-08,2026-07-22,14,0.02822,-18.0,26.999999999999602,-0.6300000000000001,12.545610958904112,2.92,3.999999999999602,-11.095610958904112,-0.47492235410281686
RGBI,SHORT_QUARTERLY_LONG_PERP,40,2026-03-06,2026-05-04,59,-0.03964,5.0,169.99999999999886,-126.363,52.8707890410959,2.92,3.999999999999602,-11.153789041096635,-0.4774125343961235
RGBI,SHORT_QUARTERLY_LONG_PERP,3,2026-08-10,2026-08-13,3,-0.00908,51.0,-51.00000000000051,-1.6210000000000002,2.688345205479452,2.92,3.999999999999602,-11.229345205479566,-0.4806465439147184
RGBI,SHORT_QUARTERLY_LONG_PERP,10,2026-08-12,2026-08-26,14,-0.00681,220.0,-184.99999999999943,-26.767000000000003,12.545610958904112,2.92,3.999999999999602,-11.232610958903148,-0.4807863270514552
RGBI,LONG_QUARTERLY_SHORT_PERP,3,2026-03-11,2026-03-16,5,0.05881,150.0,-166.00000000000108,16.166,4.480575342465754,2.92,3.999999999999602,-11.234575342466435,-0.48087040801551323
RGBI,LONG_QUARTERLY_SHORT_PERP,10,2026-07-06,2026-07-20,14,0.07959,-68.0,75.99999999999909,-0.15700000000000025,12.545610958904112,2.92,3.999999999999602,-11.622610958904623,-0.4974793887302411
RGBI,LONG_QUARTERLY_SHORT_PERP,5,2026-07-02,2026-07-09,7,0.08013,60.0,-78.00000000000011,19.432,6.272805479452056,2.92,3.999999999999602,-11.760805479451772,-0.5033944904101258
RGBI,LONG_QUARTERLY_SHORT_PERP,5,2026-02-16,2026-02-24,8,0.09418,8.0,-29.999999999999716,23.819000000000003,7.1689205479452065,2.92,3.999999999999602,-12.269920547944523,-0.525186001281707
RGBI,LONG_QUARTERLY_SHORT_PERP,3,2026-09-07,2026-09-10,3,0.0273,-16.0,1.999999999999602,11.334,2.688345205479452,2.92,3.999999999999602,-12.274345205479452,-0.5253753886692399
RGBI,LONG_QUARTERLY_SHORT_PERP,5,2026-01-27,2026-02-03,7,0.01846,4.0,-31.999999999999318,28.738999999999997,6.272805479452056,2.92,3.999999999999602,-12.453805479450978,-0.5330567769315147
RGBI,LONG_QUARTERLY_SHORT_PERP,3,2026-05-25,2026-05-28,3,0.00741,7.0,-3.0000000000001137,-6.899000000000001,2.688345205479452,2.92,3.999999999999602,-12.507345205479169,-0.5353484229542083
RGBI,SHORT_QUARTERLY_LONG_PERP,5,2026-08-06,2026-08-13,7,-0.01206,53.0,-54.000000000000625,1.6809999999999998,6.272805479452056,2.92,3.999999999999602,-12.511805479452283,-0.5355393348222524
RGBI,LONG_QUARTERLY_SHORT_PERP,3,2026-03-30,2026-04-02,3,0.06758,-31.0,10.999999999999943,16.991,2.688345205479452,2.92,3.999999999999602,-12.617345205479111,-0.5400567224020507
RGBI,SHORT_QUARTERLY_LONG_PERP,10,2026-07-30,2026-08-13,14,-0.05713,50.0,-63.000000000000966,19.839000000000002,12.545610958904112,2.92,3.999999999999602,-12.626610958904678,-0.5404533218723913
RGBI,SHORT_QUARTERLY_LONG_PERP,3,2026-08-06,2026-08-11,5,-0.01206,-28.0,23.000000000000398,3.7489999999999997,4.480575342465754,2.92,3.999999999999602,-12.651575342464959,-0.5415218654481426
RGBI,LONG_QUARTERLY_SHORT_PERP,10,2026-02-18,2026-03-05,15,0.0685,-97.0,78.00000000000011,26.642,13.441726027397262,2.92,3.999999999999602,-12.719726027396751,-0.5444389002866391
RGBI,LONG_QUARTERLY_SHORT_PERP,5,2026-09-21,2026-09-28,7,0.02469,-105.0,106.00000000000023,-0.6749999999999999,6.272805479452056,2.92,3.999999999999602,-12.86780547945143,-0.550777103944332
RGBI,SHORT_QUARTERLY_LONG_PERP,3,2026-07-20,2026-07-23,3,-0.00172,-219.0,221.9999999999999,-6.324000000000001,2.688345205479452,2.92,3.999999999999602,-12.93234520547917,-0.5535395799117908
RGBI,LONG_QUARTERLY_SHORT_PERP,3,2026-08-19,2026-08-24,5,0.02236,-83.0,67.99999999999926,12.925,4.480575342465754,2.92,3.999999999999602,-13.475575342466094,-0.5767913085847748
RGBI,SHORT_QUARTERLY_LONG_PERP,5,2026-08-05,2026-08-12,7,-0.01101,-40.0,34.00000000000034,5.636,6.272805479452056,2.92,3.999999999999602,-13.556805479451317,-0.5802681795767374
RGBI,SHORT_QUARTERLY_LONG_PERP,5,2026-08-12,2026-08-19,7,-0.00681,182.0,-173.0000000000004,-9.456000000000001,6.272805479452056,2.92,3.999999999999602,-13.648805479452058,-0.5842060300240576
RGBI,SHORT_QUARTERLY_LONG_PERP,40,2026-07-14,2026-09-08,56,-0.0339,-64.0,90.00000000000057,17.371,50.182443835616446,2.92,3.999999999999602,-13.731443835615485,-0.5877431766303765
RGBI,LONG_QUARTERLY_SHORT_PERP,10,2026-08-19,2026-09-02,14,0.02236,-40.0,25.99999999999909,19.730999999999998,12.545610958904112,2.92,3.999999999999602,-13.734610958904625,-0.5878787381288629
RGBI,LONG_QUARTERLY_SHORT_PERP,3,2026-07-09,2026-07-14,5,0.01379,-62.0,65.00000000000057,-5.396,4.480575342465754,2.92,3.999999999999602,-13.796575342464788,-0.5905309824279753
RGBI,SHORT_QUARTERLY_LONG_PERP,40,2026-03-12,2026-05-08,57,-0.00615,142.0,17.00000000000017,-115.015,51.0785589041096,2.92,3.999999999999602,-14.013558904109031,-0.59981846955053
RGBI,LONG_QUARTERLY_SHORT_PERP,10,2026-09-15,2026-09-29,14,0.08916,-168.0,163.99999999999864,9.175,12.545610958904112,2.92,3.999999999999602,-14.290610958905077,-0.6116770517016255
RGBI,LONG_QUARTERLY_SHORT_PERP,5,2026-08-31,2026-09-07,7,0.01021,-7.0,6.000000000000227,-0.588,6.272805479452056,2.92,3.999999999999602,-14.78080547945143,-0.6326587116145799
RGBI,LONG_QUARTERLY_SHORT_PERP,5,2026-04-08,2026-04-15,7,0.03155,20.0,-48.99999999999949,27.411,6.272805479452056,2.92,3.999999999999602,-14.781805479451144,-0.6327015143368208
RGBI,LONG_QUARTERLY_SHORT_PERP,10,2026-06-26,2026-07-10,14,0.12174,-86.0,32.99999999999983,57.599000000000004,12.545610958904112,2.92,3.999999999999602,-14.86661095890388,-0.6363314197193802
RGBI,LONG_QUARTERLY_SHORT_PERP,5,2026-04-21,2026-04-28,7,0.01009,-97.0,96.0000000000008,-0.7639999999999999,6.272805479452056,2.92,3.999999999999602,-14.956805479450862,-0.6401919907311073
RGBI,SHORT_QUARTERLY_LONG_PERP,5,2026-05-08,2026-05-15,7,-0.02435,-4.0,10.999999999999943,-8.887,6.272805479452056,2.92,3.999999999999602,-15.079805479451716,-0.6454567255682796
RGBI,SHORT_QUARTERLY_LONG_PERP,10,2026-07-29,2026-08-12,14,-0.05208,-45.0,21.000000000000796,28.301,12.545610958904112,2.92,3.999999999999602,-15.16461095890292,-0.6490866309507733
RGBI,SHORT_QUARTERLY_LONG_PERP,3,2026-09-02,2026-09-07,5,-0.02083,-23.0,22.999999999998977,-3.8720000000000003,4.480575342465754,2.92,3.999999999999602,-15.27257534246638,-0.6537078004736712
RGBI,LONG_QUARTERLY_SHORT_PERP,5,2026-06-29,2026-07-06,7,0.11615,-282.0,241.00000000000108,38.849000000000004,6.272805479452056,2.92,3.999999999999602,-15.343805479450575,-0.6567566442430584
RGBI,LONG_QUARTERLY_SHORT_PERP,5,2026-07-07,2026-07-14,7,0.0351,121.0,-121.99999999999989,-1.1950000000000003,6.272805479452056,2.92,3.999999999999602,-15.387805479451545,-0.6586399640222379
RGBI,LONG_QUARTERLY_SHORT_PERP,3,2026-01-15,2026-01-20,5,0.03323,-22.0,-1.999999999999602,19.472,4.480575342465754,2.92,3.999999999999602,-15.928575342464958,-0.681786386271667
RGBI,LONG_QUARTERLY_SHORT_PERP,10,2026-07-07,2026-07-21,14,0.0351,96.0,-92.00000000000017,-0.5940000000000002,12.545610958904112,2.92,3.999999999999602,-16.059610958903882,-0.6873950673673707
RGBI,LONG_QUARTERLY_SHORT_PERP,3,2026-05-04,2026-05-07,3,0.04032,-26.0,20.999999999999375,-1.4909999999999999,2.688345205479452,2.92,3.999999999999602,-16.09934520547968,-0.689095801287492
RGBI,SHORT_QUARTERLY_LONG_PERP,5,2026-05-19,2026-05-26,7,-0.03081,21.0,-23.000000000000398,-0.936,6.272805479452056,2.92,3.999999999999602,-16.128805479452055,-0.690356781211833
RGBI,SHORT_QUARTERLY_LONG_PERP,3,2026-05-29,2026-06-03,5,-0.03927,-33.0,25.0,3.1649999999999996,4.480575342465754,2.92,3.999999999999602,-16.23557534246536,-0.6949268220033967
RGBI,LONG_QUARTERLY_SHORT_PERP,5,2026-04-22,2026-04-29,7,0.01351,-157.0,154.00000000000063,-0.1769999999999997,6.272805479452056,2.92,3.999999999999602,-16.36980547945103,-0.7006722372747948
RGBI,LONG_QUARTERLY_SHORT_PERP,10,2026-09-14,2026-09-28,14,0.14081,-182.0,165.99999999999966,18.656,12.545610958904112,2.92,3.999999999999602,-16.809610958904056,-0.7194971090572296
RGBI,SHORT_QUARTERLY_LONG_PERP,3,2026-05-27,2026-06-01,5,-0.04764,24.0,-34.00000000000034,3.9890000000000003,4.480575342465754,2.92,3.999999999999602,-17.411575342465696,-0.7452628233730982
RGBI,LONG_QUARTERLY_SHORT_PERP,10,2026-01-28,2026-02-11,14,0.05329,-88.0,34.99999999999943,55.00000000000001,12.545610958904112,2.92,3.999999999999602,-17.465610958904275,-0.7475756948552956
RGBI,LONG_QUARTERLY_SHORT_PERP,3,2026-01-21,2026-01-26,5,0.06128,-41.0,32.99999999999983,1.8789999999999998,4.480575342465754,2.92,3.999999999999602,-17.521575342465525,-0.7499711228209358
RGBI,LONG_QUARTERLY_SHORT_PERP,10,2026-06-30,2026-07-14,14,0.10244,-93.0,64.00000000000006,30.919999999999998,12.545610958904112,2.92,3.999999999999602,-17.54561095890366,-0.7509999126355201
RGBI,LONG_QUARTERLY_SHORT_PERP,10,2026-01-09,2026-01-23,14,0.02807,-218.0,173.9999999999995,45.793,12.545610958904112,2.92,3.999999999999602,-17.672610958904226,-0.7564358583616926
RGBI,SHORT_QUARTERLY_LONG_PERP,3,2026-09-03,2026-09-08,5,-0.00199,-8.0,9.000000000000341,-7.426000000000001,4.480575342465754,2.92,3.999999999999602,-17.826575342465016,-0.7630259531081203
RGBI,LONG_QUARTERLY_SHORT_PERP,3,2026-01-13,2026-01-16,3,0.07226,0.0,-21.999999999999886,13.77,2.688345205479452,2.92,3.999999999999602,-17.83834520547894,-0.7635297352856628
RGBI,LONG_QUARTERLY_SHORT_PERP,20,2026-01-28,2026-02-26,29,0.05329,87.0,-168.99999999999977,96.88,25.987336986301372,2.92,3.999999999999602,-18.027336986300753,-0.7716190979883042
RGBI,LONG_QUARTERLY_SHORT_PERP,10,2026-08-21,2026-09-04,14,0.05205,-12.0,0.9999999999990905,12.387,12.545610958904112,2.92,3.999999999999602,-18.078610958904623,-0.7738137635964825
RGBI,SHORT_QUARTERLY_LONG_PERP,5,2026-09-02,2026-09-09,7,-0.02083,-3.0,8.99999999999892,-10.97,6.272805479452056,2.92,3.999999999999602,-18.162805479452736,-0.7774175182747393
RGBI,SHORT_QUARTERLY_LONG_PERP,3,2026-06-11,2026-06-17,6,-0.01811,1.0,-6.999999999999318,0.11499999999999991,5.376690410958904,2.92,3.999999999999602,-18.181690410957824,-0.778225844752721
RGBI,SHORT_QUARTERLY_LONG_PERP,40,2026-07-20,2026-09-14,56,-0.00172,-198.0,248.9999999999995,-12.106999999999998,50.182443835616446,2.92,3.999999999999602,-18.20944383561656,-0.7794137668799623
RGBI,LONG_QUARTERLY_SHORT_PERP,5,2026-05-22,2026-05-29,7,0.00404,-31.0,35.99999999999994,-10.085,6.272805479452056,2.92,3.999999999999602,-18.277805479451715,-0.7823398313338061
RGBI,LONG_QUARTERLY_SHORT_PERP,10,2026-04-17,2026-05-04,17,0.02968,-55.0,43.99999999999977,14.517000000000003,15.233956164383565,2.92,3.999999999999602,-18.636956164383392,-0.79771245834796
RGBI,LONG_QUARTERLY_SHORT_PERP,5,2026-02-05,2026-02-12,7,0.03771,-12.0,-15.000000000000568,21.538,6.272805479452056,2.92,3.999999999999602,-18.65480547945223,-0.7984764576232601
RGBI,LONG_QUARTERLY_SHORT_PERP,5,2026-04-03,2026-04-10,7,0.07697,-8.0,-23.000000000000398,25.535000000000004,6.272805479452056,2.92,3.999999999999602,-18.65780547945205,-0.7986048657900119
RGBI,SHORT_QUARTERLY_LONG_PERP,10,2026-05-20,2026-06-03,14,-0.00425,3.0,-15.000000000000568,12.765,12.545610958904112,2.92,3.999999999999602,-18.70061095890428,-0.8004370568379181
RGBI,LONG_QUARTERLY_SHORT_PERP,5,2026-09-22,2026-09-29,7,0.03336,-109.0,107.99999999999983,-4.5760000000000005,6.272805479452056,2.92,3.999999999999602,-18.768805479451828,-0.8033559679601004
RGBI,SHORT_QUARTERLY_LONG_PERP,5,2026-07-14,2026-07-21,7,-0.0339,25.0,-29.999999999999716,-0.601,6.272805479452056,2.92,3.999999999999602,-18.793805479451372,-0.8044260360164093
RGBI,SHORT_QUARTERLY_LONG_PERP,40,2026-07-10,2026-09-04,56,-0.00576,-53.0,63.000000000000966,28.276,50.182443835616446,2.92,3.999999999999602,-18.826443835615088,-0.8058230465100837
RGBI,SHORT_QUARTERLY_LONG_PERP,20,2026-01-26,2026-02-24,29,-0.01293,-97.0,207.00000000000074,-96.04,25.987336986301372,2.92,3.999999999999602,-18.947336986300243,-0.8109976024611668
RGBI,LONG_QUARTERLY_SHORT_PERP,5,2026-04-02,2026-04-09,7,0.03621,-57.0,25.0,25.826,6.272805479452056,2.92,3.999999999999602,-19.366805479451656,-0.828951995867468
RGBI,SHORT_QUARTERLY_LONG_PERP,20,2026-07-29,2026-08-26,28,-0.05208,175.0,-163.99999999999864,1.534,25.091221917808223,2.92,3.999999999999602,-19.47722191780646,-0.8336781200105491
RGBI,LONG_QUARTERLY_SHORT_PERP,40,2026-01-09,2026-03-09,59,0.02807,-133.0,22.999999999998977,150.2,52.8707890410959,2.92,3.999999999999602,-19.590789041096535,-0.8385391020458217
RGBI,LONG_QUARTERLY_SHORT_PERP,3,2026-02-05,2026-02-10,5,0.03771,-127.0,101.9999999999996,16.726,4.480575342465754,2.92,3.999999999999602,-19.674575342465758,-0.8421253838319461
RGBI,SHORT_QUARTERLY_LONG_PERP,5,2026-05-20,2026-05-27,7,-0.00425,23.0,-32.99999999999983,3.4030000000000005,6.272805479452056,2.92,3.999999999999602,-19.789805479451488,-0.8470575473805371
RGBI,LONG_QUARTERLY_SHORT_PERP,5,2026-04-30,2026-05-08,8,0.01287,-45.0,39.00000000000006,0.10600000000000019,7.1689205479452065,2.92,3.999999999999602,-19.98292054794475,-0.8553233980201493
RGBI,LONG_QUARTERLY_SHORT_PERP,3,2026-04-09,2026-04-14,5,0.02831,-15.0,-12.999999999999545,19.400000000000002,4.480575342465754,2.92,3.999999999999602,-20.0005753424649,-0.8560790712864315
RGBI,LONG_QUARTERLY_SHORT_PERP,5,2026-07-03,2026-07-10,7,0.03762,87.0,-108.99999999999892,15.094,6.272805479452056,2.92,3.999999999999602,-20.098805479450576,-0.8602835885567168
RGBI,SHORT_QUARTERLY_LONG_PERP,40,2026-03-20,2026-05-18,59,-0.02646,167.0,-21.999999999999886,-105.33500000000001,52.8707890410959,2.92,3.999999999999602,-20.125789041095395,-0.8614385584512003
RGBI,SHORT_QUARTERLY_LONG_PERP,10,2026-06-24,2026-07-08,14,-0.04019,305.0,-231.99999999999932,-73.667,12.545610958904112,2.92,3.999999999999602,-20.132610958903033,-0.8617305551043545
RGBI,LONG_QUARTERLY_SHORT_PERP,20,2026-03-30,2026-04-27,28,0.06758,-46.0,-28.000000000000114,85.798,25.091221917808223,2.92,3.999999999999602,-20.213221917807935,-0.8651809235889198
RGBI,SHORT_QUARTERLY_LONG_PERP,10,2026-08-05,2026-08-19,14,-0.01101,142.0,-139.00000000000006,-3.82,12.545610958904112,2.92,3.999999999999602,-20.28561095890377,-0.8682793716091156
RGBI,SHORT_QUARTERLY_LONG_PERP,10,2026-07-31,2026-08-14,14,-0.05797,75.0,-92.00000000000017,15.956000000000001,12.545610958904112,2.92,3.999999999999602,-20.509610958903885,-0.8778671813938228
RGBI,LONG_QUARTERLY_SHORT_PERP,20,2026-01-16,2026-02-13,28,0.06896,0.0,-72.00000000000131,83.38600000000001,25.091221917808223,2.92,3.999999999999602,-20.62522191780912,-0.8828156451572623
RGBI,LONG_QUARTERLY_SHORT_PERP,40,2026-01-12,2026-03-10,57,0.02921,-30.0,-80.9999999999988,148.224,51.0785589041096,2.92,3.999999999999602,-20.77455890410802,-0.8892076747039344
RGBI,LONG_QUARTERLY_SHORT_PERP,5,2026-02-03,2026-02-10,7,0.06197,-156.0,118.99999999999977,28.768,6.272805479452056,2.92,3.999999999999602,-21.424805479451884,-0.9170399982644302
RGBI,LONG_QUARTERLY_SHORT_PERP,20,2026-06-26,2026-07-24,28,0.12174,77.0,-115.00000000000057,48.413000000000004,25.091221917808223,2.92,3.999999999999602,-21.598221917808388,-0.9244626939095316
RGBI,LONG_QUARTERLY_SHORT_PERP,10,2026-08-27,2026-09-10,14,0.02782,22.0,-39.00000000000006,14.844000000000001,12.545610958904112,2.92,3.999999999999602,-21.62161095890377,-0.9254638085393044
RGBI,SHORT_QUARTERLY_LONG_PERP,5,2026-08-11,2026-08-18,7,-0.00447,185.0,-187.00000000000045,-6.539000000000001,6.272805479452056,2.92,3.999999999999602,-21.731805479452113,-0.9301804339961525
RGBI,LONG_QUARTERLY_SHORT_PERP,5,2026-08-19,2026-08-26,7,0.02236,-38.0,11.999999999999034,17.311,6.272805479452056,2.92,3.999999999999602,-21.881805479452623,-0.9366008423341448
RGBI,LONG_QUARTERLY_SHORT_PERP,10,2026-04-02,2026-04-16,14,0.03621,47.0,-104.99999999999972,55.455,12.545610958904112,2.92,3.999999999999602,-22.01061095890343,-0.9421140674957594
RGBI,LONG_QUARTERLY_SHORT_PERP,10,2026-07-01,2026-07-15,14,0.08871,-174.0,151.9999999999996,19.435,12.545610958904112,2.92,3.999999999999602,-22.030610958904113,-0.9429701219408514
RGBI,LONG_QUARTERLY_SHORT_PERP,5,2026-09-18,2026-09-25,7,0.03685,-79.0,68.00000000000068,2.157,6.272805479452056,2.92,3.999999999999602,-22.03580547945098,-0.9431924615610571
RGBI,SHORT_QUARTERLY_LONG_PERP,5,2026-05-05,2026-05-12,7,-0.02225,-7.0,-1.999999999999602,-0.11999999999999997,6.272805479452056,2.92,3.999999999999602,-22.312805479451256,-0.9550488156251875
RGBI,LONG_QUARTERLY_SHORT_PERP,10,2026-01-19,2026-02-02,14,0.06868,-83.0,42.00000000000017,38.102999999999994,12.545610958904112,2.92,3.999999999999602,-22.36261095890355,-0.9571806257288682
RGBI,LONG_QUARTERLY_SHORT_PERP,5,2026-03-24,2026-03-31,7,0.03489,-58.0,37.000000000000455,11.806,6.272805479452056,2.92,3.999999999999602,-22.386805479451205,-0.9582162170719173
RGBI,SHORT_QUARTERLY_LONG_PERP,5,2026-08-10,2026-08-17,7,-0.00908,193.0,-200.0,-2.4259999999999997,6.272805479452056,2.92,3.999999999999602,-22.61880547945166,-0.968146448634664
RGBI,LONG_QUARTERLY_SHORT_PERP,20,2026-02-03,2026-03-04,29,0.06197,62.0,-129.00000000000063,77.267,25.987336986301372,2.92,3.999999999999602,-22.640336986301605,-0.9690680557420539
RGBI,LONG_QUARTERLY_SHORT_PERP,3,2026-07-06,2026-07-09,3,0.07959,170.0,-191.00000000000108,7.710999999999999,2.688345205479452,2.92,3.999999999999602,-22.897345205480136,-0.9800687071643255
RGBI,LONG_QUARTERLY_SHORT_PERP,5,2026-05-21,2026-05-28,7,0.00081,-34.0,30.000000000001137,-5.7540000000000004,6.272805479452056,2.92,3.999999999999602,-22.946805479450525,-0.9821857415336439
RGBI,LONG_QUARTERLY_SHORT_PERP,3,2026-02-25,2026-03-02,5,0.03403,-42.0,19.000000000001194,11.435,4.480575342465754,2.92,3.999999999999602,-22.965575342464163,-0.982989142766946
RGBI,SHORT_QUARTERLY_LONG_PERP,40,2026-06-23,2026-08-18,56,-0.04041,297.0,-243.99999999999977,-19.066,50.182443835616446,2.92,3.999999999999602,-23.168443835615825,-0.9916724665332287
RGBI,SHORT_QUARTERLY_LONG_PERP,40,2026-03-19,2026-05-15,57,-0.04389,139.0,-2.000000000001023,-102.27,51.0785589041096,2.92,3.999999999999602,-23.268558904110222,-0.9959576640033481
RGBI,LONG_QUARTERLY_SHORT_PERP,5,2026-01-09,2026-01-16,7,0.02807,-168.0,134.00000000000034,23.916999999999998,6.272805479452056,2.92,3.999999999999602,-23.27580547945132,-0.9962678371549596
RGBI,SHORT_QUARTERLY_LONG_PERP,3,2026-06-23,2026-06-26,3,-0.04041,250.0,-251.0000000000005,-12.852,2.688345205479452,2.92,3.999999999999602,-23.46034520547957,-1.0041666397928164
RGBI,LONG_QUARTERLY_SHORT_PERP,3,2026-05-26,2026-05-29,3,0.00135,-4.0,1.0000000000005116,-10.961,2.688345205479452,2.92,3.999999999999602,-23.56934520547854,-1.0088321365183641
RGBI,SHORT_QUARTERLY_LONG_PERP,3,2026-08-03,2026-08-06,3,-0.05334,-63.0,42.00000000000017,7.027,2.688345205479452,2.92,3.999999999999602,-23.581345205478883,-1.0093457691854162
RGBI,SHORT_QUARTERLY_LONG_PERP,40,2026-07-15,2026-09-09,56,-0.02614,-172.0,193.99999999999977,11.014,50.182443835616446,2.92,3.999999999999602,-24.08844383561628,-1.0310509710061329
RGBI,LONG_QUARTERLY_SHORT_PERP,20,2026-04-02,2026-04-30,28,0.03621,0.0,-60.99999999999994,68.908,25.091221917808223,2.92,3.999999999999602,-24.103221917807765,-1.0316835131536088
RGBI,SHORT_QUARTERLY_LONG_PERP,10,2026-07-13,2026-07-27,14,-0.0143,-234.0,210.99999999999994,18.337999999999997,12.545610958904112,2.92,3.999999999999602,-24.127610958903773,-1.0327274305056617
RGBI,SHORT_QUARTERLY_LONG_PERP,5,2026-08-04,2026-08-11,7,-0.0472,-52.0,35.00000000000085,6.056,6.272805479452056,2.92,3.999999999999602,-24.136805479450807,-1.0331209810148871
RGBI,LONG_QUARTERLY_SHORT_PERP,10,2026-08-20,2026-09-03,14,0.03281,-24.0,3.0000000000001137,16.250999999999998,12.545610958904112,2.92,3.999999999999602,-24.214610958903606,-1.036451267341677
RGBI,LONG_QUARTERLY_SHORT_PERP,3,2026-09-22,2026-09-25,3,0.03336,-24.0,13.000000000000966,-3.6479999999999997,2.688345205479452,2.92,3.999999999999602,-24.25634520547809,-1.0382376067062489
RGBI,LONG_QUARTERLY_SHORT_PERP,10,2026-04-30,2026-05-15,15,0.01287,-41.0,28.000000000000114,8.993,13.441726027397262,2.92,3.999999999999602,-24.368726027396754,-1.0430478118134123
RGBI,SHORT_QUARTERLY_LONG_PERP,5,2026-09-03,2026-09-10,7,-0.00199,-15.0,18.999999999999773,-15.405,6.272805479452056,2.92,3.999999999999602,-24.597805479451885,-1.0528530359736286
RGBI,LONG_QUARTERLY_SHORT_PERP,20,2026-04-09,2026-05-08,29,0.02831,12.0,-46.999999999999886,43.187999999999995,25.987336986301372,2.92,3.999999999999602,-24.719336986300867,-1.0580549153062904
RGBI,SHORT_QUARTERLY_LONG_PERP,5,2026-08-03,2026-08-10,7,-0.05334,-61.0,39.00000000000006,10.328999999999999,6.272805479452056,2.92,3.999999999999602,-24.8638054794516,-1.0642385600929503
RGBI,LONG_QUARTERLY_SHORT_PERP,20,2026-08-28,2026-09-25,28,0.03077,-177.0,134.00000000000034,49.813,25.091221917808223,2.92,3.999999999999602,-25.19822191780748,-1.0785524940207798
RGBI,LONG_QUARTERLY_SHORT_PERP,3,2026-08-31,2026-09-03,3,0.01021,-38.0,26.999999999999602,-4.659,2.688345205479452,2.92,3.999999999999602,-25.26734520547945,-1.0815111589042268
RGBI,SHORT_QUARTERLY_LONG_PERP,10,2026-07-10,2026-07-24,14,-0.00576,-163.0,148.0000000000004,9.186,12.545610958904112,2.92,3.999999999999602,-25.27961095890332,-1.082036166541254
RGBI,LONG_QUARTERLY_SHORT_PERP,10,2026-03-25,2026-04-08,14,0.00053,-115.0,62.999999999999545,46.129,12.545610958904112,2.92,3.999999999999602,-25.336610958904174,-1.0844759217097193
RGBI,SHORT_QUARTERLY_LONG_PERP,10,2026-04-27,2026-05-12,15,-0.03006,0.0,-3.0000000000001137,-2.0280000000000005,13.441726027397262,2.92,3.999999999999602,-25.389726027396982,-1.0867493912338733
RGBI,LONG_QUARTERLY_SHORT_PERP,5,2026-01-28,2026-02-04,7,0.05329,4.0,-48.0000000000004,31.680999999999997,6.272805479452056,2.92,3.999999999999602,-25.511805479452057,-1.0919747241130016
RGBI,LONG_QUARTERLY_SHORT_PERP,3,2026-05-12,2026-05-15,3,0.04317,-26.0,3.0000000000001137,7.066,2.688345205479452,2.92,3.999999999999602,-25.542345205478945,-1.0932819075238174
RGBI,SHORT_QUARTERLY_LONG_PERP,3,2026-06-09,2026-06-15,6,-0.03558,-16.0,-1.999999999999602,4.569,5.376690410958904,2.92,3.999999999999602,-25.72769041095811,-1.1012151868748923
RGBI,LONG_QUARTERLY_SHORT_PERP,20,2026-03-23,2026-04-20,28,0.00339,4.0,-89.99999999999915,92.11399999999999,25.091221917808223,2.92,3.999999999999602,-25.89722191780698,-1.1084715968757
RGBI,SHORT_QUARTERLY_LONG_PERP,5,2026-03-26,2026-04-02,7,-0.00715,41.0,-29.999999999999716,-23.849,6.272805479452056,2.92,3.999999999999602,-26.041805479451376,-1.114660166907134
RGBI,SHORT_QUARTERLY_LONG_PERP,10,2026-03-26,2026-04-09,14,-0.00715,98.0,-54.999999999999716,-49.675,12.545610958904112,2.92,3.999999999999602,-26.14061095890343,-1.118889310401208
RGBI,LONG_QUARTERLY_SHORT_PERP,3,2026-01-27,2026-01-30,3,0.01846,13.0,-45.999999999999375,16.39,2.688345205479452,2.92,3.999999999999602,-26.21834520547843,-1.1222165477669146
RGBI,LONG_QUARTERLY_SHORT_PERP,20,2026-04-16,2026-05-15,29,0.05049,-88.0,71.99999999999989,22.446,25.987336986301372,2.92,3.999999999999602,-26.461336986301085,-1.1326172574712614
RGBI,LONG_QUARTERLY_SHORT_PERP,3,2026-06-29,2026-07-02,3,0.11615,-172.0,128.0000000000001,27.128000000000004,2.688345205479452,2.92,3.999999999999602,-26.48034520547894,-1.133430860997258
RGBI,LONG_QUARTERLY_SHORT_PERP,3,2026-08-21,2026-08-26,5,0.05205,-44.0,19.999999999998863,8.825,4.480575342465754,2.92,3.999999999999602,-26.575575342466493,-1.1375069701008642
RGBI,SHORT_QUARTERLY_LONG_PERP,5,2026-06-09,2026-06-17,8,-0.03558,-1.0,-14.999999999999147,3.485,7.1689205479452065,2.92,3.999999999999602,-26.603920547943957,-1.138720222058124
RGBI,LONG_QUARTERLY_SHORT_PERP,10,2026-08-25,2026-09-08,14,0.02287,-52.0,32.99999999999983,11.746,12.545610958904112,2.92,3.999999999999602,-26.719610958903885,-1.1436720865857932
RGBI,LONG_QUARTERLY_SHORT_PERP,5,2026-08-27,2026-09-03,7,0.02782,7.0,-20.000000000000284,-0.5610000000000002,6.272805479452056,2.92,3.999999999999602,-26.75380547945194,-1.1451357051513906
RGBI,LONG_QUARTERLY_SHORT_PERP,10,2026-01-27,2026-02-10,14,0.01846,-152.0,87.00000000000045,57.507,12.545610958904112,2.92,3.999999999999602,-26.958610958903265,-1.1539019372042658
RGBI,SHORT_QUARTERLY_LONG_PERP,5,2026-08-07,2026-08-14,7,-0.02394,77.0,-92.00000000000017,1.201,6.272805479452056,2.92,3.999999999999602,-26.991805479451827,-1.155322753047632
RGBI,LONG_QUARTERLY_SHORT_PERP,20,2026-03-25,2026-04-22,28,0.00053,49.0,-135.00000000000085,90.932,25.091221917808223,2.92,3.999999999999602,-27.079221917808674,-1.1590644145789784
RGBI,LONG_QUARTERLY_SHORT_PERP,5,2026-04-01,2026-04-08,7,0.0776,-60.0,18.999999999999773,26.616,6.272805479452056,2.92,3.999999999999602,-27.576805479451885,-1.1803623455657184
RGBI,SHORT_QUARTERLY_LONG_PERP,3,2026-06-15,2026-06-18,3,-0.01199,13.0,-29.999999999999716,-1.1530000000000002,2.688345205479452,2.92,3.999999999999602,-27.76134520547877,-1.188261148203517
RGBI,SHORT_QUARTERLY_LONG_PERP,3,2026-03-26,2026-03-31,5,-0.00715,23.0,-26.999999999999602,-12.468,4.480575342465754,2.92,3.999999999999602,-27.868575342464958,-1.1928508899741024
RGBI,LONG_QUARTERLY_SHORT_PERP,5,2026-03-10,2026-03-17,7,0.00945,100.0,-142.00000000000017,26.984,6.272805479452056,2.92,3.999999999999602,-28.208805479451826,-1.2074136660296977
RGBI,LONG_QUARTERLY_SHORT_PERP,3,2026-04-02,2026-04-07,5,0.03621,-58.0,20.999999999999375,19.84,4.480575342465754,2.92,3.999999999999602,-28.56057534246598,-1.222470373773316
RGBI,LONG_QUARTERLY_SHORT_PERP,5,2026-02-10,2026-02-17,7,0.04909,255.0,-285.99999999999994,15.608,6.272805479452056,2.92,3.999999999999602,-28.584805479451603,-1.223507489596867
RGBI,SHORT_QUARTERLY_LONG_PERP,5,2026-06-23,2026-06-30,7,-0.04041,288.0,-268.9999999999998,-34.711000000000006,6.272805479452056,2.92,3.999999999999602,-28.903805479451435,-1.2371615579956097
RGBI,LONG_QUARTERLY_SHORT_PERP,3,2026-04-17,2026-04-22,5,0.02968,59.0,-86.00000000000136,9.375,4.480575342465754,2.92,3.999999999999602,-29.025575342466723,-1.2423736396210554
RGBI,LONG_QUARTERLY_SHORT_PERP,5,2026-08-28,2026-09-04,7,0.03077,26.0,-40.00000000000057,-2.297,6.272805479452056,2.92,3.999999999999602,-29.48980547945223,-1.2622439532359813
RGBI,LONG_QUARTERLY_SHORT_PERP,10,2026-02-04,2026-02-18,14,0.08271,139.0,-192.00000000000017,42.955,12.545610958904112,2.92,3.999999999999602,-29.51061095890389,-1.263134484394294
RGBI,LONG_QUARTERLY_SHORT_PERP,3,2026-02-12,2026-02-17,5,0.0199,140.0,-168.99999999999977,10.796,4.480575342465754,2.92,3.999999999999602,-29.604575342465132,-1.2671564158055528
RGBI,LONG_QUARTERLY_SHORT_PERP,5,2026-04-20,2026-04-27,7,0.07015,-97.0,76.9999999999996,3.3689999999999998,6.272805479452056,2.92,3.999999999999602,-29.823805479452055,-1.2765400624685208
RGBI,LONG_QUARTERLY_SHORT_PERP,3,2026-08-28,2026-09-02,5,0.03077,-8.0,-7.000000000000739,-3.4390000000000005,4.480575342465754,2.92,3.999999999999602,-29.839575342466098,-1.277215055535081
RGBI,LONG_QUARTERLY_SHORT_PERP,3,2026-06-22,2026-06-25,3,0.01532,-159.0,142.00000000000017,-3.363,2.688345205479452,2.92,3.999999999999602,-29.971345205478883,-1.2828551643829509
RGBI,LONG_QUARTERLY_SHORT_PERP,10,2026-02-20,2026-03-09,17,0.04132,-47.0,20.999999999999375,17.29,15.233956164383565,2.92,3.999999999999602,-30.863956164383794,-1.3210613433370626
RGBI,SHORT_QUARTERLY_LONG_PERP,3,2026-08-14,2026-08-19,5,-0.01914,34.0,-45.000000000000284,-8.620999999999999,4.480575342465754,2.92,3.999999999999602,-31.02157534246564,-1.3278078732382672
RGBI,SHORT_QUARTERLY_LONG_PERP,20,2026-07-28,2026-08-25,28,-0.05328,47.0,-54.999999999999716,8.841000000000001,25.091221917808223,2.92,3.999999999999602,-31.170221917807538,-1.3341703513165062
RGBI,SHORT_QUARTERLY_LONG_PERP,3,2026-07-31,2026-08-05,5,-0.05797,-33.0,1.999999999999602,11.155,4.480575342465754,2.92,3.999999999999602,-31.245575342465756,-1.3373956830229745
RGBI,SHORT_QUARTERLY_LONG_PERP,3,2026-05-08,2026-05-13,5,-0.02435,-28.0,14.000000000000057,-5.943,4.480575342465754,2.92,3.999999999999602,-31.3435753424653,-1.3415903498037622
RGBI,LONG_QUARTERLY_SHORT_PERP,20,2026-01-15,2026-02-12,28,0.03323,-112.0,20.999999999999375,91.644,25.091221917808223,2.92,3.999999999999602,-31.367221917808443,-1.3426024876004128
RGBI,LONG_QUARTERLY_SHORT_PERP,10,2026-08-28,2026-09-11,14,0.03077,-91.0,62.000000000000455,16.713,12.545610958904112,2.92,3.999999999999602,-31.75261095890326,-1.3590981876857964
RGBI,SHORT_QUARTERLY_LONG_PERP,10,2026-09-01,2026-09-15,14,-0.02377,130.0,-102.00000000000102,-41.065999999999995,12.545610958904112,2.92,3.999999999999602,-32.531610958904736,-1.3924415083210517
RGBI,LONG_QUARTERLY_SHORT_PERP,3,2026-04-08,2026-04-13,5,0.03155,-25.0,-12.999999999999545,16.31,4.480575342465754,2.92,3.999999999999602,-33.0905753424649,-1.4163667055799725
RGBI,SHORT_QUARTERLY_LONG_PERP,40,2026-06-24,2026-08-19,56,-0.04019,190.0,-140.99999999999966,-25.320999999999998,50.182443835616446,2.92,3.999999999999602,-33.42344383561571,-1.4306143832391263
RGBI,LONG_QUARTERLY_SHORT_PERP,5,2026-03-31,2026-04-07,7,0.0561,-76.0,23.99999999999949,31.221,6.272805479452056,2.92,3.999999999999602,-33.97180547945217,-1.454085754374531
RGBI,LONG_QUARTERLY_SHORT_PERP,10,2026-06-19,2026-07-03,14,0.00178,-577.0,508.9999999999989,52.848000000000006,12.545610958904112,2.92,3.999999999999602,-34.61761095890479,-1.4817279869410944
RGBI,LONG_QUARTERLY_SHORT_PERP,20,2026-03-31,2026-04-28,28,0.0561,-58.0,-21.999999999999886,77.064,25.091221917808223,2.92,3.999999999999602,-34.94722191780772,-1.495836233266606
RGBI,SHORT_QUARTERLY_LONG_PERP,40,2026-07-13,2026-09-07,56,-0.0143,-141.0,139.00000000000006,24.116,50.182443835616446,2.92,3.999999999999602,-34.986443835615994,-1.497515038120789
RGBI,LONG_QUARTERLY_SHORT_PERP,5,2026-07-01,2026-07-08,7,0.08871,-80.0,31.999999999999318,26.066,6.272805479452056,2.92,3.999999999999602,-35.126805479452344,-1.5035228985769096
RGBI,LONG_QUARTERLY_SHORT_PERP,3,2026-01-20,2026-01-23,3,0.05708,-50.0,14.999999999999147,9.3,2.688345205479452,2.92,3.999999999999602,-35.30834520547991,-1.5112932930479779
RGBI,LONG_QUARTERLY_SHORT_PERP,20,2026-02-04,2026-03-05,29,0.08271,42.0,-114.00000000000006,69.597,25.987336986301372,2.92,3.999999999999602,-35.31033698630104,-1.5113785466892538
RGBI,SHORT_QUARTERLY_LONG_PERP,3,2026-02-13,2026-02-18,5,-0.01362,-96.0,90.99999999999966,-19.008,4.480575342465754,2.92,3.999999999999602,-35.408575342465696,-1.5155834157627743
RGBI,LONG_QUARTERLY_SHORT_PERP,10,2026-04-01,2026-04-15,14,0.0776,-40.0,-29.999999999999716,54.027,12.545610958904112,2.92,3.999999999999602,-35.43861095890343,-1.5168690219108603
RGBI,LONG_QUARTERLY_SHORT_PERP,5,2026-03-23,2026-03-30,7,0.00339,-47.0,15.000000000000568,9.684999999999999,6.272805479452056,2.92,3.999999999999602,-35.50780547945109,-1.5198307357553007
RGBI,SHORT_QUARTERLY_LONG_PERP,10,2026-08-10,2026-08-24,14,-0.00908,218.0,-212.99999999999955,-21.253,12.545610958904112,2.92,3.999999999999602,-35.71861095890326,-1.528853784141731
RGBI,LONG_QUARTERLY_SHORT_PERP,5,2026-03-27,2026-04-03,7,0.001,-83.0,29.000000000000625,31.446,6.272805479452056,2.92,3.999999999999602,-35.746805479451034,-1.5300605863737975
RGBI,SHORT_QUARTERLY_LONG_PERP,10,2026-08-06,2026-08-20,14,-0.01206,161.0,-168.99999999999977,-8.307,12.545610958904112,2.92,3.999999999999602,-35.77261095890349,-1.53116513114341
RGBI,SHORT_QUARTERLY_LONG_PERP,5,2026-06-24,2026-07-01,7,-0.04019,225.0,-200.0,-47.601,6.272805479452056,2.92,3.999999999999602,-35.793805479451656,-1.5320723143197215
RGBI,LONG_QUARTERLY_SHORT_PERP,3,2026-01-28,2026-02-02,5,0.05329,-15.0,-26.999999999999602,17.213,4.480575342465754,2.92,3.999999999999602,-36.18757534246496,-1.548926736397935
RGBI,LONG_QUARTERLY_SHORT_PERP,3,2026-04-07,2026-04-10,3,0.07618,-7.0,-32.99999999999983,13.392000000000001,2.688345205479452,2.92,3.999999999999602,-36.21634520547888,-1.5501581648537808
RGBI,SHORT_QUARTERLY_LONG_PERP,5,2026-06-10,2026-06-18,8,-0.01559,32.0,-56.00000000000023,1.857,7.1689205479452065,2.92,3.999999999999602,-36.23192054794504,-1.5508248319113571
RGBI,SHORT_QUARTERLY_LONG_PERP,3,2026-07-15,2026-07-20,5,-0.02614,71.0,-95.99999999999937,-0.14199999999999996,4.480575342465754,2.92,3.999999999999602,-36.54257534246473,-1.5641217027977883
RGBI,LONG_QUARTERLY_SHORT_PERP,20,2026-02-17,2026-03-18,29,0.0274,61.0,-128.0000000000001,62.971,25.987336986301372,2.92,3.999999999999602,-36.93633698630109,-1.5809757730728542
RGBI,SHORT_QUARTERLY_LONG_PERP,3,2026-07-17,2026-07-22,5,-0.00615,-203.0,182.99999999999983,-5.686999999999999,4.480575342465754,2.92,3.999999999999602,-37.08757534246553,-1.5874491864257811
RGBI,SHORT_QUARTERLY_LONG_PERP,10,2026-09-02,2026-09-16,14,-0.02083,136.0,-109.00000000000034,-44.684999999999995,12.545610958904112,2.92,3.999999999999602,-37.15061095890405,-1.5901472824082545
RGBI,SHORT_QUARTERLY_LONG_PERP,20,2026-03-20,2026-04-17,28,-0.02646,24.0,55.999999999998806,-85.438,25.091221917808223,2.92,3.999999999999602,-37.44922191780902,-1.6029286443440063
RGBI,SHORT_QUARTERLY_LONG_PERP,3,2026-04-28,2026-05-04,6,-0.03124,-48.0,29.999999999999716,-7.257,5.376690410958904,2.92,3.999999999999602,-37.55369041095879,-1.6074001802404991
RGBI,LONG_QUARTERLY_SHORT_PERP,5,2026-02-11,2026-02-18,7,0.02822,231.0,-275.0,19.636,6.272805479452056,2.92,3.999999999999602,-37.55680547945166,-1.6075335136519993
RGBI,LONG_QUARTERLY_SHORT_PERP,10,2026-03-31,2026-04-14,14,0.0561,-90.0,15.000000000000568,56.607,12.545610958904112,2.92,3.999999999999602,-37.85861095890315,-1.6204516097634358
RGBI,LONG_QUARTERLY_SHORT_PERP,3,2026-02-10,2026-02-13,3,0.04909,205.0,-237.00000000000045,3.45,2.688345205479452,2.92,3.999999999999602,-38.15834520547951,-1.6332810514693965
RGBI,LONG_QUARTERLY_SHORT_PERP,3,2026-03-24,2026-03-27,3,0.03489,-50.0,21.999999999999886,-0.562,2.688345205479452,2.92,3.999999999999602,-38.17034520547917,-1.6337946841364197
RGBI,LONG_QUARTERLY_SHORT_PERP,40,2026-01-08,2026-03-06,57,0.06312,-185.0,52.99999999999869,151.796,51.0785589041096,2.92,3.999999999999602,-38.20255890411052,-1.6351735181316833
RGBI,SHORT_QUARTERLY_LONG_PERP,20,2026-08-05,2026-09-02,28,-0.01101,182.0,-164.99999999999915,-23.551,25.091221917808223,2.92,3.999999999999602,-38.56222191780697,-1.6505680742116582
RGBI,LONG_QUARTERLY_SHORT_PERP,3,2026-03-16,2026-03-19,3,0.11361,-70.0,35.99999999999994,4.851,2.688345205479452,2.92,3.999999999999602,-38.75734520547911,-1.6589198820990074
RGBI,LONG_QUARTERLY_SHORT_PERP,20,2026-04-01,2026-04-29,28,0.0776,-53.0,-25.0,71.242,25.091221917808223,2.92,3.999999999999602,-38.76922191780782,-1.6594282377180933
RGBI,LONG_QUARTERLY_SHORT_PERP,10,2026-02-24,2026-03-10,14,0.0763,-54.0,24.00000000000091,10.604999999999999,12.545610958904112,2.92,3.999999999999602,-38.86061095890281,-1.6633399374610627
RGBI,LONG_QUARTERLY_SHORT_PERP,10,2026-01-30,2026-02-13,14,0.03279,40.0,-104.00000000000063,44.567,12.545610958904112,2.92,3.999999999999602,-38.89861095890434,-1.6649664409067473
RGBI,SHORT_QUARTERLY_LONG_PERP,10,2026-08-04,2026-08-18,14,-0.0472,133.0,-151.9999999999996,-0.48299999999999976,12.545610958904112,2.92,3.999999999999602,-38.948610958903316,-1.6671065770193603
RGBI,LONG_QUARTERLY_SHORT_PERP,5,2026-01-21,2026-01-28,7,0.06128,-65.0,29.999999999999716,9.054,6.272805479452056,2.92,3.999999999999602,-39.13880547945194,-1.675247420256471
RGBI,LONG_QUARTERLY_SHORT_PERP,3,2026-06-05,2026-06-10,5,0.01159,-67.0,40.99999999999966,-1.7570000000000001,4.480575342465754,2.92,3.999999999999602,-39.1575753424657,-1.6760508214897785
RGBI,SHORT_QUARTERLY_LONG_PERP,10,2026-06-23,2026-07-07,14,-0.04041,502.0,-454.9999999999997,-66.826,12.545610958904112,2.92,3.999999999999602,-39.291610958903426,-1.6817879107521903
RGBI,SHORT_QUARTERLY_LONG_PERP,5,2026-08-14,2026-08-21,7,-0.01914,28.0,-37.000000000000455,-17.107,6.272805479452056,2.92,3.999999999999602,-39.29980547945211,-1.6821386585392333
RGBI,LONG_QUARTERLY_SHORT_PERP,5,2026-06-05,2026-06-15,10,0.01159,-86.0,67.00000000000017,-4.767,8.961150684931509,2.92,3.999999999999602,-39.64815068493094,-1.697048781617555
RGBI,LONG_QUARTERLY_SHORT_PERP,3,2026-02-27,2026-03-04,5,0.0211,-62.0,31.999999999999318,1.687,4.480575342465754,2.92,3.999999999999602,-39.71357534246604,-1.6998491350625362
RGBI,LONG_QUARTERLY_SHORT_PERP,5,2026-06-19,2026-06-26,7,0.00178,-404.0,367.00000000000017,10.343,6.272805479452056,2.92,3.999999999999602,-39.84980547945149,-1.7056801557784311
RGBI,LONG_QUARTERLY_SHORT_PERP,3,2026-07-03,2026-07-08,5,0.03762,31.0,-73.99999999999949,14.290999999999999,4.480575342465754,2.92,3.999999999999602,-40.10957534246485,-1.7167990130747273
RGBI,SHORT_QUARTERLY_LONG_PERP,3,2026-05-11,2026-05-14,3,-0.02496,19.0,-39.00000000000006,-10.632,2.688345205479452,2.92,3.999999999999602,-40.24034520547911,-1.7223963192004068
RGBI,SHORT_QUARTERLY_LONG_PERP,10,2026-08-03,2026-08-17,14,-0.05334,132.0,-160.99999999999994,7.9030000000000005,12.545610958904112,2.92,3.999999999999602,-40.56261095890366,-1.7361901707359355
RGBI,SHORT_QUARTERLY_LONG_PERP,20,2026-02-13,2026-03-16,31,-0.01362,-140.0,200.0,-65.889,27.779567123287674,2.92,3.999999999999602,-40.58856712328728,-1.737301165230804
RGBI,LONG_QUARTERLY_SHORT_PERP,5,2026-04-23,2026-04-30,7,0.04882,-133.0,109.00000000000034,-3.7720000000000002,6.272805479452056,2.92,3.999999999999602,-40.964805479451314,-1.7534051910906696
RGBI,SHORT_QUARTERLY_LONG_PERP,20,2026-06-24,2026-07-22,28,-0.04019,323.0,-258.9999999999989,-73.03699999999999,25.091221917808223,2.92,3.999999999999602,-41.04822191780674,-1.7569756417329427
RGBI,LONG_QUARTERLY_SHORT_PERP,10,2026-04-20,2026-05-05,15,0.07015,-104.0,78.00000000000011,5.277,13.441726027397262,2.92,3.999999999999602,-41.084726027396755,-1.7585381169968222
RGBI,SHORT_QUARTERLY_LONG_PERP,10,2026-04-28,2026-05-13,15,-0.03124,-23.0,10.999999999999943,-9.274000000000001,13.441726027397262,2.92,3.999999999999602,-41.63572602739693,-1.782122416958307
RGBI,LONG_QUARTERLY_SHORT_PERP,10,2026-07-16,2026-07-30,14,0.00929,427.0,-420.0000000000003,-29.512,12.545610958904112,2.92,3.999999999999602,-41.977610958904,-1.7967560227241366
RGBI,LONG_QUARTERLY_SHORT_PERP,10,2026-01-15,2026-01-29,14,0.03323,-72.0,6.999999999999318,42.436,12.545610958904112,2.92,3.999999999999602,-42.0296109589044,-1.7989817642813166
RGBI,LONG_QUARTERLY_SHORT_PERP,5,2026-07-22,2026-07-29,7,0.02786,270.0,-269.99999999999886,-28.871000000000002,6.272805479452056,2.92,3.999999999999602,-42.06380547945052,-1.8004453828468312
RGBI,LONG_QUARTERLY_SHORT_PERP,20,2026-03-24,2026-04-21,28,0.03489,-19.0,-81.00000000000023,89.634,25.091221917808223,2.92,3.999999999999602,-42.37722191780806,-1.8138604596074157
RGBI,LONG_QUARTERLY_SHORT_PERP,5,2026-07-06,2026-07-13,7,0.07959,54.0,-89.00000000000006,5.705,6.272805479452056,2.92,3.999999999999602,-42.487805479451715,-1.8185937370822118
RGBI,LONG_QUARTERLY_SHORT_PERP,40,2026-01-16,2026-03-16,59,0.06896,140.0,-272.0000000000013,149.275,52.8707890410959,2.92,3.999999999999602,-42.5157890410968,-1.8197915096989599
RGBI,LONG_QUARTERLY_SHORT_PERP,5,2026-05-04,2026-05-11,7,0.04032,-14.0,-9.000000000000341,-6.422,6.272805479452056,2.92,3.999999999999602,-42.614805479452,-1.8240296828083722
RGBI,LONG_QUARTERLY_SHORT_PERP,5,2026-02-26,2026-03-05,7,0.04612,-41.0,6.999999999999318,4.398,6.272805479452056,2.92,3.999999999999602,-42.79480547945234,-1.8317341728139511
RGBI,LONG_QUARTERLY_SHORT_PERP,10,2026-02-03,2026-02-17,14,0.06197,99.0,-167.00000000000017,44.376,12.545610958904112,2.92,3.999999999999602,-43.08961095890389,-1.8443526498696179
RGBI,SHORT_QUARTERLY_LONG_PERP,20,2026-08-12,2026-09-09,28,-0.00681,219.0,-190.00000000000057,-40.157,25.091221917808223,2.92,3.999999999999602,-43.168221917808395,-1.8477174129096603
RGBI,SHORT_QUARTERLY_LONG_PERP,10,2026-08-11,2026-08-25,14,-0.00447,153.0,-153.0000000000001,-23.987,12.545610958904112,2.92,3.999999999999602,-43.452610958903826,-1.8598900380475034
RGBI,SHORT_QUARTERLY_LONG_PERP,20,2026-08-06,2026-09-03,28,-0.01206,185.0,-171.9999999999999,-24.558,25.091221917808223,2.92,3.999999999999602,-43.56922191780771,-1.864881304533138
RGBI,SHORT_QUARTERLY_LONG_PERP,5,2026-04-28,2026-05-06,8,-0.03124,-34.0,9.000000000000341,-4.539,7.1689205479452065,2.92,3.999999999999602,-43.62792054794447,-1.8673937656955215
RGBI,SHORT_QUARTERLY_LONG_PERP,3,2026-08-07,2026-08-12,5,-0.02394,-71.0,35.99999999999994,2.036,4.480575342465754,2.92,3.999999999999602,-44.364575342465415,-1.8989245962618417
RGBI,LONG_QUARTERLY_SHORT_PERP,5,2026-03-02,2026-03-09,7,0.04713,-7.0,-19.000000000001194,-5.178,6.272805479452056,2.92,3.999999999999602,-44.370805479452855,-1.8991912630849144
RGBI,SHORT_QUARTERLY_LONG_PERP,10,2026-01-26,2026-02-09,14,-0.01293,70.0,-40.99999999999966,-54.444,12.545610958904112,2.92,3.999999999999602,-44.90961095890338,-1.9222536043703027
RGBI,SHORT_QUARTERLY_LONG_PERP,40,2026-07-24,2026-09-18,56,-0.08218,234.0,-190.99999999999966,-30.863000000000003,50.182443835616446,2.92,3.999999999999602,-44.965443835615716,-1.924643403484814
RGBI,LONG_QUARTERLY_SHORT_PERP,20,2026-01-20,2026-02-17,28,0.05708,50.0,-146.0000000000008,82.968,25.091221917808223,2.92,3.999999999999602,-45.04322191780862,-1.9279725171342985
RGBI,SHORT_QUARTERLY_LONG_PERP,3,2026-03-12,2026-03-17,5,-0.00615,-51.0,39.00000000000006,-21.718,4.480575342465754,2.92,3.999999999999602,-45.118575342465306,-1.9311978488407013
RGBI,LONG_QUARTERLY_SHORT_PERP,5,2026-03-09,2026-03-16,7,0.01211,105.0,-160.99999999999994,22.992,6.272805479452056,2.92,3.999999999999602,-46.200805479451596,-1.977520244808098
RGBI,LONG_QUARTERLY_SHORT_PERP,3,2026-04-23,2026-04-28,5,0.04882,-173.0,145.00000000000028,-6.997000000000001,4.480575342465754,2.92,3.999999999999602,-46.397575342465075,-1.9859425306024514
RGBI,LONG_QUARTERLY_SHORT_PERP,10,2026-03-27,2026-04-10,14,0.001,-91.0,6.000000000000227,56.981,12.545610958904112,2.92,3.999999999999602,-47.48461095890349,-2.0324706141721305
RGBI,LONG_QUARTERLY_SHORT_PERP,3,2026-03-23,2026-03-26,3,0.00339,-37.0,-3.999999999999204,2.8269999999999995,2.688345205479452,2.92,3.999999999999602,-47.78134520547826,-2.045171647711264
RGBI,LONG_QUARTERLY_SHORT_PERP,5,2026-02-25,2026-03-04,7,0.03403,-71.0,28.000000000000114,8.408999999999999,6.272805479452056,2.92,3.999999999999602,-47.783805479451544,-2.0452769541348093
RGBI,LONG_QUARTERLY_SHORT_PERP,3,2026-03-02,2026-03-05,3,0.04713,-43.0,6.999999999999318,-2.4250000000000003,2.688345205479452,2.92,3.999999999999602,-48.03334520547973,-2.055957933719117
RGBI,LONG_QUARTERLY_SHORT_PERP,5,2026-07-09,2026-07-16,7,0.01379,-251.0,223.0000000000004,-7.0809999999999995,6.272805479452056,2.92,3.999999999999602,-48.27380547945126,-2.066250288038833
RGBI,LONG_QUARTERLY_SHORT_PERP,3,2026-06-08,2026-06-11,3,0.0336,-45.0,13.000000000000966,-6.928000000000001,2.688345205479452,2.92,3.999999999999602,-48.536345205478085,-2.0774877030123733
RGBI,SHORT_QUARTERLY_LONG_PERP,20,2026-08-11,2026-09-08,28,-0.00447,205.0,-185.99999999999994,-35.733,25.091221917808223,2.92,3.999999999999602,-48.744221917807764,-2.0863853921931153
RGBI,LONG_QUARTERLY_SHORT_PERP,40,2026-01-13,2026-03-11,57,0.07226,-10.0,-128.0000000000001,146.879,51.0785589041096,2.92,3.999999999999602,-49.119558904109326,-2.10245083696911
RGBI,LONG_QUARTERLY_SHORT_PERP,10,2026-03-24,2026-04-07,14,0.03489,-134.0,60.99999999999994,43.027,12.545610958904112,2.92,3.999999999999602,-49.43861095890377,-2.116107133454769
RGBI,LONG_QUARTERLY_SHORT_PERP,3,2026-03-10,2026-03-13,3,0.00945,133.0,-184.00000000000034,10.686,2.688345205479452,2.92,3.999999999999602,-49.922345205479395,-2.136812276055275
RGBI,LONG_QUARTERLY_SHORT_PERP,10,2026-03-30,2026-04-13,14,0.06758,-98.0,10.999999999999943,56.296,12.545610958904112,2.92,3.999999999999602,-50.169610958903775,-2.147395923421811
RGBI,SHORT_QUARTERLY_LONG_PERP,20,2026-09-01,2026-09-29,28,-0.02377,298.0,-265.99999999999966,-50.241,25.091221917808223,2.92,3.999999999999602,-50.25222191780749,-2.150931897350832
RGBI,SHORT_QUARTERLY_LONG_PERP,5,2026-07-13,2026-07-20,7,-0.0143,122.0,-164.99999999999915,5.862,6.272805479452056,2.92,3.999999999999602,-50.3308054794508,-2.154295487713513
RGBI,LONG_QUARTERLY_SHORT_PERP,5,2026-03-13,2026-03-20,7,0.0542,-94.0,42.99999999999926,13.566,6.272805479452056,2.92,3.999999999999602,-50.62680547945239,-2.166965093500509
RGBI,SHORT_QUARTERLY_LONG_PERP,10,2026-05-19,2026-06-02,14,-0.03081,-37.0,-4.999999999999716,10.631,12.545610958904112,2.92,3.999999999999602,-50.83461095890343,-2.1758597337201313
RGBI,SHORT_QUARTERLY_LONG_PERP,3,2026-06-24,2026-06-29,5,-0.04019,120.0,-130.9999999999988,-28.486,4.480575342465754,2.92,3.999999999999602,-50.88657534246417,-2.178083950796737
RGBI,LONG_QUARTERLY_SHORT_PERP,10,2026-06-29,2026-07-13,14,0.11615,-228.0,152.00000000000102,44.554,12.545610958904112,2.92,3.999999999999602,-50.91161095890269,-2.1791555433335907
RGBI,SHORT_QUARTERLY_LONG_PERP,20,2026-07-30,2026-08-27,28,-0.05713,189.0,-201.0000000000005,-6.961,25.091221917808223,2.92,3.999999999999602,-50.97222191780834,-2.1817498573731258
RGBI,LONG_QUARTERLY_SHORT_PERP,3,2026-03-31,2026-04-03,3,0.0561,-75.0,14.000000000000057,19.078,2.688345205479452,2.92,3.999999999999602,-51.530345205478994,-2.2056390534382997
RGBI,LONG_QUARTERLY_SHORT_PERP,5,2026-03-30,2026-04-06,7,0.06758,-93.0,25.0,29.213,6.272805479452056,2.92,3.999999999999602,-51.979805479451656,-2.2248771767089695
RGBI,SHORT_QUARTERLY_LONG_PERP,3,2026-05-28,2026-06-02,5,-0.0227,-51.0,5.000000000001137,4.5329999999999995,4.480575342465754,2.92,3.999999999999602,-52.86757534246422,-2.2628761435802005
RGBI,LONG_QUARTERLY_SHORT_PERP,10,2026-07-22,2026-08-05,14,0.02786,275.0,-256.9999999999993,-51.536,12.545610958904112,2.92,3.999999999999602,-53.001610958903036,-2.2686132328426587
RGBI,SHORT_QUARTERLY_LONG_PERP,40,2026-07-27,2026-09-21,56,-0.10582,235.0,-186.99999999999903,-43.913999999999994,50.182443835616446,2.92,3.999999999999602,-53.01644383561508,-2.269248120344779
RGBI,LONG_QUARTERLY_SHORT_PERP,10,2026-07-02,2026-07-16,14,0.08013,-191.0,145.00000000000028,12.350999999999999,12.545610958904112,2.92,3.999999999999602,-53.114610958903434,-2.27344994045728
RGBI,LONG_QUARTERLY_SHORT_PERP,3,2026-01-22,2026-01-27,5,0.0265,-83.0,39.99999999999915,1.075,4.480575342465754,2.92,3.999999999999602,-53.32557534246621,-2.2824797903722214
RGBI,LONG_QUARTERLY_SHORT_PERP,10,2026-04-23,2026-05-08,15,0.04882,-178.0,148.0000000000004,-3.666,13.441726027397262,2.92,3.999999999999602,-54.02772602739647,-2.31253375111914
RGBI,LONG_QUARTERLY_SHORT_PERP,5,2026-07-21,2026-07-28,7,0.03073,188.0,-207.99999999999983,-20.877000000000002,6.272805479452056,2.92,3.999999999999602,-54.06980547945149,-2.3143348662180148
RGBI,LONG_QUARTERLY_SHORT_PERP,5,2026-02-09,2026-02-16,7,0.08026,159.0,-218.00000000000068,17.777,6.272805479452056,2.92,3.999999999999602,-54.41580547945234,-2.329144608117636
RGBI,SHORT_QUARTERLY_LONG_PERP,20,2026-06-23,2026-07-21,28,-0.04041,406.0,-362.99999999999955,-66.232,25.091221917808223,2.92,3.999999999999602,-55.243221917807375,-2.364560284116225
RGBI,LONG_QUARTERLY_SHORT_PERP,3,2026-04-01,2026-04-06,5,0.0776,-80.0,20.000000000000284,15.842999999999998,4.480575342465754,2.92,3.999999999999602,-55.55757534246508,-2.3780154664411706
RGBI,LONG_QUARTERLY_SHORT_PERP,5,2026-03-16,2026-03-23,7,0.11361,-90.0,45.000000000000284,2.5439999999999996,6.272805479452056,2.92,3.999999999999602,-55.648805479451376,-2.3819203646557106
RGBI,LONG_QUARTERLY_SHORT_PERP,20,2026-02-10,2026-03-11,29,0.04909,195.0,-270.9999999999994,53.173,25.987336986301372,2.92,3.999999999999602,-55.73433698630035,-2.3855813459872595
RGBI,LONG_QUARTERLY_SHORT_PERP,3,2026-06-19,2026-06-24,5,0.00178,-241.0,203.0000000000001,-6.5280000000000005,4.480575342465754,2.92,3.999999999999602,-55.928575342465244,-2.393895276397091
RGBI,LONG_QUARTERLY_SHORT_PERP,3,2026-05-13,2026-05-18,5,0.04122,-63.0,14.999999999999147,3.363,4.480575342465754,2.92,3.999999999999602,-56.03757534246621,-2.3985607731227243
RGBI,LONG_QUARTERLY_SHORT_PERP,3,2026-06-01,2026-06-04,3,0.02208,9.0,-48.99999999999949,-6.819999999999999,2.688345205479452,2.92,3.999999999999602,-56.42834520547854,-2.415286787034137
RGBI,LONG_QUARTERLY_SHORT_PERP,20,2026-01-22,2026-02-19,28,0.0265,86.0,-193.99999999999977,83.507,25.091221917808223,2.92,3.999999999999602,-56.5042219178076,-2.4185345168774384
RGBI,LONG_QUARTERLY_SHORT_PERP,5,2026-06-08,2026-06-16,8,0.0336,-50.0,16.00000000000108,-8.870000000000001,7.1689205479452065,2.92,3.999999999999602,-56.958920547943734,-2.4379968560520364
RGBI,LONG_QUARTERLY_SHORT_PERP,20,2026-02-05,2026-03-06,29,0.03771,63.0,-149.0000000000009,61.86200000000001,25.987336986301372,2.92,3.999999999999602,-57.045336986301876,-2.441695714861185
RGBI,LONG_QUARTERLY_SHORT_PERP,3,2026-03-18,2026-03-23,5,0.04303,-61.0,21.999999999999886,-6.696000000000001,4.480575342465754,2.92,3.999999999999602,-57.09657534246547,-2.443888855988763
RGBI,LONG_QUARTERLY_SHORT_PERP,20,2026-07-08,2026-08-05,28,0.02822,257.0,-229.99999999999972,-52.166000000000004,25.091221917808223,2.92,3.999999999999602,-57.17722191780754,-2.447340748953796
RGBI,LONG_QUARTERLY_SHORT_PERP,10,2026-01-21,2026-02-04,14,0.06128,-61.0,-18.000000000000682,40.735,12.545610958904112,2.92,3.999999999999602,-57.7306109589044,-2.471027306377794
RGBI,SHORT_QUARTERLY_LONG_PERP,5,2026-07-17,2026-07-24,7,-0.00615,-440.0,392.99999999999926,2.0660000000000003,6.272805479452056,2.92,3.999999999999602,-58.12680547945239,-2.4879855103990236
RGBI,LONG_QUARTERLY_SHORT_PERP,10,2026-05-25,2026-06-08,14,0.00741,-73.0,44.99999999999886,-10.919,12.545610958904112,2.92,3.999999999999602,-58.38461095890485,-2.499020286731364
RGBI,LONG_QUARTERLY_SHORT_PERP,10,2026-05-21,2026-06-04,14,0.00081,-47.0,22.000000000001307,-14.293,12.545610958904112,2.92,3.999999999999602,-58.75861095890241,-2.5150285048539316
RGBI,LONG_QUARTERLY_SHORT_PERP,20,2026-06-29,2026-07-27,28,0.11615,6.0,-58.99999999999892,26.216,25.091221917808223,2.92,3.999999999999602,-58.79522191780674,-2.516595553559335
RGBI,SHORT_QUARTERLY_LONG_PERP,10,2026-09-03,2026-09-17,14,-0.00199,117.0,-109.00000000000034,-47.609,12.545610958904112,2.92,3.999999999999602,-59.07461095890406,-2.528554165085993
RGBI,SHORT_QUARTERLY_LONG_PERP,10,2026-08-07,2026-08-21,14,-0.02394,105.0,-129.00000000000063,-15.906,12.545610958904112,2.92,3.999999999999602,-59.37161095890434,-2.5412665735951863
RGBI,LONG_QUARTERLY_SHORT_PERP,10,2026-02-09,2026-02-24,15,0.08026,167.0,-248.0000000000004,41.596,13.441726027397262,2.92,3.999999999999602,-59.765726027397264,-2.558135771407664
RGBI,SHORT_QUARTERLY_LONG_PERP,20,2026-08-10,2026-09-07,28,-0.00908,152.0,-148.0000000000004,-31.930999999999997,25.091221917808223,2.92,3.999999999999602,-59.942221917808226,-2.5656902759837443
RGBI,LONG_QUARTERLY_SHORT_PERP,10,2026-01-22,2026-02-05,14,0.0265,-108.0,25.0,41.856,12.545610958904112,2.92,3.999999999999602,-60.609610958903716,-2.594256343744541
RGBI,LONG_QUARTERLY_SHORT_PERP,5,2026-03-05,2026-03-12,7,0.00601,70.0,-120.99999999999937,3.458,6.272805479452056,2.92,3.999999999999602,-60.73480547945103,-2.5996150100351425
RGBI,SHORT_QUARTERLY_LONG_PERP,5,2026-02-13,2026-02-20,7,-0.01362,-82.0,59.99999999999943,-25.607000000000003,6.272805479452056,2.92,3.999999999999602,-60.799805479452225,-2.602397186981647
RGBI,LONG_QUARTERLY_SHORT_PERP,3,2026-05-18,2026-05-21,3,0.00419,-48.0,0.0,-3.4250000000000003,2.688345205479452,2.92,3.999999999999602,-61.03334520547905,-2.612393323009847
RGBI,LONG_QUARTERLY_SHORT_PERP,10,2026-02-19,2026-03-06,15,0.02467,-131.0,69.99999999999886,20.211000000000002,13.441726027397262,2.92,3.999999999999602,-61.15072602739801,-2.6174175417282886
RGBI,LONG_QUARTERLY_SHORT_PERP,20,2026-07-16,2026-08-13,28,0.00929,377.0,-356.9999999999993,-49.351,25.091221917808223,2.92,3.999999999999602,-61.36222191780715,-2.6264701415831504
RGBI,SHORT_QUARTERLY_LONG_PERP,40,2026-07-17,2026-09-11,56,-0.00615,-213.0,205.9999999999988,2.1460000000000004,50.182443835616446,2.92,3.999999999999602,-61.95644383561724,-2.6519044572879014
RGBI,LONG_QUARTERLY_SHORT_PERP,40,2026-07-16,2026-09-10,56,0.00929,260.0,-257.99999999999983,-7.707,50.182443835616446,2.92,3.999999999999602,-62.80944383561588,-2.6884151793697675
RGBI,SHORT_QUARTERLY_LONG_PERP,10,2026-08-14,2026-08-28,14,-0.01914,66.0,-78.00000000000011,-31.791000000000004,12.545610958904112,2.92,3.999999999999602,-63.256610958903835,-2.707555149548595
RGBI,LONG_QUARTERLY_SHORT_PERP,10,2026-05-18,2026-06-01,14,0.00419,-104.0,71.0000000000008,-10.898000000000001,12.545610958904112,2.92,3.999999999999602,-63.363610958902925,-2.712135040829642
RGBI,SHORT_QUARTERLY_LONG_PERP,20,2026-08-14,2026-09-11,28,-0.01914,157.0,-140.00000000000057,-48.504000000000005,25.091221917808223,2.92,3.999999999999602,-63.515221917808404,-2.7186244025942043
RGBI,LONG_QUARTERLY_SHORT_PERP,3,2026-03-09,2026-03-12,3,0.01211,34.0,-94.99999999999886,6.211,2.688345205479452,2.92,3.999999999999602,-64.39734520547792,-2.756381680669345
RGBI,LONG_QUARTERLY_SHORT_PERP,40,2026-04-06,2026-06-02,57,0.04525,-49.0,-10.000000000000853,52.385999999999996,51.0785589041096,2.92,3.999999999999602,-64.61255890411006,-2.765593412836967
RGBI,LONG_QUARTERLY_SHORT_PERP,40,2026-01-19,2026-03-17,57,0.06868,99.0,-253.0000000000001,147.344,51.0785589041096,2.92,3.999999999999602,-64.65455890410932,-2.767391127171567
RGBI,LONG_QUARTERLY_SHORT_PERP,20,2026-07-22,2026-08-19,28,0.02786,133.0,-117.99999999999926,-47.716,25.091221917808223,2.92,3.999999999999602,-64.72722191780709,-2.770501301964948
RGBI,LONG_QUARTERLY_SHORT_PERP,10,2026-06-17,2026-07-01,14,0.01827,-597.0,510.00000000000085,41.32,12.545610958904112,2.92,3.999999999999602,-65.14561095890286,-2.7884094918847264
RGBI,LONG_QUARTERLY_SHORT_PERP,20,2026-06-30,2026-07-28,28,0.10244,70.0,-114.00000000000006,10.644,25.091221917808223,2.92,3.999999999999602,-65.36722191780788,-2.7978950442069888
RGBI,LONG_QUARTERLY_SHORT_PERP,10,2026-07-03,2026-07-17,14,0.03762,-190.0,135.99999999999994,7.973999999999999,12.545610958904112,2.92,3.999999999999602,-65.49161095890378,-2.80321923378435
RGBI,LONG_QUARTERLY_SHORT_PERP,20,2026-02-16,2026-03-17,29,0.09418,54.0,-147.99999999999898,61.407999999999994,25.987336986301372,2.92,3.999999999999602,-65.49933698629997,-2.803549928789109
RGBI,LONG_QUARTERLY_SHORT_PERP,40,2026-07-22,2026-09-16,56,0.02786,-43.0,17.00000000000017,16.7,50.182443835616446,2.92,3.999999999999602,-66.40244383561588,-2.842205360425283
RGBI,LONG_QUARTERLY_SHORT_PERP,5,2026-06-01,2026-06-08,7,0.02208,-58.0,6.999999999999318,-2.301,6.272805479452056,2.92,3.999999999999602,-66.49380547945233,-2.846115887491004
RGBI,LONG_QUARTERLY_SHORT_PERP,3,2026-06-17,2026-06-22,5,0.01827,-320.0,262.00000000000045,1.779,4.480575342465754,2.92,3.999999999999602,-67.62157534246491,-2.8943875077029877
RGBI,LONG_QUARTERLY_SHORT_PERP,10,2026-05-22,2026-06-05,14,0.00404,-45.0,9.999999999999432,-13.538,12.545610958904112,2.92,3.999999999999602,-68.00361095890428,-2.9107396720842473
RGBI,LONG_QUARTERLY_SHORT_PERP,10,2026-05-04,2026-05-18,14,0.04032,-88.0,33.99999999999892,5.38,12.545610958904112,2.92,3.999999999999602,-68.0856109589048,-2.914249495309027
RGBI,LONG_QUARTERLY_SHORT_PERP,3,2026-02-09,2026-02-12,3,0.08026,3.0,-73.0000000000004,9.721,2.688345205479452,2.92,3.999999999999602,-69.88734520547945,-2.991368625839123
RGBI,LONG_QUARTERLY_SHORT_PERP,5,2026-05-18,2026-05-25,7,0.00419,-89.0,33.00000000000125,-2.2800000000000002,6.272805479452056,2.92,3.999999999999602,-71.47280547945041,-3.0592306415892825
RGBI,LONG_QUARTERLY_SHORT_PERP,20,2026-02-12,2026-03-13,29,0.0199,243.0,-334.99999999999943,53.166000000000004,25.987336986301372,2.92,3.999999999999602,-71.7413369863004,-3.070724521093198
RGBI,LONG_QUARTERLY_SHORT_PERP,40,2026-06-25,2026-08-20,56,0.04697,-107.0,67.99999999999926,23.905,50.182443835616446,2.92,3.999999999999602,-72.1974438356168,-3.0902471358822408
RGBI,LONG_QUARTERLY_SHORT_PERP,3,2026-03-17,2026-03-20,3,0.04937,-61.0,0.9999999999990905,-2.732,2.688345205479452,2.92,3.999999999999602,-72.34034520547996,-3.0963637035260865
RGBI,LONG_QUARTERLY_SHORT_PERP,40,2026-07-21,2026-09-15,56,0.03073,3.0,-36.999999999999034,17.95,50.182443835616446,2.92,3.999999999999602,-73.15244383561509,-3.1311237356339117
RGBI,SHORT_QUARTERLY_LONG_PERP,20,2026-08-03,2026-08-31,28,-0.05334,84.0,-103.00000000000011,-22.189999999999998,25.091221917808223,2.92,3.999999999999602,-73.20122191780794,-3.1332115703380534
RGBI,SHORT_QUARTERLY_LONG_PERP,20,2026-08-07,2026-09-04,28,-0.02394,117.0,-129.99999999999972,-28.293000000000003,25.091221917808223,2.92,3.999999999999602,-73.30422191780755,-3.1376202507301096
RGBI,LONG_QUARTERLY_SHORT_PERP,3,2026-07-23,2026-07-28,5,0.00465,120.0,-157.99999999999983,-24.128,4.480575342465754,2.92,3.999999999999602,-73.52857534246519,-3.14722318805227
RGBI,LONG_QUARTERLY_SHORT_PERP,10,2026-03-05,2026-03-19,14,0.00601,71.0,-151.0000000000005,25.09,12.545610958904112,2.92,3.999999999999602,-74.37561095890422,-3.1834786182812227
RGBI,LONG_QUARTERLY_SHORT_PERP,20,2026-07-01,2026-07-29,28,0.08871,172.0,-210.99999999999994,-3.4350000000000005,25.091221917808223,2.92,3.999999999999602,-74.44622191780778,-3.1865009595431997
RGBI,LONG_QUARTERLY_SHORT_PERP,40,2026-01-20,2026-03-18,57,0.05708,111.0,-274.0000000000009,145.939,51.0785589041096,2.92,3.999999999999602,-75.05955890411012,-3.2127534522154737
RGBI,LONG_QUARTERLY_SHORT_PERP,40,2026-07-08,2026-09-02,56,0.02822,75.0,-65.00000000000057,-28.615000000000002,50.182443835616446,2.92,3.999999999999602,-75.71744383561662,-3.2409127182132695
RGBI,LONG_QUARTERLY_SHORT_PERP,5,2026-02-27,2026-03-06,7,0.0211,-90.0,28.999999999999204,-1.6760000000000004,6.272805479452056,2.92,3.999999999999602,-75.86880547945246,-3.247391408614153
RGBI,LONG_QUARTERLY_SHORT_PERP,40,2026-01-14,2026-03-12,57,0.03551,50.0,-210.99999999999994,142.713,51.0785589041096,2.92,3.999999999999602,-76.28555890410915,-3.265229589697776
RGBI,SHORT_QUARTERLY_LONG_PERP,20,2026-07-31,2026-08-28,28,-0.05797,141.0,-170.00000000000028,-15.834999999999999,25.091221917808223,2.92,3.999999999999602,-76.84622191780811,-3.289227492950739
RGBI,SHORT_QUARTERLY_LONG_PERP,20,2026-08-04,2026-09-01,28,-0.0472,109.0,-131.99999999999932,-24.532999999999998,25.091221917808223,2.92,3.999999999999602,-79.54422191780715,-3.4047092375896564
RGBI,LONG_QUARTERLY_SHORT_PERP,20,2026-04-17,2026-05-18,31,0.02968,-143.0,77.99999999999869,19.897000000000002,27.779567123287674,2.92,3.999999999999602,-79.80256712328858,-3.4157671156653073
RGBI,LONG_QUARTERLY_SHORT_PERP,5,2026-03-17,2026-03-24,7,0.04937,-72.0,3.999999999999204,1.0959999999999996,6.272805479452056,2.92,3.999999999999602,-80.09680547945246,-3.428361318300409
RGBI,LONG_QUARTERLY_SHORT_PERP,20,2026-02-18,2026-03-19,29,0.0685,-26.0,-73.0000000000004,51.732,25.987336986301372,2.92,3.999999999999602,-80.17533698630137,-3.431722680576183
RGBI,LONG_QUARTERLY_SHORT_PERP,20,2026-06-17,2026-07-15,28,0.01827,-771.0,662.0000000000005,60.755,25.091221917808223,2.92,3.999999999999602,-80.25622191780737,-3.435184775833898
RGBI,LONG_QUARTERLY_SHORT_PERP,20,2026-01-21,2026-02-18,28,0.06128,78.0,-210.00000000000085,83.69,25.091221917808223,2.92,3.999999999999602,-80.32122191780869,-3.4379669527804078
RGBI,SHORT_QUARTERLY_LONG_PERP,20,2026-03-26,2026-04-23,28,-0.00715,-92.0,140.00000000000057,-96.529,25.091221917808223,2.92,3.999999999999602,-80.54022191780726,-3.447340748953784
RGBI,LONG_QUARTERLY_SHORT_PERP,10,2026-03-23,2026-04-06,14,0.00339,-140.0,40.00000000000057,38.897999999999996,12.545610958904112,2.92,3.999999999999602,-80.56761095890315,-3.448513074472591
RGBI,LONG_QUARTERLY_SHORT_PERP,5,2026-06-17,2026-06-24,7,0.01827,-372.0,310.00000000000085,-6.281000000000001,6.272805479452056,2.92,3.999999999999602,-81.47380547945082,-3.487300666842906
RGBI,LONG_QUARTERLY_SHORT_PERP,10,2026-03-18,2026-04-01,14,0.04303,-121.0,42.00000000000017,16.358999999999998,12.545610958904112,2.92,3.999999999999602,-82.10661095890354,-3.514386464020183
RGBI,LONG_QUARTERLY_SHORT_PERP,40,2026-07-07,2026-09-01,56,0.0351,229.0,-231.00000000000023,-23.71,50.182443835616446,2.92,3.999999999999602,-82.81244383561628,-3.54459803259925
RGBI,LONG_QUARTERLY_SHORT_PERP,5,2026-01-22,2026-01-29,7,0.0265,-80.0,-4.000000000000625,14.185999999999998,6.272805479452056,2.92,3.999999999999602,-83.0068054794523,-3.5529172400570257
RGBI,LONG_QUARTERLY_SHORT_PERP,10,2026-03-02,2026-03-16,14,0.04713,98.0,-180.00000000000114,17.814,12.545610958904112,2.92,3.999999999999602,-83.65161095890485,-3.5805166699013333
RGBI,LONG_QUARTERLY_SHORT_PERP,10,2026-06-18,2026-07-02,14,0.00069,-666.0,551.9999999999995,49.264,12.545610958904112,2.92,3.999999999999602,-84.20161095890415,-3.6040581671405274
RGBI,LONG_QUARTERLY_SHORT_PERP,10,2026-03-16,2026-03-30,14,0.11361,-137.0,60.00000000000085,12.229,12.545610958904112,2.92,3.999999999999602,-84.23661095890286,-3.605556262419332
RGBI,LONG_QUARTERLY_SHORT_PERP,5,2026-03-18,2026-03-25,7,0.04303,-66.0,-1.999999999999602,-3.1540000000000004,6.272805479452056,2.92,3.999999999999602,-84.34680547945126,-3.610272887876183
RGBI,LONG_QUARTERLY_SHORT_PERP,3,2026-02-06,2026-02-11,5,0.03791,-91.0,1.999999999999602,15.756999999999998,4.480575342465754,2.92,3.999999999999602,-84.64357534246575,-3.622975445895893
RGBI,LONG_QUARTERLY_SHORT_PERP,40,2026-07-03,2026-08-28,56,0.03762,114.0,-131.99999999999932,-10.885000000000002,50.182443835616446,2.92,3.999999999999602,-85.98744383561537,-3.680496675752915
RGBI,LONG_QUARTERLY_SHORT_PERP,10,2026-03-11,2026-03-25,14,0.05881,55.0,-145.00000000000028,22.252,12.545610958904112,2.92,3.999999999999602,-87.213610958904,-3.732979966566965
RGBI,LONG_QUARTERLY_SHORT_PERP,40,2026-04-03,2026-06-01,59,0.07697,-127.0,39.00000000000006,59.724999999999994,52.8707890410959,2.92,3.999999999999602,-88.06578904109544,-3.769455508329214
RGBI,LONG_QUARTERLY_SHORT_PERP,20,2026-07-02,2026-07-30,28,0.08013,236.0,-275.0,-17.161,25.091221917808223,2.92,3.999999999999602,-88.17222191780783,-3.774011125189737
RGBI,LONG_QUARTERLY_SHORT_PERP,20,2026-07-21,2026-08-18,28,0.03073,109.0,-118.99999999999977,-47.166000000000004,25.091221917808223,2.92,3.999999999999602,-89.1772219178076,-3.817027861054128
RGBI,LONG_QUARTERLY_SHORT_PERP,10,2026-03-13,2026-03-27,14,0.0542,-155.0,67.99999999999926,16.832,12.545610958904112,2.92,3.999999999999602,-89.63361095890446,-3.836562554419572
RGBI,LONG_QUARTERLY_SHORT_PERP,20,2026-06-05,2026-07-06,31,0.01159,-875.0,762.0000000000005,57.371,27.779567123287674,2.92,3.999999999999602,-90.32856712328682,-3.866308570101734
RGBI,LONG_QUARTERLY_SHORT_PERP,40,2026-06-30,2026-08-25,56,0.10244,23.0,-59.00000000000034,1.802999999999999,50.182443835616446,2.92,3.999999999999602,-91.2994438356164,-3.9078647363616144
RGBI,LONG_QUARTERLY_SHORT_PERP,20,2026-02-09,2026-03-10,29,0.08026,113.0,-223.9999999999995,52.201,25.987336986301372,2.92,3.999999999999602,-91.70633698630046,-3.9252808708770472
RGBI,LONG_QUARTERLY_SHORT_PERP,40,2026-06-26,2026-08-21,56,0.12174,-21.0,-31.000000000000227,16.936,50.182443835616446,2.92,3.999999999999602,-92.16644383561628,-3.9449746965550774
RGBI,SHORT_QUARTERLY_LONG_PERP,10,2026-02-13,2026-03-02,17,-0.01362,-42.0,19.999999999998863,-48.075,15.233956164383565,2.92,3.999999999999602,-92.22895616438431,-3.947650394400732
RGBI,SHORT_QUARTERLY_LONG_PERP,40,2026-07-28,2026-09-22,56,-0.05328,244.0,-226.9999999999996,-52.578,50.182443835616446,2.92,3.999999999999602,-92.68044383561566,-3.9669752957931625
RGBI,LONG_QUARTERLY_SHORT_PERP,20,2026-06-19,2026-07-17,28,0.00178,-767.0,644.9999999999989,60.821999999999996,25.091221917808223,2.92,3.999999999999602,-93.18922191780896,-3.988752382733765
RGBI,LONG_QUARTERLY_SHORT_PERP,10,2026-02-06,2026-02-20,14,0.03791,126.0,-242.00000000000017,41.992000000000004,12.545610958904112,2.92,3.999999999999602,-93.47361095890388,-4.000925007871587
RGBI,SHORT_QUARTERLY_LONG_PERP,40,2026-07-29,2026-09-23,56,-0.05208,309.0,-288.99999999999864,-56.983,50.182443835616446,2.92,3.999999999999602,-94.08544383561468,-4.027113120558775
RGBI,LONG_QUARTERLY_SHORT_PERP,40,2026-07-23,2026-09-17,56,0.00465,-104.0,48.0000000000004,18.96,50.182443835616446,2.92,3.999999999999602,-94.14244383561565,-4.029552875727246
RGBI,LONG_QUARTERLY_SHORT_PERP,40,2026-07-02,2026-08-27,56,0.08013,47.0,-73.99999999999949,-10.200000000000001,50.182443835616446,2.92,3.999999999999602,-94.30244383561553,-4.036401311287743
RGBI,LONG_QUARTERLY_SHORT_PERP,3,2026-05-15,2026-05-20,5,0.00751,-96.0,15.999999999999659,-3.087,4.480575342465754,2.92,3.999999999999602,-94.4875753424657,-4.0443254437557545
RGBI,LONG_QUARTERLY_SHORT_PERP,3,2026-06-18,2026-06-23,5,0.00069,-287.0,206.00000000000023,-2.331,4.480575342465754,2.92,3.999999999999602,-94.73157534246513,-4.054769307985495
RGBI,LONG_QUARTERLY_SHORT_PERP,10,2026-03-09,2026-03-23,14,0.01211,15.0,-115.99999999999966,25.535999999999998,12.545610958904112,2.92,3.999999999999602,-94.92961095890337,-4.063245771472129
RGBI,LONG_QUARTERLY_SHORT_PERP,5,2026-07-23,2026-07-30,7,0.00465,195.0,-242.00000000000017,-35.049,6.272805479452056,2.92,3.999999999999602,-95.24180547945184,-4.076608546824116
RGBI,LONG_QUARTERLY_SHORT_PERP,10,2026-02-25,2026-03-11,14,0.03403,-94.0,5.000000000001137,13.083,12.545610958904112,2.92,3.999999999999602,-95.38261095890257,-4.082635404652766
RGBI,LONG_QUARTERLY_SHORT_PERP,10,2026-03-17,2026-03-31,14,0.04937,-130.0,40.99999999999966,12.902,12.545610958904112,2.92,3.999999999999602,-95.56361095890405,-4.0903826973806465
RGBI,LONG_QUARTERLY_SHORT_PERP,20,2026-07-09,2026-08-06,28,0.01379,179.0,-187.99999999999955,-54.751000000000005,25.091221917808223,2.92,3.999999999999602,-95.76222191780738,-4.098883787091014
RGBI,LONG_QUARTERLY_SHORT_PERP,10,2026-07-21,2026-08-04,14,0.03073,242.0,-270.9999999999994,-47.649,12.545610958904112,2.92,3.999999999999602,-96.11461095890309,-4.113966997342082
RGBI,LONG_QUARTERLY_SHORT_PERP,40,2026-01-15,2026-03-13,57,0.03323,131.0,-314.00000000000006,144.81,51.0785589041096,2.92,3.999999999999602,-96.18855890410926,-4.117132170701932
RGBI,LONG_QUARTERLY_SHORT_PERP,10,2026-02-26,2026-03-12,14,0.04612,29.0,-114.00000000000006,7.856000000000001,12.545610958904112,2.92,3.999999999999602,-96.60961095890377,-4.135154344857414
RGBI,LONG_QUARTERLY_SHORT_PERP,5,2026-05-15,2026-05-22,7,0.00751,-101.0,20.000000000000284,-2.6020000000000003,6.272805479452056,2.92,3.999999999999602,-96.79480547945138,-4.143081174483216
RGBI,LONG_QUARTERLY_SHORT_PERP,40,2026-01-23,2026-03-23,59,0.00522,100.0,-267.00000000000017,129.943,52.8707890410959,2.92,3.999999999999602,-96.84778904109565,-4.145349015156258
RGBI,LONG_QUARTERLY_SHORT_PERP,20,2026-02-11,2026-03-12,29,0.02822,204.0,-317.99999999999926,49.736000000000004,25.987336986301372,2.92,3.999999999999602,-97.17133698630023,-4.159197747990421
RGBI,LONG_QUARTERLY_SHORT_PERP,10,2026-03-10,2026-03-24,14,0.00945,28.0,-138.00000000000097,28.08,12.545610958904112,2.92,3.999999999999602,-101.38561095890468,-4.339580146338427
RGBI,LONG_QUARTERLY_SHORT_PERP,40,2026-06-22,2026-08-17,56,0.01532,-300.0,243.99999999999977,11.359,50.182443835616446,2.92,3.999999999999602,-101.74344383561628,-4.354896367573354
RGBI,LONG_QUARTERLY_SHORT_PERP,40,2026-03-18,2026-05-14,57,0.04303,-164.0,23.000000000000398,97.13000000000001,51.0785589041096,2.92,3.999999999999602,-101.8685589041088,-4.360251633099721
RGBI,LONG_QUARTERLY_SHORT_PERP,10,2026-02-27,2026-03-13,14,0.0211,78.0,-171.9999999999999,11.166,12.545610958904112,2.92,3.999999999999602,-102.2996109589036,-4.378701834477747
RGBI,LONG_QUARTERLY_SHORT_PERP,10,2026-06-05,2026-06-22,17,0.01159,-421.0,342.00000000000017,-1.9040000000000001,15.233956164383565,2.92,3.999999999999602,-103.057956164383,-4.411161073679878
RGBI,LONG_QUARTERLY_SHORT_PERP,20,2026-07-23,2026-08-20,28,0.00465,37.0,-64.00000000000006,-44.9,25.091221917808223,2.92,3.999999999999602,-103.9112219178079,-4.447683170731835
RGBI,LONG_QUARTERLY_SHORT_PERP,20,2026-07-07,2026-08-04,28,0.0351,338.0,-362.99999999999955,-48.243,25.091221917808223,2.92,3.999999999999602,-105.25422191780737,-4.5051672267177745
RGBI,LONG_QUARTERLY_SHORT_PERP,20,2026-03-11,2026-04-08,28,0.05881,-60.0,-82.00000000000074,68.381,25.091221917808223,2.92,3.999999999999602,-105.63022191780857,-4.521261050285005
RGBI,LONG_QUARTERLY_SHORT_PERP,20,2026-07-03,2026-07-31,28,0.03762,255.0,-301.9999999999996,-26.72,25.091221917808223,2.92,3.999999999999602,-105.73122191780743,-4.525584125232522
RGBI,LONG_QUARTERLY_SHORT_PERP,40,2026-03-16,2026-05-12,57,0.11361,-183.0,35.00000000000085,100.055,51.0785589041096,2.92,3.999999999999602,-105.94355890410834,-4.5346727262812285
RGBI,LONG_QUARTERLY_SHORT_PERP,40,2026-03-11,2026-05-07,57,0.05881,-36.0,-129.00000000000063,116.835,51.0785589041096,2.92,3.999999999999602,-106.16355890410983,-4.544089325176982
RGBI,LONG_QUARTERLY_SHORT_PERP,5,2026-05-12,2026-05-19,7,0.04317,-133.0,34.99999999999943,4.404,6.272805479452056,2.92,3.999999999999602,-106.78880547945224,-4.5708515806810865
RGBI,LONG_QUARTERLY_SHORT_PERP,40,2026-07-06,2026-08-31,56,0.07959,202.0,-234.00000000000034,-17.823,50.182443835616446,2.92,3.999999999999602,-106.92544383561639,-4.576700074289106
RGBI,LONG_QUARTERLY_SHORT_PERP,10,2026-07-23,2026-08-06,14,0.00465,198.0,-232.99999999999983,-53.20700000000001,12.545610958904112,2.92,3.999999999999602,-107.67261095890355,-4.60868086114384
RGBI,LONG_QUARTERLY_SHORT_PERP,10,2026-05-15,2026-05-29,14,0.00751,-132.0,56.00000000000023,-12.687000000000001,12.545610958904112,2.92,3.999999999999602,-108.15261095890348,-4.629226167825342
RGBI,SHORT_QUARTERLY_LONG_PERP,40,2026-07-31,2026-09-25,56,-0.05797,318.0,-304.0000000000006,-65.648,50.182443835616446,2.92,3.999999999999602,-108.75044383561668,-4.65481504240109
RGBI,LONG_QUARTERLY_SHORT_PERP,5,2026-06-18,2026-06-25,7,0.00069,-481.0,387.00000000000045,-1.653,6.272805479452056,2.92,3.999999999999602,-108.84580547945122,-4.658896780355742
RGBI,LONG_QUARTERLY_SHORT_PERP,40,2026-07-09,2026-09-03,56,0.01379,-6.0,-15.999999999999659,-30.193000000000005,50.182443835616446,2.92,3.999999999999602,-109.29544383561571,-4.678142526029007
RGBI,LONG_QUARTERLY_SHORT_PERP,10,2026-05-12,2026-05-26,14,0.04317,-154.0,57.99999999999983,5.34,12.545610958904112,2.92,3.999999999999602,-110.12561095890388,-4.713675938830796
RGBI,LONG_QUARTERLY_SHORT_PERP,20,2026-06-08,2026-07-07,29,0.0336,-833.0,698.0000000000005,57.521,25.987336986301372,2.92,3.999999999999602,-110.38633698630052,-4.724835722565617
RGBI,LONG_QUARTERLY_SHORT_PERP,20,2026-03-18,2026-04-15,28,0.04303,-161.0,12.000000000000455,70.38600000000001,25.091221917808223,2.92,3.999999999999602,-110.62522191780737,-4.735060647939364
RGBI,LONG_QUARTERLY_SHORT_PERP,20,2026-04-22,2026-05-21,29,0.01351,-250.0,164.00000000000006,7.097,25.987336986301372,2.92,3.999999999999602,-111.81033698630092,-4.785786799054099
RGBI,LONG_QUARTERLY_SHORT_PERP,40,2026-07-01,2026-08-26,56,0.08871,-3.0,-47.00000000000131,-4.969,50.182443835616446,2.92,3.999999999999602,-112.07144383561736,-4.796962883003782
RGBI,LONG_QUARTERLY_SHORT_PERP,3,2026-05-14,2026-05-19,5,0.02193,-123.0,23.99999999999949,-1.9110000000000003,4.480575342465754,2.92,3.999999999999602,-112.31157534246587,-4.807241165195646
RGBI,LONG_QUARTERLY_SHORT_PERP,10,2026-05-07,2026-05-21,14,0.01227,-110.0,12.999999999999545,3.4460000000000006,12.545610958904112,2.92,3.999999999999602,-113.01961095890417,-4.837547017031381
RGBI,SHORT_QUARTERLY_LONG_PERP,40,2026-07-30,2026-09-24,56,-0.05713,313.0,-307.00000000000074,-62.187000000000005,50.182443835616446,2.92,3.999999999999602,-113.2894438356168,-4.849096598708076
RGBI,LONG_QUARTERLY_SHORT_PERP,10,2026-05-13,2026-05-27,14,0.04122,-143.0,51.9999999999996,-3.546,12.545610958904112,2.92,3.999999999999602,-114.01161095890411,-4.8800073175064895
RGBI,LONG_QUARTERLY_SHORT_PERP,10,2026-05-26,2026-06-09,14,0.00135,-120.0,40.00000000000057,-14.612,12.545610958904112,2.92,3.999999999999602,-114.07761095890314,-4.882832297175154
RGBI,LONG_QUARTERLY_SHORT_PERP,5,2026-05-13,2026-05-20,7,0.04122,-120.0,18.999999999999773,-0.1429999999999999,6.272805479452056,2.92,3.999999999999602,-114.33580547945189,-4.893883725525484
RGBI,LONG_QUARTERLY_SHORT_PERP,5,2026-05-14,2026-05-21,7,0.02193,-103.0,3.999999999999204,-2.255,6.272805479452056,2.92,3.999999999999602,-114.44780547945246,-4.898677630417859
RGBI,LONG_QUARTERLY_SHORT_PERP,20,2026-04-21,2026-05-20,29,0.01009,-194.0,104.00000000000063,8.367,25.987336986301372,2.92,3.999999999999602,-114.54033698630035,-4.902638230805134
RGBI,LONG_QUARTERLY_SHORT_PERP,40,2026-03-17,2026-05-13,57,0.04937,-165.0,7.9999999999998295,99.24,51.0785589041096,2.92,3.999999999999602,-115.75855890410938,-4.954781445195795
RGBI,LONG_QUARTERLY_SHORT_PERP,10,2026-06-01,2026-06-16,15,0.02208,-108.0,23.000000000000398,-11.171000000000001,13.441726027397262,2.92,3.999999999999602,-116.53272602739648,-4.987917905551361
RGBI,LONG_QUARTERLY_SHORT_PERP,20,2026-02-06,2026-03-09,31,0.03791,79.0,-221.0000000000008,59.282000000000004,27.779567123287674,2.92,3.999999999999602,-117.41756712328807,-5.025791513216969
RGBI,LONG_QUARTERLY_SHORT_PERP,10,2026-06-08,2026-06-23,15,0.0336,-331.0,243.00000000000068,-9.305000000000001,13.441726027397262,2.92,3.999999999999602,-117.6667260273962,-5.036456192586406
RGBI,LONG_QUARTERLY_SHORT_PERP,40,2026-03-13,2026-05-11,59,0.0542,-187.0,21.999999999999886,107.09899999999999,52.8707890410959,2.92,3.999999999999602,-117.69178904109562,-5.037528957800609
RGBI,LONG_QUARTERLY_SHORT_PERP,20,2026-04-29,2026-05-28,29,0.01938,-127.0,40.00000000000057,1.52,25.987336986301372,2.92,3.999999999999602,-118.38733698630041,-5.067300303312948
RGBI,LONG_QUARTERLY_SHORT_PERP,20,2026-02-20,2026-03-23,31,0.04132,-32.0,-95.00000000000028,42.826,27.779567123287674,2.92,3.999999999999602,-118.87356712328757,-5.0881122768175135
RGBI,SHORT_QUARTERLY_LONG_PERP,40,2026-08-03,2026-09-28,56,-0.05334,338.0,-329.9999999999997,-70.619,50.182443835616446,2.92,3.999999999999602,-119.72144383561577,-5.124403708240199
RGBI,LONG_QUARTERLY_SHORT_PERP,40,2026-04-07,2026-06-03,57,0.07618,-82.0,-22.999999999998977,42.209,51.0785589041096,2.92,3.999999999999602,-120.78955890410818,-5.170121940851267
RGBI,LONG_QUARTERLY_SHORT_PERP,40,2026-06-29,2026-08-24,56,0.11615,-153.0,78.00000000000011,9.76,50.182443835616446,2.92,3.999999999999602,-122.34244383561592,-5.236589643265673
RGBI,LONG_QUARTERLY_SHORT_PERP,40,2026-03-10,2026-05-06,57,0.00945,-54.0,-132.00000000000074,121.489,51.0785589041096,2.92,3.999999999999602,-122.50955890410994,-5.243742623126735
RGBI,SHORT_QUARTERLY_LONG_PERP,40,2026-08-04,2026-09-29,56,-0.0472,407.0,-397.999999999999,-74.774,50.182443835616446,2.92,3.999999999999602,-122.87644383561504,-5.259446296948809
RGBI,LONG_QUARTERLY_SHORT_PERP,20,2026-07-06,2026-08-03,28,0.07959,286.0,-337.00000000000045,-40.013,25.091221917808223,2.92,3.999999999999602,-123.02422191780829,-5.265771601156028
RGBI,LONG_QUARTERLY_SHORT_PERP,20,2026-05-04,2026-06-01,28,0.04032,-192.0,104.99999999999972,-5.518,25.091221917808223,2.92,3.999999999999602,-124.52922191780812,-5.330189698146989
RGBI,LONG_QUARTERLY_SHORT_PERP,40,2026-03-27,2026-05-25,59,0.001,-195.0,30.000000000001137,99.789,52.8707890410959,2.92,3.999999999999602,-125.00178904109437,-5.350416857470973
RGBI,LONG_QUARTERLY_SHORT_PERP,20,2026-03-05,2026-04-02,28,0.00601,-27.0,-115.99999999999966,49.458999999999996,25.091221917808223,2.92,3.999999999999602,-125.55222191780749,-5.3739768830119194
RGBI,LONG_QUARTERLY_SHORT_PERP,20,2026-04-30,2026-05-29,29,0.01287,-173.0,84.00000000000034,-3.694,25.987336986301372,2.92,3.999999999999602,-125.60133698630064,-5.376079141647075
RGBI,LONG_QUARTERLY_SHORT_PERP,20,2026-03-17,2026-04-14,28,0.04937,-220.0,56.00000000000023,69.509,25.091221917808223,2.92,3.999999999999602,-126.5022219178076,-5.414639469152403
RGBI,LONG_QUARTERLY_SHORT_PERP,20,2026-03-16,2026-04-13,28,0.11361,-235.0,71.0000000000008,68.525,25.091221917808223,2.92,3.999999999999602,-127.48622191780703,-5.4567573478494635
RGBI,LONG_QUARTERLY_SHORT_PERP,40,2026-02-27,2026-04-24,56,0.0211,-49.0,-145.00000000000028,123.56,50.182443835616446,2.92,3.999999999999602,-127.54244383561634,-5.459163798981994
RGBI,LONG_QUARTERLY_SHORT_PERP,20,2026-03-13,2026-04-10,28,0.0542,-246.0,73.99999999999949,73.81299999999999,25.091221917808223,2.92,3.999999999999602,-130.19822191780835,-5.572838330600023
RGBI,LONG_QUARTERLY_SHORT_PERP,20,2026-06-18,2026-07-16,28,0.00069,-857.0,696.9999999999999,61.614999999999995,25.091221917808223,2.92,3.999999999999602,-130.39622191780796,-5.581313269606127
RGBI,LONG_QUARTERLY_SHORT_PERP,10,2026-05-14,2026-05-28,14,0.02193,-137.0,34.00000000000034,-8.009,12.545610958904112,2.92,3.999999999999602,-130.47461095890338,-5.5846685339598245
RGBI,LONG_QUARTERLY_SHORT_PERP,20,2026-02-19,2026-03-20,29,0.02467,-57.0,-88.00000000000097,46.619,25.987336986301372,2.92,3.999999999999602,-131.28833698630194,-5.619498223100712
RGBI,LONG_QUARTERLY_SHORT_PERP,40,2026-03-30,2026-05-26,57,0.06758,-200.0,32.99999999999983,93.16600000000001,51.0785589041096,2.92,3.999999999999602,-131.83255890410936,-5.642792402692692
RGBI,LONG_QUARTERLY_SHORT_PERP,40,2026-03-25,2026-05-21,57,0.00053,-201.0,28.999999999999204,98.029,51.0785589041096,2.92,3.999999999999602,-131.96955890411,-5.648656375641398
RGBI,LONG_QUARTERLY_SHORT_PERP,20,2026-02-24,2026-03-24,28,0.0763,-26.0,-114.00000000000006,38.684999999999995,25.091221917808223,2.92,3.999999999999602,-133.32622191780789,-5.70672524580781
RGBI,LONG_QUARTERLY_SHORT_PERP,40,2026-03-31,2026-05-27,57,0.0561,-178.0,18.999999999999773,82.792,51.0785589041096,2.92,3.999999999999602,-134.20655890410941,-5.744406065321637
RGBI,LONG_QUARTERLY_SHORT_PERP,5,2026-02-06,2026-02-13,7,0.03791,44.0,-182.00000000000074,16.384999999999998,6.272805479452056,2.92,3.999999999999602,-134.8078054794524,-5.770141055491692
RGBI,LONG_QUARTERLY_SHORT_PERP,20,2026-05-21,2026-06-19,29,0.00081,-291.0,205.00000000000114,-16.57,25.987336986301372,2.92,3.999999999999602,-135.47733698629983,-5.798798826619005
RGBI,LONG_QUARTERLY_SHORT_PERP,40,2026-04-10,2026-06-08,59,0.07406,-177.0,68.99999999999977,31.889,52.8707890410959,2.92,3.999999999999602,-135.90178904109572,-5.816966530030206
RGBI,LONG_QUARTERLY_SHORT_PERP,40,2026-02-20,2026-04-20,59,0.04132,-28.0,-184.99999999999943,134.94,52.8707890410959,2.92,3.999999999999602,-137.8507890410949,-5.900389035701532
RGBI,LONG_QUARTERLY_SHORT_PERP,40,2026-02-02,2026-03-31,57,0.06152,52.0,-254.00000000000063,122.143,51.0785589041096,2.92,3.999999999999602,-137.8555589041098,-5.900593198823344
RGBI,LONG_QUARTERLY_SHORT_PERP,40,2026-01-30,2026-03-30,59,0.03279,43.0,-243.99999999999977,122.685,52.8707890410959,2.92,3.999999999999602,-138.10578904109525,-5.911303729876096
RGBI,LONG_QUARTERLY_SHORT_PERP,20,2026-04-20,2026-05-19,29,0.07015,-230.0,114.99999999999915,9.801,25.987336986301372,2.92,3.999999999999602,-138.1063369863018,-5.911327183422583
RGBI,LONG_QUARTERLY_SHORT_PERP,40,2026-02-17,2026-04-15,57,0.0274,-100.0,-115.99999999999966,133.357,51.0785589041096,2.92,3.999999999999602,-140.64155890410885,-6.019841583020538
RGBI,LONG_QUARTERLY_SHORT_PERP,40,2026-03-05,2026-04-30,56,0.00601,-27.0,-176.9999999999996,118.367,50.182443835616446,2.92,3.999999999999602,-142.73544383561563,-6.109465558173848
RGBI,LONG_QUARTERLY_SHORT_PERP,40,2026-04-02,2026-05-29,57,0.03621,-173.0,23.000000000000398,65.214,51.0785589041096,2.92,3.999999999999602,-142.7845589041088,-6.111567816809005
RGBI,LONG_QUARTERLY_SHORT_PERP,40,2026-01-29,2026-03-27,57,0.07782,48.0,-253.0000000000001,119.20599999999999,51.0785589041096,2.92,3.999999999999602,-143.7925589041093,-6.154712960840188
RGBI,LONG_QUARTERLY_SHORT_PERP,20,2026-03-10,2026-04-07,28,0.00945,-106.0,-77.00000000000102,71.107,25.091221917808223,2.92,3.999999999999602,-143.90422191780883,-6.159492441801516
RGBI,LONG_QUARTERLY_SHORT_PERP,40,2026-02-26,2026-04-23,56,0.04612,65.0,-279.0000000000006,126.53699999999999,50.182443835616446,2.92,3.999999999999602,-144.56544383561666,-6.187794539897131
RGBI,LONG_QUARTERLY_SHORT_PERP,40,2026-06-19,2026-08-14,56,0.00178,-397.0,298.9999999999995,10.172,50.182443835616446,2.92,3.999999999999602,-144.93044383561656,-6.20341753351952
RGBI,LONG_QUARTERLY_SHORT_PERP,40,2026-02-18,2026-04-16,57,0.0685,-77.0,-142.99999999999926,131.556,51.0785589041096,2.92,3.999999999999602,-146.44255890410844,-6.268140174810958
RGBI,LONG_QUARTERLY_SHORT_PERP,40,2026-03-09,2026-05-05,57,0.01211,-85.0,-127.99999999999869,122.927,51.0785589041096,2.92,3.999999999999602,-148.0715589041079,-6.3378658093612925
RGBI,LONG_QUARTERLY_SHORT_PERP,20,2026-04-23,2026-05-22,29,0.04882,-275.0,157.00000000000074,2.6190000000000007,25.987336986301372,2.92,3.999999999999602,-148.2883369863002,-6.347144501403938
RGBI,LONG_QUARTERLY_SHORT_PERP,40,2026-02-03,2026-04-01,57,0.06197,39.0,-253.0000000000001,123.706,51.0785589041096,2.92,3.999999999999602,-148.2925589041093,-6.347325210979296
RGBI,LONG_QUARTERLY_SHORT_PERP,40,2026-06-17,2026-08-12,56,0.01827,-380.0,278.0000000000001,9.584000000000001,50.182443835616446,2.92,3.999999999999602,-149.51844383561593,-6.399796423216878
RGBI,LONG_QUARTERLY_SHORT_PERP,40,2026-03-24,2026-05-20,57,0.03489,-213.0,23.000000000000398,98.001,51.0785589041096,2.92,3.999999999999602,-149.99755890410879,-6.4203038524208695
RGBI,LONG_QUARTERLY_SHORT_PERP,40,2026-04-01,2026-05-28,57,0.0776,-180.0,15.000000000000568,72.762,51.0785589041096,2.92,3.999999999999602,-150.23655890410862,-6.430533703039362
RGBI,LONG_QUARTERLY_SHORT_PERP,40,2026-02-19,2026-04-17,57,0.02467,-81.0,-143.99999999999977,132.05700000000002,51.0785589041096,2.92,3.999999999999602,-150.94155890410894,-6.460709622227837
RGBI,LONG_QUARTERLY_SHORT_PERP,40,2026-01-21,2026-03-19,57,0.06128,52.0,-283.00000000000125,135.422,51.0785589041096,2.92,3.999999999999602,-153.57655890411044,-6.573494795364912
RGBI,LONG_QUARTERLY_SHORT_PERP,40,2026-02-04,2026-04-02,57,0.08271,15.0,-229.99999999999972,119.05600000000001,51.0785589041096,2.92,3.999999999999602,-153.9425589041089,-6.5891605917094935
RGBI,LONG_QUARTERLY_SHORT_PERP,40,2026-02-10,2026-04-08,57,0.04909,135.0,-353.0000000000001,121.554,51.0785589041096,2.92,3.999999999999602,-154.4445589041093,-6.610647558280585
RGBI,LONG_QUARTERLY_SHORT_PERP,40,2026-01-27,2026-03-25,57,0.01846,98.0,-328.9999999999992,132.93200000000002,51.0785589041096,2.92,3.999999999999602,-156.06655890410838,-6.680073573775131
RGBI,LONG_QUARTERLY_SHORT_PERP,40,2026-05-22,2026-07-20,59,0.00404,-988.0,847.999999999999,43.675999999999995,52.8707890410959,2.92,3.999999999999602,-156.11478904109651,-6.682137954932863
RGBI,LONG_QUARTERLY_SHORT_PERP,40,2026-03-23,2026-05-19,57,0.00339,-226.0,25.0,101.915,51.0785589041096,2.92,3.999999999999602,-157.0835589041092,-6.723603942306604
RGBI,LONG_QUARTERLY_SHORT_PERP,20,2026-03-02,2026-03-30,28,0.04713,-39.0,-120.00000000000028,30.043,25.091221917808223,2.92,3.999999999999602,-160.96822191780808,-6.889878094328984
RGBI,LONG_QUARTERLY_SHORT_PERP,20,2026-05-22,2026-06-22,31,0.00404,-466.0,351.9999999999996,-15.442,27.779567123287674,2.92,3.999999999999602,-164.14156712328767,-7.025705907772446
RGBI,LONG_QUARTERLY_SHORT_PERP,20,2026-05-07,2026-06-04,28,0.01227,-157.0,35.00000000000085,-10.847,25.091221917808223,2.92,3.999999999999602,-164.85822191780696,-7.056380683893633
RGBI,LONG_QUARTERLY_SHORT_PERP,40,2026-04-08,2026-06-04,57,0.03155,-133.0,-11.999999999999034,37.607,51.0785589041096,2.92,3.999999999999602,-165.39155890410822,-7.07920895878561
RGBI,LONG_QUARTERLY_SHORT_PERP,20,2026-06-01,2026-06-30,29,0.02208,-677.0,518.9999999999998,23.105,25.987336986301372,2.92,3.999999999999602,-167.80233698630119,-7.182396823451661
RGBI,LONG_QUARTERLY_SHORT_PERP,20,2026-02-26,2026-03-26,28,0.04612,-27.0,-139.00000000000006,30.008000000000003,25.091221917808223,2.92,3.999999999999602,-168.00322191780785,-7.190995245379781
RGBI,LONG_QUARTERLY_SHORT_PERP,20,2026-03-09,2026-04-06,28,0.01211,-125.0,-75.99999999999909,64.434,25.091221917808223,2.92,3.999999999999602,-168.5772219178069,-7.2155640079530405
RGBI,LONG_QUARTERLY_SHORT_PERP,40,2026-02-24,2026-04-21,56,0.0763,-45.0,-195.00000000000028,128.31900000000002,50.182443835616446,2.92,3.999999999999602,-168.7834438356163,-7.224390867423545
RGBI,LONG_QUARTERLY_SHORT_PERP,20,2026-05-25,2026-06-23,29,0.00741,-404.0,287.99999999999955,-20.224,25.987336986301372,2.92,3.999999999999602,-169.13133698630142,-7.239281641326088
RGBI,LONG_QUARTERLY_SHORT_PERP,40,2026-05-25,2026-07-21,57,0.00741,-810.0,650.9999999999991,46.007999999999996,51.0785589041096,2.92,3.999999999999602,-170.9905589041101,-7.318861400680994
RGBI,LONG_QUARTERLY_SHORT_PERP,20,2026-05-18,2026-06-16,29,0.00419,-212.0,94.0000000000012,-22.069,25.987336986301372,2.92,3.999999999999602,-172.97633698629974,-7.403858108389322
RGBI,LONG_QUARTERLY_SHORT_PERP,40,2026-03-02,2026-04-27,56,0.04713,-85.0,-148.0000000000004,115.841,50.182443835616446,2.92,3.999999999999602,-174.26144383561643,-7.458864179926226
RGBI,LONG_QUARTERLY_SHORT_PERP,40,2026-02-11,2026-04-09,57,0.02822,50.0,-287.99999999999955,121.563,51.0785589041096,2.92,3.999999999999602,-174.43555890410872,-7.4663167788429865
RGBI,LONG_QUARTERLY_SHORT_PERP,20,2026-02-25,2026-03-25,28,0.03403,-39.0,-139.99999999999915,35.335,25.091221917808223,2.92,3.999999999999602,-175.67622191780694,-7.5194205332280495
RGBI,LONG_QUARTERLY_SHORT_PERP,40,2026-01-28,2026-03-26,57,0.05329,60.0,-307.99999999999983,126.888,51.0785589041096,2.92,3.999999999999602,-179.110558904109,-7.666419505376407
RGBI,LONG_QUARTERLY_SHORT_PERP,40,2026-04-09,2026-06-05,57,0.02831,-130.0,-28.000000000000114,35.935,51.0785589041096,2.92,3.999999999999602,-180.0635589041093,-7.707210499683657
RGBI,LONG_QUARTERLY_SHORT_PERP,40,2026-01-22,2026-03-20,57,0.0265,29.0,-282.00000000000074,130.126,51.0785589041096,2.92,3.999999999999602,-180.87255890410992,-7.74183790198647
RGBI,LONG_QUARTERLY_SHORT_PERP,20,2026-05-26,2026-06-24,29,0.00135,-491.0,365.00000000000057,-24.378,25.987336986301372,2.92,3.999999999999602,-183.2853369863004,-7.845111372096921
RGBI,LONG_QUARTERLY_SHORT_PERP,40,2026-06-18,2026-08-13,56,0.00069,-480.0,340.00000000000057,12.264,50.182443835616446,2.92,3.999999999999602,-184.83844383561546,-7.911588573197596
RGBI,LONG_QUARTERLY_SHORT_PERP,20,2026-02-27,2026-03-27,28,0.0211,-77.0,-104.00000000000063,27.998,25.091221917808223,2.92,3.999999999999602,-185.01322191780844,-7.919069550905639
RGBI,LONG_QUARTERLY_SHORT_PERP,40,2026-02-16,2026-04-14,57,0.09418,-166.0,-91.99999999999875,130.917,51.0785589041096,2.92,3.999999999999602,-185.08155890410794,-7.921994559949831
RGBI,LONG_QUARTERLY_SHORT_PERP,20,2026-05-15,2026-06-15,31,0.00751,-232.0,96.99999999999989,-20.907,27.779567123287674,2.92,3.999999999999602,-190.6065671232874,-8.15847995220166
RGBI,LONG_QUARTERLY_SHORT_PERP,40,2026-02-05,2026-04-03,57,0.03771,-7.0,-253.0000000000001,122.98199999999999,51.0785589041096,2.92,3.999999999999602,-195.01655890410933,-8.34723960553479
RGBI,LONG_QUARTERLY_SHORT_PERP,40,2026-02-12,2026-04-10,57,0.0199,-3.0,-260.99999999999994,126.979,51.0785589041096,2.92,3.999999999999602,-195.01955890410915,-8.347368013701542
RGBI,LONG_QUARTERLY_SHORT_PERP,40,2026-04-21,2026-06-18,58,0.01009,-343.0,215.00000000000057,-8.3,51.974673972602744,2.92,3.999999999999602,-195.19467397260178,-8.35486341534057
RGBI,LONG_QUARTERLY_SHORT_PERP,40,2026-04-13,2026-06-09,57,0.06073,-222.0,62.000000000000455,22.258,51.0785589041096,2.92,3.999999999999602,-195.74055890410872,-8.378228776446035
RGBI,LONG_QUARTERLY_SHORT_PERP,40,2026-02-25,2026-04-22,56,0.03403,10.0,-275.0,126.267,50.182443835616446,2.92,3.999999999999602,-195.83544383561605,-8.38229010981535
RGBI,LONG_QUARTERLY_SHORT_PERP,40,2026-04-14,2026-06-10,57,0.05921,-182.0,25.99999999999909,14.777999999999999,51.0785589041096,2.92,3.999999999999602,-199.2205589041101,-8.527182249887005
RGBI,LONG_QUARTERLY_SHORT_PERP,40,2026-05-26,2026-07-22,57,0.00135,-814.0,623.9999999999995,48.659,51.0785589041096,2.92,3.999999999999602,-199.33955890410965,-8.532275773835108
RGBI,LONG_QUARTERLY_SHORT_PERP,40,2026-06-05,2026-08-03,59,0.01159,-589.0,425.0,17.358,52.8707890410959,2.92,3.999999999999602,-206.43278904109548,-8.835885333266082
RGBI,LONG_QUARTERLY_SHORT_PERP,40,2026-06-08,2026-08-04,57,0.0336,-495.0,335.00000000000085,9.278,51.0785589041096,2.92,3.999999999999602,-208.72055890410834,-8.933808111291714
RGBI,LONG_QUARTERLY_SHORT_PERP,40,2026-04-15,2026-06-11,57,0.0518,-265.0,106.00000000000023,7.787000000000001,51.0785589041096,2.92,3.999999999999602,-209.21155890410895,-8.954824247918031
RGBI,LONG_QUARTERLY_SHORT_PERP,20,2026-05-13,2026-06-10,28,0.04122,-237.0,73.99999999999949,-14.953,25.091221917808223,2.92,3.999999999999602,-209.96422191780832,-8.987040273843611
RGBI,LONG_QUARTERLY_SHORT_PERP,40,2026-04-16,2026-06-15,60,0.05049,-320.0,168.99999999999977,1.5390000000000004,53.76690410958905,2.92,3.999999999999602,-210.1479041095889,-8.994902371681244
RGBI,LONG_QUARTERLY_SHORT_PERP,20,2026-05-12,2026-06-09,28,0.04317,-274.0,98.0000000000004,-9.272,25.091221917808223,2.92,3.999999999999602,-217.2832219178074,-9.30031339801427
RGBI,LONG_QUARTERLY_SHORT_PERP,20,2026-05-14,2026-06-11,28,0.02193,-262.0,95.00000000000028,-18.957,25.091221917808223,2.92,3.999999999999602,-217.9682219178075,-9.329633262757673
RGBI,LONG_QUARTERLY_SHORT_PERP,40,2026-05-21,2026-07-17,57,0.00081,-1058.0,850.0,44.252,51.0785589041096,2.92,3.999999999999602,-221.74655890410918,-9.491356371361091
RGBI,LONG_QUARTERLY_SHORT_PERP,40,2026-06-01,2026-07-28,57,0.02208,-607.0,404.9999999999997,33.749,51.0785589041096,2.92,3.999999999999602,-226.24955890410948,-9.684097029666972
RGBI,LONG_QUARTERLY_SHORT_PERP,40,2026-02-09,2026-04-07,57,0.08026,7.0,-301.0000000000005,123.30799999999999,51.0785589041096,2.92,3.999999999999602,-228.6905589041097,-9.788578474686885
RGBI,LONG_QUARTERLY_SHORT_PERP,40,2026-05-18,2026-07-14,57,0.00419,-874.0,654.0000000000007,43.126999999999995,51.0785589041096,2.92,3.999999999999602,-234.8715589041085,-10.053142100933462
RGBI,LONG_QUARTERLY_SHORT_PERP,40,2026-04-22,2026-06-19,58,0.01351,-541.0,369.0000000000012,-9.472999999999999,51.974673972602744,2.92,3.999999999999602,-240.36767397260115,-10.288390787681426
RGBI,LONG_QUARTERLY_SHORT_PERP,40,2026-04-20,2026-06-17,58,0.07015,-370.0,192.99999999999926,-7.359999999999999,51.974673972602744,2.92,3.999999999999602,-243.2546739726031,-10.41196224682631
RGBI,LONG_QUARTERLY_SHORT_PERP,40,2026-04-17,2026-06-16,60,0.02968,-355.0,171.9999999999999,-2.172,53.76690410958905,2.92,3.999999999999602,-245.85890410958874,-10.523430386062952
RGBI,LONG_QUARTERLY_SHORT_PERP,40,2026-04-30,2026-06-29,60,0.01287,-780.0,578.9999999999992,11.375,53.76690410958905,2.92,3.999999999999602,-250.31190410958945,-10.714030908256193
RGBI,LONG_QUARTERLY_SHORT_PERP,40,2026-04-29,2026-06-26,58,0.01938,-788.0,582.0000000000007,1.0469999999999997,51.974673972602744,2.92,3.999999999999602,-263.8476739726017,-11.293398706185066
RGBI,LONG_QUARTERLY_SHORT_PERP,40,2026-05-07,2026-07-03,57,0.01227,-978.0,726.9999999999995,39.724,51.0785589041096,2.92,3.999999999999602,-269.27455890410965,-11.525684154608125
RGBI,LONG_QUARTERLY_SHORT_PERP,40,2026-05-15,2026-07-13,59,0.00751,-967.0,703.0000000000001,46.936,52.8707890410959,2.92,3.999999999999602,-276.8547890410954,-11.850138639776372
RGBI,LONG_QUARTERLY_SHORT_PERP,40,2026-05-13,2026-07-09,57,0.04122,-875.0,603.9999999999992,51.885999999999996,51.0785589041096,2.92,3.999999999999602,-277.11255890411,-11.861171891628215
RGBI,LONG_QUARTERLY_SHORT_PERP,40,2026-02-06,2026-04-06,59,0.03791,-46.0,-296.9999999999999,123.71600000000001,52.8707890410959,2.92,3.999999999999602,-279.0747890410954,-11.945160683178333
RGBI,LONG_QUARTERLY_SHORT_PERP,40,2026-05-14,2026-07-10,57,0.02193,-884.0,609.0000000000003,49.117,51.0785589041096,2.92,3.999999999999602,-283.8815589041089,-12.15090351855964
RGBI,LONG_QUARTERLY_SHORT_PERP,40,2026-05-04,2026-06-30,57,0.04032,-869.0,623.9999999999995,17.587,51.0785589041096,2.92,3.999999999999602,-285.4115589041097,-12.216391683606972
RGBI,LONG_QUARTERLY_SHORT_PERP,40,2026-05-12,2026-07-08,57,0.04317,-950.0,654.9999999999998,54.629000000000005,51.0785589041096,2.92,3.999999999999602,-298.36955890410945,-12.771029358563087
RGBI,LONG_QUARTERLY_SHORT_PERP,40,2026-04-23,2026-06-22,60,0.04882,-741.0,509.00000000000034,-12.823,53.76690410958905,2.92,3.999999999999602,-305.5099041095883,-13.076655571184705
