name,direction,n_obs,start,end,calendar_days,entry_swaprate,quarter_pnl_rub,perp_pnl_rub,funding_rub,margin_cost_rub,roundtrip_fee_rub,spread_buffer_rub,screen_net_rub,screen_return_on_current_im_pct
EUR,SHORT_QUARTERLY_LONG_PERP,10,2026-02-25,2026-03-20,23,-0.00631,-2175.0,6970.000000000013,-31.540000000000013,258.9567227397261,17.58,24.000000000010232,4462.923277260276,15.203908174243516
EUR,SHORT_QUARTERLY_LONG_PERP,20,2026-02-16,2026-04-06,49,-0.01722,4626.0,-40.00000000000625,-239.55,551.6904093150687,17.58,24.000000000010232,3753.1795906849147,12.786013631237788
EUR,LONG_QUARTERLY_SHORT_PERP,20,2026-05-27,2026-06-26,30,0.12495,7005.0,-4680.000000000007,1347.6,337.7696383561645,17.58,24.000000000010232,3293.250361643818,11.219165776016718
EUR,LONG_QUARTERLY_SHORT_PERP,20,2026-06-04,2026-07-09,35,0.12768,2112.0,-320.0000000000074,1871.36,394.0645780821919,17.58,24.000000000010232,3227.71542191779,10.995906906460085
EUR,SHORT_QUARTERLY_LONG_PERP,20,2026-02-18,2026-04-09,50,-0.01996,3501.0,609.9999999999994,-414.35,562.9493972602742,17.58,24.000000000010232,3092.1206027397147,10.533973986799369
EUR,LONG_QUARTERLY_SHORT_PERP,10,2026-06-10,2026-06-26,16,0.12417,6714.0,-4320.000000000007,832.96,180.1438071232877,17.58,24.000000000010232,3005.236192876695,10.237983554684744
EUR,SHORT_QUARTERLY_LONG_PERP,20,2026-04-30,2026-06-01,32,-0.13167,6084.0,-2390.0000000000005,-483.42999999999995,360.2876142465754,17.58,24.000000000010232,2808.702385753414,9.568448863855107
EUR,SHORT_QUARTERLY_LONG_PERP,40,2026-02-25,2026-05-21,85,-0.00631,12318.0,-7049.999999999997,-1553.62,957.013975342466,17.58,24.000000000010232,2715.7860246575265,9.25190929231805
EUR,SHORT_QUARTERLY_LONG_PERP,10,2026-02-24,2026-03-19,23,-0.13542,-3173.0,6340.000000000004,-170.61,258.9567227397261,17.58,24.000000000010232,2695.8532772602675,9.184004100527623
EUR,SHORT_QUARTERLY_LONG_PERP,20,2026-02-17,2026-04-07,49,-0.00093,3383.0,159.9999999999966,-257.05,551.6904093150687,17.58,24.000000000010232,2692.6795906849175,9.173192254509273
EUR,SHORT_QUARTERLY_LONG_PERP,40,2026-02-16,2026-05-14,87,-0.01722,9562.0,-4750.0,-1141.87,979.531951232877,17.58,24.000000000010232,2649.018048767113,9.024449819826035
EUR,LONG_QUARTERLY_SHORT_PERP,40,2026-05-26,2026-07-30,65,0.12818,8108.0,-7579.999999999998,2868.44,731.8342164383563,17.58,24.000000000010232,2623.0257835616358,8.935901577144334
EUR,LONG_QUARTERLY_SHORT_PERP,20,2026-06-02,2026-07-03,31,0.12938,4484.0,-3420.000000000002,1861.04,349.02862630136997,17.58,24.000000000010232,2534.431373698618,8.634085662187465
EUR,SHORT_QUARTERLY_LONG_PERP,20,2026-02-11,2026-03-31,48,-0.13791,2483.0,789.999999999992,-242.48,540.4314213698631,17.58,24.000000000010232,2448.508578630119,8.341371177725666
EUR,LONG_QUARTERLY_SHORT_PERP,10,2026-04-07,2026-04-28,21,0.01657,-1767.0,3439.9999999999977,1050.26,236.43874684931512,17.58,24.000000000010232,2445.2412531506725,8.33024033063762
EUR,SHORT_QUARTERLY_LONG_PERP,20,2026-02-25,2026-04-16,50,-0.00631,4693.0,-909.9999999999966,-738.61,562.9493972602742,17.58,24.000000000010232,2439.860602739719,8.311909987567939
EUR,LONG_QUARTERLY_SHORT_PERP,10,2026-06-04,2026-06-19,15,0.12768,-358.0,2099.9999999999945,770.98,168.88481917808224,17.58,24.000000000010232,2302.5151808219025,7.8440132630978905
EUR,SHORT_QUARTERLY_LONG_PERP,40,2026-01-14,2026-04-02,78,-0.1386,5040.0,530.0000000000011,-2371.3700000000003,878.2010597260277,17.58,24.000000000010232,2278.8489402739624,7.7633891237688974
EUR,LONG_QUARTERLY_SHORT_PERP,10,2026-06-05,2026-06-22,17,0.12941,714.0,969.9999999999989,767.83,191.4027950684932,17.58,24.000000000010232,2218.847204931496,7.55898030520589
EUR,LONG_QUARTERLY_SHORT_PERP,20,2026-06-05,2026-07-10,35,0.12941,2975.0,-2109.9999999999995,1776.78,394.0645780821919,17.58,24.000000000010232,2206.1354219177983,7.515674881907236
EUR,SHORT_QUARTERLY_LONG_PERP,20,2026-03-02,2026-04-17,46,-0.06792,4724.0,-1100.0000000000086,-940.65,517.9134454794522,17.58,24.000000000010232,2123.8565545205292,7.235374220911607
EUR,LONG_QUARTERLY_SHORT_PERP,40,2026-04-22,2026-06-26,65,0.13166,328.0,569.9999999999932,1984.23,731.8342164383563,17.58,24.000000000010232,2108.8157835616266,7.1841345991833645
EUR,LONG_QUARTERLY_SHORT_PERP,20,2026-06-03,2026-07-07,34,0.12692,2383.0,-1780.0000000000011,1868.01,382.8055901369864,17.58,24.000000000010232,2046.6244098630025,6.972266306541684
EUR,SHORT_QUARTERLY_LONG_PERP,40,2026-02-11,2026-05-12,90,-0.13791,9348.0,-5100.000000000008,-1218.98,1013.3089150684933,17.58,24.000000000010232,1974.1310849314884,6.725302200947436
EUR,SHORT_QUARTERLY_LONG_PERP,20,2026-08-06,2026-09-14,39,-0.05557,-2071.0,3700.0000000000027,813.3900000000001,439.10052986301383,17.58,24.000000000010232,1961.709470136979,6.682985298106238
EUR,SHORT_QUARTERLY_LONG_PERP,10,2026-03-09,2026-04-02,24,-0.13776,1538.0,890.0000000000006,-193.24,270.21571068493154,17.58,24.000000000010232,1922.9642893150585,6.550991505066496
EUR,SHORT_QUARTERLY_LONG_PERP,3,2026-08-24,2026-08-31,7,-0.0394,-1344.0,3129.9999999999955,246.35,78.81291561643837,17.58,24.000000000010232,1911.9570843835468,6.5134930936807365
EUR,SHORT_QUARTERLY_LONG_PERP,5,2026-03-09,2026-03-19,10,-0.13776,-2829.0,5079.999999999998,-235.43,112.58987945205483,17.58,24.000000000010232,1861.400120547933,6.341259920943541
EUR,SHORT_QUARTERLY_LONG_PERP,10,2026-03-02,2026-03-23,21,-0.06792,-1617.0,4000.0,-245.39999999999998,236.43874684931512,17.58,24.000000000010232,1859.5812531506747,6.335063557893801
EUR,SHORT_QUARTERLY_LONG_PERP,5,2026-08-27,2026-09-04,8,-0.09035,1413.0,269.999999999996,284.96,90.07190356164385,17.58,24.000000000010232,1836.3080964383419,6.255778543208021
EUR,SHORT_QUARTERLY_LONG_PERP,3,2026-03-02,2026-03-09,7,-0.06792,793.0,1109.9999999999995,-9.410000000000007,78.81291561643837,17.58,24.000000000010232,1773.1970843835509,6.040777304680421
EUR,LONG_QUARTERLY_SHORT_PERP,5,2026-06-24,2026-07-03,9,0.03875,4115.0,-2849.9999999999945,648.98,101.33089150684933,17.58,24.000000000010232,1771.069108493146,6.0335278970556985
EUR,LONG_QUARTERLY_SHORT_PERP,20,2026-06-11,2026-07-16,35,0.12462,6866.0,-6359.999999999999,1694.08,394.0645780821919,17.58,24.000000000010232,1764.4354219177987,6.01092881674836
EUR,LONG_QUARTERLY_SHORT_PERP,5,2026-06-15,2026-06-22,7,0.12446,2275.0,-790.0000000000063,395.0,78.81291561643837,17.58,24.000000000010232,1759.607084383545,5.994480046302521
EUR,LONG_QUARTERLY_SHORT_PERP,20,2026-05-19,2026-06-17,29,0.12611,2487.0,-1549.9999999999973,1184.3999999999999,326.510650410959,17.58,24.000000000010232,1753.3093495890332,5.9730254580040025
EUR,LONG_QUARTERLY_SHORT_PERP,3,2026-04-07,2026-04-15,8,0.01657,-817.0,2299.9999999999973,322.17999999999995,90.07190356164385,17.58,24.000000000010232,1673.528096438343,5.701233457207206
EUR,LONG_QUARTERLY_SHORT_PERP,20,2026-06-09,2026-07-14,35,0.12792,6182.0,-5750.0,1676.7,394.0645780821919,17.58,24.000000000010232,1673.0554219177977,5.699623189774805
EUR,LONG_QUARTERLY_SHORT_PERP,20,2026-05-26,2026-06-24,29,0.12818,2534.0,-1880.0000000000095,1343.89,326.510650410959,17.58,24.000000000010232,1629.7993495890214,5.552262074468139
EUR,SHORT_QUARTERLY_LONG_PERP,5,2026-04-30,2026-05-11,11,-0.13167,1964.0,-90.00000000000341,-97.76999999999998,123.8488673972603,17.58,24.000000000010232,1610.801132602726,5.487540561551765
EUR,LONG_QUARTERLY_SHORT_PERP,5,2026-06-09,2026-06-17,8,0.12792,2760.0,-1560.0000000000023,538.4799999999999,90.07190356164385,17.58,24.000000000010232,1606.8280964383437,5.474005559208346
EUR,SHORT_QUARTERLY_LONG_PERP,20,2026-07-28,2026-09-02,36,-0.13314,-9970.0,11200.000000000004,792.37,405.3235660273973,17.58,24.000000000010232,1575.4664339725962,5.367165309735459
EUR,LONG_QUARTERLY_SHORT_PERP,20,2026-06-23,2026-07-29,36,0.02147,5302.0,-4729.99999999999,1427.98,405.3235660273973,17.58,24.000000000010232,1553.0764339726027,5.290888958368247
EUR,SHORT_QUARTERLY_LONG_PERP,5,2026-02-25,2026-03-12,15,-0.00631,678.0,1070.0000000000073,-1.4200000000000097,168.88481917808224,17.58,24.000000000010232,1536.115180821915,5.233106800934103
EUR,LONG_QUARTERLY_SHORT_PERP,10,2026-06-02,2026-06-17,15,0.12938,537.0,269.999999999996,922.0699999999999,168.88481917808224,17.58,24.000000000010232,1518.6051808219038,5.173455219315475
EUR,LONG_QUARTERLY_SHORT_PERP,3,2026-05-15,2026-05-20,5,0.12944,-1979.0,3200.0000000000027,378.07,56.294939726027415,17.58,24.000000000010232,1501.195060273965,5.114143898535641
EUR,SHORT_QUARTERLY_LONG_PERP,3,2026-03-19,2026-03-26,7,-0.14201,3436.0,-1920.0000000000018,95.06000000000002,78.81291561643837,17.58,24.000000000010232,1490.6670843835495,5.078278083966499
EUR,LONG_QUARTERLY_SHORT_PERP,3,2026-06-29,2026-07-03,4,0.1311,566.0,620.0000000000045,389.22,45.035951780821925,17.58,24.000000000010232,1488.6040482191725,5.071249907487832
EUR,SHORT_QUARTERLY_LONG_PERP,40,2026-02-18,2026-05-18,89,-0.01996,10133.0,-6200.000000000003,-1419.97,1002.0499271232878,17.58,24.000000000010232,1469.400072876699,5.005827434469958
EUR,SHORT_QUARTERLY_LONG_PERP,20,2026-08-04,2026-09-09,36,-0.13794,-4506.0,5670.000000000002,722.1500000000001,405.3235660273973,17.58,24.000000000010232,1439.2464339725946,4.903102577120687
EUR,LONG_QUARTERLY_SHORT_PERP,3,2026-01-21,2026-01-26,5,0.1368,698.0,429.9999999999926,402.86,56.294939726027415,17.58,24.000000000010232,1432.9850602739552,4.881771860716981
EUR,SHORT_QUARTERLY_LONG_PERP,5,2026-08-28,2026-09-07,10,-0.00648,839.0,489.9999999999949,246.35999999999996,112.58987945205483,17.58,24.000000000010232,1421.1901205479298,4.841589861302169
EUR,LONG_QUARTERLY_SHORT_PERP,40,2026-04-09,2026-06-16,68,0.13734,-7136.0,7149.999999999992,2190.5299999999997,765.6111802739728,17.58,24.000000000010232,1397.3388197260085,4.760335274341094
EUR,SHORT_QUARTERLY_LONG_PERP,10,2026-07-28,2026-08-14,17,-0.13314,-6849.0,7880.00000000001,599.11,191.4027950684932,17.58,24.000000000010232,1397.1272049315069,4.759614363022652
EUR,SHORT_QUARTERLY_LONG_PERP,20,2026-07-14,2026-08-18,35,-0.13137,-8516.0,10200.000000000004,128.95000000000007,394.0645780821919,17.58,24.000000000010232,1377.3054219178016,4.692087195274619
EUR,LONG_QUARTERLY_SHORT_PERP,3,2026-06-11,2026-06-17,6,0.12462,2557.0,-1370.0000000000045,289.69,67.55392767123288,17.58,24.000000000010232,1367.5560723287524,4.658873938693274
EUR,SHORT_QUARTERLY_LONG_PERP,10,2026-02-16,2026-03-12,24,-0.01722,1286.0,349.9999999999943,25.789999999999996,270.21571068493154,17.58,24.000000000010232,1349.9942893150526,4.599045947099344
EUR,LONG_QUARTERLY_SHORT_PERP,40,2026-04-10,2026-06-17,68,0.13632,-5693.0,5670.000000000002,2179.81,765.6111802739728,17.58,24.000000000010232,1349.6188197260187,4.597766829176126
EUR,LONG_QUARTERLY_SHORT_PERP,40,2026-05-18,2026-07-20,63,0.12777,4745.0,-5480.000000000004,2833.0,709.3162405479454,17.58,24.000000000010232,1347.1037594520408,4.5891987353321015
EUR,LONG_QUARTERLY_SHORT_PERP,40,2026-04-17,2026-06-22,66,0.13412,-5004.0,5039.999999999992,2093.8399999999997,743.0932043835618,17.58,24.000000000010232,1345.1667956164194,4.582600051361066
EUR,LONG_QUARTERLY_SHORT_PERP,40,2026-05-19,2026-07-21,63,0.12611,6305.0,-6969.999999999999,2742.72,709.3162405479454,17.58,24.000000000010232,1326.8237594520451,4.520110552852103
EUR,SHORT_QUARTERLY_LONG_PERP,20,2026-08-07,2026-09-16,40,-0.13004,-1117.0,2289.999999999992,635.71,450.3595178082193,17.58,24.000000000010232,1316.7704821917623,4.4858619012800816
EUR,SHORT_QUARTERLY_LONG_PERP,3,2026-08-28,2026-09-02,5,-0.00648,2.0,1149.9999999999914,262.6,56.294939726027415,17.58,24.000000000010232,1316.7250602739537,4.485707161746247
EUR,SHORT_QUARTERLY_LONG_PERP,10,2026-08-28,2026-09-18,21,-0.00648,4328.0,-3010.000000000005,236.08999999999997,236.43874684931512,17.58,24.000000000010232,1276.0712531506697,4.347211222641675
EUR,LONG_QUARTERLY_SHORT_PERP,10,2026-06-23,2026-07-13,20,0.02147,2620.0,-2099.9999999999945,1018.3500000000001,225.17975890410966,17.58,24.000000000010232,1271.5902410958859,4.331945691155677
EUR,SHORT_QUARTERLY_LONG_PERP,5,2026-05-25,2026-06-01,7,-0.12381,720.0,799.9999999999972,-130.63000000000002,78.81291561643837,17.58,24.000000000010232,1268.9770843835486,4.323043410692618
EUR,LONG_QUARTERLY_SHORT_PERP,5,2026-04-17,2026-04-28,11,0.13412,-1068.0,2039.999999999992,460.86,123.8488673972603,17.58,24.000000000010232,1267.4311326027214,4.31777679339779
EUR,SHORT_QUARTERLY_LONG_PERP,10,2026-08-27,2026-09-17,21,-0.09035,3984.0,-2799.9999999999973,346.96,236.43874684931512,17.58,24.000000000010232,1252.9412531506775,4.268413902091272
EUR,LONG_QUARTERLY_SHORT_PERP,5,2026-04-06,2026-04-16,10,0.13203,-675.0,1590.0000000000034,471.84999999999997,112.58987945205483,17.58,24.000000000010232,1232.6801205479383,4.199389995458638
EUR,LONG_QUARTERLY_SHORT_PERP,3,2026-06-22,2026-06-26,4,0.12626,3940.0,-2810.0000000000023,188.88,45.035951780821925,17.58,24.000000000010232,1232.2640482191657,4.197972555568346
EUR,SHORT_QUARTERLY_LONG_PERP,5,2026-09-01,2026-09-14,13,-0.02735,4183.0,-2839.999999999989,65.55,146.36684328767126,17.58,24.000000000010232,1220.6031567123293,4.158247220247638
EUR,LONG_QUARTERLY_SHORT_PERP,5,2026-06-23,2026-07-02,9,0.02147,4027.0,-3229.99999999999,554.6600000000001,101.33089150684933,17.58,24.000000000010232,1208.7491084931505,4.117863855035927
EUR,SHORT_QUARTERLY_LONG_PERP,40,2026-07-14,2026-09-25,73,-0.13137,-5376.0,7340.000000000004,107.16000000000007,821.9061200000001,17.58,24.000000000010232,1207.6738799999932,4.114200857878977
EUR,LONG_QUARTERLY_SHORT_PERP,10,2026-04-06,2026-04-27,21,0.13203,-2575.0,3120.0000000000045,935.01,236.43874684931512,17.58,24.000000000010232,1201.9912531506793,4.094841767113136
EUR,SHORT_QUARTERLY_LONG_PERP,40,2026-02-17,2026-05-15,87,-0.00093,9156.0,-5689.999999999998,-1272.2399999999998,979.531951232877,17.58,24.000000000010232,1172.648048767115,3.9948778292926224
EUR,LONG_QUARTERLY_SHORT_PERP,10,2026-03-31,2026-04-21,21,0.1085,-4899.0,5500.0,849.1999999999999,236.43874684931512,17.58,24.000000000010232,1172.1812531506746,3.9932875896116804
EUR,LONG_QUARTERLY_SHORT_PERP,40,2026-05-04,2026-07-03,60,0.13296,-693.0,239.99999999999488,2340.89,675.539276712329,17.58,24.000000000010232,1170.7707232876558,3.988482316210805
EUR,SHORT_QUARTERLY_LONG_PERP,10,2026-08-12,2026-08-31,19,-0.14277,-3690.0,4789.999999999992,310.99,213.92077095890417,17.58,24.000000000010232,1155.4892290410776,3.9364226188205254
EUR,LONG_QUARTERLY_SHORT_PERP,10,2026-04-10,2026-05-04,24,0.13632,-1053.0,1740.000000000009,777.89,270.21571068493154,17.58,24.000000000010232,1153.0942893150673,3.928263741462575
EUR,SHORT_QUARTERLY_LONG_PERP,3,2026-07-28,2026-08-04,7,-0.13314,-2582.0,3950.0000000000027,-96.77,78.81291561643837,17.58,24.000000000010232,1150.8370843835542,3.9205740873105452
EUR,LONG_QUARTERLY_SHORT_PERP,5,2026-06-04,2026-06-11,7,0.12768,-2408.0,3299.9999999999973,377.78000000000003,78.81291561643837,17.58,24.000000000010232,1149.3870843835487,3.915634350397508
EUR,LONG_QUARTERLY_SHORT_PERP,5,2026-06-29,2026-07-09,10,0.1311,-1418.0,2060.0000000000023,654.1400000000001,112.58987945205483,17.58,24.000000000010232,1141.9701205479373,3.8903668676104086
EUR,SHORT_QUARTERLY_LONG_PERP,10,2026-08-04,2026-08-19,15,-0.13794,-4260.0,4969.999999999999,638.14,168.88481917808224,17.58,24.000000000010232,1137.6751808219067,3.875735231538778
EUR,LONG_QUARTERLY_SHORT_PERP,5,2026-04-07,2026-04-17,10,0.01657,-699.0,1400.0000000000057,589.4,112.58987945205483,17.58,24.000000000010232,1136.2301205479405,3.87081232286509
EUR,LONG_QUARTERLY_SHORT_PERP,5,2026-01-21,2026-01-28,7,0.1368,1169.0,-579.9999999999983,666.9499999999999,78.81291561643837,17.58,24.000000000010232,1135.557084383553,3.8685194803926612
EUR,LONG_QUARTERLY_SHORT_PERP,5,2026-04-09,2026-04-20,11,0.13734,-1797.0,2500.0,586.51,123.8488673972603,17.58,24.000000000010232,1124.0811326027294,3.82942418203145
EUR,SHORT_QUARTERLY_LONG_PERP,10,2026-08-24,2026-09-16,23,-0.0394,1437.0,-310.0000000000023,291.60999999999996,258.9567227397261,17.58,24.000000000010232,1118.0732772602614,3.80895713044299
EUR,LONG_QUARTERLY_SHORT_PERP,40,2026-05-15,2026-07-17,63,0.12944,3761.0,-4719.999999999999,2825.92,709.3162405479454,17.58,24.000000000010232,1116.0237594520454,3.801975007152553
EUR,LONG_QUARTERLY_SHORT_PERP,3,2026-06-10,2026-06-16,6,0.12417,1583.0,-650.0000000000057,288.71000000000004,67.55392767123288,17.58,24.000000000010232,1112.5760723287513,3.7902297193267076
EUR,LONG_QUARTERLY_SHORT_PERP,5,2026-06-11,2026-06-19,8,0.12462,2050.0,-1200.0000000000027,393.2,90.07190356164385,17.58,24.000000000010232,1111.5480964383432,3.786727698325645
EUR,LONG_QUARTERLY_SHORT_PERP,3,2026-05-19,2026-05-22,3,0.12611,774.0,250.0,126.13,33.77696383561644,17.58,24.000000000010232,1074.7730361643735,3.6614455447299084
EUR,SHORT_QUARTERLY_LONG_PERP,5,2026-08-07,2026-08-14,7,-0.13004,-1986.0,2670.000000000002,510.27,78.81291561643837,17.58,24.000000000010232,1073.8770843835532,3.6583932922581823
EUR,LONG_QUARTERLY_SHORT_PERP,3,2026-07-01,2026-07-07,6,0.12238,-1507.0,2280.000000000001,400.73,67.55392767123288,17.58,24.000000000010232,1064.5960723287578,3.6267755282324967
EUR,SHORT_QUARTERLY_LONG_PERP,5,2026-08-24,2026-09-02,9,-0.0394,-2553.0,3390.0000000000005,359.42999999999995,101.33089150684933,17.58,24.000000000010232,1053.5191084931407,3.5890394681338957
EUR,SHORT_QUARTERLY_LONG_PERP,5,2026-08-12,2026-08-19,7,-0.14277,-1771.0,2769.999999999996,173.07000000000002,78.81291561643837,17.58,24.000000000010232,1051.6770843835473,3.5827642167622895
EUR,LONG_QUARTERLY_SHORT_PERP,20,2026-06-10,2026-07-15,35,0.12417,5602.0,-5829.999999999998,1685.33,394.0645780821919,17.58,24.000000000010232,1021.6854219177997,3.480591166993426
EUR,LONG_QUARTERLY_SHORT_PERP,20,2026-06-15,2026-07-17,32,0.12446,5966.0,-6100.000000000008,1552.87,360.2876142465754,17.58,24.000000000010232,1017.0023857534061,3.464637396920146
EUR,SHORT_QUARTERLY_LONG_PERP,3,2026-09-02,2026-09-09,7,-0.08573,2882.0,-1579.9999999999982,-166.99,78.81291561643837,17.58,24.000000000010232,1014.6170843835532,3.4565113546957758
EUR,LONG_QUARTERLY_SHORT_PERP,3,2026-08-19,2026-08-27,8,0.02919,2872.0,-1750.0,18.07999999999999,90.07190356164385,17.58,24.000000000010232,1008.4280964383458,3.4354272359322113
EUR,LONG_QUARTERLY_SHORT_PERP,20,2026-05-29,2026-07-01,33,0.12554,6332.0,-6540.000000000006,1599.6200000000001,371.5466021917809,17.58,24.000000000010232,978.4933978082025,3.3334482457229626
EUR,LONG_QUARTERLY_SHORT_PERP,10,2026-06-17,2026-07-03,16,0.1256,3947.0,-3689.9999999999977,938.97,180.1438071232877,17.58,24.000000000010232,974.2461928767043,3.318979228497255
EUR,LONG_QUARTERLY_SHORT_PERP,40,2026-05-29,2026-08-07,70,0.12554,11580.0,-12200.000000000004,2418.4799999999996,788.1291561643837,17.58,24.000000000010232,968.7708438356019,3.3003262741731203
EUR,LONG_QUARTERLY_SHORT_PERP,40,2026-05-06,2026-07-09,64,0.09707,-2121.0,1469.9999999999989,2376.33,720.5752284931508,17.58,24.000000000010232,963.1747715068377,3.281262050000486
EUR,LONG_QUARTERLY_SHORT_PERP,20,2026-06-24,2026-07-30,36,0.03875,5574.0,-5699.999999999989,1524.5500000000002,405.3235660273973,17.58,24.000000000010232,951.6464339726035,3.241988288301454
EUR,LONG_QUARTERLY_SHORT_PERP,5,2026-01-19,2026-01-26,7,0.13581,511.0,-130.00000000000966,674.9000000000001,78.81291561643837,17.58,24.000000000010232,935.5070843835418,3.18700612215166
EUR,LONG_QUARTERLY_SHORT_PERP,40,2026-06-04,2026-08-13,70,0.12768,10445.0,-10480.000000000004,1793.32,788.1291561643837,17.58,24.000000000010232,928.6108438356023,3.1635125952580645
EUR,LONG_QUARTERLY_SHORT_PERP,20,2026-05-22,2026-06-22,31,0.12491,2076.0,-2049.9999999999973,1288.04,349.02862630136997,17.58,24.000000000010232,923.4313736986225,3.145867616068053
EUR,LONG_QUARTERLY_SHORT_PERP,10,2026-06-15,2026-07-01,16,0.12446,5680.0,-5380.00000000001,837.36,180.1438071232877,17.58,24.000000000010232,915.6361928766921,3.1193116557578837
EUR,SHORT_QUARTERLY_LONG_PERP,40,2026-03-02,2026-05-22,81,-0.06792,11804.0,-8189.999999999998,-1746.4499999999998,911.9780235616441,17.58,24.000000000010232,913.9919764383476,3.113710278769275
EUR,SHORT_QUARTERLY_LONG_PERP,3,2026-08-07,2026-08-12,5,-0.13004,-208.0,939.9999999999977,279.46000000000004,56.294939726027415,17.58,24.000000000010232,913.58506027396,3.1123240313225655
EUR,LONG_QUARTERLY_SHORT_PERP,3,2026-06-04,2026-06-09,5,0.12768,-2611.0,3489.999999999995,128.98999999999998,56.294939726027415,17.58,24.000000000010232,910.1150602739573,3.100502729882435
EUR,LONG_QUARTERLY_SHORT_PERP,5,2026-05-15,2026-05-22,7,0.12944,-2006.0,2640.0000000000005,380.00999999999993,78.81291561643837,17.58,24.000000000010232,893.6170843835517,3.044298826092139
EUR,SHORT_QUARTERLY_LONG_PERP,3,2026-08-14,2026-08-19,5,-0.14513,7.0,1039.999999999992,-57.739999999999995,56.294939726027415,17.58,24.000000000010232,891.3850602739543,3.0366949558266727
EUR,LONG_QUARTERLY_SHORT_PERP,10,2026-06-19,2026-07-09,20,0.12755,2470.0,-2420.000000000002,1100.3799999999999,225.17975890410966,17.58,24.000000000010232,883.6202410958781,3.01024242898746
EUR,LONG_QUARTERLY_SHORT_PERP,5,2026-04-22,2026-05-05,13,0.13166,1153.0,-379.99999999999545,296.07,146.36684328767126,17.58,24.000000000010232,881.123156712323,3.001735573880998
EUR,LONG_QUARTERLY_SHORT_PERP,10,2026-06-29,2026-07-16,17,0.1311,928.0,-679.9999999999926,854.6400000000001,191.4027950684932,17.58,24.000000000010232,869.6572049315041,2.962674342670926
EUR,LONG_QUARTERLY_SHORT_PERP,5,2026-05-26,2026-06-02,7,0.12818,2165.0,-1310.0000000000023,131.83,78.81291561643837,17.58,24.000000000010232,866.4370843835492,2.9517043093363724
EUR,LONG_QUARTERLY_SHORT_PERP,3,2026-04-09,2026-04-16,7,0.13734,-810.0,1469.9999999999989,317.94,78.81291561643837,17.58,24.000000000010232,857.5470843835502,2.9214186119869026
EUR,LONG_QUARTERLY_SHORT_PERP,10,2026-04-15,2026-05-05,20,0.04852,-121.0,380.00000000000966,861.78,225.17975890410966,17.58,24.000000000010232,854.0202410958898,2.909403661659669
EUR,LONG_QUARTERLY_SHORT_PERP,10,2026-06-11,2026-06-29,18,0.12462,5938.0,-5680.000000000007,839.4399999999999,202.66178301369865,17.58,24.000000000010232,853.1982169862839,2.9066032597026954
EUR,LONG_QUARTERLY_SHORT_PERP,3,2026-05-26,2026-05-29,3,0.12818,138.0,659.9999999999966,126.41000000000003,33.77696383561644,17.58,24.000000000010232,849.0530361643699,2.89248180955294
EUR,LONG_QUARTERLY_SHORT_PERP,5,2026-05-13,2026-05-20,7,0.13107,-3344.0,3920.000000000002,378.65999999999997,78.81291561643837,17.58,24.000000000010232,834.2670843835532,2.842110284169619
EUR,LONG_QUARTERLY_SHORT_PERP,10,2026-06-24,2026-07-14,20,0.03875,3590.0,-3349.9999999999945,848.23,225.17975890410966,17.58,24.000000000010232,821.4702410958855,2.798515084750165
EUR,LONG_QUARTERLY_SHORT_PERP,10,2026-06-09,2026-06-24,15,0.12792,2592.0,-2400.0000000000055,828.47,168.88481917808224,17.58,24.000000000010232,810.0051808219021,2.7594568906499024
EUR,SHORT_QUARTERLY_LONG_PERP,5,2026-08-11,2026-08-18,7,-0.14294,-2966.0,3549.9999999999973,345.0300000000001,78.81291561643837,17.58,24.000000000010232,808.6370843835488,2.7547961758381074
EUR,SHORT_QUARTERLY_LONG_PERP,5,2026-02-24,2026-03-09,13,-0.13542,-344.0,1260.000000000005,64.82,146.36684328767126,17.58,24.000000000010232,792.8731567123234,2.7010929652093423
EUR,LONG_QUARTERLY_SHORT_PERP,5,2026-07-01,2026-07-10,9,0.12238,-1144.0,1510.000000000005,566.59,101.33089150684933,17.58,24.000000000010232,789.6791084931455,2.690211752871249
EUR,LONG_QUARTERLY_SHORT_PERP,5,2026-04-10,2026-04-21,11,0.13632,-1777.0,2240.000000000009,482.56999999999994,123.8488673972603,17.58,24.000000000010232,780.1411326027385,2.657718586263438
EUR,LONG_QUARTERLY_SHORT_PERP,3,2026-06-23,2026-06-29,6,0.02147,3760.0,-3170.000000000002,298.51,67.55392767123288,17.58,24.000000000010232,779.376072328755,2.655112243866141
EUR,LONG_QUARTERLY_SHORT_PERP,10,2026-05-26,2026-06-09,14,0.12818,-58.0,519.999999999996,515.42,157.62583123287675,17.58,24.000000000010232,778.214168767109,2.651153969443499
EUR,SHORT_QUARTERLY_LONG_PERP,5,2026-09-22,2026-09-29,7,-0.05221,1626.0,-530.0000000000011,-197.71,78.81291561643837,17.58,24.000000000010232,777.8970843835501,2.650073753282115
EUR,LONG_QUARTERLY_SHORT_PERP,10,2026-09-09,2026-09-28,19,0.15075,-2095.0,3000.0,108.89999999999999,213.92077095890417,17.58,24.000000000010232,758.3992290410855,2.5836501148270306
EUR,SHORT_QUARTERLY_LONG_PERP,20,2026-08-12,2026-09-21,40,-0.14277,407.0,590.0000000000034,252.54999999999998,450.3595178082193,17.58,24.000000000010232,757.6104821917737,2.5809630790156013
EUR,LONG_QUARTERLY_SHORT_PERP,3,2026-07-15,2026-07-20,5,0.1328,1230.0,-640.0000000000006,251.46999999999997,56.294939726027415,17.58,24.000000000010232,743.5950602739616,2.5332165293611544
EUR,LONG_QUARTERLY_SHORT_PERP,3,2026-03-12,2026-03-18,6,0.05993,3813.0,-3280.000000000001,317.51,67.55392767123288,17.58,24.000000000010232,741.3760723287559,2.525657069593929
EUR,SHORT_QUARTERLY_LONG_PERP,5,2026-05-21,2026-05-28,7,-0.12297,568.0,420.0000000000017,-130.14999999999998,78.81291561643837,17.58,24.000000000010232,737.457084383553,2.5123061941355886
EUR,LONG_QUARTERLY_SHORT_PERP,3,2026-04-21,2026-04-28,7,0.03238,383.0,179.9999999999926,294.03000000000003,78.81291561643837,17.58,24.000000000010232,736.637084383544,2.509512687743368
EUR,SHORT_QUARTERLY_LONG_PERP,20,2026-08-11,2026-09-18,38,-0.14294,-825.0,1489.999999999995,540.3299999999999,427.84154191780834,17.58,24.000000000010232,735.9084580821763,2.507030465511187
EUR,LONG_QUARTERLY_SHORT_PERP,40,2026-04-07,2026-06-15,69,0.01657,-7978.0,7230.000000000004,2288.2400000000002,776.8701682191783,17.58,24.000000000010232,721.7898317808153,2.4589323279236357
EUR,LONG_QUARTERLY_SHORT_PERP,3,2026-04-06,2026-04-10,4,0.13203,-480.0,989.9999999999949,290.22999999999996,45.035951780821925,17.58,24.000000000010232,713.6140482191626,2.431079762508223
EUR,LONG_QUARTERLY_SHORT_PERP,3,2026-07-02,2026-07-09,7,0.13377,-1685.0,2119.9999999999905,397.99,78.81291561643837,17.58,24.000000000010232,712.5970843835418,2.4276152564406224
EUR,LONG_QUARTERLY_SHORT_PERP,10,2026-01-16,2026-01-30,14,0.13772,-510.0,70.00000000000739,1348.22,157.62583123287675,17.58,24.000000000010232,709.0141687671204,2.41540928366361
EUR,LONG_QUARTERLY_SHORT_PERP,20,2026-04-09,2026-05-18,39,0.13734,-6632.0,6810.000000000002,1005.62,439.10052986301383,17.58,24.000000000010232,702.9394701369775,2.3947145160368644
EUR,LONG_QUARTERLY_SHORT_PERP,10,2026-04-09,2026-04-30,21,0.13734,-2046.0,2239.999999999995,781.25,236.43874684931512,17.58,24.000000000010232,697.2312531506697,2.3752682469645987
EUR,LONG_QUARTERLY_SHORT_PERP,40,2026-04-06,2026-06-11,66,0.13203,-8730.0,8030.000000000001,2180.35,743.0932043835618,17.58,24.000000000010232,695.6767956164288,2.3699726529910743
EUR,LONG_QUARTERLY_SHORT_PERP,3,2026-04-27,2026-05-04,7,0.03055,1042.0,-390.00000000000057,133.10999999999999,78.81291561643837,17.58,24.000000000010232,664.7170843835507,2.264501736857662
EUR,LONG_QUARTERLY_SHORT_PERP,3,2026-07-23,2026-07-29,6,0.02131,1436.0,-769.999999999996,99.58999999999999,67.55392767123288,17.58,24.000000000010232,656.4560723287608,2.23635882224667
EUR,LONG_QUARTERLY_SHORT_PERP,3,2026-01-22,2026-01-27,5,0.13608,2499.0,-2140.0000000000005,394.46999999999997,56.294939726027415,17.58,24.000000000010232,655.5950602739618,2.233425599467605
EUR,SHORT_QUARTERLY_LONG_PERP,3,2026-02-25,2026-03-06,9,-0.00631,-644.0,1520.0000000000102,-79.25,101.33089150684933,17.58,24.000000000010232,653.8391084931507,2.2274435719992227
EUR,LONG_QUARTERLY_SHORT_PERP,20,2026-05-18,2026-06-16,29,0.12777,-504.0,339.9999999999892,1184.9099999999999,326.510650410959,17.58,24.000000000010232,652.8193495890198,2.2239695439294884
EUR,LONG_QUARTERLY_SHORT_PERP,20,2026-06-16,2026-07-20,34,0.03963,5249.0,-5819.999999999993,1648.0900000000001,382.8055901369864,17.58,24.000000000010232,652.7044098630107,2.223577977027875
EUR,SHORT_QUARTERLY_LONG_PERP,20,2026-02-24,2026-04-15,50,-0.13542,3705.0,-1849.9999999999943,-599.1999999999999,562.9493972602742,17.58,24.000000000010232,651.2706027397212,2.21869340463266
EUR,LONG_QUARTERLY_SHORT_PERP,20,2026-04-07,2026-05-15,38,0.01657,-5773.0,5849.9999999999945,1015.1899999999998,427.84154191780834,17.58,24.000000000010232,622.7684580821757,2.1215947176912273
EUR,LONG_QUARTERLY_SHORT_PERP,40,2026-05-22,2026-07-28,67,0.12491,5866.0,-7089.999999999989,2638.1,754.3521923287673,17.58,24.000000000010232,618.1678076712333,2.1059216124092774
EUR,SHORT_QUARTERLY_LONG_PERP,10,2026-05-14,2026-05-28,14,-0.12885,3932.0,-2600.0000000000086,-514.6899999999999,157.62583123287675,17.58,24.000000000010232,618.1041687671044,2.1057048127928435
EUR,LONG_QUARTERLY_SHORT_PERP,5,2026-01-29,2026-02-05,7,0.13695,-635.0,689.9999999999977,681.8100000000001,78.81291561643837,17.58,24.000000000010232,616.4170843835492,2.0999573969274468
EUR,SHORT_QUARTERLY_LONG_PERP,5,2026-08-06,2026-08-13,7,-0.05557,-2456.0,2689.9999999999977,495.18,78.81291561643837,17.58,24.000000000010232,608.7870843835491,2.0739641606196306
EUR,SHORT_QUARTERLY_LONG_PERP,3,2026-08-11,2026-08-14,3,-0.14294,-2030.0,2329.999999999998,373.58000000000004,33.77696383561644,17.58,24.000000000010232,598.2230361643715,2.037975457902954
EUR,LONG_QUARTERLY_SHORT_PERP,5,2026-07-21,2026-07-30,9,0.03583,1588.0,-1119.9999999999905,256.22,101.33089150684933,17.58,24.000000000010232,581.30910849315,1.9803545248949113
EUR,LONG_QUARTERLY_SHORT_PERP,40,2026-04-16,2026-06-19,64,0.1331,-6005.0,5239.9999999999945,2101.7,720.5752284931508,17.58,24.000000000010232,574.5447715068333,1.957310355858079
EUR,LONG_QUARTERLY_SHORT_PERP,3,2026-08-20,2026-08-28,8,0.14783,3788.0,-2950.0000000000027,-136.23,90.07190356164385,17.58,24.000000000010232,570.1180964383432,1.9422299350044514
EUR,LONG_QUARTERLY_SHORT_PERP,5,2026-04-27,2026-05-06,9,0.03055,486.0,-180.00000000000682,362.59,101.33089150684933,17.58,24.000000000010232,525.6791084931335,1.7908389631905572
EUR,SHORT_QUARTERLY_LONG_PERP,3,2026-08-31,2026-09-04,4,-0.14952,460.0,0.0,128.95999999999998,45.035951780821925,17.58,24.000000000010232,502.3440482191678,1.7113430607058504
EUR,LONG_QUARTERLY_SHORT_PERP,10,2026-04-16,2026-05-06,20,0.1331,-1414.0,1349.9999999999943,825.75,225.17975890410966,17.58,24.000000000010232,494.99024109587435,1.6862907348450553
EUR,LONG_QUARTERLY_SHORT_PERP,40,2026-05-13,2026-07-15,63,0.13107,1533.0,-3009.999999999991,2709.8900000000003,709.3162405479454,17.58,24.000000000010232,481.9937594520538,1.6420154244206755
EUR,LONG_QUARTERLY_SHORT_PERP,3,2026-04-17,2026-04-22,5,0.13412,-1392.0,1659.9999999999966,298.48999999999995,56.294939726027415,17.58,24.000000000010232,468.615060273959,1.596438007746049
EUR,LONG_QUARTERLY_SHORT_PERP,20,2026-04-15,2026-05-20,35,0.04852,-6935.0,6750.0,1071.0799999999997,394.0645780821919,17.58,24.000000000010232,450.4354219177976,1.534505159019662
EUR,LONG_QUARTERLY_SHORT_PERP,3,2026-06-05,2026-06-10,5,0.12941,-2060.0,2480.000000000004,123.75,56.294939726027415,17.58,24.000000000010232,445.8750602739665,1.5189693060894913
EUR,LONG_QUARTERLY_SHORT_PERP,5,2026-09-21,2026-09-28,7,0.14501,329.0,120.00000000000455,104.36999999999999,78.81291561643837,17.58,24.000000000010232,432.97708438355596,1.4750295767039143
EUR,LONG_QUARTERLY_SHORT_PERP,3,2026-02-09,2026-02-12,3,0.01769,110.0,300.00000000001137,96.66,33.77696383561644,17.58,24.000000000010232,431.30303616438465,1.4693265713367325
EUR,LONG_QUARTERLY_SHORT_PERP,5,2026-01-16,2026-01-23,7,0.13772,-1611.0,1480.000000000004,677.1199999999999,78.81291561643837,17.58,24.000000000010232,425.7270843835554,1.4503308921388187
EUR,LONG_QUARTERLY_SHORT_PERP,5,2026-06-05,2026-06-15,10,0.12941,-1561.0,1760.000000000005,372.83,112.58987945205483,17.58,24.000000000010232,417.66012054793987,1.4228490445286277
EUR,SHORT_QUARTERLY_LONG_PERP,3,2026-07-14,2026-07-17,3,-0.13137,-632.0,1370.0000000000045,-249.42,33.77696383561644,17.58,24.000000000010232,413.2230361643779,1.4077331621040345
EUR,SHORT_QUARTERLY_LONG_PERP,10,2026-08-06,2026-08-20,14,-0.05557,-2497.0,2670.000000000002,434.74,157.62583123287675,17.58,24.000000000010232,408.53416876711486,1.3917595266816136
EUR,LONG_QUARTERLY_SHORT_PERP,10,2026-07-02,2026-07-20,18,0.13377,773.0,-840.0000000000034,716.59,202.66178301369865,17.58,24.000000000010232,405.34821698628775,1.3809058966024073
EUR,LONG_QUARTERLY_SHORT_PERP,10,2026-01-12,2026-01-28,16,0.13814,-1119.0,670.0000000000017,1073.92,180.1438071232877,17.58,24.000000000010232,403.19619287670383,1.373574563545981
EUR,LONG_QUARTERLY_SHORT_PERP,40,2026-06-02,2026-08-11,70,0.12938,9509.0,-10570.000000000007,2276.37,788.1291561643837,17.58,24.000000000010232,385.66084383559866,1.3138366249659708
EUR,LONG_QUARTERLY_SHORT_PERP,20,2026-04-17,2026-05-22,35,0.13412,-7080.0,7089.999999999989,805.8,394.0645780821919,17.58,24.000000000010232,380.15542191778695,1.2950812209182765
EUR,SHORT_QUARTERLY_LONG_PERP,3,2026-05-21,2026-05-26,5,-0.12297,575.0,30.000000000001137,-129.27999999999997,56.294939726027415,17.58,24.000000000010232,377.84506027396355,1.2872104769910921
EUR,LONG_QUARTERLY_SHORT_PERP,3,2026-07-13,2026-07-16,3,0.03087,2068.0,-1750.0,134.8,33.77696383561644,17.58,24.000000000010232,377.4430361643734,1.2858408953813916
EUR,LONG_QUARTERLY_SHORT_PERP,3,2026-07-21,2026-07-28,7,0.03583,335.0,130.00000000000966,21.509999999999977,78.81291561643837,17.58,24.000000000010232,366.11708438356106,1.247256604287082
EUR,LONG_QUARTERLY_SHORT_PERP,40,2026-05-27,2026-08-04,69,0.12495,9437.0,-10860.0,2605.55,776.8701682191783,17.58,24.000000000010232,364.0998317808117,1.2403843993597137
EUR,SHORT_QUARTERLY_LONG_PERP,3,2026-08-13,2026-08-18,5,-0.08568,-1642.0,1980.000000000004,116.58000000000001,56.294939726027415,17.58,24.000000000010232,356.7050602739665,1.2151925195144018
EUR,LONG_QUARTERLY_SHORT_PERP,5,2026-03-31,2026-04-10,10,0.1085,-3122.0,3259.999999999991,366.63,112.58987945205483,17.58,24.000000000010232,350.46012054792584,1.193917788973505
EUR,LONG_QUARTERLY_SHORT_PERP,40,2026-04-27,2026-06-29,63,0.03055,-217.0,-770.0000000000102,2084.7799999999997,709.3162405479454,17.58,24.000000000010232,346.88375945203387,1.181734145580635
EUR,LONG_QUARTERLY_SHORT_PERP,5,2026-07-13,2026-07-20,7,0.03087,2180.0,-1969.9999999999989,252.9,78.81291561643837,17.58,24.000000000010232,342.5070843835525,1.1668240604826583
EUR,SHORT_QUARTERLY_LONG_PERP,3,2026-02-16,2026-02-19,3,-0.01722,1400.0,-870.0000000000045,-114.52000000000001,33.77696383561644,17.58,24.000000000010232,340.1230361643688,1.1587022873856112
EUR,LONG_QUARTERLY_SHORT_PERP,5,2026-09-16,2026-09-23,7,0.04764,122.0,390.00000000000057,-52.21,78.81291561643837,17.58,24.000000000010232,339.397084383552,1.1562291764830095
EUR,SHORT_QUARTERLY_LONG_PERP,3,2026-09-01,2026-09-07,6,-0.02735,808.0,-429.9999999999926,69.49,67.55392767123288,17.58,24.000000000010232,338.3560723287643,1.1526827449837458
EUR,LONG_QUARTERLY_SHORT_PERP,5,2026-04-21,2026-05-04,13,0.03238,724.0,-500.0,295.32,146.36684328767126,17.58,24.000000000010232,331.37315671231846,1.1288939408243994
EUR,SHORT_QUARTERLY_LONG_PERP,20,2026-08-13,2026-09-22,40,-0.08568,764.0,-159.9999999999966,219.07999999999998,450.3595178082193,17.58,24.000000000010232,331.1404821917738,1.128101285018983
EUR,LONG_QUARTERLY_SHORT_PERP,40,2026-06-15,2026-08-24,70,0.12446,13482.0,-13640.0,1312.12,788.1291561643837,17.58,24.000000000010232,324.41084383560593,1.1051753243298597
EUR,SHORT_QUARTERLY_LONG_PERP,10,2026-05-21,2026-06-04,14,-0.12297,-1978.0,3000.0,-515.71,157.62583123287675,17.58,24.000000000010232,307.084168767113,1.0461482785259177
EUR,LONG_QUARTERLY_SHORT_PERP,5,2026-01-20,2026-01-27,7,0.13524,-511.0,269.999999999996,667.35,78.81291561643837,17.58,24.000000000010232,305.95708438354745,1.0423086231234449
EUR,LONG_QUARTERLY_SHORT_PERP,3,2026-07-27,2026-07-30,3,0.13334,2391.0,-2119.9999999999905,101.57,33.77696383561644,17.58,24.000000000010232,297.2130361643829,1.0125201419114291
EUR,SHORT_QUARTERLY_LONG_PERP,5,2026-07-14,2026-07-21,7,-0.13137,-396.0,1230.000000000004,-420.09999999999997,78.81291561643837,17.58,24.000000000010232,293.50708438355554,0.99989501997376
EUR,LONG_QUARTERLY_SHORT_PERP,5,2026-09-09,2026-09-21,12,0.15075,-2424.0,2879.9999999999955,4.5300000000000065,135.10785534246577,17.58,24.000000000010232,283.8421446575195,0.9669693237483796
EUR,SHORT_QUARTERLY_LONG_PERP,5,2026-07-28,2026-08-07,10,-0.13314,-4863.0,5210.000000000008,88.84,112.58987945205483,17.58,24.000000000010232,281.67012054794316,0.9595698563897307
EUR,LONG_QUARTERLY_SHORT_PERP,3,2026-09-18,2026-09-23,5,0.10439,458.0,-69.99999999999318,-10.9,56.294939726027415,17.58,24.000000000010232,279.22506027396923,0.9512402326035896
EUR,SHORT_QUARTERLY_LONG_PERP,5,2026-03-02,2026-03-13,11,-0.06792,-706.0,1250.0,-108.12,123.8488673972603,17.58,24.000000000010232,270.4511326027295,0.9213499606106383
EUR,SHORT_QUARTERLY_LONG_PERP,40,2026-06-18,2026-08-31,74,-0.02404,-13471.0,15539.999999999993,-924.5799999999999,833.1651079452056,17.58,24.000000000010232,269.674892054777,0.9187055302050501
EUR,LONG_QUARTERLY_SHORT_PERP,10,2026-01-29,2026-02-12,14,0.13695,265.0,-729.9999999999898,931.6,157.62583123287675,17.58,24.000000000010232,267.3941687671233,0.9109357557137368
EUR,LONG_QUARTERLY_SHORT_PERP,3,2026-04-16,2026-04-21,5,0.1331,-1582.0,1640.0000000000005,300.95,56.294939726027415,17.58,24.000000000010232,261.07506027396283,0.8894083533130229
EUR,SHORT_QUARTERLY_LONG_PERP,3,2026-09-23,2026-09-28,5,-0.1037,1109.0,-489.9999999999949,-260.28000000000003,56.294939726027415,17.58,24.000000000010232,260.8450602739675,0.8886248088371808
EUR,LONG_QUARTERLY_SHORT_PERP,3,2026-04-10,2026-04-17,7,0.13632,-326.0,380.00000000000966,315.73999999999995,78.81291561643837,17.58,24.000000000010232,249.34708438356103,0.8494544806090151
EUR,LONG_QUARTERLY_SHORT_PERP,10,2026-05-27,2026-06-10,14,0.12495,291.0,-359.99999999999943,514.64,157.62583123287675,17.58,24.000000000010232,246.4341687671136,0.8395310069572399
EUR,LONG_QUARTERLY_SHORT_PERP,3,2026-06-17,2026-06-22,5,0.1256,363.0,-250.0,229.77,56.294939726027415,17.58,24.000000000010232,244.89506027396237,0.8342877027939573
EUR,LONG_QUARTERLY_SHORT_PERP,5,2026-01-23,2026-01-30,7,0.13319,1101.0,-1409.9999999999966,671.1,78.81291561643837,17.58,24.000000000010232,241.70708438355484,0.823427177150054
EUR,LONG_QUARTERLY_SHORT_PERP,3,2026-01-29,2026-02-03,5,0.13695,-330.0,260.0000000000051,409.06,56.294939726027415,17.58,24.000000000010232,241.1850602739675,0.8216487897268717
EUR,SHORT_QUARTERLY_LONG_PERP,10,2026-09-01,2026-09-22,21,-0.02735,4562.0,-4009.999999999991,-33.580000000000005,236.43874684931512,17.58,24.000000000010232,240.40125315068371,0.8189785821547532
EUR,LONG_QUARTERLY_SHORT_PERP,10,2026-07-13,2026-07-29,16,0.03087,2682.0,-2629.9999999999955,409.63,180.1438071232877,17.58,24.000000000010232,239.9061928767066,0.8172920528378332
EUR,LONG_QUARTERLY_SHORT_PERP,10,2026-06-03,2026-06-18,15,0.12692,-435.0,90.00000000000341,771.11,168.88481917808224,17.58,24.000000000010232,215.64518082191097,0.7346416964279944
EUR,LONG_QUARTERLY_SHORT_PERP,20,2026-04-06,2026-05-14,38,0.13203,-4936.0,4709.999999999994,902.3199999999999,427.84154191780834,17.58,24.000000000010232,206.898458082175,0.7048441038863296
EUR,LONG_QUARTERLY_SHORT_PERP,10,2026-06-16,2026-07-02,16,0.03963,4476.0,-4979.99999999999,931.5,180.1438071232877,17.58,24.000000000010232,205.77619287671206,0.7010208660507282
EUR,LONG_QUARTERLY_SHORT_PERP,3,2026-01-19,2026-01-22,3,0.13581,-1499.0,1369.9999999999905,408.12000000000006,33.77696383561644,17.58,24.000000000010232,203.76303616436383,0.6941626146550882
EUR,LONG_QUARTERLY_SHORT_PERP,10,2026-01-21,2026-02-04,14,0.1368,-562.0,-390.00000000000057,1349.04,157.62583123287675,17.58,24.000000000010232,197.83416876711243,0.673964652493298
EUR,LONG_QUARTERLY_SHORT_PERP,3,2026-06-24,2026-07-01,7,0.03875,3936.0,-4000.0,382.14,78.81291561643837,17.58,24.000000000010232,197.7470843835514,0.6736679808077641
EUR,LONG_QUARTERLY_SHORT_PERP,5,2026-05-27,2026-06-03,7,0.12495,2580.0,-2400.0000000000055,133.80000000000004,78.81291561643837,17.58,24.000000000010232,193.40708438354602,0.6588828372198139
EUR,LONG_QUARTERLY_SHORT_PERP,10,2026-05-19,2026-06-02,14,0.12611,1950.0,-1819.9999999999932,262.33,157.62583123287675,17.58,24.000000000010232,193.12416876711984,0.6579190243137933
EUR,LONG_QUARTERLY_SHORT_PERP,3,2026-06-15,2026-06-18,3,0.12446,1355.0,-1230.000000000004,141.18999999999997,33.77696383561644,17.58,24.000000000010232,190.83303616436916,0.6501137882514291
EUR,LONG_QUARTERLY_SHORT_PERP,40,2026-05-05,2026-07-07,63,0.13241,-2867.0,1449.9999999999886,2342.37,709.3162405479454,17.58,24.000000000010232,174.47375945203288,0.5943823930471427
EUR,LONG_QUARTERLY_SHORT_PERP,5,2026-06-10,2026-06-18,8,0.12417,1854.0,-1950.0000000000027,390.27,90.07190356164385,17.58,24.000000000010232,162.61809643834317,0.5539935266905677
EUR,SHORT_QUARTERLY_LONG_PERP,3,2026-08-27,2026-09-01,5,-0.09035,-227.0,299.99999999999716,183.35,56.294939726027415,17.58,24.000000000010232,158.4750602739595,0.5398793827780315
EUR,SHORT_QUARTERLY_LONG_PERP,10,2026-08-07,2026-08-24,17,-0.13004,-2554.0,2599.9999999999945,344.1000000000001,191.4027950684932,17.58,24.000000000010232,157.1172049314912,0.5352535564623552
EUR,SHORT_QUARTERLY_LONG_PERP,3,2026-08-06,2026-08-11,5,-0.05557,-1132.0,1120.0000000000045,266.73,56.294939726027415,17.58,24.000000000010232,156.8550602739669,0.5343605042959253
EUR,SHORT_QUARTERLY_LONG_PERP,5,2026-08-31,2026-09-09,9,-0.14952,1673.0,-1319.9999999999932,-53.91,101.33089150684933,17.58,24.000000000010232,156.17910849314728,0.5320577291489353
EUR,LONG_QUARTERLY_SHORT_PERP,3,2026-01-23,2026-01-28,5,0.13319,2082.0,-2239.999999999995,397.67999999999995,56.294939726027415,17.58,24.000000000010232,141.80506027396729,0.4830894418539047
EUR,SHORT_QUARTERLY_LONG_PERP,10,2026-08-14,2026-09-02,19,-0.14513,-3121.0,3319.999999999993,193.26,213.92077095890417,17.58,24.000000000010232,136.75922904107875,0.4658997323380686
EUR,SHORT_QUARTERLY_LONG_PERP,3,2026-02-17,2026-02-24,7,-0.00093,495.0,-290.00000000000625,19.97000000000001,78.81291561643837,17.58,24.000000000010232,104.57708438354513,0.35626433378294636
EUR,LONG_QUARTERLY_SHORT_PERP,40,2026-03-31,2026-06-09,70,0.1085,-11575.0,10489.999999999995,2007.9599999999998,788.1291561643837,17.58,24.000000000010232,93.25084383560038,0.3176790589412828
EUR,LONG_QUARTERLY_SHORT_PERP,3,2026-06-09,2026-06-15,6,0.12792,848.0,-1019.999999999996,373.24999999999994,67.55392767123288,17.58,24.000000000010232,92.11607232876081,0.3138132156997812
EUR,LONG_QUARTERLY_SHORT_PERP,40,2026-06-05,2026-08-14,70,0.12941,11353.0,-11950.000000000004,1518.78,788.1291561643837,17.58,24.000000000010232,92.07084383560236,0.31365913510862603
EUR,SHORT_QUARTERLY_LONG_PERP,40,2026-03-09,2026-05-27,79,-0.13776,12000.0,-9120.000000000004,-1866.36,889.4600476712332,17.58,24.000000000010232,82.59995232875308,0.2813945058840888
EUR,LONG_QUARTERLY_SHORT_PERP,3,2026-04-28,2026-05-05,7,0.13182,829.0,-759.9999999999909,133.7,78.81291561643837,17.58,24.000000000010232,82.30708438356048,0.28039678822925584
EUR,LONG_QUARTERLY_SHORT_PERP,20,2026-06-19,2026-07-27,38,0.12755,3522.0,-4590.000000000004,1609.4599999999998,427.84154191780834,17.58,24.000000000010232,72.0384580821776,0.24541450382447239
EUR,LONG_QUARTERLY_SHORT_PERP,10,2026-01-19,2026-02-02,14,0.13581,1.0,-1090.0000000000034,1348.12,157.62583123287675,17.58,24.000000000010232,59.9141687671095,0.20411050418739624
EUR,LONG_QUARTERLY_SHORT_PERP,10,2026-07-01,2026-07-17,16,0.12238,286.0,-719.9999999999989,715.51,180.1438071232877,17.58,24.000000000010232,59.7861928767032,0.2036745267875228
EUR,LONG_QUARTERLY_SHORT_PERP,20,2026-05-15,2026-06-15,31,0.12944,-2205.0,1380.0000000000095,1273.05,349.02862630136997,17.58,24.000000000010232,57.441373698629306,0.1956863958576705
EUR,SHORT_QUARTERLY_LONG_PERP,3,2026-02-11,2026-02-17,6,-0.13791,1849.0,-1609.9999999999995,-78.39999999999999,67.55392767123288,17.58,24.000000000010232,51.46607232875736,0.17533024637962374
EUR,SHORT_QUARTERLY_LONG_PERP,10,2026-08-13,2026-09-01,19,-0.08568,-3798.0,3849.9999999999945,252.66,213.92077095890417,17.58,24.000000000010232,49.15922904108011,0.16747148848949353
EUR,SHORT_QUARTERLY_LONG_PERP,5,2026-08-04,2026-08-12,8,-0.13794,-2489.0,2200.0000000000027,465.07,90.07190356164385,17.58,24.000000000010232,44.41809643834864,0.15131980040174928
EUR,LONG_QUARTERLY_SHORT_PERP,3,2026-06-16,2026-06-19,3,0.03963,321.0,-439.9999999999977,229.10999999999999,33.77696383561644,17.58,24.000000000010232,34.75303616437559,0.11839369350389024
EUR,SHORT_QUARTERLY_LONG_PERP,10,2026-08-18,2026-09-07,20,-0.0748,-1348.0,1439.9999999999977,205.56999999999996,225.17975890410966,17.58,24.000000000010232,30.81024109587777,0.10496171395883724
EUR,SHORT_QUARTERLY_LONG_PERP,5,2026-09-02,2026-09-16,14,-0.08573,3990.0,-3700.0000000000027,-67.82000000000001,157.62583123287675,17.58,24.000000000010232,22.9741687671103,0.07826644793435635
EUR,LONG_QUARTERLY_SHORT_PERP,5,2026-02-03,2026-02-10,7,0.13688,799.0,-1219.9999999999989,563.9000000000001,78.81291561643837,17.58,24.000000000010232,22.507084383552623,0.0766752245061119
EUR,LONG_QUARTERLY_SHORT_PERP,10,2026-05-29,2026-06-15,17,0.12554,652.0,-1159.9999999999966,762.26,191.4027950684932,17.58,24.000000000010232,21.27720493149998,0.07248537559034107
EUR,LONG_QUARTERLY_SHORT_PERP,5,2026-07-02,2026-07-13,11,0.13377,-1407.0,1129.9999999999955,463.69,123.8488673972603,17.58,24.000000000010232,21.261132602724913,0.07243062174501116
EUR,SHORT_QUARTERLY_LONG_PERP,5,2026-03-19,2026-04-02,14,-0.14201,4367.0,-4189.999999999998,42.19000000000002,157.62583123287675,17.58,24.000000000010232,19.984168767114866,0.06808036974821605
EUR,LONG_QUARTERLY_SHORT_PERP,3,2026-09-09,2026-09-17,8,0.15075,-1358.0,1750.0,-244.86999999999998,90.07190356164385,17.58,24.000000000010232,15.478096438345943,0.05272946504811114
EUR,LONG_QUARTERLY_SHORT_PERP,5,2026-06-03,2026-06-10,7,0.12692,-2289.0,2040.0000000000064,380.84,78.81291561643837,17.58,24.000000000010232,11.447084383557737,0.03899695536268991
EUR,LONG_QUARTERLY_SHORT_PERP,3,2026-02-02,2026-02-05,3,0.13571,-1290.0,959.9999999999937,409.63000000000005,33.77696383561644,17.58,24.000000000010232,4.273036164367127,0.014557016877095348
EUR,LONG_QUARTERLY_SHORT_PERP,3,2026-05-29,2026-06-03,5,0.12554,2442.0,-2480.000000000004,132.34,56.294939726027415,17.58,24.000000000010232,-3.534939726041735,-0.012042532586223908
EUR,SHORT_QUARTERLY_LONG_PERP,3,2026-08-04,2026-08-10,6,-0.13794,-1784.0,1710.000000000008,179.35999999999999,67.55392767123288,17.58,24.000000000010232,-3.773927671235171,-0.012856696430802193
EUR,LONG_QUARTERLY_SHORT_PERP,10,2026-05-15,2026-05-29,14,0.12944,-2857.0,2540.0000000000064,510.78999999999996,157.62583123287675,17.58,24.000000000010232,-5.415831232880649,-0.01845019410740708
EUR,LONG_QUARTERLY_SHORT_PERP,20,2026-08-19,2026-09-28,40,0.02919,-1849.0,2299.9999999999973,24.890000000000008,450.3595178082193,17.58,24.000000000010232,-16.049517808232295,-0.05467613486446654
EUR,LONG_QUARTERLY_SHORT_PERP,20,2026-07-01,2026-08-07,37,0.12238,5248.0,-5659.999999999996,818.86,416.5825539726028,17.58,24.000000000010232,-51.302553972609374,-0.17477318592457525
EUR,LONG_QUARTERLY_SHORT_PERP,5,2026-08-10,2026-08-17,7,0.00625,3530.0,-3049.9999999999973,-413.17,78.81291561643837,17.58,24.000000000010232,-53.56291561644589,-0.18247359409618277
EUR,LONG_QUARTERLY_SHORT_PERP,10,2026-06-22,2026-07-10,18,0.12626,2261.0,-3079.999999999998,1008.95,202.66178301369865,17.58,24.000000000010232,-54.29178301370702,-0.18495663767338738
EUR,LONG_QUARTERLY_SHORT_PERP,5,2026-07-15,2026-07-23,8,0.1328,296.0,-530.0000000000011,308.61,90.07190356164385,17.58,24.000000000010232,-57.041903561655204,-0.19432551490507768
EUR,LONG_QUARTERLY_SHORT_PERP,5,2026-04-15,2026-04-22,7,0.04852,-1274.0,760.0000000000051,565.7099999999999,78.81291561643837,17.58,24.000000000010232,-68.68291561644357,-0.23398312659606668
EUR,LONG_QUARTERLY_SHORT_PERP,5,2026-04-16,2026-04-27,11,0.1331,-1900.0,1530.0000000000011,463.15999999999997,123.8488673972603,17.58,24.000000000010232,-72.26886739726943,-0.2461994427202396
EUR,LONG_QUARTERLY_SHORT_PERP,3,2026-08-17,2026-08-20,3,0.10335,-1712.0,1609.9999999999995,102.21999999999997,33.77696383561644,17.58,24.000000000010232,-75.13696383562716,-0.25597023020069015
EUR,LONG_QUARTERLY_SHORT_PERP,3,2026-04-15,2026-04-20,5,0.04852,-738.0,350.0000000000085,401.66999999999996,56.294939726027415,17.58,24.000000000010232,-84.20493972602915,-0.28686224070564365
EUR,SHORT_QUARTERLY_LONG_PERP,3,2026-06-18,2026-06-23,5,-0.02404,-178.0,450.00000000000284,-275.28000000000003,56.294939726027415,17.58,24.000000000010232,-101.15493972603483,-0.34460606186129566
EUR,LONG_QUARTERLY_SHORT_PERP,5,2026-09-18,2026-09-25,7,0.10439,-999.0,799.9999999999972,217.09,78.81291561643837,17.58,24.000000000010232,-102.30291561645144,-0.3485168886758795
EUR,LONG_QUARTERLY_SHORT_PERP,10,2026-01-06,2026-01-26,20,0.13814,-2740.0,1799.9999999999973,1086.1100000000001,225.17975890410966,17.58,24.000000000010232,-120.64975890412249,-0.4110193569693129
EUR,LONG_QUARTERLY_SHORT_PERP,3,2026-05-13,2026-05-18,5,0.13107,-1982.0,1830.0000000000125,128.36,56.294939726027415,17.58,24.000000000010232,-121.51493972602513,-0.4139667815502704
EUR,LONG_QUARTERLY_SHORT_PERP,3,2026-08-10,2026-08-13,3,0.00625,1777.0,-1459.9999999999936,-371.39,33.77696383561644,17.58,24.000000000010232,-129.7469638356203,-0.4420109424902893
EUR,LONG_QUARTERLY_SHORT_PERP,5,2026-06-02,2026-06-09,7,0.12938,-2223.0,1829.9999999999982,383.59,78.81291561643837,17.58,24.000000000010232,-129.80291561645043,-0.4422015542676105
EUR,LONG_QUARTERLY_SHORT_PERP,40,2026-06-03,2026-08-12,70,0.12692,9346.0,-10659.999999999996,2006.6799999999998,788.1291561643837,17.58,24.000000000010232,-137.02915616439049,-0.46681929714830855
EUR,LONG_QUARTERLY_SHORT_PERP,10,2026-01-22,2026-02-05,14,0.13608,210.0,-1500.0,1349.6299999999999,157.62583123287675,17.58,24.000000000010232,-139.57583123288708,-0.4754950935905962
EUR,LONG_QUARTERLY_SHORT_PERP,3,2026-01-20,2026-01-23,3,0.13524,-2611.0,2140.0000000000005,406.07000000000005,33.77696383561644,17.58,24.000000000010232,-140.28696383562618,-0.47791771977528685
EUR,SHORT_QUARTERLY_LONG_PERP,10,2026-05-12,2026-05-26,14,-0.13283,4652.0,-4079.999999999998,-516.04,157.62583123287675,17.58,24.000000000010232,-143.2458312328851,-0.4879977380531956
EUR,LONG_QUARTERLY_SHORT_PERP,5,2026-09-07,2026-09-18,11,0.03212,-3489.0,3500.0,10.270000000000001,123.8488673972603,17.58,24.000000000010232,-144.1588673972705,-0.4911081921525994
EUR,LONG_QUARTERLY_SHORT_PERP,5,2026-07-20,2026-07-29,9,0.13485,502.0,-659.9999999999966,156.73,101.33089150684933,17.58,24.000000000010232,-144.18089150685614,-0.49118322201956255
EUR,SHORT_QUARTERLY_LONG_PERP,10,2026-05-11,2026-05-25,14,-0.13283,3400.0,-3099.9999999999945,-255.02999999999997,157.62583123287675,17.58,24.000000000010232,-154.23583123288148,-0.5254375371387527
EUR,LONG_QUARTERLY_SHORT_PERP,3,2026-09-21,2026-09-24,3,0.14501,513.0,-519.999999999996,-73.25999999999999,33.77696383561644,17.58,24.000000000010232,-155.6169638356227,-0.5301426624487764
EUR,SHORT_QUARTERLY_LONG_PERP,5,2026-05-14,2026-05-21,7,-0.12885,3364.0,-3020.00000000001,-384.54,78.81291561643837,17.58,24.000000000010232,-160.93291561645862,-0.5482525957174817
EUR,LONG_QUARTERLY_SHORT_PERP,10,2026-01-08,2026-01-27,19,0.13814,-2151.0,1159.9999999999966,1075.66,213.92077095890417,17.58,24.000000000010232,-170.84077095891774,-0.5820058362443751
EUR,SHORT_QUARTERLY_LONG_PERP,3,2026-09-22,2026-09-25,3,-0.05221,734.0,-719.9999999999989,-124.28999999999999,33.77696383561644,17.58,24.000000000010232,-185.6469638356255,-0.63244631727496
EUR,SHORT_QUARTERLY_LONG_PERP,3,2026-07-17,2026-07-23,6,-0.01675,567.0,-460.00000000000796,-191.98999999999998,67.55392767123288,17.58,24.000000000010232,-194.12392767125107,-0.6613249180812804
EUR,SHORT_QUARTERLY_LONG_PERP,10,2026-09-14,2026-09-29,15,-0.14681,2005.0,-1700.0000000000027,-296.84,168.88481917808224,17.58,24.000000000010232,-202.30481917809516,-0.6891948848107694
EUR,LONG_QUARTERLY_SHORT_PERP,3,2026-09-07,2026-09-16,9,0.03212,-3153.0,3040.0000000000064,51.58,101.33089150684933,17.58,24.000000000010232,-204.33089150685316,-0.696097136032019
EUR,LONG_QUARTERLY_SHORT_PERP,3,2026-01-27,2026-01-30,3,0.12769,-999.0,460.00000000000796,409.81999999999994,33.77696383561644,17.58,24.000000000010232,-204.5369638356188,-0.6967991657486777
EUR,SHORT_QUARTERLY_LONG_PERP,20,2026-07-17,2026-08-24,38,-0.01675,-7516.0,7539.999999999992,240.75000000000009,427.84154191780834,17.58,24.000000000010232,-204.67154191782663,-0.6972576349351366
EUR,LONG_QUARTERLY_SHORT_PERP,10,2026-09-07,2026-09-25,18,0.03212,-4488.0,4299.999999999997,227.36,202.66178301369865,17.58,24.000000000010232,-204.88178301371158,-0.6979738664537409
EUR,SHORT_QUARTERLY_LONG_PERP,20,2026-08-18,2026-09-25,38,-0.0748,3140.0,-2859.9999999999995,-21.79000000000001,427.84154191780834,17.58,24.000000000010232,-211.21154191781812,-0.7195375517703783
EUR,LONG_QUARTERLY_SHORT_PERP,40,2026-06-11,2026-08-20,70,0.12462,12894.0,-13760.000000000005,1475.9799999999998,788.1291561643837,17.58,24.000000000010232,-219.72915616439963,-0.7485546369460285
EUR,SHORT_QUARTERLY_LONG_PERP,10,2026-02-18,2026-03-17,27,-0.01996,-2594.0,2890.0000000000005,-172.87,303.992674520548,17.58,24.000000000010232,-222.44267452055777,-0.7577988209377997
EUR,SHORT_QUARTERLY_LONG_PERP,5,2026-02-16,2026-02-25,9,-0.01722,608.0,-720.0000000000131,27.210000000000008,101.33089150684933,17.58,24.000000000010232,-227.7008915068726,-0.7757120682094973
EUR,SHORT_QUARTERLY_LONG_PERP,3,2026-08-12,2026-08-17,5,-0.14277,-2825.0,2560.0000000000023,127.46000000000002,56.294939726027415,17.58,24.000000000010232,-235.41493972603536,-0.8019916328557074
EUR,SHORT_QUARTERLY_LONG_PERP,5,2026-08-13,2026-08-20,7,-0.08568,-41.0,-19.99999999999602,-60.439999999999976,78.81291561643837,17.58,24.000000000010232,-241.8329156164446,-0.8238558483127548
EUR,LONG_QUARTERLY_SHORT_PERP,3,2026-02-19,2026-03-02,11,0.13541,692.0,-560.0000000000023,-209.65,123.8488673972603,17.58,24.000000000010232,-243.0788673972728,-0.8281004510738573
EUR,LONG_QUARTERLY_SHORT_PERP,5,2026-02-06,2026-02-16,10,0.13544,-200.0,9.999999999990905,97.13,112.58987945205483,17.58,24.000000000010232,-247.03987945207416,-0.8415944907014534
EUR,SHORT_QUARTERLY_LONG_PERP,3,2026-05-14,2026-05-19,5,-0.12885,3724.0,-3500.0,-383.32,56.294939726027415,17.58,24.000000000010232,-257.19493972603766,-0.8761898880043689
EUR,LONG_QUARTERLY_SHORT_PERP,10,2026-02-06,2026-02-25,19,0.13544,-808.0,730.000000000004,69.92,213.92077095890417,17.58,24.000000000010232,-263.5807709589104,-0.897944595770803
EUR,LONG_QUARTERLY_SHORT_PERP,40,2026-04-21,2026-06-24,64,0.03238,-4084.0,2589.999999999989,1987.2299999999998,720.5752284931508,17.58,24.000000000010232,-268.92522849317214,-0.9161516400204952
EUR,LONG_QUARTERLY_SHORT_PERP,5,2026-03-06,2026-03-18,12,0.01104,2491.0,-2829.999999999998,239.68,135.10785534246577,17.58,24.000000000010232,-276.00785534247416,-0.9402801319436916
EUR,LONG_QUARTERLY_SHORT_PERP,3,2026-01-12,2026-01-19,7,0.13814,-2101.0,1810.0000000000023,134.93,78.81291561643837,17.58,24.000000000010232,-276.4629156164463,-0.9418303926560975
EUR,LONG_QUARTERLY_SHORT_PERP,5,2026-06-19,2026-06-29,10,0.12755,3888.0,-4480.000000000004,446.24,112.58987945205483,17.58,24.000000000010232,-299.9298794520687,-1.0217756529976834
EUR,LONG_QUARTERLY_SHORT_PERP,10,2026-02-10,2026-03-05,23,0.13802,-1142.0,1149.9999999999914,-17.58000000000001,258.9567227397261,17.58,24.000000000010232,-310.11672273974494,-1.0564793259737326
EUR,LONG_QUARTERLY_SHORT_PERP,3,2026-02-03,2026-02-06,3,0.13688,-315.0,-329.9999999999983,408.19000000000005,33.77696383561644,17.58,24.000000000010232,-312.1669638356249,-1.0634639132991852
EUR,SHORT_QUARTERLY_LONG_PERP,20,2026-03-09,2026-04-22,44,-0.13776,5323.0,-3870.0000000000045,-1229.73,495.3954695890412,17.58,24.000000000010232,-313.705469589056,-1.0687051640999545
EUR,LONG_QUARTERLY_SHORT_PERP,5,2026-07-09,2026-07-16,7,0.13103,2346.0,-2739.999999999995,200.5,78.81291561643837,17.58,24.000000000010232,-313.8929156164436,-1.06934373931422
EUR,SHORT_QUARTERLY_LONG_PERP,10,2026-05-25,2026-06-08,14,-0.12381,570.0,-170.0000000000017,-515.6800000000001,157.62583123287675,17.58,24.000000000010232,-314.88583123288873,-1.072726319950128
EUR,LONG_QUARTERLY_SHORT_PERP,5,2026-08-17,2026-08-27,10,0.10335,1818.0,-1959.9999999999936,-27.530000000000012,112.58987945205483,17.58,24.000000000010232,-323.69987945205867,-1.102753271220032
EUR,LONG_QUARTERLY_SHORT_PERP,10,2026-07-10,2026-07-28,18,0.03483,1529.0,-1959.9999999999936,341.10999999999996,202.66178301369865,17.58,24.000000000010232,-334.13178301370255,-1.1382917947348623
EUR,LONG_QUARTERLY_SHORT_PERP,10,2026-08-10,2026-08-27,17,0.00625,5348.0,-5009.999999999991,-440.70000000000005,191.4027950684932,17.58,24.000000000010232,-335.6827950684944,-1.1435756509414776
EUR,SHORT_QUARTERLY_LONG_PERP,20,2026-08-14,2026-09-23,40,-0.14513,747.0,-770.0000000000102,177.65,450.3595178082193,17.58,24.000000000010232,-337.28951780823974,-1.1490492975804478
EUR,LONG_QUARTERLY_SHORT_PERP,3,2026-03-06,2026-03-13,7,0.01104,-38.0,-140.00000000000057,-39.05,78.81291561643837,17.58,24.000000000010232,-337.44291561644917,-1.149571880211888
EUR,LONG_QUARTERLY_SHORT_PERP,3,2026-04-20,2026-04-27,7,0.13445,-913.0,500.0,194.58999999999997,78.81291561643837,17.58,24.000000000010232,-338.8029156164486,-1.1542050127647865
EUR,LONG_QUARTERLY_SHORT_PERP,20,2026-06-22,2026-07-28,36,0.12626,3790.0,-5039.999999999992,1350.06,405.3235660273973,17.58,24.000000000010232,-346.8435660273994,-1.1815972180335124
EUR,LONG_QUARTERLY_SHORT_PERP,20,2026-06-29,2026-08-06,38,0.1311,4459.0,-5409.999999999996,1071.28,427.84154191780834,17.58,24.000000000010232,-349.14154191781495,-1.1894257672273834
EUR,LONG_QUARTERLY_SHORT_PERP,3,2026-02-05,2026-02-10,5,0.13667,1104.0,-1649.9999999999914,291.15000000000003,56.294939726027415,17.58,24.000000000010232,-352.72493972602894,-1.2016333826944627
EUR,SHORT_QUARTERLY_LONG_PERP,5,2026-05-08,2026-05-15,7,-0.13184,3003.0,-3369.9999999999905,134.0,78.81291561643837,17.58,24.000000000010232,-353.39291561643904,-1.2039089862550594
EUR,SHORT_QUARTERLY_LONG_PERP,5,2026-09-17,2026-09-24,7,-0.1457,553.0,-609.9999999999994,-176.14,78.81291561643837,17.58,24.000000000010232,-353.532915616448,-1.2043859263708299
EUR,SHORT_QUARTERLY_LONG_PERP,3,2026-05-25,2026-05-28,3,-0.12381,1593.0,-1760.000000000005,-129.05,33.77696383561644,17.58,24.000000000010232,-371.40696383563164,-1.2652777165593665
EUR,LONG_QUARTERLY_SHORT_PERP,5,2026-02-05,2026-02-12,7,0.13667,900.0,-1419.9999999999875,249.79000000000002,78.81291561643837,17.58,24.000000000010232,-390.60291561643606,-1.3306728555884473
EUR,LONG_QUARTERLY_SHORT_PERP,10,2026-04-22,2026-05-13,21,0.13166,-2317.0,2069.999999999993,126.70999999999997,236.43874684931512,17.58,24.000000000010232,-398.3087468493322,-1.3569244273033643
EUR,SHORT_QUARTERLY_LONG_PERP,10,2026-07-17,2026-08-07,21,-0.01675,-4962.0,4939.999999999998,-103.34999999999998,236.43874684931512,17.58,24.000000000010232,-403.3687468493271,-1.374162405772226
EUR,LONG_QUARTERLY_SHORT_PERP,40,2026-05-20,2026-07-23,64,0.12419,5173.0,-7459.999999999994,2639.84,720.5752284931508,17.58,24.000000000010232,-409.3152284931545,-1.394420374654021
EUR,LONG_QUARTERLY_SHORT_PERP,5,2026-08-19,2026-08-31,12,0.02919,1919.0,-2019.999999999996,-137.92,135.10785534246577,17.58,24.000000000010232,-415.60785534247185,-1.4158575616384523
EUR,SHORT_QUARTERLY_LONG_PERP,20,2026-05-11,2026-06-08,28,-0.13283,3970.0,-3269.999999999996,-770.71,315.2516624657535,17.58,24.000000000010232,-427.54166246575966,-1.4565126427141424
EUR,LONG_QUARTERLY_SHORT_PERP,5,2026-05-29,2026-06-05,7,0.12554,2213.0,-2920.000000000002,389.43,78.81291561643837,17.58,24.000000000010232,-437.9629156164504,-1.492014883313025
EUR,SHORT_QUARTERLY_LONG_PERP,10,2026-08-31,2026-09-21,21,-0.14952,4097.0,-4199.999999999989,-58.440000000000005,236.43874684931512,17.58,24.000000000010232,-439.4587468493144,-1.4971107541796627
EUR,LONG_QUARTERLY_SHORT_PERP,10,2026-05-05,2026-05-20,15,0.13241,-6814.0,6369.99999999999,209.29999999999998,168.88481917808224,17.58,24.000000000010232,-445.1648191781025,-1.516549717014745
EUR,LONG_QUARTERLY_SHORT_PERP,20,2026-04-10,2026-05-19,39,0.13632,-8180.0,7219.999999999999,995.4099999999999,439.10052986301383,17.58,24.000000000010232,-445.2705298630251,-1.5169098432026158
EUR,SHORT_QUARTERLY_LONG_PERP,3,2026-02-18,2026-02-25,7,-0.01996,-382.0,49.99999999999716,6.32000000000001,78.81291561643837,17.58,24.000000000010232,-446.07291561645144,-1.519643342874809
EUR,SHORT_QUARTERLY_LONG_PERP,10,2026-04-30,2026-05-18,18,-0.13167,4586.0,-4570.000000000007,-224.36999999999995,202.66178301369865,17.58,24.000000000010232,-452.6117830137161,-1.5419194012552249
EUR,LONG_QUARTERLY_SHORT_PERP,3,2026-06-02,2026-06-05,3,0.12938,186.0,-950.0000000000028,384.01,33.77696383561644,17.58,24.000000000010232,-455.34696383562954,-1.5512373830964572
EUR,SHORT_QUARTERLY_LONG_PERP,3,2026-09-04,2026-09-14,10,-0.01588,2543.0,-2809.999999999988,-36.06,112.58987945205483,17.58,24.000000000010232,-457.22987945205324,-1.5576519401823519
EUR,LONG_QUARTERLY_SHORT_PERP,3,2026-02-04,2026-02-09,5,0.13608,250.0,-900.0000000000057,289.8,56.294939726027415,17.58,24.000000000010232,-458.0749397260433,-1.5605308197886654
EUR,SHORT_QUARTERLY_LONG_PERP,20,2026-05-08,2026-06-05,28,-0.13184,3647.0,-2989.999999999995,-766.22,315.2516624657535,17.58,24.000000000010232,-466.05166246575874,-1.5877052416936919
EUR,LONG_QUARTERLY_SHORT_PERP,20,2026-06-17,2026-07-21,34,0.1256,3818.0,-5420.000000000002,1558.32,382.8055901369864,17.58,24.000000000010232,-468.0655901369985,-1.5945661195266387
EUR,LONG_QUARTERLY_SHORT_PERP,5,2026-04-20,2026-04-30,10,0.13445,-249.0,-260.0000000000051,194.73999999999998,112.58987945205483,17.58,24.000000000010232,-468.42987945207017,-1.5958071494415886
EUR,SHORT_QUARTERLY_LONG_PERP,5,2026-05-28,2026-06-04,7,-0.12408,-2546.0,2579.999999999998,-385.56,78.81291561643837,17.58,24.000000000010232,-471.9529156164504,-1.607809129984409
EUR,LONG_QUARTERLY_SHORT_PERP,3,2026-09-24,2026-09-29,5,0.08265,-1424.0,829.9999999999983,218.76000000000002,56.294939726027415,17.58,24.000000000010232,-473.1149397260393,-1.6117678150795494
EUR,LONG_QUARTERLY_SHORT_PERP,3,2026-04-22,2026-04-30,8,0.13166,287.0,-670.0000000000017,30.699999999999985,90.07190356164385,17.58,24.000000000010232,-483.9519035616558,-1.6486862635511659
EUR,LONG_QUARTERLY_SHORT_PERP,5,2026-02-19,2026-03-06,15,0.13541,1436.0,-1670.0000000000018,-62.48000000000001,168.88481917808224,17.58,24.000000000010232,-506.9448191780943,-1.727016576660439
EUR,LONG_QUARTERLY_SHORT_PERP,20,2026-03-31,2026-05-12,42,0.1085,-6865.0,5890.000000000001,976.4999999999999,472.87749369863025,17.58,24.000000000010232,-512.9574936986396,-1.7475000458156837
EUR,SHORT_QUARTERLY_LONG_PERP,10,2026-09-02,2026-09-23,21,-0.08573,3868.0,-4090.0000000000036,-15.610000000000007,236.43874684931512,17.58,24.000000000010232,-515.628746849329,-1.7566002442932545
EUR,LONG_QUARTERLY_SHORT_PERP,5,2026-01-08,2026-01-20,12,0.13814,-1640.0,890.0000000000006,408.31,135.10785534246577,17.58,24.000000000010232,-518.3778553424754,-1.765965673742557
EUR,SHORT_QUARTERLY_LONG_PERP,10,2026-07-14,2026-07-30,16,-0.13137,-1984.0,2349.9999999999945,-676.3199999999999,180.1438071232877,17.58,24.000000000010232,-532.0438071233034,-1.8125216781999984
EUR,LONG_QUARTERLY_SHORT_PERP,40,2026-06-09,2026-08-18,70,0.12792,14698.0,-15950.000000000004,1547.75,788.1291561643837,17.58,24.000000000010232,-533.9591561643977,-1.8190467267238664
EUR,LONG_QUARTERLY_SHORT_PERP,3,2026-03-31,2026-04-07,7,0.1085,-2749.0,2239.999999999995,92.97000000000001,78.81291561643837,17.58,24.000000000010232,-536.4229156164536,-1.8274400532825696
EUR,LONG_QUARTERLY_SHORT_PERP,3,2026-07-20,2026-07-27,7,0.13485,-1406.0,789.999999999992,190.48,78.81291561643837,17.58,24.000000000010232,-545.9129156164565,-1.8597697796995092
EUR,LONG_QUARTERLY_SHORT_PERP,3,2026-09-16,2026-09-21,5,0.04764,-1316.0,759.9999999999909,103.7,56.294939726027415,17.58,24.000000000010232,-550.1749397260468,-1.874289281643177
EUR,SHORT_QUARTERLY_LONG_PERP,10,2026-02-17,2026-03-13,24,-0.00093,-1348.0,1109.9999999999995,-13.920000000000003,270.21571068493154,17.58,24.000000000010232,-563.7157106849423,-1.9204188307027552
EUR,SHORT_QUARTERLY_LONG_PERP,5,2026-03-20,2026-04-06,17,-0.14538,6193.0,-6290.000000000006,-235.21999999999997,191.4027950684932,17.58,24.000000000010232,-565.2027950685098,-1.9254849035457082
EUR,LONG_QUARTERLY_SHORT_PERP,3,2026-01-16,2026-01-21,5,0.13772,-698.0,-179.9999999999926,407.84999999999997,56.294939726027415,17.58,24.000000000010232,-568.0249397260303,-1.9350991463999379
EUR,LONG_QUARTERLY_SHORT_PERP,5,2026-07-16,2026-07-27,11,0.13337,-1294.0,569.9999999999932,308.58,123.8488673972603,17.58,24.000000000010232,-580.8488673972774,-1.9787866145982425
EUR,LONG_QUARTERLY_SHORT_PERP,20,2026-05-13,2026-06-10,28,0.13107,-4069.0,2820.0000000000073,1024.56,315.2516624657535,17.58,24.000000000010232,-581.2716624657565,-1.9802269569474895
EUR,LONG_QUARTERLY_SHORT_PERP,3,2026-02-10,2026-02-16,6,0.13802,-1314.0,899.9999999999915,-58.580000000000005,67.55392767123288,17.58,24.000000000010232,-581.7139276712517,-1.9817336285067506
EUR,SHORT_QUARTERLY_LONG_PERP,10,2026-08-11,2026-08-28,17,-0.14294,-5153.0,4500.0,304.24000000000007,191.4027950684932,17.58,24.000000000010232,-581.7427950685034,-1.981831971505224
EUR,LONG_QUARTERLY_SHORT_PERP,3,2026-06-19,2026-06-24,5,0.12755,339.0,-1010.0000000000051,186.48000000000002,56.294939726027415,17.58,24.000000000010232,-582.3949397260428,-1.9840536425655524
EUR,LONG_QUARTERLY_SHORT_PERP,20,2026-07-21,2026-08-28,38,0.03583,10307.0,-9920.000000000002,-508.26000000000005,427.84154191780834,17.58,24.000000000010232,-590.6815419178205,-2.0122837354829493
EUR,LONG_QUARTERLY_SHORT_PERP,5,2026-08-20,2026-09-01,12,0.14783,3757.0,-3869.9999999999905,-313.09999999999997,135.10785534246577,17.58,24.000000000010232,-602.7878553424665,-2.053526496382465
EUR,SHORT_QUARTERLY_LONG_PERP,10,2026-02-11,2026-03-06,23,-0.13791,463.0,-640.0000000000006,-131.36999999999998,258.9567227397261,17.58,24.000000000010232,-608.9067227397369,-2.074371734415682
EUR,LONG_QUARTERLY_SHORT_PERP,3,2026-07-07,2026-07-13,6,0.13389,-20.0,-679.9999999999926,196.73000000000002,67.55392767123288,17.58,24.000000000010232,-612.4039276712357,-2.086285715307072
EUR,LONG_QUARTERLY_SHORT_PERP,3,2026-01-28,2026-02-02,5,0.1364,-981.0,49.99999999999716,409.13,56.294939726027415,17.58,24.000000000010232,-619.7449397260406,-2.111294452014682
EUR,SHORT_QUARTERLY_LONG_PERP,5,2026-09-04,2026-09-17,13,-0.01588,2571.0,-3069.999999999993,61.99999999999999,146.36684328767126,17.58,24.000000000010232,-624.9468432876747,-2.1290158554914873
EUR,SHORT_QUARTERLY_LONG_PERP,40,2026-02-24,2026-05-20,85,-0.13542,10640.0,-8599.999999999995,-1670.28,957.013975342466,17.58,24.000000000010232,-628.8739753424708,-2.1423944756110567
EUR,LONG_QUARTERLY_SHORT_PERP,3,2026-07-09,2026-07-14,5,0.13103,1459.0,-1939.9999999999977,-65.66999999999997,56.294939726027415,17.58,24.000000000010232,-644.5449397260354,-2.195780986802847
EUR,SHORT_QUARTERLY_LONG_PERP,5,2026-05-12,2026-05-19,7,-0.13283,4437.0,-4589.999999999989,-385.54,78.81291561643837,17.58,24.000000000010232,-658.9329156164378,-2.2447967217059115
EUR,LONG_QUARTERLY_SHORT_PERP,20,2026-01-21,2026-02-19,29,0.1368,-2712.0,549.9999999999972,1832.8,326.510650410959,17.58,24.000000000010232,-697.290650410972,-2.3754705965089076
EUR,LONG_QUARTERLY_SHORT_PERP,10,2026-04-17,2026-05-08,21,0.13412,-2071.0,1079.9999999999982,559.79,236.43874684931512,17.58,24.000000000010232,-709.2287468493272,-2.4161402900590594
EUR,LONG_QUARTERLY_SHORT_PERP,5,2026-05-19,2026-05-26,7,0.12611,-215.0,-509.9999999999909,130.49999999999997,78.81291561643837,17.58,24.000000000010232,-714.8929156164396,-2.4354364993973165
EUR,LONG_QUARTERLY_SHORT_PERP,5,2026-07-27,2026-08-06,10,0.13334,4825.0,-5299.999999999997,-91.94000000000003,112.58987945205483,17.58,24.000000000010232,-721.1098794520624,-2.456615924049543
EUR,LONG_QUARTERLY_SHORT_PERP,10,2026-02-09,2026-03-02,21,0.01769,-1708.0,1280.0000000000011,-15.690000000000007,236.43874684931512,17.58,24.000000000010232,-721.7087468493243,-2.458656094662135
EUR,SHORT_QUARTERLY_LONG_PERP,5,2026-07-17,2026-07-28,11,-0.01675,-99.0,-270.00000000001023,-192.18999999999997,123.8488673972603,17.58,24.000000000010232,-726.6188673972807,-2.475383476536695
EUR,SHORT_QUARTERLY_LONG_PERP,5,2026-02-11,2026-02-19,8,-0.13791,1899.0,-2310.0000000000023,-193.85,90.07190356164385,17.58,24.000000000010232,-736.5019035616564,-2.5090521651945332
EUR,LONG_QUARTERLY_SHORT_PERP,3,2026-07-10,2026-07-15,5,0.03483,567.0,-1239.999999999995,32.30000000000002,56.294939726027415,17.58,24.000000000010232,-738.5749397260327,-2.5161144088243206
EUR,LONG_QUARTERLY_SHORT_PERP,10,2026-02-19,2026-03-18,27,0.13541,3927.0,-4500.0,177.2,303.992674520548,17.58,24.000000000010232,-741.3726745205582,-2.5256454942293933
EUR,LONG_QUARTERLY_SHORT_PERP,10,2026-07-21,2026-08-11,21,0.03583,5154.0,-5420.000000000002,-204.02000000000004,236.43874684931512,17.58,24.000000000010232,-748.0387468493273,-2.5483549035723403
EUR,SHORT_QUARTERLY_LONG_PERP,3,2026-05-12,2026-05-15,3,-0.13283,1657.0,-2199.9999999999886,-131.66,33.77696383561644,17.58,24.000000000010232,-750.0169638356153,-2.555094125275187
EUR,LONG_QUARTERLY_SHORT_PERP,40,2026-04-15,2026-06-18,64,0.04852,-5806.0,3700.0000000000027,2107.25,720.5752284931508,17.58,24.000000000010232,-760.9052284931583,-2.5921873410321403
EUR,LONG_QUARTERLY_SHORT_PERP,40,2026-04-20,2026-06-23,64,0.13445,-4890.0,2899.9999999999914,1980.86,720.5752284931508,17.58,24.000000000010232,-771.2952284931698,-2.627583111050293
EUR,LONG_QUARTERLY_SHORT_PERP,5,2026-07-10,2026-07-17,7,0.03483,1430.0,-2230.000000000004,148.92,78.81291561643837,17.58,24.000000000010232,-771.4729156164527,-2.6281884404584646
EUR,LONG_QUARTERLY_SHORT_PERP,5,2026-01-12,2026-01-21,9,0.13814,-2288.0,1250.0,406.96999999999997,101.33089150684933,17.58,24.000000000010232,-773.9408915068595,-2.636596131221418
EUR,LONG_QUARTERLY_SHORT_PERP,20,2026-01-16,2026-02-16,31,0.13772,-2010.0,-500.0,2126.1299999999997,349.02862630136997,17.58,24.000000000010232,-774.4786263013806,-2.6384280404723905
EUR,LONG_QUARTERLY_SHORT_PERP,10,2026-02-03,2026-02-18,15,0.13688,-1505.0,450.00000000000284,484.43,168.88481917808224,17.58,24.000000000010232,-781.0348191780897,-2.66076312182546
EUR,LONG_QUARTERLY_SHORT_PERP,3,2026-07-03,2026-07-10,7,0.13307,-1323.0,359.99999999999943,299.75,78.81291561643837,17.58,24.000000000010232,-783.6429156164492,-2.669648163376685
EUR,SHORT_QUARTERLY_LONG_PERP,3,2026-03-20,2026-03-31,11,-0.14538,3551.0,-4020.00000000001,-158.82,123.8488673972603,17.58,24.000000000010232,-793.2488673972805,-2.7023729044776856
EUR,LONG_QUARTERLY_SHORT_PERP,5,2026-01-22,2026-01-29,7,0.13608,845.0,-2189.9999999999977,667.8199999999999,78.81291561643837,17.58,24.000000000010232,-797.5729156164465,-2.7171037048927804
EUR,SHORT_QUARTERLY_LONG_PERP,3,2026-04-02,2026-04-09,7,-0.05563,1452.0,-1850.0000000000086,-285.94,78.81291561643837,17.58,24.000000000010232,-804.3329156164574,-2.740133099052822
EUR,LONG_QUARTERLY_SHORT_PERP,3,2026-07-30,2026-08-07,8,0.13532,3610.0,-3960.000000000008,-323.55,90.07190356164385,17.58,24.000000000010232,-805.2019035616622,-2.743093493418268
EUR,LONG_QUARTERLY_SHORT_PERP,3,2026-02-12,2026-02-18,6,0.09655,-2100.0,1439.9999999999977,-38.11,67.55392767123288,17.58,24.000000000010232,-807.2439276712454,-2.7500500878123244
EUR,LONG_QUARTERLY_SHORT_PERP,40,2026-04-28,2026-07-01,64,0.13182,-531.0,-1590.0000000000034,2075.3399999999997,720.5752284931508,17.58,24.000000000010232,-807.815228493165,-2.7519963469561
EUR,LONG_QUARTERLY_SHORT_PERP,10,2026-08-19,2026-09-09,21,0.02919,246.0,-700.0000000000028,-84.01,236.43874684931512,17.58,24.000000000010232,-816.0287468493283,-2.779977464066236
EUR,LONG_QUARTERLY_SHORT_PERP,5,2026-02-02,2026-02-09,7,0.13571,-500.0,-760.0000000000051,562.76,78.81291561643837,17.58,24.000000000010232,-817.6329156164537,-2.785442410048085
EUR,LONG_QUARTERLY_SHORT_PERP,5,2026-06-17,2026-06-24,7,0.1256,-168.0,-840.0000000000034,289.99,78.81291561643837,17.58,24.000000000010232,-838.4029156164521,-2.856199882933182
EUR,LONG_QUARTERLY_SHORT_PERP,5,2026-02-10,2026-02-18,8,0.13802,-2304.0,1670.0000000000018,-79.47,90.07190356164385,17.58,24.000000000010232,-845.1219035616523,-2.8790895607063085
EUR,LONG_QUARTERLY_SHORT_PERP,10,2026-07-09,2026-07-27,18,0.13103,1052.0,-2170.000000000002,509.08,202.66178301369865,17.58,24.000000000010232,-853.1617830137108,-2.906479139537725
EUR,SHORT_QUARTERLY_LONG_PERP,3,2026-09-17,2026-09-22,5,-0.1457,351.0,-909.9999999999966,-197.19,56.294939726027415,17.58,24.000000000010232,-854.0649397260344,-2.9095559371584874
EUR,LONG_QUARTERLY_SHORT_PERP,10,2026-01-20,2026-02-03,14,0.13524,-2495.0,480.000000000004,1349.76,157.62583123287675,17.58,24.000000000010232,-864.4458312328829,-2.9449206771353302
EUR,LONG_QUARTERLY_SHORT_PERP,3,2026-07-16,2026-07-21,5,0.13337,-491.0,-430.0000000000068,153.93,56.294939726027415,17.58,24.000000000010232,-864.9449397260445,-2.946620997581724
EUR,LONG_QUARTERLY_SHORT_PERP,10,2026-03-23,2026-04-17,25,0.14594,-6341.0,5100.000000000008,695.25,281.4746986301371,17.58,24.000000000010232,-868.8046986301391,-2.9597700965706273
EUR,LONG_QUARTERLY_SHORT_PERP,10,2026-05-13,2026-05-27,14,0.13107,-4360.0,3180.000000000007,509.9199999999999,157.62583123287675,17.58,24.000000000010232,-869.2858312328804,-2.961409178279467
EUR,SHORT_QUARTERLY_LONG_PERP,3,2026-04-30,2026-05-06,6,-0.13167,178.0,-579.9999999999983,-362.44,67.55392767123288,17.58,24.000000000010232,-873.5739276712414,-2.976017501219575
EUR,SHORT_QUARTERLY_LONG_PERP,5,2026-02-17,2026-03-02,13,-0.00093,-642.0,-140.00000000000057,94.2,146.36684328767126,17.58,24.000000000010232,-875.746843287682,-2.983420005688131
EUR,LONG_QUARTERLY_SHORT_PERP,5,2026-06-22,2026-07-01,9,0.12626,3405.0,-4590.000000000004,442.35999999999996,101.33089150684933,17.58,24.000000000010232,-885.5508915068633,-3.016819604919376
EUR,SHORT_QUARTERLY_LONG_PERP,5,2026-02-18,2026-03-05,15,-0.01996,-1162.0,520.0000000000102,-61.89,168.88481917808224,17.58,24.000000000010232,-914.3548191780823,-3.1149463806141635
EUR,LONG_QUARTERLY_SHORT_PERP,5,2026-01-26,2026-02-02,7,0.13359,-510.0,-959.9999999999937,673.2199999999999,78.81291561643837,17.58,24.000000000010232,-917.1729156164423,-3.1245468323390004
EUR,LONG_QUARTERLY_SHORT_PERP,10,2026-02-04,2026-02-19,15,0.13608,-2150.0,939.9999999999977,483.76000000000005,168.88481917808224,17.58,24.000000000010232,-936.7048191780948,-3.191086463376943
EUR,SHORT_QUARTERLY_LONG_PERP,10,2026-09-04,2026-09-24,20,-0.01588,3124.0,-3679.9999999999927,-114.14,225.17975890410966,17.58,24.000000000010232,-936.8997589041127,-3.191750567487581
EUR,LONG_QUARTERLY_SHORT_PERP,5,2026-05-22,2026-05-29,7,0.12491,-851.0,-99.99999999999432,130.78,78.81291561643837,17.58,24.000000000010232,-940.612915616443,-3.2044002345742855
EUR,LONG_QUARTERLY_SHORT_PERP,3,2026-05-18,2026-05-21,3,0.12777,-1803.0,799.9999999999972,127.33,33.77696383561644,17.58,24.000000000010232,-951.0269638356295,-3.239877930024128
EUR,SHORT_QUARTERLY_LONG_PERP,5,2026-08-14,2026-08-24,10,-0.14513,-568.0,-70.00000000000739,-166.17,112.58987945205483,17.58,24.000000000010232,-958.3398794520724,-3.264790950170565
EUR,LONG_QUARTERLY_SHORT_PERP,5,2026-07-23,2026-08-04,12,0.02131,3248.0,-4140.000000000001,96.96999999999997,135.10785534246577,17.58,24.000000000010232,-971.7178553424769,-3.3103659028100862
EUR,SHORT_QUARTERLY_LONG_PERP,3,2026-05-08,2026-05-13,5,-0.13184,1638.0,-2649.9999999999914,134.59,56.294939726027415,17.58,24.000000000010232,-975.284939726029,-3.322517943086835
EUR,LONG_QUARTERLY_SHORT_PERP,5,2026-01-28,2026-02-04,7,0.1364,-1731.0,189.99999999999773,682.0899999999999,78.81291561643837,17.58,24.000000000010232,-979.3029156164511,-3.3362060422741013
EUR,LONG_QUARTERLY_SHORT_PERP,10,2026-07-15,2026-08-04,20,0.1328,3544.0,-4670.000000000002,405.5799999999999,225.17975890410966,17.58,24.000000000010232,-987.1797589041219,-3.363040203340427
EUR,LONG_QUARTERLY_SHORT_PERP,5,2026-07-03,2026-07-14,11,0.13307,-525.0,-500.0,199.25000000000003,123.8488673972603,17.58,24.000000000010232,-991.1788673972706,-3.3766640266802703
EUR,LONG_QUARTERLY_SHORT_PERP,5,2026-03-05,2026-03-17,12,0.13613,1432.0,-2369.9999999999905,110.98,135.10785534246577,17.58,24.000000000010232,-1003.7078553424665,-3.4193467192565814
EUR,LONG_QUARTERLY_SHORT_PERP,5,2026-07-07,2026-07-15,8,0.13389,930.0,-2009.999999999991,198.16000000000003,90.07190356164385,17.58,24.000000000010232,-1013.4919035616449,-3.4526781841855683
EUR,LONG_QUARTERLY_SHORT_PERP,40,2026-06-17,2026-08-28,72,0.1256,14125.0,-15340.000000000004,1050.06,810.6471320547946,17.58,24.000000000010232,-1017.1671320548086,-3.46519864063485
EUR,SHORT_QUARTERLY_LONG_PERP,5,2026-09-14,2026-09-22,8,-0.14681,379.0,-1170.0000000000018,-99.13,90.07190356164385,17.58,24.000000000010232,-1021.7819035616559,-3.4809198524676233
EUR,LONG_QUARTERLY_SHORT_PERP,10,2026-07-07,2026-07-23,16,0.13389,1226.0,-2539.999999999992,506.77000000000004,180.1438071232877,17.58,24.000000000010232,-1028.9538071232898,-3.505352484715908
EUR,LONG_QUARTERLY_SHORT_PERP,10,2026-01-23,2026-02-06,14,0.13319,-199.0,-1989.999999999995,1351.8799999999999,157.62583123287675,17.58,24.000000000010232,-1036.3258312328821,-3.53046687065923
EUR,LONG_QUARTERLY_SHORT_PERP,10,2026-04-27,2026-05-14,17,0.03055,-2361.0,1589.999999999989,-32.69000000000004,191.4027950684932,17.58,24.000000000010232,-1036.6727950685145,-3.5316488776015444
EUR,LONG_QUARTERLY_SHORT_PERP,5,2026-06-16,2026-06-23,7,0.03963,449.0,-1750.0,376.84000000000003,78.81291561643837,17.58,24.000000000010232,-1044.5529156164484,-3.5584942033599356
EUR,LONG_QUARTERLY_SHORT_PERP,5,2026-06-26,2026-07-07,11,0.12866,-2042.0,500.0,654.2099999999999,123.8488673972603,17.58,24.000000000010232,-1053.2188673972705,-3.5880166322552234
EUR,SHORT_QUARTERLY_LONG_PERP,3,2026-09-14,2026-09-18,4,-0.14681,114.0,-1090.0000000000034,-6.330000000000002,45.035951780821925,17.58,24.000000000010232,-1068.9459517808355,-3.641594328299124
EUR,LONG_QUARTERLY_SHORT_PERP,3,2026-01-30,2026-02-04,5,0.13647,-750.0,-640.0000000000006,408.66999999999996,56.294939726027415,17.58,24.000000000010232,-1079.204939726038,-3.6765437775702487
EUR,LONG_QUARTERLY_SHORT_PERP,3,2026-01-08,2026-01-16,8,0.13814,-2640.0,1549.9999999999973,137.26000000000002,90.07190356164385,17.58,24.000000000010232,-1084.3919035616568,-3.694214285656662
EUR,LONG_QUARTERLY_SHORT_PERP,5,2026-01-06,2026-01-19,13,0.13814,-3251.0,1930.0000000000068,411.21000000000004,146.36684328767126,17.58,24.000000000010232,-1097.7368432876744,-3.7396766934957104
EUR,LONG_QUARTERLY_SHORT_PERP,20,2026-04-16,2026-05-21,35,0.1331,-7625.0,6140.000000000001,815.0099999999999,394.0645780821919,17.58,24.000000000010232,-1105.6345780822012,-3.7665820259741625
EUR,LONG_QUARTERLY_SHORT_PERP,3,2026-07-29,2026-08-06,8,0.09939,2917.0,-3850.0000000000086,-58.19000000000001,90.07190356164385,17.58,24.000000000010232,-1122.8419035616628,-3.825202481729489
EUR,LONG_QUARTERLY_SHORT_PERP,3,2026-05-22,2026-05-27,5,0.12491,-989.0,-179.9999999999926,129.32,56.294939726027415,17.58,24.000000000010232,-1137.5549397260304,-3.875325604380322
EUR,SHORT_QUARTERLY_LONG_PERP,3,2026-05-11,2026-05-14,3,-0.13283,1061.0,-2259.999999999991,130.61,33.77696383561644,17.58,24.000000000010232,-1143.7469638356174,-3.8964200664909616
EUR,LONG_QUARTERLY_SHORT_PERP,10,2026-01-27,2026-02-10,14,0.12769,-1185.0,-1009.9999999999909,1246.31,157.62583123287675,17.58,24.000000000010232,-1147.895831232878,-3.910554075752664
EUR,SHORT_QUARTERLY_LONG_PERP,20,2026-05-14,2026-06-11,28,-0.12885,3794.0,-3320.0000000000073,-1278.03,315.2516624657535,17.58,24.000000000010232,-1160.861662465771,-3.9547249689589346
EUR,SHORT_QUARTERLY_LONG_PERP,3,2026-08-18,2026-08-24,6,-0.0748,368.0,-1290.0000000000064,-137.62,67.55392767123288,17.58,24.000000000010232,-1168.7539276712494,-3.9816116681057174
EUR,LONG_QUARTERLY_SHORT_PERP,20,2026-02-03,2026-03-17,42,0.13688,1089.0,-2439.9999999999977,657.3,472.87749369863025,17.58,24.000000000010232,-1208.1574936986383,-4.115848391974727
EUR,LONG_QUARTERLY_SHORT_PERP,3,2026-02-06,2026-02-11,5,0.13544,299.0,-1430.0000000000068,17.8,56.294939726027415,17.58,24.000000000010232,-1211.0749397260445,-4.125787299445981
EUR,LONG_QUARTERLY_SHORT_PERP,5,2026-01-27,2026-02-03,7,0.12769,-1984.0,210.00000000000796,682.41,78.81291561643837,17.58,24.000000000010232,-1211.9829156164406,-4.128880514633512
EUR,LONG_QUARTERLY_SHORT_PERP,20,2026-04-22,2026-05-27,35,0.13166,-6677.0,5250.0,636.6299999999999,394.0645780821919,17.58,24.000000000010232,-1226.0145780822022,-4.176682391208093
EUR,LONG_QUARTERLY_SHORT_PERP,10,2026-07-23,2026-08-12,20,0.02131,5737.0,-6340.000000000004,-368.1,225.17975890410966,17.58,24.000000000010232,-1237.8597589041235,-4.21703554772356
EUR,LONG_QUARTERLY_SHORT_PERP,20,2026-05-20,2026-06-18,29,0.12419,1129.0,-3049.9999999999973,1036.17,326.510650410959,17.58,24.000000000010232,-1252.9206504109663,-4.26834371442654
EUR,LONG_QUARTERLY_SHORT_PERP,20,2026-01-23,2026-02-25,33,0.13319,-1007.0,-1259.999999999991,1421.8,371.5466021917809,17.58,24.000000000010232,-1258.326602191782,-4.286760252055295
EUR,LONG_QUARTERLY_SHORT_PERP,10,2026-07-16,2026-08-06,21,0.13337,3531.0,-4730.000000000004,216.63999999999996,236.43874684931512,17.58,24.000000000010232,-1260.378746849329,-4.293751324273046
EUR,LONG_QUARTERLY_SHORT_PERP,5,2026-02-09,2026-02-17,8,0.01769,-2350.0,1140.0000000000005,78.50999999999999,90.07190356164385,17.58,24.000000000010232,-1263.1419035616536,-4.303164612002925
EUR,LONG_QUARTERLY_SHORT_PERP,20,2026-01-08,2026-02-10,33,0.13814,-3336.0,150.00000000000568,2321.97,371.5466021917809,17.58,24.000000000010232,-1277.1566021917859,-4.350908697622303
EUR,SHORT_QUARTERLY_LONG_PERP,20,2026-05-12,2026-06-09,28,-0.13283,4710.0,-4599.9999999999945,-1031.46,315.2516624657535,17.58,24.000000000010232,-1278.2916624657582,-4.35477552461116
EUR,LONG_QUARTERLY_SHORT_PERP,5,2026-01-30,2026-02-06,7,0.13647,-1300.0,-579.9999999999983,680.7800000000001,78.81291561643837,17.58,24.000000000010232,-1319.6129156164466,-4.49554526218402
EUR,LONG_QUARTERLY_SHORT_PERP,5,2026-05-05,2026-05-13,8,0.13241,-3470.0,2449.9999999999886,-169.36,90.07190356164385,17.58,24.000000000010232,-1321.0119035616656,-4.5003112155591
EUR,LONG_QUARTERLY_SHORT_PERP,10,2026-05-22,2026-06-05,14,0.12491,1362.0,-3019.999999999996,520.2099999999999,157.62583123287675,17.58,24.000000000010232,-1336.995831232883,-4.554763903512572
EUR,LONG_QUARTERLY_SHORT_PERP,5,2026-07-30,2026-08-11,12,0.13532,3566.0,-4300.000000000011,-460.24,135.10785534246577,17.58,24.000000000010232,-1370.9278553424867,-4.670360642841986
EUR,LONG_QUARTERLY_SHORT_PERP,20,2026-03-13,2026-04-28,46,0.03878,-6498.0,4390.000000000001,1293.39,517.9134454794522,17.58,24.000000000010232,-1374.1034454794615,-4.681178973752491
EUR,LONG_QUARTERLY_SHORT_PERP,10,2026-01-05,2026-01-23,18,0.13814,-5277.0,3030.000000000001,1090.6599999999999,202.66178301369865,17.58,24.000000000010232,-1400.581783013708,-4.771383126382344
EUR,LONG_QUARTERLY_SHORT_PERP,20,2026-05-04,2026-06-02,29,0.13296,-5177.0,3659.9999999999964,479.85,326.510650410959,17.58,24.000000000010232,-1405.2406504109729,-4.787254560351398
EUR,LONG_QUARTERLY_SHORT_PERP,20,2026-01-27,2026-03-05,37,0.12769,-2327.0,140.00000000000057,1228.73,416.5825539726028,17.58,24.000000000010232,-1416.4325539726126,-4.825382187351659
EUR,SHORT_QUARTERLY_LONG_PERP,5,2026-08-18,2026-08-28,10,-0.0748,-2187.0,950.0000000000028,-40.78999999999999,112.58987945205483,17.58,24.000000000010232,-1431.9598794520623,-4.878279361718069
EUR,SHORT_QUARTERLY_LONG_PERP,40,2026-03-20,2026-06-04,76,-0.14538,12515.0,-11020.000000000011,-2037.7899999999997,855.6830838356167,17.58,24.000000000010232,-1440.0530838356374,-4.905850603399552
EUR,LONG_QUARTERLY_SHORT_PERP,40,2026-06-10,2026-08-19,70,0.12417,13406.0,-15469.999999999998,1452.77,788.1291561643837,17.58,24.000000000010232,-1440.9391561643922,-4.908869199392624
EUR,SHORT_QUARTERLY_LONG_PERP,10,2026-05-08,2026-05-22,14,-0.13184,5009.0,-6009.999999999991,-246.01,157.62583123287675,17.58,24.000000000010232,-1446.2158312328777,-4.926845328091798
EUR,LONG_QUARTERLY_SHORT_PERP,5,2026-02-04,2026-02-11,7,0.13608,-251.0,-1370.0000000000045,289.91,78.81291561643837,17.58,24.000000000010232,-1451.482915616453,-4.944788784059752
EUR,SHORT_QUARTERLY_LONG_PERP,3,2026-05-28,2026-06-02,5,-0.12408,-2158.0,920.0000000000017,-130.96,56.294939726027415,17.58,24.000000000010232,-1466.8349397260358,-4.997088756600206
EUR,LONG_QUARTERLY_SHORT_PERP,10,2026-07-03,2026-07-21,18,0.13307,-129.0,-1730.000000000004,619.35,202.66178301369865,17.58,24.000000000010232,-1483.891783013713,-5.05519656239863
EUR,LONG_QUARTERLY_SHORT_PERP,20,2026-07-02,2026-08-10,39,0.13377,4871.0,-6580.000000000013,691.3399999999999,439.10052986301383,17.58,24.000000000010232,-1498.3405298630369,-5.10441932664585
EUR,LONG_QUARTERLY_SHORT_PERP,10,2026-05-20,2026-06-03,14,0.12419,1564.0,-3140.0000000000005,265.06,157.62583123287675,17.58,24.000000000010232,-1510.1458312328875,-5.144636625229272
EUR,LONG_QUARTERLY_SHORT_PERP,10,2026-01-30,2026-02-16,17,0.13647,-1500.0,-570.0000000000074,777.91,191.4027950684932,17.58,24.000000000010232,-1525.0727950685107,-5.1954885385107366
EUR,LONG_QUARTERLY_SHORT_PERP,10,2026-07-27,2026-08-13,17,0.13334,7281.0,-7989.9999999999945,-587.12,191.4027950684932,17.58,24.000000000010232,-1529.1027950684977,-5.209217600413772
EUR,LONG_QUARTERLY_SHORT_PERP,3,2026-01-26,2026-01-29,3,0.13359,-1165.0,-689.9999999999977,401.03999999999996,33.77696383561644,17.58,24.000000000010232,-1529.3169638356244,-5.209947212389352
EUR,LONG_QUARTERLY_SHORT_PERP,20,2026-03-23,2026-05-08,46,0.14594,-8412.0,6180.000000000007,1255.04,517.9134454794522,17.58,24.000000000010232,-1536.453445479455,-5.234259172254945
EUR,LONG_QUARTERLY_SHORT_PERP,40,2026-06-16,2026-08-27,72,0.03963,14695.0,-16569.999999999993,1182.1399999999999,810.6471320547946,17.58,24.000000000010232,-1545.0871320547976,-5.263671682787121
EUR,LONG_QUARTERLY_SHORT_PERP,20,2026-07-13,2026-08-17,35,0.03087,9808.0,-10760.000000000005,-185.52000000000004,394.0645780821919,17.58,24.000000000010232,-1573.1645780822075,-5.359323542487044
EUR,LONG_QUARTERLY_SHORT_PERP,20,2026-01-20,2026-02-18,29,0.13524,-4000.0,930.0000000000068,1834.19,326.510650410959,17.58,24.000000000010232,-1603.9006504109623,-5.464032584586052
EUR,LONG_QUARTERLY_SHORT_PERP,5,2026-05-06,2026-05-14,8,0.09707,-2847.0,1769.999999999996,-395.28000000000003,90.07190356164385,17.58,24.000000000010232,-1603.9319035616581,-5.464139055166839
EUR,LONG_QUARTERLY_SHORT_PERP,3,2026-05-04,2026-05-08,4,0.13296,-1344.0,-280.00000000000114,97.63999999999999,45.035951780821925,17.58,24.000000000010232,-1612.9759517808332,-5.494949550912619
EUR,SHORT_QUARTERLY_LONG_PERP,10,2026-01-14,2026-01-29,15,-0.1386,1156.0,-1219.9999999999989,-1349.47,168.88481917808224,17.58,24.000000000010232,-1623.9348191780912,-5.5322832900899375
EUR,SHORT_QUARTERLY_LONG_PERP,5,2026-06-01,2026-06-08,7,-0.12396,-150.0,-969.9999999999989,-385.05,78.81291561643837,17.58,24.000000000010232,-1625.4429156164474,-5.537420945017483
EUR,LONG_QUARTERLY_SHORT_PERP,20,2026-02-04,2026-03-18,42,0.13608,1777.0,-3560.0000000000023,660.96,472.87749369863025,17.58,24.000000000010232,-1636.4974936986425,-5.575080743231598
EUR,LONG_QUARTERLY_SHORT_PERP,10,2026-05-04,2026-05-19,15,0.13296,-7127.0,5479.99999999999,217.51999999999998,168.88481917808224,17.58,24.000000000010232,-1639.9448191781023,-5.586824799039928
EUR,LONG_QUARTERLY_SHORT_PERP,10,2026-05-06,2026-05-21,15,0.09707,-6211.0,4790.000000000006,-10.740000000000027,168.88481917808224,17.58,24.000000000010232,-1642.2048191780862,-5.594523975193956
EUR,LONG_QUARTERLY_SHORT_PERP,3,2026-01-05,2026-01-12,7,0.13814,-2076.0,120.00000000000455,414.42,78.81291561643837,17.58,24.000000000010232,-1661.972915616444,-5.661868248074418
EUR,SHORT_QUARTERLY_LONG_PERP,20,2026-06-18,2026-07-23,35,-0.02404,-4044.0,4409.999999999996,-1603.6699999999998,394.0645780821919,17.58,24.000000000010232,-1673.3145780822056,-5.700506060996571
EUR,LONG_QUARTERLY_SHORT_PERP,3,2026-06-03,2026-06-08,5,0.12692,-1550.0,-159.9999999999966,128.74999999999997,56.294939726027415,17.58,24.000000000010232,-1679.1249397260342,-5.720300307817268
EUR,LONG_QUARTERLY_SHORT_PERP,3,2026-06-26,2026-07-02,6,0.12866,-655.0,-1309.9999999999882,387.25,67.55392767123288,17.58,24.000000000010232,-1686.8839276712313,-5.746732969307307
EUR,LONG_QUARTERLY_SHORT_PERP,10,2026-01-26,2026-02-09,14,0.13359,-1010.0,-1719.9999999999989,1235.98,157.62583123287675,17.58,24.000000000010232,-1693.225831232886,-5.768338028012349
EUR,LONG_QUARTERLY_SHORT_PERP,10,2026-04-21,2026-05-12,21,0.03238,-1966.0,390.00000000000057,127.29999999999997,236.43874684931512,17.58,24.000000000010232,-1726.7187468493248,-5.882438849802103
EUR,LONG_QUARTERLY_SHORT_PERP,40,2026-03-23,2026-06-05,74,0.14594,-12059.0,9170.000000000002,2021.2599999999998,833.1651079452056,17.58,24.000000000010232,-1742.4851079452142,-5.936150350415446
EUR,LONG_QUARTERLY_SHORT_PERP,5,2026-05-20,2026-05-27,7,0.12419,-1016.0,-739.9999999999949,131.26,78.81291561643837,17.58,24.000000000010232,-1745.1329156164436,-5.945170676823822
EUR,LONG_QUARTERLY_SHORT_PERP,20,2026-03-12,2026-04-27,46,0.05993,-5915.0,3510.000000000005,1200.3500000000001,517.9134454794522,17.58,24.000000000010232,-1764.1434454794573,-6.009934136203391
EUR,LONG_QUARTERLY_SHORT_PERP,20,2026-01-06,2026-02-09,34,0.13814,-3750.0,79.9999999999983,2322.09,382.8055901369864,17.58,24.000000000010232,-1772.2955901369983,-6.037706170606924
EUR,SHORT_QUARTERLY_LONG_PERP,10,2026-05-28,2026-06-11,14,-0.12408,-138.0,-719.9999999999989,-763.34,157.62583123287675,17.58,24.000000000010232,-1820.5458312328858,-6.202080996126516
EUR,LONG_QUARTERLY_SHORT_PERP,20,2026-04-28,2026-05-29,31,0.13182,-6863.0,4950.000000000003,475.71999999999997,349.02862630136997,17.58,24.000000000010232,-1827.8886263013774,-6.227095807053798
EUR,SHORT_QUARTERLY_LONG_PERP,3,2026-03-26,2026-04-06,11,-0.09562,2518.0,-4000.0,-184.9,123.8488673972603,17.58,24.000000000010232,-1832.3288673972706,-6.2422224434979965
EUR,SHORT_QUARTERLY_LONG_PERP,20,2026-03-26,2026-05-11,46,-0.09562,6393.0,-6450.000000000003,-1217.83,517.9134454794522,17.58,24.000000000010232,-1834.323445479465,-6.249017402793522
EUR,LONG_QUARTERLY_SHORT_PERP,20,2026-03-18,2026-05-04,47,0.13974,-8686.0,6400.0000000000055,1015.9499999999999,529.1724334246576,17.58,24.000000000010232,-1840.8024334246625,-6.271089468939659
EUR,LONG_QUARTERLY_SHORT_PERP,5,2026-07-29,2026-08-10,12,0.09939,3596.0,-5080.000000000013,-181.98,135.10785534246577,17.58,24.000000000010232,-1842.6678553424888,-6.277444429978169
EUR,LONG_QUARTERLY_SHORT_PERP,10,2026-07-29,2026-08-17,19,0.09939,7126.0,-8130.00000000001,-595.1500000000001,213.92077095890417,17.58,24.000000000010232,-1854.6507709589243,-6.318266809699614
EUR,LONG_QUARTERLY_SHORT_PERP,5,2026-03-13,2026-03-23,10,0.03878,911.0,-2750.0,137.27999999999997,112.58987945205483,17.58,24.000000000010232,-1855.889879452065,-6.322488099329132
EUR,LONG_QUARTERLY_SHORT_PERP,10,2026-04-28,2026-05-15,17,0.13182,-4006.0,2409.9999999999964,-35.07000000000003,191.4027950684932,17.58,24.000000000010232,-1864.0527950685068,-6.350296827321129
EUR,LONG_QUARTERLY_SHORT_PERP,5,2026-01-05,2026-01-16,11,0.13814,-3666.0,1549.9999999999973,413.54,123.8488673972603,17.58,24.000000000010232,-1867.8888673972733,-6.3633652328959
EUR,SHORT_QUARTERLY_LONG_PERP,3,2026-06-08,2026-06-11,3,-0.12834,885.0,-2310.0000000000023,-376.71,33.77696383561644,17.58,24.000000000010232,-1877.066963835629,-6.394632392735755
EUR,LONG_QUARTERLY_SHORT_PERP,40,2026-06-24,2026-09-07,75,0.03875,13454.0,-14989.999999999995,513.71,844.4240958904112,17.58,24.000000000010232,-1908.2940958904157,-6.501014335424542
EUR,LONG_QUARTERLY_SHORT_PERP,20,2026-05-05,2026-06-03,29,0.13241,-5250.0,3229.99999999999,474.36,326.510650410959,17.58,24.000000000010232,-1913.730650410979,-6.519535127869276
EUR,LONG_QUARTERLY_SHORT_PERP,3,2026-03-18,2026-03-23,5,0.13974,-1618.0,-60.000000000002274,-141.45000000000002,56.294939726027415,17.58,24.000000000010232,-1917.32493972604,-6.5317798475973285
EUR,LONG_QUARTERLY_SHORT_PERP,40,2026-06-19,2026-09-01,74,0.12755,14601.0,-16429.999999999993,769.68,833.1651079452056,17.58,24.000000000010232,-1934.0651079452086,-6.588808831654136
EUR,LONG_QUARTERLY_SHORT_PERP,20,2026-08-17,2026-09-24,38,0.10335,-2719.0,1450.0000000000027,-198.35,427.84154191780834,17.58,24.000000000010232,-1936.7715419178157,-6.598028881169402
EUR,LONG_QUARTERLY_SHORT_PERP,20,2026-01-19,2026-02-17,29,0.13581,-2849.0,-710.000000000008,1989.39,326.510650410959,17.58,24.000000000010232,-1937.7006504109772,-6.601194089114139
EUR,LONG_QUARTERLY_SHORT_PERP,20,2026-04-21,2026-05-26,35,0.03238,-6618.0,4469.999999999999,643.3399999999999,394.0645780821919,17.58,24.000000000010232,-1940.304578082203,-6.61006492886337
EUR,LONG_QUARTERLY_SHORT_PERP,20,2026-01-12,2026-02-11,30,0.13814,-3101.0,-510.0000000000051,2045.92,337.7696383561645,17.58,24.000000000010232,-1944.4296383561796,-6.624117834038397
EUR,LONG_QUARTERLY_SHORT_PERP,10,2026-07-20,2026-08-10,21,0.13485,4098.0,-5740.000000000009,-25.250000000000014,236.43874684931512,17.58,24.000000000010232,-1945.2687468493343,-6.626976437622993
EUR,LONG_QUARTERLY_SHORT_PERP,3,2026-05-06,2026-05-12,6,0.09707,-2134.0,680.0000000000068,-397.5,67.55392767123288,17.58,24.000000000010232,-1960.6339276712363,-6.679321231334136
EUR,LONG_QUARTERLY_SHORT_PERP,20,2026-04-27,2026-05-28,31,0.03055,-6293.0,4189.999999999998,481.99999999999994,349.02862630136997,17.58,24.000000000010232,-2011.608626301382,-6.852977507508849
EUR,SHORT_QUARTERLY_LONG_PERP,3,2026-02-24,2026-03-05,9,-0.13542,-2017.0,210.00000000000796,-61.90000000000001,101.33089150684933,17.58,24.000000000010232,-2011.8108915068517,-6.853666567441041
EUR,LONG_QUARTERLY_SHORT_PERP,5,2026-04-28,2026-05-08,10,0.13182,-1003.0,-959.9999999999937,98.92999999999998,112.58987945205483,17.58,24.000000000010232,-2018.2398794520586,-6.875568297831587
EUR,LONG_QUARTERLY_SHORT_PERP,10,2026-06-26,2026-07-15,19,0.12866,-1112.0,-1509.999999999991,852.3700000000001,213.92077095890417,17.58,24.000000000010232,-2025.130770958905,-6.899043602066053
EUR,LONG_QUARTERLY_SHORT_PERP,20,2026-07-16,2026-08-20,35,0.13337,6028.0,-7400.0000000000055,-218.10000000000008,394.0645780821919,17.58,24.000000000010232,-2025.7445780822077,-6.901134668069124
EUR,LONG_QUARTERLY_SHORT_PERP,10,2026-02-02,2026-02-17,15,0.13571,-2850.0,379.99999999999545,641.27,168.88481917808224,17.58,24.000000000010232,-2039.1948191780969,-6.9469558076762725
EUR,LONG_QUARTERLY_SHORT_PERP,5,2026-02-12,2026-02-24,12,0.09655,-2955.0,1129.9999999999955,-38.120000000000005,135.10785534246577,17.58,24.000000000010232,-2039.8078553424805,-6.949044247241942
EUR,LONG_QUARTERLY_SHORT_PERP,5,2026-03-23,2026-04-07,15,0.14594,-5642.0,3700.0000000000027,105.85000000000001,168.88481917808224,17.58,24.000000000010232,-2046.6148191780896,-6.972233633810454
EUR,LONG_QUARTERLY_SHORT_PERP,20,2026-07-27,2026-09-01,36,0.13334,11079.0,-11839.999999999989,-839.7800000000001,405.3235660273973,17.58,24.000000000010232,-2047.6835660273966,-6.975874549853346
EUR,LONG_QUARTERLY_SHORT_PERP,20,2026-02-02,2026-03-13,39,0.13571,-1502.0,-730.000000000004,655.19,439.10052986301383,17.58,24.000000000010232,-2057.4905298630283,-7.0092840817592155
EUR,SHORT_QUARTERLY_LONG_PERP,10,2026-03-20,2026-04-16,27,-0.14538,6868.0,-7880.00000000001,-707.0699999999999,303.992674520548,17.58,24.000000000010232,-2064.642674520568,-7.033649401050318
EUR,SHORT_QUARTERLY_LONG_PERP,10,2026-03-19,2026-04-15,27,-0.14201,6878.0,-8189.999999999998,-428.59,303.992674520548,17.58,24.000000000010232,-2086.1626745205567,-7.1069619102697015
EUR,LONG_QUARTERLY_SHORT_PERP,5,2026-05-04,2026-05-12,8,0.13296,-2690.0,890.0000000000006,-168.02,90.07190356164385,17.58,24.000000000010232,-2099.6719035616534,-7.152984005001239
EUR,LONG_QUARTERLY_SHORT_PERP,20,2026-08-10,2026-09-17,38,0.00625,1364.0,-2209.9999999999936,-787.6600000000001,427.84154191780834,17.58,24.000000000010232,-2103.0815419178125,-7.164599671517076
EUR,SHORT_QUARTERLY_LONG_PERP,5,2026-05-11,2026-05-18,7,-0.13283,2622.0,-4480.000000000004,-126.6,78.81291561643837,17.58,24.000000000010232,-2104.9929156164517,-7.171111177181726
EUR,SHORT_QUARTERLY_LONG_PERP,3,2026-06-01,2026-06-04,3,-0.12396,-1673.0,19.99999999999602,-383.97999999999996,33.77696383561644,17.58,24.000000000010232,-2112.3369638356307,-7.196130257236394
EUR,LONG_QUARTERLY_SHORT_PERP,3,2026-03-23,2026-04-02,10,0.14594,-3948.0,2000.0,-42.74999999999999,112.58987945205483,17.58,24.000000000010232,-2144.9198794520653,-7.3071309682738255
EUR,SHORT_QUARTERLY_LONG_PERP,5,2026-04-02,2026-04-15,13,-0.05563,2511.0,-4000.0,-470.78,146.36684328767126,17.58,24.000000000010232,-2147.7268432876817,-7.316693494392655
EUR,LONG_QUARTERLY_SHORT_PERP,5,2026-05-18,2026-05-25,7,0.12777,-778.0,-1380.0000000000095,128.42999999999998,78.81291561643837,17.58,24.000000000010232,-2149.9629156164583,-7.324311155787577
EUR,SHORT_QUARTERLY_LONG_PERP,3,2026-03-09,2026-03-17,8,-0.13776,-3105.0,1319.9999999999932,-237.7,90.07190356164385,17.58,24.000000000010232,-2154.351903561661,-7.339263187348758
EUR,LONG_QUARTERLY_SHORT_PERP,20,2026-07-10,2026-08-14,35,0.03483,8378.0,-9840.000000000004,-258.00000000000006,394.0645780821919,17.58,24.000000000010232,-2155.644578082206,-7.343666961173348
EUR,LONG_QUARTERLY_SHORT_PERP,10,2026-08-20,2026-09-14,25,0.14783,-426.0,-1030.0000000000011,-378.65,281.4746986301371,17.58,24.000000000010232,-2157.7046986301484,-7.350685204977443
EUR,LONG_QUARTERLY_SHORT_PERP,20,2026-07-03,2026-08-11,39,0.13307,5025.0,-7150.0000000000055,415.33,439.10052986301383,17.58,24.000000000010232,-2190.35052986303,-7.461900251596232
EUR,SHORT_QUARTERLY_LONG_PERP,40,2026-03-19,2026-06-03,76,-0.14201,12249.0,-11799.999999999996,-1764.73,855.6830838356167,17.58,24.000000000010232,-2212.993083835623,-7.539036982398603
EUR,SHORT_QUARTERLY_LONG_PERP,40,2026-03-26,2026-06-08,74,-0.09562,10363.0,-9719.999999999998,-1988.54,833.1651079452056,17.58,24.000000000010232,-2220.285107945214,-7.563878831132927
EUR,SHORT_QUARTERLY_LONG_PERP,10,2026-06-08,2026-06-23,15,-0.12834,-1293.0,200.00000000000284,-917.64,168.88481917808224,17.58,24.000000000010232,-2221.104819178089,-7.566671353777789
EUR,SHORT_QUARTERLY_LONG_PERP,5,2026-01-14,2026-01-22,8,-0.1386,2001.0,-3409.9999999999964,-681.65,90.07190356164385,17.58,24.000000000010232,-2222.3019035616508,-7.570749479238118
EUR,LONG_QUARTERLY_SHORT_PERP,20,2026-07-07,2026-08-12,36,0.13389,6963.0,-8879.999999999996,138.66999999999996,405.3235660273973,17.58,24.000000000010232,-2225.233566027404,-7.580736818064733
EUR,LONG_QUARTERLY_SHORT_PERP,20,2026-07-20,2026-08-27,38,0.13485,9446.0,-10750.0,-465.9500000000001,427.84154191780834,17.58,24.000000000010232,-2239.371541917819,-7.628900874189734
EUR,LONG_QUARTERLY_SHORT_PERP,3,2026-03-05,2026-03-12,7,0.13613,-1458.0,-599.9999999999943,-66.79,78.81291561643837,17.58,24.000000000010232,-2245.182915616443,-7.648698568792797
EUR,SHORT_QUARTERLY_LONG_PERP,20,2026-01-14,2026-02-12,29,-0.1386,891.0,-490.0000000000091,-2281.07,326.510650410959,17.58,24.000000000010232,-2248.1606504109786,-7.65884286291814
EUR,SHORT_QUARTERLY_LONG_PERP,5,2026-03-26,2026-04-09,14,-0.09562,2383.0,-4120.000000000005,-338.81,157.62583123287675,17.58,24.000000000010232,-2275.0158312328913,-7.750330813271102
EUR,SHORT_QUARTERLY_LONG_PERP,10,2026-04-02,2026-04-22,20,-0.05563,3785.0,-4760.0000000000055,-1036.49,225.17975890410966,17.58,24.000000000010232,-2278.249758904125,-7.7613478835411875
EUR,SHORT_QUARTERLY_LONG_PERP,10,2026-06-18,2026-07-07,19,-0.02404,-2818.0,1870.0000000000045,-1096.9,213.92077095890417,17.58,24.000000000010232,-2300.4007709589096,-7.836810071063768
EUR,LONG_QUARTERLY_SHORT_PERP,20,2026-05-06,2026-06-04,29,0.09707,-4233.0,1790.0000000000064,504.9699999999999,326.510650410959,17.58,24.000000000010232,-2306.120650410963,-7.856296070834339
EUR,LONG_QUARTERLY_SHORT_PERP,40,2026-07-01,2026-09-16,77,0.12238,6365.0,-7949.999999999989,183.14999999999995,866.9420717808222,17.58,24.000000000010232,-2310.372071780822,-7.87077945226433
EUR,LONG_QUARTERLY_SHORT_PERP,20,2026-08-20,2026-09-29,40,0.14783,-2431.0,670.0000000000017,-81.80999999999997,450.3595178082193,17.58,24.000000000010232,-2334.749517808227,-7.953826466048258
EUR,LONG_QUARTERLY_SHORT_PERP,20,2026-01-28,2026-03-06,37,0.1364,-2445.0,-540.0000000000063,1103.37,416.5825539726028,17.58,24.000000000010232,-2339.7925539726193,-7.971006653562007
EUR,LONG_QUARTERLY_SHORT_PERP,20,2026-07-09,2026-08-13,35,0.13103,8333.0,-10159.999999999996,-78.04000000000003,394.0645780821919,17.58,24.000000000010232,-2340.6845780821986,-7.97404552557676
EUR,LONG_QUARTERLY_SHORT_PERP,10,2026-04-20,2026-05-11,21,0.13445,-2213.0,-170.0000000000017,292.50999999999993,236.43874684931512,17.58,24.000000000010232,-2368.5087468493275,-8.06883454180645
EUR,LONG_QUARTERLY_SHORT_PERP,20,2026-01-26,2026-03-02,35,0.13359,-2718.0,-439.9999999999977,1220.2900000000002,394.0645780821919,17.58,24.000000000010232,-2373.3545780821996,-8.085342908299745
EUR,SHORT_QUARTERLY_LONG_PERP,20,2026-05-21,2026-06-19,29,-0.12297,-1620.0,900.0000000000057,-1286.6899999999998,326.510650410959,17.58,24.000000000010232,-2374.780650410963,-8.090201130453556
EUR,LONG_QUARTERLY_SHORT_PERP,10,2026-07-30,2026-08-18,19,0.13532,6532.0,-7850.000000000008,-805.2700000000001,213.92077095890417,17.58,24.000000000010232,-2378.770770958922,-8.103794334424693
EUR,LONG_QUARTERLY_SHORT_PERP,10,2026-08-17,2026-09-04,18,0.10335,405.0,-2229.99999999999,-312.49,202.66178301369865,17.58,24.000000000010232,-2381.731783013699,-8.113881658939778
EUR,LONG_QUARTERLY_SHORT_PERP,10,2026-02-05,2026-02-24,19,0.13667,-2055.0,-289.99999999999204,211.67,213.92077095890417,17.58,24.000000000010232,-2388.830770958906,-8.138065888455651
EUR,LONG_QUARTERLY_SHORT_PERP,10,2026-01-28,2026-02-11,14,0.1364,-1982.0,-1180.0000000000068,972.0,157.62583123287675,17.58,24.000000000010232,-2389.2058312328936,-8.139343611959116
EUR,SHORT_QUARTERLY_LONG_PERP,20,2026-04-02,2026-05-13,41,-0.05563,6102.0,-6829.999999999998,-1163.2,461.61850575342476,17.58,24.000000000010232,-2394.398505753433,-8.15703357472215
EUR,LONG_QUARTERLY_SHORT_PERP,20,2026-01-05,2026-02-06,32,0.13814,-5476.0,1040.0000000000064,2442.54,360.2876142465754,17.58,24.000000000010232,-2395.3276142465793,-8.160198782666834
EUR,SHORT_QUARTERLY_LONG_PERP,40,2026-04-30,2026-07-02,63,-0.13167,614.0,69.99999999999318,-2340.78,709.3162405479454,17.58,24.000000000010232,-2407.676240547962,-8.202267034505466
EUR,LONG_QUARTERLY_SHORT_PERP,20,2026-03-06,2026-04-21,46,0.01104,-6919.0,4070.0000000000073,960.31,517.9134454794522,17.58,24.000000000010232,-2448.1834454794553,-8.34026354170775
EUR,LONG_QUARTERLY_SHORT_PERP,40,2026-07-15,2026-09-28,75,0.1328,5955.0,-7340.000000000004,-207.67000000000007,844.4240958904112,17.58,24.000000000010232,-2478.6740958904247,-8.444136501250519
EUR,SHORT_QUARTERLY_LONG_PERP,40,2026-04-02,2026-06-10,69,-0.05563,10171.0,-9650.000000000005,-2187.7599999999998,776.8701682191783,17.58,24.000000000010232,-2485.2101682191933,-8.466403037628849
EUR,LONG_QUARTERLY_SHORT_PERP,20,2026-01-22,2026-02-24,33,0.13608,-1845.0,-1789.999999999992,1561.3,371.5466021917809,17.58,24.000000000010232,-2486.8266021917825,-8.471909767671509
EUR,SHORT_QUARTERLY_LONG_PERP,20,2026-05-25,2026-06-23,29,-0.12381,-723.0,30.000000000001137,-1433.32,326.510650410959,17.58,24.000000000010232,-2494.4106504109677,-8.497746459353179
EUR,LONG_QUARTERLY_SHORT_PERP,20,2026-07-15,2026-08-19,35,0.1328,7804.0,-9640.0,-232.56000000000006,394.0645780821919,17.58,24.000000000010232,-2504.204578082202,-8.531111580760786
EUR,SHORT_QUARTERLY_LONG_PERP,3,2026-01-14,2026-01-20,6,-0.1386,-1009.0,-1000.0,-408.77,67.55392767123288,17.58,24.000000000010232,-2526.903927671243,-8.60844179804803
EUR,LONG_QUARTERLY_SHORT_PERP,20,2026-04-20,2026-05-25,35,0.13445,-5613.0,2929.9999999999927,547.54,394.0645780821919,17.58,24.000000000010232,-2571.1045780822096,-8.75902082178216
EUR,LONG_QUARTERLY_SHORT_PERP,40,2026-06-23,2026-09-04,73,0.02147,12833.0,-15089.999999999989,520.3399999999999,821.9061200000001,17.58,24.000000000010232,-2600.1461199999994,-8.857957081521668
EUR,LONG_QUARTERLY_SHORT_PERP,40,2026-07-10,2026-09-23,75,0.03483,7631.0,-9069.999999999993,-435.65000000000003,844.4240958904112,17.58,24.000000000010232,-2760.6540958904143,-9.404762028652566
EUR,LONG_QUARTERLY_SHORT_PERP,40,2026-06-22,2026-09-02,72,0.12626,13760.0,-16239.999999999995,557.6899999999999,810.6471320547946,17.58,24.000000000010232,-2774.5371320547993,-9.452057577760144
EUR,LONG_QUARTERLY_SHORT_PERP,3,2026-01-06,2026-01-14,8,0.13814,-2749.0,-109.99999999999943,137.68000000000004,90.07190356164385,17.58,24.000000000010232,-2852.9719035616536,-9.71926249919228
EUR,LONG_QUARTERLY_SHORT_PERP,20,2026-01-29,2026-03-09,39,0.13695,-2346.0,-859.9999999999994,828.6600000000001,439.10052986301383,17.58,24.000000000010232,-2858.0205298630235,-9.73646173071015
EUR,LONG_QUARTERLY_SHORT_PERP,20,2026-07-23,2026-08-31,39,0.02131,9427.0,-11129.999999999996,-679.09,439.10052986301383,17.58,24.000000000010232,-2862.770529863021,-9.75264362749417
EUR,LONG_QUARTERLY_SHORT_PERP,3,2026-05-27,2026-06-01,5,0.12495,880.0,-3530.000000000001,-122.49999999999999,56.294939726027415,17.58,24.000000000010232,-2870.374939726038,-9.778549685495596
EUR,LONG_QUARTERLY_SHORT_PERP,20,2026-07-30,2026-09-07,39,0.13532,7880.0,-9290.000000000005,-1010.8399999999999,439.10052986301383,17.58,24.000000000010232,-2901.52052986303,-9.884653838100736
EUR,LONG_QUARTERLY_SHORT_PERP,20,2026-06-26,2026-08-04,39,0.12866,2432.0,-6179.999999999993,1257.9499999999998,439.10052986301383,17.58,24.000000000010232,-2970.730529863017,-10.120432591031744
EUR,LONG_QUARTERLY_SHORT_PERP,10,2026-03-12,2026-04-06,25,0.05993,-3340.0,390.00000000000057,265.34000000000003,281.4746986301371,17.58,24.000000000010232,-3007.714698630147,-10.246427117691265
EUR,LONG_QUARTERLY_SHORT_PERP,10,2026-03-18,2026-04-10,23,0.13974,-7633.0,4659.999999999996,238.06,258.9567227397261,17.58,24.000000000010232,-3035.4767227397397,-10.34100442477697
EUR,SHORT_QUARTERLY_LONG_PERP,20,2026-03-20,2026-05-06,47,-0.14538,8282.0,-9230.000000000004,-1532.82,529.1724334246576,17.58,24.000000000010232,-3051.5724334246706,-10.395837925612572
EUR,SHORT_QUARTERLY_LONG_PERP,5,2026-06-18,2026-06-26,8,-0.02404,-4860.0,2370.0000000000045,-442.69000000000005,90.07190356164385,17.58,24.000000000010232,-3064.34190356165,-10.439339872505899
EUR,SHORT_QUARTERLY_LONG_PERP,5,2026-06-08,2026-06-16,8,-0.12834,-844.0,-1549.9999999999973,-540.8,90.07190356164385,17.58,24.000000000010232,-3066.4519035616513,-10.446528041393126
EUR,LONG_QUARTERLY_SHORT_PERP,20,2026-02-09,2026-03-23,42,0.01769,-91.0,-2719.999999999999,229.71,472.87749369863025,17.58,24.000000000010232,-3095.747493698639,-10.546329771040261
EUR,LONG_QUARTERLY_SHORT_PERP,3,2026-05-20,2026-05-25,5,0.12419,584.0,-3469.999999999999,-121.87,56.294939726027415,17.58,24.000000000010232,-3105.744939726036,-10.580388221507466
EUR,SHORT_QUARTERLY_LONG_PERP,20,2026-05-28,2026-06-29,32,-0.12408,-6076.0,4960.000000000008,-1602.78,360.2876142465754,17.58,24.000000000010232,-3120.647614246577,-10.63115738801217
EUR,LONG_QUARTERLY_SHORT_PERP,20,2026-03-17,2026-04-30,44,0.13899,-8141.0,4519.999999999996,1022.7299999999999,495.3954695890412,17.58,24.000000000010232,-3135.2454695890547,-10.680888122416405
EUR,LONG_QUARTERLY_SHORT_PERP,5,2026-03-12,2026-03-20,8,0.05993,2853.0,-5900.0000000000055,30.12,90.07190356164385,17.58,24.000000000010232,-3148.5319035616594,-10.726151217821139
EUR,LONG_QUARTERLY_SHORT_PERP,40,2026-03-13,2026-05-29,77,0.03878,-13361.0,9340.000000000004,1769.11,866.9420717808222,17.58,24.000000000010232,-3160.412071780829,-10.766623566431555
EUR,LONG_QUARTERLY_SHORT_PERP,10,2026-02-12,2026-03-09,25,0.09655,-2611.0,-130.00000000000966,-102.93999999999998,281.4746986301371,17.58,24.000000000010232,-3166.9946986301566,-10.789048700798624
EUR,LONG_QUARTERLY_SHORT_PERP,40,2026-03-18,2026-06-02,76,0.13974,-13863.0,10060.000000000002,1495.7999999999997,855.6830838356167,17.58,24.000000000010232,-3204.463083835625,-10.916692814916319
EUR,LONG_QUARTERLY_SHORT_PERP,40,2026-06-29,2026-09-14,77,0.1311,6530.0,-9110.0,257.88999999999993,866.9420717808222,17.58,24.000000000010232,-3230.632071780832,-11.00584310162617
EUR,SHORT_QUARTERLY_LONG_PERP,40,2026-06-08,2026-08-17,70,-0.12834,-13721.0,13060.000000000002,-1750.47,788.1291561643837,17.58,24.000000000010232,-3241.179156164392,-11.041774013387682
EUR,LONG_QUARTERLY_SHORT_PERP,3,2026-05-05,2026-05-11,6,0.13241,-2830.0,-200.00000000000284,-167.60000000000002,67.55392767123288,17.58,24.000000000010232,-3306.7339276712455,-11.26510044417176
EUR,LONG_QUARTERLY_SHORT_PERP,40,2026-02-05,2026-05-05,89,0.13667,-5881.0,1940.0000000000118,1672.6499999999999,1002.0499271232878,17.58,24.000000000010232,-3311.979927123287,-11.28297206978481
EUR,LONG_QUARTERLY_SHORT_PERP,40,2026-02-06,2026-05-06,89,0.13544,-6915.0,2989.999999999995,1634.28,1002.0499271232878,17.58,24.000000000010232,-3334.349927123303,-11.35918028684985
EUR,SHORT_QUARTERLY_LONG_PERP,40,2026-05-21,2026-07-27,67,-0.12297,-5142.0,5490.000000000009,-2896.15,754.3521923287673,17.58,24.000000000010232,-3344.0821923287685,-11.392335341803456
EUR,LONG_QUARTERLY_SHORT_PERP,40,2026-02-02,2026-04-28,85,0.13571,-8000.0,3659.9999999999964,1948.58,957.013975342466,17.58,24.000000000010232,-3390.01397534248,-11.54881184113697
EUR,LONG_QUARTERLY_SHORT_PERP,5,2026-03-18,2026-03-31,13,0.13974,-4511.0,1400.0000000000057,-128.57000000000002,146.36684328767126,17.58,24.000000000010232,-3427.5168432876762,-11.676573428125215
EUR,SHORT_QUARTERLY_LONG_PERP,20,2026-03-19,2026-05-05,47,-0.14201,6999.0,-8570.000000000007,-1290.3700000000001,529.1724334246576,17.58,24.000000000010232,-3432.1224334246745,-11.692263361646567
EUR,LONG_QUARTERLY_SHORT_PERP,40,2026-02-04,2026-05-04,89,0.13608,-6909.0,2840.0000000000036,1676.9099999999999,1002.0499271232878,17.58,24.000000000010232,-3435.719927123295,-11.70451899779652
EUR,LONG_QUARTERLY_SHORT_PERP,20,2026-01-30,2026-03-12,41,0.13647,-2786.0,-920.0000000000017,752.12,461.61850575342476,17.58,24.000000000010232,-3457.0785057534367,-11.777281590395777
EUR,LONG_QUARTERLY_SHORT_PERP,40,2026-07-13,2026-09-24,73,0.03087,7089.0,-9310.000000000002,-383.87000000000006,821.9061200000001,17.58,24.000000000010232,-3468.356120000012,-11.815701209281706
EUR,SHORT_QUARTERLY_LONG_PERP,40,2026-05-08,2026-07-10,63,-0.13184,672.0,-879.9999999999955,-2543.0,709.3162405479454,17.58,24.000000000010232,-3501.8962405479506,-11.92996284482498
EUR,LONG_QUARTERLY_SHORT_PERP,40,2026-07-02,2026-09-17,77,0.13377,6235.0,-8790.000000000005,-96.32000000000004,866.9420717808222,17.58,24.000000000010232,-3559.8420717808376,-12.127367783788184
EUR,LONG_QUARTERLY_SHORT_PERP,40,2026-01-29,2026-04-22,83,0.13695,-7669.0,3010.000000000005,2058.3900000000003,934.495999452055,17.58,24.000000000010232,-3576.685999452059,-12.184750246738357
EUR,LONG_QUARTERLY_SHORT_PERP,3,2026-03-13,2026-03-19,6,0.03878,1330.0,-4939.999999999998,136.72,67.55392767123288,17.58,24.000000000010232,-3582.4139276712413,-12.20426366636554
EUR,LONG_QUARTERLY_SHORT_PERP,40,2026-07-09,2026-09-22,75,0.13103,7569.0,-10000.0,-297.12000000000006,844.4240958904112,17.58,24.000000000010232,-3614.124095890421,-12.312291175655412
EUR,LONG_QUARTERLY_SHORT_PERP,10,2026-05-18,2026-06-01,14,0.12777,-1498.0,-2180.000000000007,259.06,157.62583123287675,17.58,24.000000000010232,-3618.145831232894,-12.325992082224795
EUR,LONG_QUARTERLY_SHORT_PERP,10,2026-03-06,2026-03-31,25,0.01104,-2020.0,-1429.9999999999927,111.10999999999999,281.4746986301371,17.58,24.000000000010232,-3661.94469863014,-12.475202345694166
EUR,SHORT_QUARTERLY_LONG_PERP,40,2026-05-28,2026-08-06,70,-0.12408,-10535.0,10370.000000000004,-2674.06,788.1291561643837,17.58,24.000000000010232,-3668.7691561643906,-12.498451328310214
EUR,LONG_QUARTERLY_SHORT_PERP,20,2026-03-05,2026-04-20,46,0.13613,-6460.0,2410.000000000011,938.97,517.9134454794522,17.58,24.000000000010232,-3670.523445479451,-12.504427692231399
EUR,SHORT_QUARTERLY_LONG_PERP,10,2026-03-26,2026-04-20,25,-0.09562,4180.0,-6620.000000000005,-925.3199999999999,281.4746986301371,17.58,24.000000000010232,-3688.374698630151,-12.565241826115644
EUR,LONG_QUARTERLY_SHORT_PERP,40,2026-03-12,2026-05-28,77,0.05993,-12208.0,7700.000000000003,1682.35,866.9420717808222,17.58,24.000000000010232,-3734.1720717808294,-12.721260429337503
EUR,LONG_QUARTERLY_SHORT_PERP,20,2026-02-19,2026-04-10,50,0.13541,-3706.0,159.9999999999966,415.26,562.9493972602742,17.58,24.000000000010232,-3735.2693972602874,-12.724998704631624
EUR,SHORT_QUARTERLY_LONG_PERP,40,2026-05-14,2026-07-16,63,-0.12885,-3072.0,3039.999999999992,-2972.1099999999997,709.3162405479454,17.58,24.000000000010232,-3755.006240547963,-12.792236506931346
EUR,SHORT_QUARTERLY_LONG_PERP,40,2026-05-12,2026-07-14,63,-0.13283,-1472.0,1150.0000000000057,-2708.16,709.3162405479454,17.58,24.000000000010232,-3781.0562405479495,-12.880981435610018
EUR,LONG_QUARTERLY_SHORT_PERP,40,2026-07-03,2026-09-18,77,0.13307,5850.0,-8640.0,-125.00000000000003,866.9420717808222,17.58,24.000000000010232,-3823.5220717808324,-13.02565042463284
EUR,LONG_QUARTERLY_SHORT_PERP,10,2026-03-13,2026-04-07,25,0.03878,-4731.0,950.0000000000028,243.13000000000002,281.4746986301371,17.58,24.000000000010232,-3860.924698630144,-13.153070518764848
EUR,LONG_QUARTERLY_SHORT_PERP,10,2026-03-17,2026-04-09,23,0.13899,-6095.0,2280.000000000001,241.47999999999996,258.9567227397261,17.58,24.000000000010232,-3874.056722739735,-13.197807583755743
EUR,LONG_QUARTERLY_SHORT_PERP,40,2026-07-07,2026-09-21,76,0.13389,6556.0,-9469.999999999998,-113.88000000000004,855.6830838356167,17.58,24.000000000010232,-3925.1430838356255,-13.371844262140002
EUR,SHORT_QUARTERLY_LONG_PERP,20,2026-06-08,2026-07-13,35,-0.12834,-3913.0,2299.9999999999973,-1935.99,394.0645780821919,17.58,24.000000000010232,-3984.634578082205,-13.57451483465067
EUR,LONG_QUARTERLY_SHORT_PERP,40,2026-02-19,2026-05-19,89,0.13541,-11886.0,7379.999999999995,1410.6699999999998,1002.0499271232878,17.58,24.000000000010232,-4138.959927123302,-14.100257333459501
EUR,LONG_QUARTERLY_SHORT_PERP,20,2026-07-29,2026-09-04,37,0.09939,7531.0,-10360.0,-907.64,416.5825539726028,17.58,24.000000000010232,-4194.802553972612,-14.290497254264652
EUR,LONG_QUARTERLY_SHORT_PERP,40,2026-02-12,2026-05-13,90,0.09655,-10251.0,5809.999999999988,1253.4999999999998,1013.3089150684933,17.58,24.000000000010232,-4242.388915068515,-14.452610429755461
EUR,LONG_QUARTERLY_SHORT_PERP,40,2026-02-03,2026-04-30,86,0.13688,-7052.0,2079.999999999998,1680.03,968.2729632876715,17.58,24.000000000010232,-4301.822963287684,-14.655085300016399
EUR,LONG_QUARTERLY_SHORT_PERP,40,2026-01-22,2026-04-15,83,0.13608,-5550.0,60.000000000002274,2160.5,934.495999452055,17.58,24.000000000010232,-4305.575999452063,-14.667870825035074
EUR,LONG_QUARTERLY_SHORT_PERP,40,2026-07-16,2026-09-29,75,0.13337,3597.0,-6730.000000000004,-299.9100000000001,844.4240958904112,17.58,24.000000000010232,-4318.9140958904245,-14.713309919742645
EUR,LONG_QUARTERLY_SHORT_PERP,40,2026-03-06,2026-05-26,81,0.01104,-13537.0,8540.000000000005,1603.6499999999999,911.9780235616441,17.58,24.000000000010232,-4346.908023561649,-14.808677256196386
EUR,SHORT_QUARTERLY_LONG_PERP,40,2026-05-11,2026-07-13,63,-0.13283,57.0,-969.9999999999989,-2706.7000000000003,709.3162405479454,17.58,24.000000000010232,-4370.596240547954,-14.889376262990073
EUR,LONG_QUARTERLY_SHORT_PERP,3,2026-03-17,2026-03-20,3,0.13899,-37.0,-4130.00000000001,-147.65,33.77696383561644,17.58,24.000000000010232,-4390.006963835636,-14.955503067357354
EUR,LONG_QUARTERLY_SHORT_PERP,40,2026-01-21,2026-04-10,79,0.1368,-6418.0,709.9999999999937,2248.06,889.4600476712332,17.58,24.000000000010232,-4390.98004767125,-14.958818086765795
EUR,LONG_QUARTERLY_SHORT_PERP,40,2026-02-09,2026-05-08,88,0.01769,-8503.0,3460.000000000008,1484.75,990.7909391780825,17.58,24.000000000010232,-4590.620939178084,-15.63893772892047
EUR,SHORT_QUARTERLY_LONG_PERP,10,2026-06-01,2026-06-16,15,-0.12396,-994.0,-2519.999999999996,-925.8499999999999,168.88481917808224,17.58,24.000000000010232,-4650.314819178088,-15.84229777203587
EUR,SHORT_QUARTERLY_LONG_PERP,40,2026-06-01,2026-08-10,70,-0.12396,-10341.0,9040.000000000005,-2548.69,788.1291561643837,17.58,24.000000000010232,-4679.399156164388,-15.94137982238201
EUR,LONG_QUARTERLY_SHORT_PERP,40,2026-01-28,2026-04-21,83,0.1364,-9364.0,3530.000000000001,2063.6800000000003,934.495999452055,17.58,24.000000000010232,-4746.395999452064,-16.169618980895017
EUR,LONG_QUARTERLY_SHORT_PERP,40,2026-01-06,2026-03-23,76,0.13814,-3841.0,-2640.0000000000005,2551.8,855.6830838356167,17.58,24.000000000010232,-4826.463083835626,-16.442384727272444
EUR,LONG_QUARTERLY_SHORT_PERP,40,2026-01-23,2026-04-16,83,0.13319,-5700.0,-349.9999999999943,2160.4100000000003,934.495999452055,17.58,24.000000000010232,-4865.665999452059,-16.575937892354133
EUR,SHORT_QUARTERLY_LONG_PERP,40,2026-05-25,2026-07-29,65,-0.12381,-6025.0,4759.999999999991,-2861.3,731.8342164383563,17.58,24.000000000010232,-4899.714216438376,-16.691930467712606
EUR,LONG_QUARTERLY_SHORT_PERP,40,2026-01-27,2026-04-20,83,0.12769,-8787.0,2550.0000000000114,2167.7,934.495999452055,17.58,24.000000000010232,-5045.375999452054,-17.188158665208324
EUR,LONG_QUARTERLY_SHORT_PERP,40,2026-01-30,2026-04-27,87,0.13647,-8701.0,2590.0000000000036,1952.47,979.531951232877,17.58,24.000000000010232,-5179.641951232883,-17.645564512224425
EUR,SHORT_QUARTERLY_LONG_PERP,20,2026-06-01,2026-07-02,31,-0.12396,-5470.0,2459.9999999999936,-1857.3500000000001,349.02862630136997,17.58,24.000000000010232,-5257.958626301387,-17.912367112735314
EUR,LONG_QUARTERLY_SHORT_PERP,40,2026-06-26,2026-09-09,75,0.12866,6938.0,-11849.999999999995,535.8,844.4240958904112,17.58,24.000000000010232,-5262.204095890415,-17.926830218143603
EUR,LONG_QUARTERLY_SHORT_PERP,20,2026-02-06,2026-03-20,42,0.13544,1367.0,-6240.000000000009,101.46,472.87749369863025,17.58,24.000000000010232,-5285.997493698649,-18.007887546032894
EUR,LONG_QUARTERLY_SHORT_PERP,40,2026-01-12,2026-03-31,78,0.13814,-5584.0,-1299.9999999999973,2288.4,878.2010597260277,17.58,24.000000000010232,-5515.381059726034,-18.78933200696072
EUR,LONG_QUARTERLY_SHORT_PERP,40,2026-01-26,2026-04-17,81,0.13359,-7442.0,660.0000000000108,2160.94,911.9780235616441,17.58,24.000000000010232,-5574.618023561643,-18.99113546687376
EUR,LONG_QUARTERLY_SHORT_PERP,20,2026-02-05,2026-03-19,42,0.13667,1118.0,-6629.999999999995,382.28000000000003,472.87749369863025,17.58,24.000000000010232,-5644.177493698636,-19.228104765001845
EUR,LONG_QUARTERLY_SHORT_PERP,20,2026-02-12,2026-04-02,49,0.09655,-4149.0,-1020.0000000000102,90.3,551.6904093150687,17.58,24.000000000010232,-5671.970409315089,-19.322787310650817
EUR,LONG_QUARTERLY_SHORT_PERP,40,2026-01-16,2026-04-06,80,0.13772,-6636.0,-459.99999999999375,2365.68,900.7190356164386,17.58,24.000000000010232,-5672.6190356164425,-19.324996995673956
EUR,LONG_QUARTERLY_SHORT_PERP,40,2026-01-19,2026-04-07,78,0.13581,-6232.0,-870.0000000000045,2246.44,878.2010597260277,17.58,24.000000000010232,-5775.341059726043,-19.67494166758719
EUR,LONG_QUARTERLY_SHORT_PERP,5,2026-03-17,2026-03-26,9,0.13899,-3712.0,-1840.0000000000034,-97.33000000000001,101.33089150684933,17.58,24.000000000010232,-5792.240891506863,-19.73251457991238
EUR,LONG_QUARTERLY_SHORT_PERP,40,2026-01-20,2026-04-09,79,0.13524,-7501.0,320.0000000000074,2248.5400000000004,889.4600476712332,17.58,24.000000000010232,-5863.500047671235,-19.975274224116323
EUR,LONG_QUARTERLY_SHORT_PERP,40,2026-03-05,2026-05-25,81,0.13613,-12073.0,5340.000000000004,1486.51,911.9780235616441,17.58,24.000000000010232,-6200.048023561651,-21.12179729963882
EUR,LONG_QUARTERLY_SHORT_PERP,40,2026-02-10,2026-05-11,90,0.13802,-9815.0,3390.0000000000005,1213.9,1013.3089150684933,17.58,24.000000000010232,-6265.988915068504,-21.34643913126211
EUR,LONG_QUARTERLY_SHORT_PERP,40,2026-03-17,2026-06-01,76,0.13899,-14225.0,6909.999999999996,1506.1599999999999,855.6830838356167,17.58,24.000000000010232,-6706.10308383563,-22.845782721194198
EUR,LONG_QUARTERLY_SHORT_PERP,10,2026-03-05,2026-03-26,21,0.13613,-2280.0,-4209.999999999994,13.649999999999993,236.43874684931512,17.58,24.000000000010232,-6754.368746849319,-23.010210084794224
EUR,LONG_QUARTERLY_SHORT_PERP,20,2026-02-10,2026-03-26,44,0.13802,-3422.0,-3060.0000000000023,-3.9300000000000153,495.3954695890412,17.58,24.000000000010232,-7022.905469589054,-23.92503819639322
EUR,LONG_QUARTERLY_SHORT_PERP,40,2026-01-05,2026-03-20,74,0.13814,-4109.0,-5200.000000000003,2544.0,833.1651079452056,17.58,24.000000000010232,-7639.745107945219,-26.026435114324997
EUR,LONG_QUARTERLY_SHORT_PERP,40,2026-01-08,2026-03-26,77,0.13814,-6758.0,-2909.9999999999964,2318.04,866.9420717808222,17.58,24.000000000010232,-8258.482071780829,-28.134295679640786
