pair,n_obs,start,end,calendar_days,quarter_entry,quarter_exit,perp_entry,perp_exit,quarter_pnl_rub,perp_pnl_rub,funding_rub,gross_rub,margin_cost_rub,roundtrip_buffer_rub,screen_net_rub,screen_return_on_current_im_pct
SBER_QP,10,2026-01-27,2026-02-10,14,31506.0,31932.0,305.12,303.07,426.0,205.00000000000114,204.505,835.5050000000011,53.02331616438357,37.54,744.9416838356176,7.544293878168016
SBER_QP,3,2026-01-16,2026-01-21,5,31300.0,32449.0,301.77,306.0,1149.0,-423.0000000000018,35.231,761.2309999999982,18.936898630136987,37.54,704.7541013698612,7.1372996946586404
SBER_QP,10,2026-02-03,2026-02-17,14,31506.0,32554.0,304.2,309.57,1048.0,-537.0000000000005,195.618,706.6179999999995,53.02331616438357,37.54,616.054683835616,6.239008610643613
SBER_QP,5,2026-02-03,2026-02-10,7,31506.0,31932.0,304.2,303.07,426.0,112.99999999999955,112.13900000000001,651.1389999999996,26.511658082191786,37.54,587.0873419178079,5.945645861532714
SBER_QP,5,2026-01-16,2026-01-23,7,31300.0,32363.0,301.77,307.2,1063.0,-543.0000000000007,64.57,584.5699999999993,26.511658082191786,37.54,520.5183419178074,5.2714775204755755
SBER_QP,20,2026-01-13,2026-02-10,28,31065.0,31932.0,297.44,303.07,867.0,-562.9999999999995,353.999,657.9990000000005,106.04663232876715,37.54,514.4123676712334,5.209640110745064
SBER_QP,20,2026-01-19,2026-02-16,28,31621.0,32599.0,304.01,310.94,978.0,-693.0000000000007,350.377,635.3769999999993,106.04663232876715,37.54,491.7903676712321,4.980538934350716
SBER_QP,3,2026-02-04,2026-02-09,5,31542.0,31718.0,304.84,301.88,176.0,295.99999999999795,68.999,540.998999999998,18.936898630136987,37.54,484.522101369861,4.906930572579368
SBER_QP,3,2026-01-19,2026-01-22,3,31621.0,32302.0,304.01,305.99,681.0,-198.00000000000182,41.264,524.2639999999982,11.362139178082192,37.54,475.36186082191597,4.814161503284465
SBER_QP,20,2026-02-03,2026-03-04,29,31506.0,32420.0,304.2,311.25,914.0,-705.0000000000011,382.698,591.6979999999988,109.83401205479453,37.54,444.3239879452043,4.499829738240151
SBER_QP,20,2026-01-27,2026-02-25,29,31506.0,32948.0,305.12,317.4,1442.0,-1227.9999999999973,369.272,583.2720000000027,109.83401205479453,37.54,435.8979879452081,4.4144965885496825
SBER_QP,5,2026-01-19,2026-01-26,7,31621.0,31991.0,304.01,303.35,370.0,65.99999999999682,61.126000000000005,497.1259999999968,26.511658082191786,37.54,433.074341917805,4.3859005039152885
SBER_QP,5,2026-01-13,2026-01-20,7,31065.0,32101.0,297.44,303.86,1036.0,-642.0000000000016,87.405,481.4049999999984,26.511658082191786,37.54,417.3533419178066,4.226688250617835
SBER_QP,5,2026-01-08,2026-01-15,7,31391.0,31745.0,298.22,298.0,354.0,22.00000000000273,86.791,462.7910000000027,26.511658082191786,37.54,398.7393419178109,4.038177539920145
SBER_QP,3,2026-01-27,2026-01-30,3,31506.0,31889.0,305.12,305.05,383.0,6.999999999999318,52.147,442.1469999999993,11.362139178082192,37.54,393.2448608219171,3.9825329425041023
SBER_QP,3,2026-01-09,2026-01-14,5,31377.0,31772.0,299.19,299.42,395.0,-23.00000000000182,52.466,424.4659999999982,18.936898630136987,37.54,367.9891013698612,3.7267587315060324
SBER_QP,5,2026-03-09,2026-03-16,7,32200.0,32483.0,316.35,316.14,283.0,21.000000000003638,73.412,377.4120000000037,26.511658082191786,37.54,313.36034191781187,3.1735135252719386
SBER_QP,10,2026-01-16,2026-01-30,14,31300.0,31889.0,301.77,305.05,589.0,-328.00000000000296,141.105,402.10499999999706,53.02331616438357,37.54,311.54168383561347,3.1550953170635254
SBER_QP,3,2026-01-12,2026-01-15,3,31585.0,31745.0,299.43,298.0,160.0,143.00000000000068,53.445,356.4450000000007,11.362139178082192,37.54,307.54286082191845,3.1145977900265587
SBER_QP,3,2026-03-09,2026-03-12,3,32200.0,32589.0,316.35,317.17,389.0,-81.99999999999932,47.307,354.3070000000007,11.362139178082192,37.54,305.4048608219185,3.092945490710358
SBER_QP,20,2026-01-16,2026-02-13,28,31300.0,32001.0,301.77,308.04,701.0,-627.0000000000039,344.929,418.9289999999961,106.04663232876715,37.54,275.34236767122894,2.7884917489470475
SBER_QP,10,2026-01-09,2026-01-23,14,31377.0,32363.0,299.19,307.2,986.0,-800.9999999999991,162.767,347.7670000000009,53.02331616438357,37.54,257.2036838356173,2.6047947369682865
SBER_QP,3,2026-02-20,2026-02-26,6,32478.0,33000.0,313.52,316.11,522.0,-259.0000000000032,53.175,316.1749999999968,22.724278356164383,37.54,255.91072164383243,2.591700441186688
SBER_QP,3,2026-02-11,2026-02-16,5,31800.0,32599.0,305.44,310.94,799.0,-550.0,52.937,301.937,18.936898630136987,37.54,245.46010136986305,2.4858632296750236
SBER_QP,5,2026-02-24,2026-03-03,7,32626.0,32421.0,315.35,311.2,-205.0,415.0000000000034,98.985,308.9850000000034,26.511658082191786,37.54,244.93334191781165,2.4805285461748108
SBER_QP,5,2026-02-04,2026-02-11,7,31542.0,31800.0,304.84,305.44,258.0,-60.000000000002274,108.976,306.9759999999977,26.511658082191786,37.54,242.92434191780595,2.4601826765179493
SBER_QP,3,2026-02-06,2026-02-11,5,31111.0,31800.0,300.85,305.44,689.0,-458.9999999999975,62.479,292.4790000000025,18.936898630136987,37.54,236.00210136986553,2.3900786427093683
SBER_QP,10,2026-02-04,2026-02-18,14,31542.0,32592.0,304.84,313.94,1050.0,-910.0000000000023,186.418,326.41799999999773,53.02331616438357,37.54,235.85468383561417,2.3885856920189723
SBER_QP,10,2026-01-19,2026-02-02,14,31621.0,31672.0,304.01,302.74,51.0,126.99999999999818,148.215,326.2149999999982,53.02331616438357,37.54,235.65168383561465,2.3865298375937254
SBER_QP,10,2026-02-02,2026-02-16,14,31672.0,32599.0,302.74,310.94,927.0,-819.9999999999989,202.162,309.16200000000117,53.02331616438357,37.54,218.5986838356176,2.2138279385108888
SBER_QP,5,2026-02-18,2026-02-26,8,32592.0,33000.0,313.94,316.11,408.0,-217.0000000000016,91.242,282.2419999999984,30.29903780821918,37.54,214.40296219177927,2.1713363478280785
SBER_QP,10,2026-01-08,2026-01-22,14,31391.0,32302.0,298.22,305.99,911.0,-776.9999999999982,165.21699999999998,299.2170000000018,53.02331616438357,37.54,208.65368383561824,2.1131113263969508
SBER_QP,10,2026-02-11,2026-02-26,15,31800.0,33000.0,305.44,316.11,1200.0,-1067.0000000000016,168.68400000000003,301.68399999999843,56.81069589041096,37.54,207.3333041095875,2.0997393633291015
SBER_QP,5,2026-02-06,2026-02-13,7,31111.0,32001.0,300.85,308.04,890.0,-718.9999999999998,97.053,268.0530000000002,26.511658082191786,37.54,204.00134191780845,2.0659953770397363
SBER_QP,3,2026-02-24,2026-02-27,3,32626.0,32879.0,315.35,315.94,253.0,-58.9999999999975,55.702,249.7020000000025,11.362139178082192,37.54,200.7998608219203,2.033572820003568
SBER_QP,5,2026-03-06,2026-03-13,7,32105.0,32502.0,314.47,316.63,397.0,-215.99999999999682,80.458,261.45800000000315,26.511658082191786,37.54,197.40634191781137,1.9992054266233288
SBER_QP,40,2026-01-16,2026-03-16,59,31300.0,32483.0,301.77,316.14,1183.0,-1437.0000000000005,702.7230000000001,448.7229999999996,223.45540383561647,37.54,187.72759616438316,1.9011852675687766
SBER_QP,10,2026-02-06,2026-02-20,14,31111.0,32478.0,300.85,313.52,1367.0,-1266.999999999996,177.988,277.9880000000041,53.02331616438357,37.54,187.42468383562053,1.8981175648517812
SBER_QP,20,2026-01-08,2026-02-05,28,31391.0,31700.0,298.22,301.46,309.0,-323.9999999999952,341.493,326.49300000000477,106.04663232876715,37.54,182.90636767123763,1.8523589427767366
SBER_QP,5,2026-02-02,2026-02-09,7,31672.0,31718.0,302.74,301.88,46.0,86.00000000000136,109.24800000000002,241.24800000000138,26.511658082191786,37.54,177.1963419178096,1.7945314466511813
SBER_QP,3,2026-02-02,2026-02-05,3,31672.0,31700.0,302.74,301.46,28.0,128.00000000000296,69.325,225.32500000000294,11.362139178082192,37.54,176.42286082192075,1.7866981238244235
SBER_QP,3,2026-03-06,2026-03-11,5,32105.0,32300.0,314.47,314.71,195.0,-23.999999999995225,49.071,220.07100000000477,18.936898630136987,37.54,163.5941013698678,1.6567766366815857
SBER_QP,5,2026-06-01,2026-06-08,7,31121.0,30955.0,322.46,319.5,-166.0,295.99999999999795,94.146,224.14599999999797,26.511658082191786,37.54,160.0943419178062,1.621333306844944
SBER_QP,5,2026-02-19,2026-02-27,8,32455.0,32879.0,312.96,315.94,424.0,-298.0000000000018,88.124,214.12399999999818,30.29903780821918,37.54,146.28496219177902,1.481480723496482
SBER_QP,20,2026-02-02,2026-03-03,29,31672.0,32421.0,302.74,311.2,749.0,-845.999999999998,380.086,283.08600000000206,109.83401205479453,37.54,135.71198794520754,1.3744043890487525
SBER_QP,3,2026-06-01,2026-06-04,3,31121.0,31294.0,322.46,322.9,173.0,-43.99999999999977,54.322,183.32200000000023,11.362139178082192,37.54,134.41986082191804,1.361318550307852
SBER_QP,5,2026-03-10,2026-03-17,7,32199.0,32690.0,314.28,318.02,491.0,-374.0000000000009,78.135,195.13499999999908,26.511658082191786,37.54,131.0833419178073,1.3275284165445371
SBER_QP,5,2026-02-25,2026-03-04,7,32948.0,32420.0,317.4,311.25,-528.0,614.9999999999977,105.792,192.79199999999773,26.511658082191786,37.54,128.74034191780595,1.3038000080796694
SBER_QP,10,2026-05-12,2026-05-26,14,31647.0,31186.0,325.6,320.14,-461.0,546.0000000000036,131.986,216.98600000000363,53.02331616438357,37.54,126.42268383562006,1.2803282463827095
SBER_QP,40,2026-01-19,2026-03-17,57,31621.0,32690.0,304.01,318.02,1069.0,-1400.999999999999,709.39,377.3900000000009,215.88064438356167,37.54,123.96935561643923,1.255482504136412
SBER_QP,10,2026-01-29,2026-02-12,14,32273.0,32125.0,307.59,306.02,-148.0,156.99999999999932,203.10000000000002,212.09999999999934,53.02331616438357,37.54,121.53668383561578,1.2308459571128085
SBER_QP,5,2026-01-27,2026-02-03,7,31506.0,31506.0,305.12,304.2,0.0,92.00000000000159,92.366,184.36600000000158,26.511658082191786,37.54,120.3143419178098,1.2184668583892007
SBER_QP,20,2026-02-04,2026-03-05,29,31542.0,32479.0,304.84,315.42,937.0,-1058.000000000004,388.47900000000004,267.47899999999595,109.83401205479453,37.54,120.10498794520143,1.216346654985107
SBER_QP,10,2026-06-30,2026-07-14,14,29237.0,27808.0,307.15,294.79,-1429.0,1235.9999999999957,395.23,202.2299999999957,53.02331616438357,37.54,111.66668383561213,1.1308888971263829
SBER_QP,5,2026-05-18,2026-05-25,7,31610.0,31253.0,325.23,320.6,-357.0,462.99999999999955,69.259,175.25899999999956,26.511658082191786,37.54,111.20734191780778,1.1262369753804626
SBER_QP,5,2026-07-07,2026-07-14,7,28063.0,27808.0,296.93,294.79,-255.0,213.99999999999864,215.998,174.99799999999863,26.511658082191786,37.54,110.94634191780685,1.1235937339765576
SBER_QP,3,2026-05-12,2026-05-15,3,31647.0,31501.0,325.6,322.88,-146.0,272.00000000000273,33.729,159.7290000000027,11.362139178082192,37.54,110.82686082192052,1.122383705702115
SBER_QP,3,2026-04-06,2026-04-09,3,31743.0,31615.0,319.47,317.23,-128.0,224.0000000000009,52.103,148.10300000000092,11.362139178082192,37.54,99.20086082191872,1.0046429985691936
SBER_QP,20,2026-01-12,2026-02-09,28,31585.0,31718.0,299.43,301.88,133.0,-244.99999999999886,348.07,236.07000000000113,106.04663232876715,37.54,92.48336767123399,0.9366125157099078
SBER_QP,5,2026-07-06,2026-07-13,7,28256.0,27665.0,298.68,293.3,-591.0,537.9999999999995,208.656,155.65599999999955,26.511658082191786,37.54,91.60434191780777,0.9277103039606873
SBER_QP,20,2026-01-20,2026-02-17,28,32101.0,32554.0,303.86,309.57,453.0,-570.999999999998,350.073,232.07300000000203,106.04663232876715,37.54,88.48636767123489,0.8961334509920247
SBER_QP,5,2026-04-21,2026-04-28,7,31771.0,31500.0,323.7,320.0,-271.0,369.99999999999886,52.797000000000004,151.79699999999886,26.511658082191786,37.54,87.74534191780708,0.8886288151574915
SBER_QP,5,2026-05-04,2026-05-11,7,31213.0,31569.0,320.12,323.0,356.0,-287.99999999999955,80.479,148.47900000000044,26.511658082191786,37.54,84.42734191780866,0.8550262290344236
SBER_QP,20,2026-01-28,2026-02-26,29,31962.0,33000.0,304.3,316.11,1038.0,-1181.0000000000002,371.508,228.50799999999975,109.83401205479453,37.54,81.13398794520523,0.8216732421452713
SBER_QP,5,2026-06-25,2026-07-02,7,28429.0,28742.0,299.01,301.8,313.0,-279.00000000000205,110.978,144.97799999999796,26.511658082191786,37.54,80.92634191780618,0.8195703357200776
SBER_QP,3,2026-02-05,2026-02-10,5,31700.0,31932.0,301.46,303.07,232.0,-161.00000000000136,63.007999999999996,134.00799999999862,18.936898630136987,37.54,77.53110136986163,0.7851855066299951
SBER_QP,10,2026-06-29,2026-07-13,14,29247.0,27665.0,307.14,293.3,-1582.0,1383.9999999999975,365.103,167.1029999999975,53.02331616438357,37.54,76.53968383561394,0.7751450626642045
SBER_QP,5,2026-01-29,2026-02-05,7,32273.0,31700.0,307.59,301.46,-573.0,612.9999999999995,100.301,140.30099999999953,26.511658082191786,37.54,76.24934191780775,0.7722046650456922
SBER_QP,10,2026-01-12,2026-01-26,14,31585.0,31991.0,299.43,303.35,406.0,-392.0000000000016,151.733,165.7329999999984,53.02331616438357,37.54,75.16968383561485,0.761270577134188
SBER_QP,3,2026-05-04,2026-05-07,3,31213.0,31200.0,320.12,319.27,-13.0,85.00000000000227,50.733000000000004,122.73300000000228,11.362139178082192,37.54,73.83086082192008,0.7477118322212148
SBER_QP,5,2026-04-06,2026-04-13,7,31743.0,31473.0,319.47,316.24,-270.0,323.0000000000018,80.53099999999999,133.53100000000182,26.511658082191786,37.54,69.47934191781005,0.7036424263316473
SBER_QP,3,2026-05-19,2026-05-22,3,31500.0,31444.0,323.66,322.35,-56.0,131.00000000000023,41.909,116.90900000000022,11.362139178082192,37.54,68.00686082191802,0.6887300776760341
SBER_QP,10,2026-07-01,2026-07-15,14,29171.0,27036.0,306.68,287.9,-2135.0,1878.000000000003,413.53100000000006,156.53100000000302,53.02331616438357,37.54,65.96768383561945,0.6680785947639459
SBER_QP,3,2026-07-08,2026-07-13,5,28192.0,27665.0,298.49,293.3,-527.0,518.9999999999998,127.46300000000002,119.4629999999998,18.936898630136987,37.54,62.9861013698628,0.6378830306926184
SBER_QP,3,2026-03-10,2026-03-13,3,32199.0,32502.0,314.28,316.63,303.0,-235.00000000000227,43.047000000000004,111.04699999999772,11.362139178082192,37.54,62.144860821915536,0.6293634833862205
SBER_QP,3,2026-06-29,2026-07-02,3,29247.0,28742.0,307.14,301.8,-505.0,533.9999999999975,81.65400000000001,110.65399999999751,11.362139178082192,37.54,61.75186082191532,0.6253834302378242
SBER_QP,3,2026-02-12,2026-02-17,5,32125.0,32554.0,306.02,309.57,429.0,-355.00000000000114,43.688,117.68799999999887,18.936898630136987,37.54,61.211101369861886,0.6199069636737804
SBER_QP,10,2026-06-26,2026-07-10,14,28262.0,27395.0,297.85,291.03,-867.0,682.000000000005,336.193,151.193000000005,53.02331616438357,37.54,60.629683835621414,0.6140187380053697
SBER_QP,3,2026-03-30,2026-04-02,3,31500.0,31721.0,314.5,316.2,221.0,-169.99999999999886,58.40700000000001,109.40700000000115,11.362139178082192,37.54,60.50486082191896,0.6127546101970275
SBER_QP,3,2026-06-03,2026-06-08,5,31353.0,30955.0,324.02,319.5,-398.0,451.9999999999982,62.89900000000001,116.89899999999818,18.936898630136987,37.54,60.42210136986119,0.6119164752918826
SBER_QP,5,2026-06-26,2026-07-03,7,28262.0,28643.0,297.85,301.75,381.0,-389.9999999999977,131.287,122.28700000000228,26.511658082191786,37.54,58.235341917810494,0.5897703713684344
SBER_QP,3,2026-04-24,2026-04-29,5,31900.0,31136.0,324.8,316.46,-764.0,834.0000000000032,43.319,113.31900000000319,18.936898630136987,37.54,56.84210136986621,0.5756605204032533
SBER_QP,5,2026-05-13,2026-05-20,7,31768.0,31500.0,326.9,323.62,-268.0,327.99999999999727,58.772999999999996,118.77299999999727,26.511658082191786,37.54,54.72134191780548,0.5541828223519529
SBER_QP,5,2026-07-08,2026-07-15,7,28192.0,27036.0,298.49,287.9,-1156.0,1059.0000000000032,215.677,118.67700000000318,26.511658082191786,37.54,54.62534191781139,0.553210595628741
SBER_QP,3,2026-05-20,2026-05-25,5,31500.0,31253.0,323.62,320.6,-247.0,301.9999999999982,51.808,106.80799999999817,18.936898630136987,37.54,50.33110136986118,0.5097212683696282
SBER_QP,10,2026-05-13,2026-05-27,14,31768.0,31280.0,326.9,322.01,-488.0,488.99999999999864,139.869,140.86899999999864,53.02331616438357,37.54,50.30568383561506,0.5094638558067767
SBER_QP,5,2026-05-19,2026-05-26,7,31500.0,31186.0,323.66,320.14,-314.0,352.00000000000387,75.649,113.64900000000387,26.511658082191786,37.54,49.59734191781208,0.5022902209973839
SBER_QP,5,2026-08-05,2026-08-12,7,30097.0,29845.0,287.45,284.5,-252.0,294.99999999999886,69.66600000000001,112.66599999999887,26.511658082191786,37.54,48.61434191780709,0.4923350244454974
SBER_QP,3,2026-06-02,2026-06-05,3,31550.0,31166.0,326.4,322.18,-384.0,421.99999999999704,57.205,95.20499999999704,11.362139178082192,37.54,46.302860821914855,0.468925819322954
SBER_QP,3,2026-07-09,2026-07-14,5,27853.0,27808.0,295.0,294.79,-45.0,20.999999999997954,126.684,102.68399999999795,18.936898630136987,37.54,46.20710136986096,0.4679560287157387
SBER_QP,10,2026-04-21,2026-05-06,15,31771.0,31400.0,323.7,320.0,-371.0,369.99999999999886,141.548,140.54799999999886,56.81069589041096,37.54,46.19730410958791,0.46785680831727716
SBER_QP,10,2026-06-25,2026-07-09,14,28429.0,27853.0,299.01,295.0,-576.0,400.9999999999991,311.738,136.7379999999991,53.02331616438357,37.54,46.17468383561552,0.4676277246209887
SBER_QP,3,2026-07-06,2026-07-09,3,28256.0,27853.0,298.68,295.0,-403.0,368.0000000000007,125.96700000000001,90.9670000000007,11.362139178082192,37.54,42.06486082191851,0.42600606043521844
SBER_QP,5,2026-05-12,2026-05-19,7,31647.0,31500.0,325.6,323.66,-147.0,193.99999999999977,56.337,103.33699999999978,26.511658082191786,37.54,39.28534191780799,0.39785686713922275
SBER_QP,3,2026-02-19,2026-02-25,6,32455.0,32948.0,312.96,317.4,493.0,-443.9999999999998,48.42100000000001,97.42100000000023,22.724278356164383,37.54,37.156721643835844,0.37629955970116025
SBER_QP,5,2026-01-14,2026-01-21,7,31772.0,32449.0,299.42,306.0,677.0,-657.9999999999984,80.962,99.9620000000016,26.511658082191786,37.54,35.91034191780981,0.3636770213992146
SBER_QP,5,2026-04-22,2026-04-29,7,31990.0,31136.0,325.26,316.46,-854.0,880.0000000000011,73.065,99.06500000000113,26.511658082191786,37.54,35.01334191780935,0.35459277795363847
SBER_QP,3,2026-05-21,2026-05-26,5,31514.0,31186.0,323.88,320.14,-328.0,374.0000000000009,45.36599999999999,91.3660000000009,18.936898630136987,37.54,34.8891013698639,0.3533345489866957
SBER_QP,3,2026-09-02,2026-09-07,5,28571.0,29130.0,274.49,279.61,559.0,-512.0000000000005,41.821,88.82099999999954,18.936898630136987,37.54,32.34410136986255,0.3275604134582768
SBER_QP,5,2026-05-29,2026-06-05,7,31015.0,31166.0,320.84,322.18,151.0,-134.00000000000318,77.751,94.75099999999682,26.511658082191786,37.54,30.699341917805036,0.31090333957656524
SBER_QP,3,2026-03-11,2026-03-16,5,32300.0,32483.0,314.71,316.14,183.0,-143.00000000000068,46.893,86.89299999999932,18.936898630136987,37.54,30.416101369862325,0.3080348600992312
SBER_QP,10,2026-06-24,2026-07-08,14,28452.0,28192.0,299.35,298.49,-260.0,86.00000000000136,294.354,120.35400000000135,53.02331616438357,37.54,29.790683835617777,0.3017010305159463
SBER_QP,3,2026-07-10,2026-07-15,5,27395.0,27036.0,291.03,287.9,-359.0,312.99999999999955,131.86900000000003,85.86899999999957,18.936898630136987,37.54,29.39210136986258,0.29766444171766715
SBER_QP,3,2026-05-18,2026-05-21,3,31610.0,31514.0,325.23,323.88,-96.0,135.00000000000227,38.426,77.42600000000228,11.362139178082192,37.54,28.52386082192009,0.2888714556453974
SBER_QP,3,2026-08-05,2026-08-10,5,30097.0,29755.0,287.45,283.58,-342.0,387.00000000000045,38.811,83.81100000000046,18.936898630136987,37.54,27.33410136986347,0.27682233133753553
SBER_QP,3,2026-06-26,2026-07-01,5,28262.0,29171.0,297.85,306.68,909.0,-882.9999999999984,54.531,80.5310000000016,18.936898630136987,37.54,24.05410136986461,0.24360458495909168
SBER_QP,3,2026-04-09,2026-04-14,5,31615.0,31678.0,317.23,317.5,63.0,-26.99999999999818,43.403000000000006,79.40300000000182,18.936898630136987,37.54,22.92610136986484,0.23218092096064952
SBER_QP,5,2026-08-28,2026-09-04,7,27975.0,29129.0,268.39,279.76,1154.0,-1137.0000000000005,68.126,85.12599999999955,26.511658082191786,37.54,21.074341917807764,0.21342748320688745
SBER_QP,5,2026-06-02,2026-06-09,7,31550.0,31021.0,326.4,321.23,-529.0,516.9999999999959,96.961,84.9609999999959,26.511658082191786,37.54,20.90934191780412,0.21175646852622704
SBER_QP,3,2026-02-27,2026-03-04,5,32879.0,32420.0,315.94,311.25,-459.0,468.9999999999998,66.089,76.08899999999977,18.936898630136987,37.54,19.612101369862785,0.19861884428434784
SBER_QP,5,2026-06-24,2026-07-01,7,28452.0,29171.0,299.35,306.68,719.0,-732.9999999999984,96.5,82.50000000000159,26.511658082191786,37.54,18.448341917809806,0.18683303138074228
SBER_QP,5,2026-07-31,2026-08-07,7,28943.0,29666.0,275.6,282.53,723.0,-692.999999999995,51.55,81.550000000005,26.511658082191786,37.54,17.498341917813214,0.1772120377650656
SBER_QP,3,2026-06-24,2026-06-29,5,28452.0,29247.0,299.35,307.14,795.0,-778.9999999999964,56.714,72.71400000000364,18.936898630136987,37.54,16.23710136986665,0.1644389985443604
SBER_QP,5,2026-05-28,2026-06-04,7,31231.0,31294.0,322.3,322.9,63.0,-59.99999999999659,73.60900000000001,76.60900000000342,26.511658082191786,37.54,12.557341917811634,0.1271727436016507
SBER_QP,3,2026-08-21,2026-08-26,5,28544.0,28057.0,272.99,267.8,-487.0,518.9999999999998,37.017,69.01699999999977,18.936898630136987,37.54,12.540101369862782,0.12699814233665357
SBER_QP,5,2026-09-01,2026-09-08,7,28682.0,29000.0,275.37,278.44,318.0,-306.9999999999993,65.005,76.00500000000068,26.511658082191786,37.54,11.953341917808892,0.12105581713437077
SBER_QP,10,2026-09-02,2026-09-16,14,28571.0,29050.0,274.49,279.68,479.0,-518.9999999999998,141.822,101.82200000000023,53.02331616438357,37.54,11.258683835616658,0.11402076347766166
SBER_QP,10,2026-06-01,2026-06-16,15,31121.0,30818.0,322.46,320.11,-303.0,234.9999999999966,170.918,102.9179999999966,56.81069589041096,37.54,8.567304109585635,0.08676418751808376
SBER_QP,20,2026-06-15,2026-07-13,28,31047.0,27665.0,323.25,293.3,-3382.0,2994.999999999999,538.769,151.7689999999991,106.04663232876715,37.54,8.182367671231951,0.0828657969750781
SBER_QP,5,2026-02-05,2026-02-12,7,31700.0,32125.0,301.46,306.02,425.0,-456.0000000000002,102.79899999999999,71.79899999999977,26.511658082191786,37.54,7.747341917807979,0.07846013382101286
SBER_QP,3,2026-02-09,2026-02-12,3,31718.0,32125.0,301.88,306.02,407.0,-413.99999999999864,62.876,55.87600000000136,11.362139178082192,37.54,6.973860821919168,0.07062681099425543
SBER_QP,5,2026-04-07,2026-04-14,7,31815.0,31678.0,318.77,317.5,-137.0,126.99999999999818,80.393,70.39299999999818,26.511658082191786,37.54,6.341341917806396,0.06422106326974426
SBER_QP,3,2026-04-21,2026-04-24,3,31771.0,31900.0,323.7,324.8,129.0,-110.00000000000227,36.09,55.08999999999773,11.362139178082192,37.54,6.187860821915542,0.06266670469743031
SBER_QP,3,2026-09-11,2026-09-16,5,29389.0,29050.0,283.22,279.68,-339.0,354.00000000000205,47.163,62.16300000000204,18.936898630136987,37.54,5.686101369865057,0.05758520523974561
SBER_QP,3,2026-08-17,2026-08-20,3,28344.0,28370.0,270.44,270.66,26.0,-22.00000000000273,50.40599999999999,54.40599999999726,11.362139178082192,37.54,5.503860821915076,0.05573958929411353
SBER_QP,3,2026-03-12,2026-03-17,5,32589.0,32690.0,317.17,318.02,101.0,-84.99999999999659,45.687,61.68700000000341,18.936898630136987,37.54,5.210101369866422,0.0527645810702031
SBER_QP,5,2026-08-31,2026-09-07,7,28717.0,29130.0,275.49,279.61,413.0,-412.00000000000045,67.443,68.44299999999954,26.511658082191786,37.54,4.3913419178077575,0.04447270795329825
SBER_QP,5,2026-09-09,2026-09-16,7,28850.0,29050.0,277.6,279.68,200.0,-207.9999999999984,76.393,68.39300000000159,26.511658082191786,37.54,4.341341917809807,0.04396633986828158
SBER_QP,5,2026-02-09,2026-02-16,7,31718.0,32599.0,301.88,310.94,881.0,-906.0000000000002,92.914,67.91399999999977,26.511658082191786,37.54,3.8623419178079885,0.03911533361360458
SBER_QP,3,2026-04-23,2026-04-28,5,32220.0,31500.0,327.51,320.0,-720.0,750.9999999999991,28.602,59.601999999999094,18.936898630136987,37.54,3.125101369862108,0.03164903192409854
SBER_QP,3,2026-09-01,2026-09-04,3,28682.0,29129.0,275.37,279.76,447.0,-438.99999999999864,43.774,51.774000000001365,11.362139178082192,37.54,2.871860821919178,0.02908437329778472
SBER_QP,10,2026-08-24,2026-09-07,14,28123.0,29130.0,269.16,279.61,1007.0,-1044.9999999999989,130.39100000000002,92.39100000000116,53.02331616438357,37.54,1.8276838356175844,0.01850961527791085
SBER_QP,3,2026-07-07,2026-07-10,3,28063.0,27395.0,296.93,291.03,-668.0,590.0000000000034,128.34799999999998,50.348000000003395,11.362139178082192,37.54,1.4458608219212081,0.014642755512537757
SBER_QP,3,2026-09-21,2026-09-24,3,28683.0,28922.0,277.23,279.55,239.0,-231.99999999999932,43.222,50.22200000000068,11.362139178082192,37.54,1.319860821918489,0.013366707938215894
SBER_QP,5,2026-07-09,2026-07-16,7,27853.0,26106.0,295.0,279.02,-1747.0,1598.0000000000018,214.08800000000002,65.08800000000184,26.511658082191786,37.54,1.0363419178100557,0.010495409447309926
SBER_QP,3,2026-05-29,2026-06-03,5,31015.0,31353.0,320.84,324.02,338.0,-318.0000000000007,37.158,57.15799999999932,18.936898630136987,37.54,0.6811013698623327,0.006897759927471205
SBER_QP,3,2026-06-30,2026-07-03,3,29237.0,28643.0,307.15,301.75,-594.0,539.9999999999977,102.67399999999999,48.67399999999772,11.362139178082192,37.54,-0.2281391780844686,-0.002310447974572915
SBER_QP,3,2026-09-03,2026-09-08,5,28825.0,29000.0,276.91,278.44,175.0,-152.99999999999727,33.314,55.31400000000273,18.936898630136987,37.54,-1.1628986301342579,-0.011777095048674711
SBER_QP,3,2026-07-24,2026-07-29,5,28196.0,29038.0,267.14,275.3,842.0,-816.0000000000025,29.057,55.0569999999975,18.936898630136987,37.54,-1.4198986301394854,-0.014379827005820045
SBER_QP,3,2026-05-05,2026-05-08,3,31551.0,31186.0,322.0,318.4,-365.0,360.0000000000023,50.943000000000005,45.94300000000228,11.362139178082192,37.54,-2.9591391780799157,-0.02996827277927127
SBER_QP,5,2026-05-15,2026-05-22,7,31501.0,31444.0,322.88,322.35,-57.0,52.99999999999727,64.517,60.51699999999727,26.511658082191786,37.54,-3.534658082194518,-0.03579676088685831
SBER_QP,3,2026-04-30,2026-05-06,6,31345.0,31400.0,319.59,320.0,55.0,-41.0000000000025,41.688,55.6879999999975,22.724278356164383,37.54,-4.576278356166881,-0.0463456261562093
SBER_QP,10,2026-08-25,2026-09-08,14,28366.0,29000.0,271.65,278.44,634.0,-679.000000000002,129.591,84.59099999999796,53.02331616438357,37.54,-5.97231616438561,-0.060483805987960694
SBER_QP,3,2026-05-13,2026-05-18,5,31768.0,31610.0,326.9,325.23,-158.0,166.9999999999959,41.321999999999996,50.3219999999959,18.936898630136987,37.54,-6.1548986301410835,-0.06233288465888092
SBER_QP,3,2026-09-09,2026-09-14,5,28850.0,29908.0,277.6,288.11,1058.0,-1050.999999999999,43.152,50.15200000000091,18.936898630136987,37.54,-6.324898630136076,-0.06405453614795747
SBER_QP,10,2026-07-31,2026-08-14,14,28943.0,28629.0,275.6,272.85,-314.0,275.0,122.318,83.318,53.02331616438357,37.54,-7.245316164383574,-0.07337593743299306
SBER_QP,3,2026-07-27,2026-07-30,3,28852.0,28837.0,274.0,273.88,-15.0,12.000000000000455,43.505,40.50500000000046,11.362139178082192,37.54,-8.397139178081733,-0.08504086570796066
SBER_QP,5,2026-02-10,2026-02-17,7,31932.0,32554.0,303.07,309.57,622.0,-650.0,83.479,55.479,26.511658082191786,37.54,-8.572658082191786,-0.08681840913520217
SBER_QP,20,2026-01-29,2026-02-27,29,32273.0,32879.0,307.59,315.94,606.0,-835.0000000000023,367.779,138.77899999999772,109.83401205479453,37.54,-8.595012054796804,-0.0870447959012218
SBER_QP,3,2026-08-04,2026-08-07,3,29829.0,29666.0,284.18,282.53,-163.0,165.0000000000034,37.822,39.82200000000341,11.362139178082192,37.54,-9.080139178078777,-0.09195785374954202
SBER_QP,5,2026-08-19,2026-08-26,7,28971.0,28057.0,276.76,267.8,-914.0,895.999999999998,72.15400000000001,54.153999999997964,26.511658082191786,37.54,-9.897658082193821,-0.10023716338871469
SBER_QP,3,2026-03-18,2026-03-23,5,32588.0,32160.0,321.67,317.54,-428.0,412.99999999999955,60.019,45.018999999999544,18.936898630136987,37.54,-11.457898630137443,-0.11603828375791395
SBER_QP,10,2026-08-05,2026-08-19,14,30097.0,28971.0,287.45,276.76,-1126.0,1068.9999999999998,135.572,78.57199999999978,53.02331616438357,37.54,-11.991316164383797,-0.12144039606474825
SBER_QP,3,2026-02-13,2026-02-18,5,32001.0,32592.0,308.04,313.94,591.0,-589.9999999999977,42.868,43.868000000002276,18.936898630136987,37.54,-12.60889863013471,-0.12769487707544797
SBER_QP,3,2026-04-07,2026-04-10,3,31815.0,31680.0,318.77,317.54,-135.0,122.99999999999613,47.233000000000004,35.23299999999614,11.362139178082192,37.54,-13.669139178086052,-0.1384323165943511
SBER_QP,5,2026-07-27,2026-08-03,7,28852.0,29459.0,274.0,280.15,607.0,-614.9999999999977,57.309,49.30900000000227,26.511658082191786,37.54,-14.742658082189514,-0.1493042308287981
SBER_QP,5,2026-09-17,2026-09-24,7,28505.0,28922.0,275.18,279.55,417.0,-437.00000000000045,69.08800000000001,49.08799999999955,26.511658082191786,37.54,-14.963658082192232,-0.15154237776469107
SBER_QP,5,2026-08-04,2026-08-11,7,29829.0,30044.0,284.18,286.48,215.0,-230.00000000000114,63.86000000000001,48.85999999999887,26.511658082191786,37.54,-15.191658082192916,-0.15385141623246867
SBER_QP,20,2026-06-18,2026-07-16,28,30241.0,26106.0,315.47,279.02,-4135.0,3645.0000000000045,614.663,124.66300000000456,106.04663232876715,37.54,-18.923632328762586,-0.19164646928535853
SBER_QP,3,2026-06-25,2026-06-30,5,28429.0,29237.0,299.01,307.15,808.0,-813.9999999999986,43.192,37.192000000001364,18.936898630136987,37.54,-19.284898630135622,-0.1953051437896549
SBER_QP,10,2026-01-26,2026-02-09,14,31991.0,31718.0,303.35,301.88,-273.0,147.00000000000273,196.33700000000002,70.33700000000275,53.02331616438357,37.54,-20.226316164380826,-0.204839219670383
SBER_QP,3,2026-06-15,2026-06-18,3,31047.0,30241.0,323.25,315.47,-806.0,777.9999999999973,55.505,27.504999999997274,11.362139178082192,37.54,-21.397139178084917,-0.21669656781772487
SBER_QP,10,2026-06-18,2026-07-02,14,30241.0,28742.0,315.47,301.8,-1499.0,1367.0000000000016,199.815,67.81500000000159,53.02331616438357,37.54,-22.748316164381983,-0.23038042587968272
SBER_QP,5,2026-03-18,2026-03-25,7,32588.0,32100.0,321.67,317.32,-488.0,435.0000000000023,92.90799999999999,39.90800000000226,26.511658082191786,37.54,-24.143658082189525,-0.24451155817753595
SBER_QP,10,2026-09-01,2026-09-15,14,28682.0,29503.0,275.37,284.31,821.0,-893.9999999999998,138.822,65.82200000000023,53.02331616438357,37.54,-24.741316164383342,-0.2505642577492885
SBER_QP,3,2026-08-03,2026-08-06,3,29459.0,29923.0,280.15,284.91,464.0,-476.0000000000048,34.819,22.818999999995228,11.362139178082192,37.54,-26.083139178086963,-0.2641533847474536
SBER_QP,5,2026-07-01,2026-07-08,7,29171.0,28192.0,306.68,298.49,-979.0,818.9999999999998,197.854,37.853999999999786,26.511658082191786,37.54,-26.197658082192,-0.2653131591108987
SBER_QP,10,2026-08-31,2026-09-14,14,28717.0,29908.0,275.49,288.11,1191.0,-1262.0000000000005,134.203,63.20299999999955,53.02331616438357,37.54,-27.360316164384024,-0.27708781804355603
SBER_QP,10,2026-08-28,2026-09-11,14,27975.0,29389.0,268.39,283.22,1414.0,-1483.000000000004,132.025,63.02499999999591,53.02331616438357,37.54,-27.53831616438766,-0.2788904884263261
SBER_QP,40,2026-01-13,2026-03-11,57,31065.0,32300.0,297.44,314.71,1235.0,-1726.9999999999982,716.366,224.3660000000018,215.88064438356167,37.54,-29.054644383559868,-0.29424689275893506
SBER_QP,5,2026-07-22,2026-07-29,7,27887.0,29038.0,263.59,275.3,1151.0,-1171.0000000000036,54.82,34.81999999999636,26.511658082191786,37.54,-29.231658082195423,-0.29603957451100466
SBER_QP,5,2026-04-30,2026-05-08,8,31345.0,31186.0,319.59,318.4,-159.0,118.99999999999977,78.094,38.09399999999977,30.29903780821918,37.54,-29.74503780821941,-0.3012387566862808
SBER_QP,5,2026-09-02,2026-09-09,7,28571.0,28850.0,274.49,277.6,279.0,-311.00000000000136,65.429,33.42899999999864,26.511658082191786,37.54,-30.622658082193148,-0.3101267346367229
SBER_QP,3,2026-07-23,2026-07-28,5,27902.0,28675.0,264.14,271.88,773.0,-774.0000000000009,26.072,25.07199999999909,18.936898630136987,37.54,-31.404898630137897,-0.3180487676027512
SBER_QP,5,2026-07-30,2026-08-06,7,28837.0,29923.0,273.88,284.91,1086.0,-1103.000000000003,48.623,31.62299999999704,26.511658082191786,37.54,-32.428658082194744,-0.32841674986829106
SBER_QP,3,2026-08-07,2026-08-12,5,29666.0,29845.0,282.53,284.5,179.0,-197.00000000000273,41.646,23.645999999997272,18.936898630136987,37.54,-32.830898630139714,-0.3324903853880371
SBER_QP,10,2026-07-27,2026-08-10,14,28852.0,29755.0,274.0,283.58,903.0,-957.9999999999984,112.65700000000001,57.6570000000016,53.02331616438357,37.54,-32.90631616438197,-0.33325416603588703
SBER_QP,3,2026-08-28,2026-09-02,5,27975.0,28571.0,268.39,274.49,596.0,-610.0000000000023,37.366,23.365999999997726,18.936898630136987,37.54,-33.11089863013926,-0.3353260466642421
SBER_QP,20,2026-05-12,2026-06-09,28,31647.0,31021.0,325.6,321.23,-626.0,437.00000000000045,299.097,110.09700000000043,106.04663232876715,37.54,-33.48963232876671,-0.3391616198185046
SBER_QP,10,2026-07-02,2026-07-16,14,28742.0,26106.0,301.8,279.02,-2636.0,2278.0000000000027,414.848,56.84800000000274,53.02331616438357,37.54,-33.71531616438083,-0.3414472016517811
SBER_QP,10,2026-05-11,2026-05-25,14,31569.0,31253.0,323.0,320.6,-316.0,239.99999999999773,132.513,56.51299999999773,53.02331616438357,37.54,-34.05031616438584,-0.34483986782158266
SBER_QP,5,2026-05-14,2026-05-21,7,31666.0,31514.0,325.08,323.88,-152.0,119.99999999999886,61.84499999999999,29.844999999998855,26.511658082191786,37.54,-34.20665808219293,-0.34642319897220375
SBER_QP,3,2026-06-10,2026-06-16,6,31007.0,30818.0,321.89,320.11,-189.0,177.99999999999727,36.967,25.96699999999727,22.724278356164383,37.54,-34.29727835616711,-0.34734094326416126
SBER_QP,3,2026-08-10,2026-08-13,3,29755.0,29190.0,283.58,278.26,-565.0,531.9999999999993,47.599999999999994,14.599999999999312,11.362139178082192,37.54,-34.30213917808288,-0.34739017056586513
SBER_QP,5,2026-07-03,2026-07-10,7,28643.0,27395.0,301.75,291.03,-1248.0,1072.0000000000027,204.90599999999998,28.906000000002706,26.511658082191786,37.54,-35.14565808218908,-0.3559327916091677
SBER_QP,5,2026-06-30,2026-07-07,7,29237.0,28063.0,307.15,296.93,-1174.0,1021.999999999997,179.23200000000003,27.231999999997072,26.511658082191786,37.54,-36.819658082194714,-0.3728859950962779
SBER_QP,3,2026-09-10,2026-09-15,5,29610.0,29503.0,285.15,284.31,-107.0,83.9999999999975,42.285000000000004,19.284999999997503,18.936898630136987,37.54,-37.191898630139484,-0.3766558097649995
SBER_QP,5,2026-08-27,2026-09-03,7,28168.0,28825.0,269.93,276.91,657.0,-698.0000000000018,67.713,26.712999999998175,26.511658082191786,37.54,-37.33865808219361,-0.3781420958189553
SBER_QP,3,2026-04-27,2026-04-30,3,31730.0,31345.0,322.98,319.59,-385.0,339.0000000000043,56.931,10.931000000004317,11.362139178082192,37.54,-37.97113917807788,-0.38454746064586115
SBER_QP,10,2026-08-27,2026-09-10,14,28168.0,29610.0,269.93,285.15,1442.0,-1521.999999999997,132.559,52.55900000000295,53.02331616438357,37.54,-38.00431616438062,-0.38488345598628976
SBER_QP,3,2026-09-17,2026-09-22,5,28505.0,29070.0,275.18,281.0,565.0,-581.9999999999993,35.295,18.295000000000684,18.936898630136987,37.54,-38.1818986301363,-0.38668189784870843
SBER_QP,5,2026-09-03,2026-09-10,7,28825.0,29610.0,276.91,285.15,785.0,-823.9999999999952,64.846,25.84600000000478,26.511658082191786,37.54,-38.20565808218701,-0.3869225184134375
SBER_QP,3,2026-08-31,2026-09-03,3,28717.0,28825.0,275.49,276.91,108.0,-142.0000000000016,44.299,10.298999999998408,11.362139178082192,37.54,-38.60313917808378,-0.390947953240794
SBER_QP,3,2026-03-27,2026-04-01,5,31599.0,31800.0,314.16,316.5,201.0,-233.9999999999975,50.269000000000005,17.269000000002507,18.936898630136987,37.54,-39.20789863013448,-0.397072570953658
SBER_QP,5,2026-06-22,2026-06-29,7,29137.0,29247.0,305.44,307.14,110.0,-169.99999999999886,84.69099999999999,24.691000000001125,26.511658082191786,37.54,-39.36065808219066,-0.3986196211778391
SBER_QP,5,2026-08-24,2026-08-31,7,28123.0,28717.0,269.16,275.49,594.0,-632.9999999999984,62.94800000000001,23.9480000000016,26.511658082191786,37.54,-40.10365808219019,-0.4061442509214906
SBER_QP,5,2026-02-20,2026-03-02,10,32478.0,32417.0,313.52,313.52,-61.0,0.0,95.237,34.236999999999995,37.873797260273975,37.54,-41.17679726027398,-0.4170123195331892
SBER_QP,3,2026-08-24,2026-08-27,3,28123.0,28168.0,269.16,269.93,45.0,-76.99999999999818,39.534000000000006,7.534000000001825,11.362139178082192,37.54,-41.36813917808037,-0.4189501083433294
SBER_QP,10,2026-07-23,2026-08-06,14,27902.0,29923.0,264.14,284.91,2021.0,-2077.0000000000036,105.166,49.16599999999636,53.02331616438357,37.54,-41.39731616438721,-0.41924559423699664
SBER_QP,5,2026-05-20,2026-05-27,7,31500.0,31280.0,323.62,322.01,-220.0,161.00000000000136,81.09599999999999,22.096000000001354,26.511658082191786,37.54,-41.95565808219043,-0.4249001247912795
SBER_QP,5,2026-03-05,2026-03-12,7,32479.0,32589.0,315.42,317.17,110.0,-175.0,86.76,21.760000000000005,26.511658082191786,37.54,-42.29165808219178,-0.4283029183227447
SBER_QP,3,2026-02-03,2026-02-06,3,31506.0,31111.0,304.2,300.85,-395.0,334.9999999999966,66.552,6.551999999996596,11.362139178082192,37.54,-42.3501391780856,-0.4288951775335175
SBER_QP,3,2026-09-23,2026-09-28,5,28876.0,28178.0,279.66,273.0,-698.0,666.0000000000025,45.75,13.750000000002501,18.936898630136987,37.54,-42.726898630134485,-0.43271075677859244
SBER_QP,5,2026-02-11,2026-02-18,7,31800.0,32592.0,305.44,313.94,792.0,-850.0,77.442,19.441999999999993,26.511658082191786,37.54,-44.60965808219179,-0.45177814274508005
SBER_QP,5,2026-07-23,2026-07-30,7,27902.0,28837.0,264.14,273.88,935.0,-974.0000000000009,56.543,17.54299999999909,26.511658082191786,37.54,-46.508658082192696,-0.4710100026148108
SBER_QP,3,2026-07-13,2026-07-16,3,27665.0,26106.0,293.3,279.02,-1559.0,1428.000000000003,131.399,0.39900000000295677,11.362139178082192,37.54,-48.50313917807924,-0.49120883407815935
SBER_QP,3,2026-05-14,2026-05-19,5,31666.0,31500.0,325.08,323.66,-166.0,141.9999999999959,31.562,7.561999999995908,18.936898630136987,37.54,-48.91489863014108,-0.4953788709828917
SBER_QP,10,2026-08-21,2026-09-04,14,28544.0,29129.0,272.99,279.76,585.0,-676.9999999999982,133.485,41.48500000000183,53.02331616438357,37.54,-49.07831616438174,-0.49703385946039125
SBER_QP,3,2026-08-27,2026-09-01,5,28168.0,28682.0,269.93,275.37,514.0,-543.9999999999998,36.022,6.022000000000226,18.936898630136987,37.54,-50.45489863013676,-0.5109750080020008
SBER_QP,10,2026-06-19,2026-07-03,14,30032.0,28643.0,313.86,301.75,-1389.0,1211.0000000000014,217.22899999999998,39.22900000000135,53.02331616438357,37.54,-51.33431616438222,-0.5198811874572851
SBER_QP,3,2026-04-22,2026-04-27,5,31990.0,31730.0,325.26,322.98,-260.0,227.99999999999727,36.585,4.584999999997272,18.936898630136987,37.54,-51.891898630139714,-0.5255280267660064
SBER_QP,10,2026-07-24,2026-08-07,14,28196.0,29666.0,267.14,282.53,1470.0,-1538.9999999999986,107.614,38.61400000000137,53.02331616438357,37.54,-51.9493161643822,-0.5261095149032452
SBER_QP,5,2026-08-13,2026-08-20,7,29190.0,28370.0,278.26,270.66,-820.0,759.9999999999966,72.075,12.074999999996592,26.511658082191786,37.54,-51.97665808219519,-0.5263864163945295
SBER_QP,5,2026-06-29,2026-07-06,7,29247.0,28256.0,307.14,298.68,-991.0,845.999999999998,156.447,11.446999999997956,26.511658082191786,37.54,-52.60465808219383,-0.5327463995425858
SBER_QP,3,2026-03-23,2026-03-26,3,32160.0,31900.0,317.54,315.56,-260.0,198.00000000000182,57.04899999999999,-4.950999999998189,11.362139178082192,37.54,-53.85313917808038,-0.545390219177176
SBER_QP,5,2026-02-13,2026-02-20,7,32001.0,32478.0,308.04,313.52,477.0,-547.9999999999961,80.935,9.935000000003868,26.511658082191786,37.54,-54.11665808218792,-0.5480589704340579
SBER_QP,10,2026-06-22,2026-07-06,14,29137.0,28256.0,305.44,298.68,-881.0,675.9999999999991,241.13799999999998,36.13799999999907,53.02331616438357,37.54,-54.425316164384505,-0.5511848624743221
SBER_QP,3,2026-07-01,2026-07-06,5,29171.0,28256.0,306.68,298.68,-915.0,800.0,116.66099999999999,1.6609999999999872,18.936898630136987,37.54,-54.815898630137,-0.5551404323789679
SBER_QP,5,2026-08-25,2026-09-01,7,28366.0,28682.0,271.65,275.37,316.0,-372.00000000000273,64.586,8.58599999999727,26.511658082191786,37.54,-55.465658082194516,-0.5617207813684346
SBER_QP,5,2026-08-03,2026-08-10,7,29459.0,29755.0,280.15,283.58,296.0,-343.0000000000007,55.348,8.347999999999317,26.511658082191786,37.54,-55.70365808219247,-0.564131093453192
SBER_QP,3,2026-08-11,2026-08-14,3,30044.0,28629.0,286.48,272.85,-1415.0,1362.9999999999995,44.73,-7.270000000000458,11.362139178082192,37.54,-56.172139178082645,-0.5688755709612349
SBER_QP,10,2026-06-23,2026-07-07,14,29395.0,28063.0,307.94,296.93,-1332.0,1100.999999999999,265.348,34.347999999999104,53.02331616438357,37.54,-56.21531616438447,-0.5693128399186618
SBER_QP,3,2026-08-06,2026-08-11,5,29923.0,30044.0,284.91,286.48,121.0,-156.99999999999932,35.775999999999996,-0.22399999999932163,18.936898630136987,37.54,-56.70089863013631,-0.5742305091848721
SBER_QP,20,2026-06-16,2026-07-14,28,30818.0,27808.0,320.11,294.79,-3010.0,2531.999999999999,564.775,86.77499999999907,106.04663232876715,37.54,-56.81163232876808,-0.5753519494033776
SBER_QP,5,2026-06-23,2026-06-30,7,29395.0,29237.0,307.94,307.15,-158.0,79.00000000000205,86.11599999999999,7.116000000002032,26.511658082191786,37.54,-56.935658082189754,-0.5766080030684868
SBER_QP,10,2026-05-21,2026-06-04,14,31514.0,31294.0,323.88,322.9,-220.0,98.00000000000182,155.203,33.20300000000182,53.02331616438357,37.54,-57.36031616438175,-0.5809086690659915
SBER_QP,10,2026-02-13,2026-03-02,17,32001.0,32417.0,308.04,313.52,416.0,-547.9999999999961,176.172,44.17200000000386,64.38545534246576,37.54,-57.7534553424619,-0.5848901317211441
SBER_QP,3,2026-06-22,2026-06-25,3,29137.0,28429.0,305.44,299.01,-708.0,643.0000000000007,55.367,-9.63299999999932,11.362139178082192,37.54,-58.53513917808151,-0.5928065266600924
SBER_QP,10,2026-07-30,2026-08-13,14,28837.0,29190.0,273.88,278.26,353.0,-437.99999999999955,116.752,31.75200000000045,53.02331616438357,37.54,-58.81131616438312,-0.5956034708937915
SBER_QP,3,2026-07-03,2026-07-08,5,28643.0,28192.0,301.75,298.49,-451.0,325.9999999999991,121.09800000000001,-3.9020000000008963,18.936898630136987,37.54,-60.37889863013788,-0.6114789455202414
SBER_QP,10,2026-05-04,2026-05-18,14,31213.0,31610.0,320.12,325.23,397.0,-511.00000000000136,143.733,29.73299999999864,53.02331616438357,37.54,-60.83031616438493,-0.6160506141676214
SBER_QP,3,2026-08-18,2026-08-21,3,28932.0,28544.0,276.23,272.99,-388.0,324.0000000000009,51.624,-12.375999999999088,11.362139178082192,37.54,-61.278139178081275,-0.6205858798052435
SBER_QP,5,2026-08-07,2026-08-14,7,29666.0,28629.0,282.53,272.85,-1037.0,967.999999999995,70.768,1.7679999999949985,26.511658082191786,37.54,-62.28365808219679,-0.6307691334441616
SBER_QP,10,2026-01-22,2026-02-05,14,32302.0,31700.0,305.99,301.46,-602.0,453.00000000000296,176.276,27.276000000002966,53.02331616438357,37.54,-63.287316164380606,-0.6409335418663169
SBER_QP,10,2026-04-23,2026-05-08,15,32220.0,31186.0,327.51,318.4,-1034.0,911.0000000000014,153.75900000000001,30.75900000000138,56.81069589041096,37.54,-63.59169589040958,-0.644016105446187
SBER_QP,10,2026-08-04,2026-08-18,14,29829.0,28932.0,284.18,276.23,-897.0,794.9999999999989,128.887,26.886999999998864,53.02331616438357,37.54,-63.67631616438471,-0.6448730855679496
SBER_QP,5,2026-08-06,2026-08-13,7,29923.0,29190.0,284.91,278.26,-733.0,665.0000000000034,68.12899999999999,0.12900000000340128,26.511658082191786,37.54,-63.922658082188384,-0.6473678792716036
SBER_QP,3,2026-07-31,2026-08-05,5,28943.0,30097.0,275.6,287.45,1154.0,-1184.9999999999966,23.53,-7.469999999996588,18.936898630136987,37.54,-63.946898630133575,-0.6476133720684688
SBER_QP,5,2026-04-27,2026-05-05,8,31730.0,31551.0,322.98,322.0,-179.0,98.00000000000182,84.08200000000001,3.082000000001827,30.29903780821918,37.54,-64.75703780821735,-0.6558179445528705
SBER_QP,10,2026-06-02,2026-06-17,15,31550.0,30671.0,326.4,319.0,-879.0,739.9999999999977,166.818,27.81799999999774,56.81069589041096,37.54,-66.53269589041322,-0.6738006762081256
SBER_QP,10,2026-09-10,2026-09-24,14,29610.0,28922.0,285.15,279.55,-688.0,559.9999999999966,151.88000000000002,23.879999999996613,53.02331616438357,37.54,-66.68331616438695,-0.6753260622021234
SBER_QP,10,2026-07-28,2026-08-11,14,28675.0,30044.0,271.88,286.48,1369.0,-1460.0000000000023,114.87,23.86999999999773,53.02331616438357,37.54,-66.69331616438583,-0.6754273358191196
SBER_QP,20,2026-08-27,2026-09-24,28,28168.0,28922.0,269.93,279.55,754.0,-962.0000000000005,284.439,76.43899999999957,106.04663232876715,37.54,-67.14763232876757,-0.6800283599423103
SBER_QP,3,2026-09-18,2026-09-23,5,28746.0,28876.0,277.88,279.66,130.0,-178.00000000000296,37.126999999999995,-10.87300000000296,18.936898630136987,37.54,-67.34989863013995,-0.682076783936181
SBER_QP,3,2026-08-14,2026-08-19,5,28629.0,28971.0,272.85,276.76,342.0,-390.9999999999968,36.784,-12.215999999996818,18.936898630136987,37.54,-68.69289863013381,-0.6956778307002242
SBER_QP,5,2026-09-07,2026-09-14,7,29130.0,29908.0,279.61,288.11,778.0,-850.0,66.75999999999999,-5.240000000000009,26.511658082191786,37.54,-69.29165808219179,-0.7017416842429574
SBER_QP,20,2026-06-17,2026-07-15,28,30671.0,27036.0,319.0,287.9,-3635.0,3110.0000000000023,598.459,73.45900000000222,106.04663232876715,37.54,-70.12763232876492,-0.7102078978105142
SBER_QP,10,2026-08-12,2026-08-26,14,29845.0,28057.0,284.5,267.8,-1788.0,1669.9999999999989,138.06,20.059999999998865,53.02331616438357,37.54,-70.5033161643847,-0.7140125838989603
SBER_QP,3,2026-03-31,2026-04-03,3,31547.0,31524.0,314.35,315.0,-23.0,-64.99999999999773,66.27199999999999,-21.727999999997735,11.362139178082192,37.54,-70.63013917807993,-0.7152969664306309
SBER_QP,5,2026-04-23,2026-04-30,7,32220.0,31345.0,327.51,319.59,-875.0,792.0000000000016,75.665,-7.334999999998402,26.511658082191786,37.54,-71.3866580821902,-0.7229585070060095
SBER_QP,5,2026-07-02,2026-07-09,7,28742.0,27853.0,301.8,295.0,-889.0,680.0000000000011,200.76,-8.239999999998872,26.511658082191786,37.54,-72.29165808219065,-0.7321237693451917
SBER_QP,20,2026-08-17,2026-09-14,28,28344.0,29908.0,270.44,288.11,1564.0,-1767.0000000000016,273.935,70.93499999999841,106.04663232876715,37.54,-72.65163232876873,-0.7357693587432423
SBER_QP,3,2026-08-25,2026-08-28,3,28366.0,27975.0,271.65,268.39,-391.0,325.9999999999991,40.234,-24.766000000000908,11.362139178082192,37.54,-73.6681391780831,-0.7460638912775372
SBER_QP,10,2026-01-30,2026-02-13,14,31889.0,32001.0,305.05,308.04,112.0,-299.0000000000009,203.824,16.823999999999103,53.02331616438357,37.54,-73.73931616438446,-0.7467847263625805
SBER_QP,10,2026-03-09,2026-03-23,14,32200.0,32160.0,316.35,317.54,-40.0,-118.99999999999977,175.821,16.821000000000225,53.02331616438357,37.54,-73.74231616438334,-0.7468151084476713
SBER_QP,3,2026-07-30,2026-08-04,5,28837.0,29829.0,273.88,284.18,992.0,-1030.0000000000011,20.539,-17.461000000001135,18.936898630136987,37.54,-73.93789863013812,-0.7487958428206943
SBER_QP,5,2026-09-08,2026-09-15,7,29000.0,29503.0,278.44,284.31,503.0,-587.0000000000005,73.817,-10.183000000000462,26.511658082191786,37.54,-74.23465808219225,-0.7518012331297624
SBER_QP,5,2026-09-21,2026-09-28,7,28683.0,28178.0,277.23,273.0,-505.0,423.0000000000018,70.697,-11.302999999998178,26.511658082191786,37.54,-75.35465808218996,-0.7631438782345776
SBER_QP,20,2026-08-19,2026-09-16,28,28971.0,29050.0,276.76,279.68,79.0,-292.0000000000016,279.684,66.68399999999843,106.04663232876715,37.54,-76.9026323287687,-0.7788207733331244
SBER_QP,10,2026-08-06,2026-08-20,14,29923.0,28370.0,284.91,270.66,-1553.0,1425.0,140.204,12.204000000000008,53.02331616438357,37.54,-78.35931616438356,-0.7935731374200299
SBER_QP,3,2026-08-13,2026-08-18,5,29190.0,28932.0,278.26,276.23,-258.0,202.99999999999727,32.67400000000001,-22.326000000002722,18.936898630136987,37.54,-78.80289863013971,-0.7980654574948522
SBER_QP,5,2026-04-28,2026-05-06,8,31500.0,31400.0,320.0,320.0,-100.0,0.0,88.751,-11.248999999999995,30.29903780821918,37.54,-79.08803780821918,-0.8009531650863174
SBER_QP,3,2026-06-11,2026-06-17,6,30989.0,30671.0,321.63,319.0,-318.0,262.99999999999955,36.102999999999994,-18.89700000000046,22.724278356164383,37.54,-79.16127835616484,-0.8016948986065241
SBER_QP,3,2026-04-08,2026-04-13,5,31872.0,31473.0,319.49,316.24,-399.0,325.0,50.669,-23.331000000000003,18.936898630136987,37.54,-79.80789863013699,-0.8082434560040772
SBER_QP,5,2026-08-17,2026-08-24,7,28344.0,28123.0,270.44,269.16,-221.0,127.99999999999727,76.78399999999999,-16.216000000002737,26.511658082191786,37.54,-80.26765808219452,-0.8128996062704017
SBER_QP,3,2026-09-07,2026-09-10,3,29130.0,29610.0,279.61,285.15,480.0,-553.9999999999964,41.702,-32.297999999996364,11.362139178082192,37.54,-81.20013917807856,-0.8223431796075299
SBER_QP,3,2026-04-17,2026-04-22,5,31900.0,31990.0,323.76,325.26,90.0,-150.0,35.211,-24.789,18.936898630136987,37.54,-81.26589863013699,-0.8230091493637687
SBER_QP,20,2026-07-23,2026-08-20,28,27902.0,28370.0,264.14,270.66,468.0,-652.0000000000039,245.37,61.36999999999614,106.04663232876715,37.54,-82.216632328771,-0.8326375734109258
SBER_QP,3,2026-02-26,2026-03-03,5,33000.0,32421.0,316.11,311.2,-579.0,491.0000000000025,62.17699999999999,-25.822999999997506,18.936898630136987,37.54,-82.29989863013449,-0.8334808413623175
SBER_QP,10,2026-08-17,2026-08-31,14,28344.0,28717.0,270.44,275.49,373.0,-505.00000000000114,139.732,7.7319999999988624,53.02331616438357,37.54,-82.8313161643847,-0.8388626989457892
SBER_QP,3,2026-01-20,2026-01-23,3,32101.0,32363.0,303.86,307.2,262.0,-333.9999999999975,37.701,-34.2989999999975,11.362139178082192,37.54,-83.2011391780797,-0.8426080303707395
SBER_QP,5,2026-09-22,2026-09-29,7,29070.0,28426.0,281.0,275.5,-644.0,550.0,74.839,-19.161,26.511658082191786,37.54,-83.21265808219178,-0.8427246864790787
SBER_QP,10,2026-07-29,2026-08-12,14,29038.0,29845.0,275.3,284.5,807.0,-919.9999999999989,120.20299999999999,7.203000000001126,53.02331616438357,37.54,-83.36031616438245,-0.8442200732854624
SBER_QP,3,2026-09-04,2026-09-09,5,29129.0,28850.0,279.76,277.6,-279.0,215.99999999999682,34.669,-28.331000000003186,18.936898630136987,37.54,-84.80789863014017,-0.8588802645078525
SBER_QP,5,2026-08-11,2026-08-18,7,30044.0,28932.0,286.48,276.23,-1112.0,1025.0,65.027,-21.973,26.511658082191786,37.54,-86.02465808219179,-0.871202827581584
SBER_QP,5,2026-09-04,2026-09-11,7,29129.0,29389.0,279.76,283.22,260.0,-346.00000000000364,63.898999999999994,-22.101000000003644,26.511658082191786,37.54,-86.15265808219543,-0.8724991298793165
SBER_QP,3,2026-07-29,2026-08-03,5,29038.0,29459.0,275.3,280.15,421.0,-484.9999999999966,34.0,-29.99999999999659,18.936898630136987,37.54,-86.47689863013358,-0.8757828311863352
SBER_QP,5,2026-09-11,2026-09-18,7,29389.0,28746.0,283.22,277.88,-643.0,534.0000000000032,85.34200000000001,-23.657999999996804,26.511658082191786,37.54,-87.70965808218858,-0.888267432047313
SBER_QP,3,2026-03-20,2026-03-25,5,32497.0,32100.0,320.46,317.32,-397.0,313.99999999999864,51.608,-31.392000000001367,18.936898630136987,37.54,-87.86889863013835,-0.8898801186738254
SBER_QP,5,2026-04-03,2026-04-10,7,31524.0,31680.0,315.0,317.54,156.0,-254.00000000000205,73.695,-24.305000000002053,26.511658082191786,37.54,-88.35665808219383,-0.8948198350677503
SBER_QP,20,2026-05-13,2026-06-10,28,31768.0,31007.0,326.9,321.89,-761.0,500.9999999999991,314.58,54.579999999999075,106.04663232876715,37.54,-89.00663232876806,-0.9014023593589792
SBER_QP,5,2026-07-28,2026-08-04,7,28675.0,29829.0,271.88,284.18,1154.0,-1230.0000000000011,51.01,-24.99000000000114,26.511658082191786,37.54,-89.04165808219292,-0.901757077832754
SBER_QP,5,2026-09-10,2026-09-17,7,29610.0,28505.0,285.15,275.18,-1105.0,996.999999999997,82.792,-25.208000000002954,26.511658082191786,37.54,-89.25965808219473,-0.9039648426835354
SBER_QP,10,2026-09-03,2026-09-17,14,28825.0,28505.0,276.91,275.18,-320.0,173.00000000000182,147.638,0.6380000000018242,53.02331616438357,37.54,-89.92531616438174,-0.91070620285087
SBER_QP,5,2026-09-15,2026-09-22,7,29503.0,29070.0,284.31,281.0,-433.0,331.0000000000002,75.802,-26.197999999999766,26.511658082191786,37.54,-90.24965808219156,-0.9139909307672445
SBER_QP,5,2026-08-14,2026-08-21,7,28629.0,28544.0,272.85,272.99,-85.0,-13.999999999998636,71.921,-27.07899999999863,26.511658082191786,37.54,-91.13065808219042,-0.9229131364255926
SBER_QP,20,2026-04-24,2026-05-25,31,31900.0,31253.0,324.8,320.6,-647.0,419.99999999999886,290.18,63.17999999999887,117.40877150684932,37.54,-91.76877150685044,-0.9293755418832279
SBER_QP,5,2026-08-10,2026-08-17,7,29755.0,28344.0,283.58,270.44,-1411.0,1313.9999999999986,69.269,-27.73100000000136,26.511658082191786,37.54,-91.78265808219314,-0.9295161762545081
SBER_QP,20,2026-01-30,2026-03-02,31,31889.0,32417.0,305.05,313.52,528.0,-846.999999999997,379.996,60.99600000000294,117.40877150684932,37.54,-93.95277150684637,-0.9514936998376217
SBER_QP,5,2026-06-03,2026-06-10,7,31353.0,31007.0,324.02,321.89,-346.0,212.99999999999955,102.704,-30.29600000000046,26.511658082191786,37.54,-94.34765808219225,-0.9554928590169194
SBER_QP,20,2026-08-10,2026-09-07,28,29755.0,29130.0,283.58,279.61,-625.0,396.99999999999704,276.444,48.44399999999706,106.04663232876715,37.54,-95.14263232877008,-0.9635438507547931
SBER_QP,3,2026-08-19,2026-08-24,5,28971.0,28123.0,276.76,269.16,-848.0,759.9999999999966,49.292,-38.70800000000341,18.936898630136987,37.54,-95.1848986301404,-0.9639718968765232
SBER_QP,3,2026-09-08,2026-09-11,3,29000.0,29389.0,278.44,283.22,389.0,-478.00000000000296,42.668,-46.33200000000296,11.362139178082192,37.54,-95.23413917808514,-0.9644705737159026
SBER_QP,10,2026-04-24,2026-05-11,17,31900.0,31569.0,324.8,323.0,-331.0,180.00000000000114,157.667,6.6670000000011385,64.38545534246576,37.54,-95.25845534246463,-0.9647168323077486
SBER_QP,5,2026-08-18,2026-08-25,7,28932.0,28366.0,276.23,271.65,-566.0,458.0000000000041,76.749,-31.250999999995912,26.511658082191786,37.54,-95.30265808218769,-0.9651644894410881
SBER_QP,20,2026-08-25,2026-09-22,28,28366.0,29070.0,271.65,281.0,704.0,-935.0000000000023,279.21,48.209999999997706,106.04663232876715,37.54,-95.37663232876943,-0.9659136533927618
SBER_QP,5,2026-04-16,2026-04-23,7,31737.0,32220.0,321.71,327.51,483.0,-580.0000000000011,64.25,-32.75000000000114,26.511658082191786,37.54,-96.80165808219292,-0.9803454046305631
SBER_QP,5,2026-04-08,2026-04-15,7,31872.0,31879.0,319.49,320.64,7.0,-114.99999999999773,74.668,-33.33199999999772,26.511658082191786,37.54,-97.3836580821895,-0.9862395291403642
SBER_QP,5,2026-08-12,2026-08-19,7,29845.0,28971.0,284.5,276.76,-874.0,774.0000000000009,65.90599999999999,-34.0939999999991,26.511658082191786,37.54,-98.14565808219089,-0.9939565787563488
SBER_QP,10,2026-05-08,2026-05-22,14,31186.0,31444.0,318.4,322.35,258.0,-395.00000000000455,129.109,-7.891000000004539,53.02331616438357,37.54,-98.4543161643881,-0.9970824707966194
SBER_QP,3,2026-05-15,2026-05-20,5,31501.0,31500.0,322.88,323.62,-1.0,-74.00000000000091,31.916,-43.08400000000091,18.936898630136987,37.54,-99.5608986301379,-1.0082892316789738
SBER_QP,20,2026-08-05,2026-09-02,28,30097.0,28571.0,287.45,274.49,-1526.0,1295.999999999998,273.434,43.43399999999798,106.04663232876715,37.54,-100.15263232876916,-1.0142819328755344
SBER_QP,20,2026-08-18,2026-09-15,28,28932.0,29503.0,276.23,284.31,571.0,-807.9999999999984,280.157,43.157000000001574,106.04663232876715,37.54,-100.42963232876556,-1.0170872120666052
SBER_QP,10,2026-05-28,2026-06-11,14,31231.0,30989.0,322.3,321.63,-242.0,67.00000000000159,164.637,-10.362999999998408,53.02331616438357,37.54,-100.92631616438197,-1.0221173089208078
SBER_QP,3,2026-07-22,2026-07-27,5,27887.0,28852.0,263.59,274.0,965.0,-1041.0000000000025,31.511,-44.489000000002505,18.936898630136987,37.54,-100.96589863013949,-1.0225181748685417
SBER_QP,3,2026-09-14,2026-09-17,3,29908.0,28505.0,288.11,275.18,-1403.0,1293.0000000000007,57.733999999999995,-52.26599999999932,11.362139178082192,37.54,-101.1681391780815,-1.024566338048108
SBER_QP,10,2026-03-31,2026-04-14,14,31547.0,31678.0,314.35,317.5,131.0,-314.9999999999977,173.127,-10.872999999997717,53.02331616438357,37.54,-101.43631616438128,-1.0272822633881826
SBER_QP,5,2026-04-17,2026-04-24,7,31900.0,31900.0,323.76,324.8,0.0,-104.00000000000205,64.957,-39.04300000000205,26.511658082191786,37.54,-103.09465808219383,-1.0440768918133834
SBER_QP,3,2026-06-18,2026-06-23,5,30241.0,29395.0,315.47,307.94,-846.0,753.000000000003,45.913,-47.08699999999705,18.936898630136987,37.54,-103.56389863013402,-1.0488290605670312
SBER_QP,5,2026-06-15,2026-06-22,7,31047.0,29137.0,323.25,305.44,-1910.0,1781.0000000000002,88.97500000000001,-40.024999999999764,26.511658082191786,37.54,-104.07665808219156,-1.0540219610034955
SBER_QP,10,2026-05-14,2026-05-28,14,31666.0,31231.0,325.08,322.3,-435.0,277.99999999999727,143.439,-13.561000000002736,53.02331616438357,37.54,-104.1243161643863,-1.0545046116398458
SBER_QP,10,2026-03-02,2026-03-16,14,32417.0,32483.0,313.52,316.14,66.0,-262.00000000000045,181.62199999999999,-14.378000000000469,53.02331616438357,37.54,-104.94131616438403,-1.0627786661493344
SBER_QP,3,2026-06-04,2026-06-09,5,31294.0,31021.0,322.9,321.23,-273.0,166.9999999999959,57.274,-48.72600000000409,18.936898630136987,37.54,-105.20289863014108,-1.0654278063946296
SBER_QP,10,2026-06-15,2026-06-29,14,31047.0,29247.0,323.25,307.14,-1800.0,1611.0000000000014,173.666,-15.333999999998639,53.02331616438357,37.54,-105.8973161643822,-1.0724604239352316
SBER_QP,10,2026-05-07,2026-05-21,14,31200.0,31514.0,319.27,323.88,314.0,-461.00000000000136,131.426,-15.574000000001377,53.02331616438357,37.54,-106.13731616438494,-1.074890990743439
SBER_QP,3,2026-09-24,2026-09-29,5,28922.0,28426.0,279.55,275.5,-496.0,405.00000000000114,41.046,-49.953999999998864,18.936898630136987,37.54,-106.43089863013586,-1.0778642065630961
SBER_QP,5,2026-07-24,2026-07-31,7,28196.0,28943.0,267.14,275.6,747.0,-846.0000000000036,56.064,-42.93600000000364,26.511658082191786,37.54,-106.98765808219542,-1.083502710914414
SBER_QP,5,2026-05-21,2026-05-28,7,31514.0,31231.0,323.88,322.3,-283.0,157.9999999999984,81.594,-43.4060000000016,26.511658082191786,37.54,-107.45765808219338,-1.088262570913745
SBER_QP,5,2026-08-21,2026-08-28,7,28544.0,27975.0,272.99,268.39,-569.0,460.0000000000023,65.359,-43.64099999999773,26.511658082191786,37.54,-107.69265808218952,-1.090642500913382
SBER_QP,3,2026-03-02,2026-03-05,3,32417.0,32479.0,313.52,315.42,62.0,-190.0000000000034,68.757,-59.243000000003406,11.362139178082192,37.54,-108.1451391780856,-1.0952249406342727
SBER_QP,3,2026-09-15,2026-09-18,3,29503.0,28746.0,284.31,277.88,-757.0,643.0000000000007,54.193000000000005,-59.80699999999931,11.362139178082192,37.54,-108.7091391780815,-1.1009367726334534
SBER_QP,5,2026-05-07,2026-05-14,7,31200.0,31666.0,319.27,325.08,466.0,-581.0000000000002,69.581,-45.419000000000224,26.511658082191786,37.54,-109.47065808219202,-1.1086489500173382
SBER_QP,20,2026-04-27,2026-05-26,29,31730.0,31186.0,322.98,320.14,-544.0,284.0000000000032,297.874,37.87400000000321,109.83401205479453,37.54,-109.50001205479131,-1.1089462283152052
SBER_QP,20,2026-08-24,2026-09-21,28,28123.0,28683.0,269.16,277.23,560.0,-806.9999999999993,280.75100000000003,33.751000000000715,106.04663232876715,37.54,-109.83563232876642,-1.1123451762238554
SBER_QP,10,2026-08-03,2026-08-17,14,29459.0,28344.0,280.15,270.44,-1115.0,970.999999999998,124.617,-19.383000000002042,53.02331616438357,37.54,-109.94631616438562,-1.1134661114615974
SBER_QP,20,2026-05-11,2026-06-08,28,31569.0,30955.0,323.0,319.5,-614.0,350.0,296.707,32.706999999999994,106.04663232876715,37.54,-110.87963232876714,-1.1229181418394443
SBER_QP,20,2026-08-11,2026-09-08,28,30044.0,29000.0,286.48,278.44,-1044.0,804.000000000002,271.367,31.367000000002065,106.04663232876715,37.54,-112.21963232876507,-1.1364888065184264
SBER_QP,3,2026-02-18,2026-02-24,6,32592.0,32626.0,313.94,315.35,34.0,-141.0000000000025,54.434000000000005,-52.5660000000025,22.724278356164383,37.54,-112.83027835616687,-1.1426730397090497
SBER_QP,3,2026-08-12,2026-08-17,5,29845.0,28344.0,284.5,270.44,-1501.0,1406.0000000000002,38.414,-56.58599999999977,18.936898630136987,37.54,-113.06289863013674,-1.14502886936247
SBER_QP,10,2026-08-18,2026-09-01,14,28932.0,28682.0,276.23,275.37,-250.0,86.00000000000136,141.335,-22.664999999998628,53.02331616438357,37.54,-113.22831616438219,-1.1467041125634194
SBER_QP,3,2026-05-28,2026-06-02,5,31231.0,31550.0,322.3,326.4,319.0,-409.9999999999966,33.922000000000004,-57.077999999996585,18.936898630136987,37.54,-113.55489863013358,-1.150011531319206
SBER_QP,10,2026-05-25,2026-06-08,14,31253.0,30955.0,320.6,319.5,-298.0,110.00000000000227,164.194,-23.805999999997738,53.02331616438357,37.54,-114.3693161643813,-1.1582594322639648
SBER_QP,3,2026-06-23,2026-06-26,3,29395.0,28262.0,307.94,297.85,-1133.0,1008.9999999999975,57.50299999999999,-66.49700000000252,11.362139178082192,37.54,-115.39913917808471,-1.1686888224114942
SBER_QP,3,2026-07-28,2026-07-31,3,28675.0,28943.0,271.88,275.6,268.0,-372.00000000000273,37.282,-66.71800000000273,11.362139178082192,37.54,-115.62013917808491,-1.1709269693473614
SBER_QP,10,2026-08-07,2026-08-21,14,29666.0,28544.0,282.53,272.99,-1122.0,953.9999999999964,142.689,-25.311000000003645,53.02331616438357,37.54,-115.87431616438721,-1.1735011116236511
SBER_QP,3,2026-04-03,2026-04-08,5,31524.0,31872.0,315.0,319.49,348.0,-449.0000000000009,41.211,-59.78900000000091,18.936898630136987,37.54,-116.26589863013788,-1.1774668088899793
SBER_QP,20,2026-07-29,2026-08-26,28,29038.0,28057.0,275.3,267.8,-981.0,750.0,258.263,27.262999999999977,106.04663232876715,37.54,-116.32363232876716,-1.17805149893832
SBER_QP,20,2026-05-18,2026-06-16,29,31610.0,30818.0,325.23,320.11,-792.0,512.0000000000005,310.22499999999997,30.22500000000042,109.83401205479453,37.54,-117.1490120547941,-1.1864104179642596
SBER_QP,5,2026-06-10,2026-06-18,8,31007.0,30241.0,321.89,315.47,-766.0,641.9999999999959,74.483,-49.51700000000409,30.29903780821918,37.54,-117.35603780822328,-1.1885070426506068
SBER_QP,5,2026-09-14,2026-09-21,7,29908.0,28683.0,288.11,277.23,-1225.0,1087.9999999999995,83.60000000000001,-53.400000000000446,26.511658082191786,37.54,-117.45165808219224,-1.1894754237510152
SBER_QP,5,2026-09-18,2026-09-25,7,28746.0,28456.0,277.88,276.2,-290.0,168.00000000000068,68.571,-53.42899999999932,26.511658082191786,37.54,-117.4806580821911,-1.1897691172403253
SBER_QP,10,2026-03-30,2026-04-13,14,31500.0,31473.0,314.5,316.24,-27.0,-174.0000000000009,174.067,-26.933000000000902,53.02331616438357,37.54,-117.49631616438447,-1.1899276923022375
SBER_QP,10,2026-03-06,2026-03-20,14,32105.0,32497.0,314.47,320.46,392.0,-598.9999999999952,179.654,-27.34599999999523,53.02331616438357,37.54,-117.9093161643788,-1.1941102926845895
SBER_QP,10,2026-09-09,2026-09-23,14,28850.0,28876.0,277.6,279.66,26.0,-206.00000000000023,151.699,-28.301000000000215,53.02331616438357,37.54,-118.86431616438378,-1.2037819231088547
SBER_QP,5,2026-05-27,2026-06-03,7,31280.0,31353.0,322.01,324.02,73.0,-200.9999999999991,72.007,-55.992999999999086,26.511658082191786,37.54,-120.04465808219086,-1.2157356726410424
SBER_QP,3,2026-05-11,2026-05-14,3,31569.0,31666.0,323.0,325.08,97.0,-207.9999999999984,39.835,-71.1649999999984,11.362139178082192,37.54,-120.0671391780806,-1.2159633468305469
SBER_QP,10,2026-02-16,2026-03-03,15,32599.0,32421.0,310.94,311.2,-178.0,-25.99999999999909,177.924,-26.075999999999084,56.81069589041096,37.54,-120.42669589041003,-1.2196047077082393
SBER_QP,3,2026-08-20,2026-08-25,5,28370.0,28366.0,270.66,271.65,-4.0,-98.99999999999523,37.348000000000006,-65.65199999999521,18.936898630136987,37.54,-122.1288986301322,-1.2368435305414107
SBER_QP,3,2026-04-20,2026-04-23,3,32100.0,32220.0,325.22,327.51,120.0,-228.99999999999636,35.342,-73.65799999999636,11.362139178082192,37.54,-122.56013917807854,-1.2412108595504925
SBER_QP,20,2026-09-01,2026-09-29,28,28682.0,28426.0,275.37,275.5,-256.0,-12.999999999999545,289.463,20.463000000000477,106.04663232876715,37.54,-123.12363232876666,-1.2469175585034056
SBER_QP,3,2026-06-05,2026-06-10,5,31166.0,31007.0,322.18,321.89,-159.0,29.000000000002046,62.111000000000004,-67.88899999999795,18.936898630136987,37.54,-124.36589863013492,-1.259498438666013
SBER_QP,10,2026-05-20,2026-06-03,14,31500.0,31353.0,323.62,324.02,-147.0,-39.999999999997726,153.10299999999998,-33.896999999997746,53.02331616438357,37.54,-124.46031616438131,-1.260454639186219
SBER_QP,20,2026-04-23,2026-05-22,29,32220.0,31444.0,327.51,322.35,-776.0,515.9999999999968,282.868,22.86799999999681,109.83401205479453,37.54,-124.50601205479771,-1.2609174179967038
SBER_QP,3,2026-01-23,2026-01-28,5,32363.0,31962.0,307.2,304.3,-401.0,289.9999999999977,42.961,-68.03900000000228,18.936898630136987,37.54,-124.51589863013925,-1.2610175429211692
SBER_QP,10,2026-04-30,2026-05-15,15,31345.0,31501.0,319.59,322.88,156.0,-329.00000000000205,142.686,-30.31400000000204,56.81069589041096,37.54,-124.66469589041299,-1.2625244665960418
SBER_QP,5,2026-06-09,2026-06-17,8,31021.0,30671.0,321.23,319.0,-350.0,223.00000000000182,69.857,-57.14299999999818,30.29903780821918,37.54,-124.98203780821737,-1.2657383029804559
SBER_QP,20,2026-02-13,2026-03-16,31,32001.0,32483.0,308.04,316.14,482.0,-809.9999999999966,357.794,29.794000000003393,117.40877150684932,37.54,-125.15477150684592,-1.2674876396243753
SBER_QP,3,2026-04-10,2026-04-15,5,31680.0,31879.0,317.54,320.64,199.0,-309.9999999999966,42.184,-68.81599999999659,18.936898630136987,37.54,-125.29289863013358,-1.2688865029625935
SBER_QP,3,2026-08-26,2026-08-31,5,28057.0,28717.0,267.8,275.49,660.0,-768.9999999999998,40.086,-68.91399999999977,18.936898630136987,37.54,-125.39089863013675,-1.2698789844092988
SBER_QP,10,2026-08-19,2026-09-02,14,28971.0,28571.0,276.76,274.49,-400.0,226.99999999999818,137.862,-35.138000000001824,53.02331616438357,37.54,-125.70131616438539,-1.2730226950568893
SBER_QP,20,2026-05-07,2026-06-04,28,31200.0,31294.0,319.27,322.9,94.0,-362.99999999999955,286.62899999999996,17.629000000000417,106.04663232876715,37.54,-125.95763232876672,-1.2756185015633275
SBER_QP,5,2026-03-27,2026-04-03,7,31599.0,31524.0,314.16,315.0,-75.0,-83.9999999999975,96.98800000000001,-62.011999999997485,26.511658082191786,37.54,-126.06365808218928,-1.2766922627178323
SBER_QP,10,2026-08-20,2026-09-03,14,28370.0,28825.0,270.66,276.91,455.0,-625.0,133.625,-36.375,53.02331616438357,37.54,-126.93831616438356,-1.285550241480697
SBER_QP,10,2026-09-08,2026-09-22,14,29000.0,29070.0,278.44,281.0,70.0,-256.0000000000002,149.619,-36.38100000000023,53.02331616438357,37.54,-126.94431616438379,-1.2856110056509038
SBER_QP,5,2026-08-20,2026-08-27,7,28370.0,28168.0,270.66,269.93,-202.0,73.00000000000182,65.912,-63.087999999998175,26.511658082191786,37.54,-127.13965808218995,-1.2875893039078445
SBER_QP,20,2026-08-07,2026-09-04,28,29666.0,29129.0,282.53,279.76,-537.0,276.9999999999982,276.17400000000004,16.173999999998216,106.04663232876715,37.54,-127.41263232876892,-1.290353812837939
SBER_QP,10,2026-04-22,2026-05-07,15,31990.0,31200.0,325.26,319.27,-790.0,599.0000000000009,157.667,-33.33299999999909,56.81069589041096,37.54,-127.68369589041004,-1.2930989715705719
SBER_QP,3,2026-09-16,2026-09-21,5,29050.0,28683.0,279.68,277.23,-367.0,244.99999999999886,50.358999999999995,-71.64100000000114,18.936898630136987,37.54,-128.11789863013811,-1.2974962997672541
SBER_QP,20,2026-07-27,2026-08-24,28,28852.0,28123.0,274.0,269.16,-729.0,483.9999999999975,258.71,13.709999999997478,106.04663232876715,37.54,-129.87663232876966,-1.3153076320685912
SBER_QP,20,2026-07-24,2026-08-21,28,28196.0,28544.0,267.14,272.99,348.0,-585.0000000000023,250.303,13.302999999997724,106.04663232876715,37.54,-130.28363232876941,-1.3194294682807934
SBER_QP,40,2026-01-27,2026-03-25,57,31506.0,32100.0,305.12,317.32,594.0,-1219.9999999999989,749.063,123.06300000000113,215.88064438356167,37.54,-130.35764438356054,-1.3201790151298787
SBER_QP,10,2026-04-16,2026-04-30,14,31737.0,31345.0,321.71,319.59,-392.0,212.00000000000045,139.91500000000002,-40.084999999999525,53.02331616438357,37.54,-130.6483161643831,-1.3231227533904695
SBER_QP,20,2026-07-31,2026-08-28,28,28943.0,27975.0,275.6,268.39,-968.0,721.0000000000036,259.598,12.598000000003651,106.04663232876715,37.54,-130.9886323287635,-1.3265692582797612
SBER_QP,5,2026-05-08,2026-05-15,7,31186.0,31501.0,318.4,322.88,315.0,-448.0000000000018,64.592,-68.40800000000182,26.511658082191786,37.54,-132.4596580821936,-1.3414668681558641
SBER_QP,10,2026-08-10,2026-08-24,14,29755.0,28123.0,283.58,269.16,-1632.0,1441.999999999996,146.053,-43.947000000004095,53.02331616438357,37.54,-134.51031616438766,-1.362234624278807
SBER_QP,3,2026-01-26,2026-01-29,3,31991.0,32273.0,303.35,307.59,282.0,-423.9999999999952,56.113,-85.88699999999523,11.362139178082192,37.54,-134.78913917807742,-1.365058365788936
SBER_QP,3,2026-05-06,2026-05-11,5,31400.0,31569.0,320.0,323.0,169.0,-300.0,52.208999999999996,-78.791,18.936898630136987,37.54,-135.26789863013698,-1.3699069359275953
SBER_QP,20,2026-07-22,2026-08-19,28,27887.0,28971.0,263.59,276.76,1084.0,-1317.0000000000016,240.929,7.92899999999841,106.04663232876715,37.54,-135.65763232876873,-1.3738539100606095
SBER_QP,20,2026-04-21,2026-05-20,29,31771.0,31500.0,323.7,323.62,-271.0,7.999999999998408,274.462,11.461999999998397,109.83401205479453,37.54,-135.91201205479612,-1.3764301055554262
SBER_QP,10,2026-09-15,2026-09-29,14,29503.0,28426.0,284.31,275.5,-1077.0,881.0000000000002,150.641,-45.35899999999978,53.02331616438357,37.54,-135.92231616438335,-1.3765344590002202
SBER_QP,3,2026-09-22,2026-09-25,3,29070.0,28456.0,281.0,276.2,-614.0,480.00000000000114,46.962,-87.03799999999886,11.362139178082192,37.54,-135.94013917808104,-1.3767149591065342
SBER_QP,10,2026-09-04,2026-09-18,14,29129.0,28746.0,279.76,277.88,-383.0,187.99999999999955,149.241,-45.75900000000044,53.02331616438357,37.54,-136.322316164384,-1.3805854036805263
SBER_QP,40,2026-05-18,2026-07-14,57,31610.0,27808.0,325.23,294.79,-3802.0,3044.0,875.0,117.0,215.88064438356167,37.54,-136.42064438356167,-1.3815812091215292
SBER_QP,3,2026-02-25,2026-03-02,5,32948.0,32417.0,317.4,313.52,-531.0,387.99999999999955,62.871,-80.12900000000045,18.936898630136987,37.54,-136.60589863013743,-1.3834573458832016
SBER_QP,3,2026-01-28,2026-02-02,5,31962.0,31672.0,304.3,302.74,-290.0,156.00000000000023,53.599,-80.40099999999978,18.936898630136987,37.54,-136.87789863013677,-1.3862119882657984
SBER_QP,3,2026-07-02,2026-07-07,5,28742.0,28063.0,301.8,296.93,-679.0,487.00000000000045,111.446,-80.55399999999955,18.936898630136987,37.54,-137.03089863013653,-1.3877614746060105
SBER_QP,20,2026-06-10,2026-07-09,29,31007.0,27853.0,321.89,295.0,-3154.0,2688.9999999999986,475.05800000000005,10.057999999998685,109.83401205479453,37.54,-137.31601205479583,-1.3906489213832745
SBER_QP,3,2026-05-22,2026-05-27,5,31444.0,31280.0,322.35,322.01,-164.0,34.00000000000318,48.495,-81.50499999999681,18.936898630136987,37.54,-137.9818986301338,-1.3973925955833948
SBER_QP,20,2026-08-04,2026-09-01,28,29829.0,28682.0,284.18,275.37,-1147.0,881.0000000000002,270.222,4.222000000000207,106.04663232876715,37.54,-139.36463232876693,-1.4113960398852665
SBER_QP,5,2026-06-18,2026-06-25,7,30241.0,28429.0,315.47,299.01,-1812.0,1646.0000000000036,88.837,-77.16299999999636,26.511658082191786,37.54,-141.21465808218815,-1.430131919845863
SBER_QP,3,2026-06-19,2026-06-24,5,30032.0,28452.0,313.86,299.35,-1580.0,1450.999999999999,43.973,-85.02700000000091,18.936898630136987,37.54,-141.50389863013788,-1.433061163493473
SBER_QP,10,2026-08-13,2026-08-27,14,29190.0,28168.0,278.26,269.93,-1022.0,832.9999999999984,137.987,-51.0130000000016,53.02331616438357,37.54,-141.57631616438516,-1.4337945620562713
SBER_QP,20,2026-08-13,2026-09-10,28,29190.0,29610.0,278.26,285.15,420.0,-688.9999999999986,270.546,1.5460000000013565,106.04663232876715,37.54,-142.04063232876578,-1.438496859796458
SBER_QP,10,2026-08-11,2026-08-25,14,30044.0,28366.0,286.48,271.65,-1678.0,1483.000000000004,141.77599999999998,-53.223999999995925,53.02331616438357,37.54,-143.7873161643795,-1.456186158776569
SBER_QP,20,2026-08-31,2026-09-28,28,28717.0,28178.0,275.49,273.0,-539.0,249.0000000000009,288.5,-1.4999999999990905,106.04663232876715,37.54,-145.08663232876623,-1.469344803536943
SBER_QP,5,2026-03-31,2026-04-07,7,31547.0,31815.0,314.35,318.77,268.0,-441.9999999999959,92.73400000000001,-81.2659999999959,26.511658082191786,37.54,-145.31765808218768,-1.47168448490403
SBER_QP,10,2026-08-26,2026-09-09,14,28057.0,28850.0,267.8,277.6,793.0,-980.0000000000011,131.137,-55.863000000001136,53.02331616438357,37.54,-146.4263161643847,-1.4829122663048973
SBER_QP,5,2026-06-19,2026-06-26,7,30032.0,28262.0,313.86,297.85,-1770.0,1600.999999999999,85.942,-83.05800000000092,26.511658082191786,37.54,-147.1096580821927,-1.4898327170718224
SBER_QP,20,2026-08-21,2026-09-18,28,28544.0,28746.0,272.99,277.88,202.0,-488.99999999999864,282.726,-4.273999999998637,106.04663232876715,37.54,-147.86063232876577,-1.4974381048948149
SBER_QP,10,2026-09-07,2026-09-21,14,29130.0,28683.0,279.61,277.23,-447.0,237.99999999999955,150.36,-58.64000000000044,53.02331616438357,37.54,-149.203316164384,-1.5110359497478691
SBER_QP,5,2026-06-04,2026-06-11,7,31294.0,30989.0,322.9,321.63,-305.0,126.99999999999818,91.02799999999999,-86.97200000000183,26.511658082191786,37.54,-151.0236580821936,-1.5294712107685615
SBER_QP,20,2026-08-14,2026-09-11,28,28629.0,29389.0,272.85,283.22,760.0,-1037.0000000000005,269.305,-7.695000000000448,106.04663232876715,37.54,-151.28163232876759,-1.5320838092730942
SBER_QP,3,2026-04-29,2026-05-05,6,31136.0,31551.0,316.46,322.0,415.0,-554.000000000002,47.602,-91.39800000000204,22.724278356164383,37.54,-151.6622783561664,-1.5359387492725152
SBER_QP,10,2026-04-06,2026-04-20,14,31743.0,32100.0,319.47,325.22,357.0,-575.0,156.487,-61.513000000000005,53.02331616438357,37.54,-152.07631616438357,-1.5401318599141156
SBER_QP,10,2026-05-29,2026-06-15,17,31015.0,31047.0,320.84,323.25,32.0,-241.0000000000025,158.84,-50.1600000000025,64.38545534246576,37.54,-152.08545534246826,-1.5402244156762268
SBER_QP,10,2026-02-18,2026-03-05,15,32592.0,32479.0,313.94,315.42,-113.0,-148.00000000000182,202.061,-58.93900000000181,56.81069589041096,37.54,-153.28969589041276,-1.5524201952799683
SBER_QP,5,2026-08-26,2026-09-02,7,28057.0,28571.0,267.8,274.49,514.0,-668.9999999999998,65.708,-89.29199999999977,26.511658082191786,37.54,-153.34365808219155,-1.5529666899142776
SBER_QP,3,2026-06-16,2026-06-19,3,30818.0,30032.0,320.11,313.86,-786.0,625.0,54.99000000000001,-106.00999999999999,11.362139178082192,37.54,-154.91213917808219,-1.5688512652931486
SBER_QP,20,2026-08-03,2026-08-31,28,29459.0,28717.0,280.15,275.49,-742.0,465.9999999999968,264.349,-11.651000000003194,106.04663232876715,37.54,-155.23763232877033,-1.5721476521612838
SBER_QP,10,2026-09-14,2026-09-28,14,29908.0,28178.0,288.11,273.0,-1730.0,1511.0000000000014,154.297,-64.70299999999864,53.02331616438357,37.54,-155.2663161643822,-1.57243814373949
SBER_QP,5,2026-04-20,2026-04-27,7,32100.0,31730.0,325.22,322.98,-370.0,224.0000000000009,54.076,-91.9239999999991,26.511658082191786,37.54,-155.97565808219088,-1.579621905910641
SBER_QP,20,2026-08-28,2026-09-25,28,27975.0,28456.0,268.39,276.2,481.0,-781.0000000000002,285.93800000000005,-14.062000000000182,106.04663232876715,37.54,-157.64863232876732,-1.596564721221758
SBER_QP,20,2026-06-03,2026-07-02,29,31353.0,28742.0,324.02,301.8,-2611.0,2221.9999999999973,377.002,-11.998000000002719,109.83401205479453,37.54,-159.37201205479724,-1.614018011055
SBER_QP,20,2026-06-01,2026-06-30,29,31121.0,29237.0,322.46,307.15,-1884.0,1531.0000000000002,340.463,-12.53699999999975,109.83401205479453,37.54,-159.91101205479427,-1.6194766590116736
SBER_QP,5,2026-09-16,2026-09-23,7,29050.0,28876.0,279.68,279.66,-174.0,1.999999999998181,75.30600000000001,-96.69400000000181,26.511658082191786,37.54,-160.7456580821936,-1.6279294212232394
SBER_QP,10,2026-07-22,2026-08-05,14,27887.0,30097.0,263.59,287.45,2210.0,-2386.0000000000014,105.35700000000001,-70.64300000000135,53.02331616438357,37.54,-161.20631616438493,-1.6325946722419642
SBER_QP,10,2026-08-14,2026-08-28,14,28629.0,27975.0,272.85,268.39,-654.0,446.00000000000364,137.28,-70.71999999999636,53.02331616438357,37.54,-161.28331616437993,-1.6333744790928713
SBER_QP,20,2026-07-30,2026-08-27,28,28837.0,28168.0,273.88,269.93,-669.0,394.99999999999886,254.739,-19.261000000001133,106.04663232876715,37.54,-162.84763232876827,-1.64921687470396
SBER_QP,10,2026-05-18,2026-06-01,14,31610.0,31121.0,325.23,322.46,-489.0,277.00000000000387,139.30700000000002,-72.69299999999612,53.02331616438357,37.54,-163.25631616437968,-1.653355763728446
SBER_QP,10,2026-01-28,2026-02-11,14,31962.0,31800.0,304.3,305.44,-162.0,-113.99999999999864,202.82399999999998,-73.17599999999865,53.02331616438357,37.54,-163.73931616438222,-1.6582472794299332
SBER_QP,20,2026-02-11,2026-03-12,29,31800.0,32589.0,305.44,317.17,789.0,-1173.0000000000018,366.26300000000003,-17.737000000001785,109.83401205479453,37.54,-165.1110120547963,-1.6721389398555868
SBER_QP,5,2026-06-11,2026-06-19,8,30989.0,30032.0,321.63,313.86,-957.0,776.9999999999982,80.55799999999999,-99.44200000000183,30.29903780821918,37.54,-167.281037808221,-1.6941155755604582
SBER_QP,20,2026-05-14,2026-06-11,28,31666.0,30989.0,325.08,321.63,-677.0,344.99999999999886,308.076,-23.924000000001115,106.04663232876715,37.54,-167.51063232876825,-1.6964407623145505
SBER_QP,10,2026-09-11,2026-09-25,14,29389.0,28456.0,283.22,276.2,-933.0,702.0000000000039,153.913,-77.08699999999612,53.02331616438357,37.54,-167.6503161643797,-1.697855391041535
SBER_QP,10,2026-02-12,2026-02-27,15,32125.0,32879.0,306.02,315.94,754.0,-992.0000000000016,164.679,-73.32100000000159,56.81069589041096,37.54,-167.67169589041254,-1.698071911260133
SBER_QP,20,2026-08-06,2026-09-03,28,29923.0,28825.0,284.91,276.91,-1098.0,800.0,273.829,-24.170999999999992,106.04663232876715,37.54,-167.75763232876713,-1.6989422206546239
SBER_QP,3,2026-03-24,2026-03-27,3,32100.0,31599.0,317.38,314.16,-501.0,321.99999999999704,59.911,-119.08900000000295,11.362139178082192,37.54,-167.99113917808515,-1.7013070289772698
SBER_QP,3,2026-03-05,2026-03-10,5,32479.0,32199.0,315.42,314.28,-280.0,114.00000000000432,54.312000000000005,-111.68799999999567,18.936898630136987,37.54,-168.16489863013265,-1.7030667537970785
SBER_QP,10,2026-05-19,2026-06-02,14,31500.0,31550.0,323.66,326.4,50.0,-273.9999999999952,145.79899999999998,-78.20099999999525,53.02331616438357,37.54,-168.7643161643788,-1.7091372719761604
SBER_QP,3,2026-04-02,2026-04-07,5,31721.0,31815.0,316.2,318.77,94.0,-256.9999999999993,50.242,-112.75799999999933,18.936898630136987,37.54,-169.2348986301363,-1.7139030308169168
SBER_QP,10,2026-05-05,2026-05-19,14,31551.0,31500.0,322.0,323.66,-51.0,-166.0000000000025,138.143,-78.8570000000025,53.02331616438357,37.54,-169.42031616438607,-1.7157808212519248
SBER_QP,5,2026-07-29,2026-08-05,7,29038.0,30097.0,275.3,287.45,1059.0,-1214.9999999999977,50.537,-105.46299999999772,26.511658082191786,37.54,-169.5146580821895,-1.7167362559770625
SBER_QP,20,2026-07-28,2026-08-25,28,28675.0,28366.0,271.88,271.65,-309.0,23.00000000000182,256.646,-29.353999999998166,106.04663232876715,37.54,-172.9406323287653,-1.7514323363495854
SBER_QP,10,2026-06-17,2026-07-01,14,30671.0,29171.0,319.0,306.68,-1500.0,1231.9999999999993,184.928,-83.07200000000068,53.02331616438357,37.54,-173.63531616438425,-1.7584676508205621
SBER_QP,3,2026-06-17,2026-06-22,5,30671.0,29137.0,319.0,305.44,-1534.0,1356.0000000000002,60.451,-117.54899999999978,18.936898630136987,37.54,-174.02589863013677,-1.762423220725208
SBER_QP,10,2026-06-03,2026-06-18,15,31353.0,30241.0,324.02,315.47,-1112.0,854.9999999999955,177.187,-79.81300000000454,56.81069589041096,37.54,-174.16369589041548,-1.7638187434214228
SBER_QP,40,2026-07-22,2026-09-16,56,27887.0,29050.0,263.59,279.68,1163.0,-1609.0000000000032,520.6129999999999,74.61299999999676,212.0932646575343,37.54,-175.02026465753752,-1.772493525147632
SBER_QP,10,2026-03-18,2026-04-01,14,32588.0,31800.0,321.67,316.5,-788.0,517.0000000000016,184.972,-86.0279999999984,53.02331616438357,37.54,-176.59131616438196,-1.7884041320079518
SBER_QP,3,2026-06-08,2026-06-11,3,30955.0,30989.0,319.5,321.63,34.0,-212.99999999999955,51.20399999999999,-127.79599999999955,11.362139178082192,37.54,-176.69813917808173,-1.7894859673056533
SBER_QP,10,2026-05-27,2026-06-10,14,31280.0,31007.0,322.01,321.89,-273.0,12.000000000000455,174.71099999999998,-86.28899999999956,53.02331616438357,37.54,-176.85231616438313,-1.7910473734118588
SBER_QP,10,2026-03-27,2026-04-10,14,31599.0,31680.0,314.16,317.54,81.0,-337.99999999999955,170.683,-86.31699999999955,53.02331616438357,37.54,-176.88031616438312,-1.7913309395394796
SBER_QP,5,2026-01-22,2026-01-29,7,32302.0,32273.0,305.99,307.59,-29.0,-159.9999999999966,75.97500000000001,-113.02499999999658,26.511658082191786,37.54,-177.07665808218835,-1.7933193651581119
SBER_QP,20,2026-06-11,2026-07-10,29,30989.0,27395.0,321.63,291.03,-3594.0,3060.0000000000023,502.693,-31.306999999997743,109.83401205479453,37.54,-178.68101205479226,-1.8095672381347048
SBER_QP,20,2026-08-20,2026-09-17,28,28370.0,28505.0,270.66,275.18,135.0,-451.9999999999982,281.263,-35.736999999998204,106.04663232876715,37.54,-179.32363232876534,-1.8160752860854643
SBER_QP,20,2026-08-12,2026-09-09,28,29845.0,28850.0,284.5,277.6,-995.0,689.9999999999977,269.197,-35.80300000000227,106.04663232876715,37.54,-179.3896323287694,-1.8167436919577549
SBER_QP,5,2026-03-12,2026-03-19,7,32589.0,32667.0,317.17,320.01,78.0,-283.9999999999975,89.97500000000001,-116.02499999999749,26.511658082191786,37.54,-180.07665808218925,-1.823701450260367
SBER_QP,3,2026-04-16,2026-04-21,5,31737.0,31771.0,321.71,323.7,34.0,-199.0000000000009,40.05499999999999,-124.94500000000092,18.936898630136987,37.54,-181.4218986301379,-1.837325187863956
SBER_QP,5,2026-05-11,2026-05-18,7,31569.0,31610.0,323.0,325.23,41.0,-223.00000000000182,63.254,-118.74600000000183,26.511658082191786,37.54,-182.7976580821936,-1.851258001448148
SBER_QP,10,2026-04-20,2026-05-05,15,32100.0,31551.0,325.22,322.0,-549.0,322.00000000000273,138.15800000000002,-88.84199999999726,56.81069589041096,37.54,-183.1926958904082,-1.8552586922174084
SBER_QP,10,2026-03-05,2026-03-19,14,32479.0,32667.0,315.42,320.01,188.0,-458.9999999999975,176.73499999999999,-94.26499999999751,53.02331616438357,37.54,-184.82831616438108,-1.8718232103370092
SBER_QP,5,2026-04-02,2026-04-09,7,31721.0,31615.0,316.2,317.23,-106.0,-103.00000000000296,87.232,-121.76800000000296,26.511658082191786,37.54,-185.81965808219474,-1.8818628885078217
SBER_QP,3,2026-01-13,2026-01-16,3,31065.0,31300.0,297.44,301.77,235.0,-432.9999999999984,60.536,-137.4639999999984,11.362139178082192,37.54,-186.3661391780806,-1.8873973002284792
SBER_QP,20,2026-05-04,2026-06-01,28,31213.0,31121.0,320.12,322.46,-92.0,-233.9999999999975,283.04,-42.95999999999748,106.04663232876715,37.54,-186.54663232876462,-1.8892252196499641
SBER_QP,5,2026-06-16,2026-06-23,7,30818.0,29395.0,320.11,307.94,-1423.0,1217.0000000000016,83.429,-122.5709999999984,26.511658082191786,37.54,-186.62265808219018,-1.8899951599534768
SBER_QP,3,2026-03-16,2026-03-19,3,32483.0,32667.0,316.14,320.01,184.0,-387.00000000000045,63.870000000000005,-139.13000000000045,11.362139178082192,37.54,-188.03213917808264,-1.9042694848219472
SBER_QP,40,2026-05-13,2026-07-09,57,31768.0,27853.0,326.9,295.0,-3915.0,3189.9999999999977,789.6379999999999,64.63799999999765,215.88064438356167,37.54,-188.78264438356402,-1.911870122496152
SBER_QP,5,2026-06-08,2026-06-16,8,30955.0,30818.0,319.5,320.11,-137.0,-61.000000000001364,76.77199999999999,-121.22800000000137,30.29903780821918,37.54,-189.06703780822053,-1.914750277572963
SBER_QP,5,2026-03-25,2026-04-01,7,32100.0,31800.0,317.32,316.5,-300.0,81.99999999999932,92.06400000000001,-125.93600000000067,26.511658082191786,37.54,-189.98765808219244,-1.9240737320765187
SBER_QP,3,2026-05-25,2026-05-28,3,31253.0,31231.0,320.6,322.3,-22.0,-169.99999999999886,50.761,-141.23899999999887,11.362139178082192,37.54,-190.14113917808106,-1.9256280906488101
SBER_QP,10,2026-05-22,2026-06-05,14,31444.0,31166.0,322.35,322.18,-278.0,17.00000000000159,161.095,-99.90499999999841,53.02331616438357,37.54,-190.46831616438197,-1.9289415303292403
SBER_QP,40,2026-07-30,2026-09-24,56,28837.0,28922.0,273.88,279.55,85.0,-567.0000000000016,539.178,57.177999999998406,212.0932646575343,37.54,-192.45526465753588,-1.9490640764001674
SBER_QP,3,2026-06-09,2026-06-15,6,31021.0,31047.0,321.23,323.25,26.0,-201.99999999999818,41.333,-134.66699999999818,22.724278356164383,37.54,-194.93127835616255,-1.974139562702168
SBER_QP,20,2026-04-22,2026-05-21,29,31990.0,31514.0,325.26,323.88,-476.0,137.99999999999955,289.093,-48.90700000000044,109.83401205479453,37.54,-196.28101205479496,-1.9878088040679076
SBER_QP,10,2026-05-26,2026-06-09,14,31186.0,31021.0,320.14,321.23,-165.0,-109.00000000000318,167.11100000000002,-106.88900000000316,53.02331616438357,37.54,-197.45231616438673,-1.9996710244473168
SBER_QP,3,2026-05-07,2026-05-12,5,31200.0,31647.0,319.27,325.6,447.0,-633.0000000000041,44.806000000000004,-141.19400000000408,18.936898630136987,37.54,-197.67089863014107,-2.0018846881394525
SBER_QP,20,2026-05-19,2026-06-17,29,31500.0,30671.0,323.66,319.0,-829.0,466.0000000000025,312.617,-50.38299999999748,109.83401205479453,37.54,-197.757012054792,-2.0027567899381826
SBER_QP,5,2026-04-29,2026-05-07,8,31136.0,31200.0,316.46,319.27,64.0,-281.0000000000002,84.602,-132.39800000000022,30.29903780821918,37.54,-200.23703780821938,-2.0278729077703135
SBER_QP,40,2026-07-27,2026-09-21,56,28852.0,28683.0,274.0,277.23,-169.0,-323.0000000000018,539.461,47.460999999998194,212.0932646575343,37.54,-202.1722646575361,-2.0474716500463437
SBER_QP,20,2026-06-02,2026-07-01,29,31550.0,29171.0,326.4,306.68,-2379.0,1971.999999999997,351.746,-55.254000000002975,109.83401205479453,37.54,-202.6280120547975,-2.0520871687825846
SBER_QP,5,2026-04-01,2026-04-08,7,31800.0,31872.0,316.5,319.49,72.0,-299.0000000000009,87.92999999999999,-139.0700000000009,26.511658082191786,37.54,-203.12165808219268,-2.0570865006541537
SBER_QP,10,2026-06-16,2026-06-30,14,30818.0,29237.0,320.11,307.15,-1581.0,1296.0000000000036,169.545,-115.45499999999637,53.02331616438357,37.54,-206.01831616437994,-2.0864220047758604
SBER_QP,20,2026-01-15,2026-02-12,28,31745.0,32125.0,298.0,306.02,380.0,-801.9999999999982,357.501,-64.4989999999982,106.04663232876715,37.54,-208.08563232876534,-2.107358463322396
SBER_QP,10,2026-02-24,2026-03-10,14,32626.0,32199.0,315.35,314.28,-427.0,107.000000000005,201.939,-118.060999999995,53.02331616438357,37.54,-208.62431616437857,-2.112813909367998
SBER_QP,10,2026-02-17,2026-03-04,15,32554.0,32420.0,309.57,311.25,-134.0,-168.00000000000068,187.08,-114.92000000000067,56.81069589041096,37.54,-209.27069589041162,-2.119360030649565
SBER_QP,3,2026-01-21,2026-01-26,5,32449.0,31991.0,306.0,303.35,-458.0,264.9999999999977,38.81,-154.19000000000227,18.936898630136987,37.54,-210.66689863013926,-2.133499880802363
SBER_QP,5,2026-03-26,2026-04-02,7,31900.0,31721.0,315.56,316.2,-179.0,-63.999999999998636,90.843,-152.15699999999862,26.511658082191786,37.54,-216.2086580821904,-2.1896232832318274
SBER_QP,5,2026-04-24,2026-05-04,10,31900.0,31213.0,324.8,320.12,-687.0,468.0000000000007,77.188,-141.81199999999933,37.873797260273975,37.54,-217.2257972602733,-2.1999242195882753
SBER_QP,10,2026-01-05,2026-01-20,15,31916.0,32101.0,299.0,303.86,185.0,-486.00000000000136,177.95299999999997,-123.04700000000139,56.81069589041096,37.54,-217.39769589041234,-2.2016650991915565
SBER_QP,20,2026-04-16,2026-05-15,29,31737.0,31501.0,321.71,322.88,-236.0,-117.00000000000159,282.601,-70.39900000000159,109.83401205479453,37.54,-217.7730120547961,-2.2054660617404087
SBER_QP,10,2026-05-06,2026-05-20,14,31400.0,31500.0,320.0,323.62,100.0,-362.00000000000045,132.914,-129.08600000000047,53.02331616438357,37.54,-219.64931616438403,-2.2244680721188064
SBER_QP,3,2026-05-27,2026-06-01,5,31280.0,31121.0,322.01,322.46,-159.0,-44.99999999999886,40.760000000000005,-163.23999999999887,18.936898630136987,37.54,-219.71689863013586,-2.2251525041941034
SBER_QP,5,2026-06-05,2026-06-15,10,31166.0,31047.0,322.18,323.25,-119.0,-106.99999999999932,81.089,-144.91099999999932,37.873797260273975,37.54,-220.3247972602733,-2.231308913498895
SBER_QP,20,2026-05-29,2026-06-29,31,31015.0,29247.0,320.84,307.14,-1768.0,1369.9999999999989,332.50600000000003,-65.49400000000111,117.40877150684932,37.54,-220.44277150685042,-2.232503681365355
SBER_QP,10,2026-06-10,2026-06-25,15,31007.0,28429.0,321.89,299.01,-2578.0,2287.9999999999995,163.32,-126.68000000000046,56.81069589041096,37.54,-221.0306958904114,-2.2384578042503667
SBER_QP,5,2026-03-24,2026-03-31,7,32100.0,31547.0,317.38,314.35,-553.0,302.99999999999727,90.627,-159.37300000000272,26.511658082191786,37.54,-223.4246580821945,-2.262702325264471
SBER_QP,40,2026-07-23,2026-09-17,56,27902.0,28505.0,264.14,275.18,603.0,-1104.000000000002,526.633,25.632999999997992,212.0932646575343,37.54,-224.0002646575363,-2.2685317012502866
SBER_QP,5,2026-03-30,2026-04-06,7,31500.0,31743.0,314.5,319.47,243.0,-497.00000000000273,93.536,-160.46400000000273,26.511658082191786,37.54,-224.5156580821945,-2.273751276879988
SBER_QP,10,2026-05-15,2026-05-29,14,31501.0,31015.0,322.88,320.84,-486.0,204.00000000000205,147.861,-134.13899999999796,53.02331616438357,37.54,-224.70231616438153,-2.2756416307926637
SBER_QP,40,2026-08-04,2026-09-29,56,29829.0,28426.0,284.18,275.5,-1403.0,868.0000000000007,559.685,24.685000000000628,212.0932646575343,37.54,-224.94826465753366,-2.2781324401425698
SBER_QP,5,2026-01-15,2026-01-22,7,31745.0,32302.0,298.0,305.99,557.0,-799.0000000000009,78.426,-163.57400000000092,26.511658082191786,37.54,-227.6256580821927,-2.3052473717692976
SBER_QP,20,2026-08-26,2026-09-23,28,28057.0,28876.0,267.8,279.66,819.0,-1186.0000000000014,282.836,-84.16400000000135,106.04663232876715,37.54,-227.7506323287685,-2.306513031167649
SBER_QP,20,2026-01-09,2026-02-06,28,31377.0,31111.0,299.19,300.85,-266.0,-166.0000000000025,346.073,-85.92700000000252,106.04663232876715,37.54,-229.51363232876966,-2.324367569846081
SBER_QP,5,2026-06-17,2026-06-24,7,30671.0,28452.0,319.0,299.35,-2219.0,1964.9999999999977,88.428,-165.57200000000228,26.511658082191786,37.54,-229.62365808219405,-2.325481840447407
SBER_QP,40,2026-05-19,2026-07-15,57,31500.0,27036.0,323.66,287.9,-4464.0,3576.0000000000045,911.0760000000001,23.076000000004683,215.88064438356167,37.54,-230.34464438355698,-2.3327835295025947
SBER_QP,40,2026-07-28,2026-09-22,56,28675.0,29070.0,271.88,281.0,395.0,-912.0000000000005,535.856,18.85599999999954,212.0932646575343,37.54,-230.77726465753474,-2.3371648314962443
SBER_QP,20,2026-02-06,2026-03-09,31,31111.0,32200.0,300.85,316.35,1089.0,-1550.0,381.435,-79.565,117.40877150684932,37.54,-234.5137715068493,-2.3750057878565776
SBER_QP,5,2026-01-26,2026-02-02,7,31991.0,31672.0,303.35,302.74,-319.0,61.000000000001364,87.089,-170.91099999999864,26.511658082191786,37.54,-234.96265808219042,-2.3795518245676672
SBER_QP,10,2026-01-14,2026-01-28,14,31772.0,31962.0,299.42,304.3,190.0,-487.99999999999955,153.262,-144.73799999999954,53.02331616438357,37.54,-235.3013161643831,-2.3829815374589147
SBER_QP,3,2026-01-15,2026-01-20,5,31745.0,32101.0,298.0,303.86,356.0,-586.0000000000014,51.11599999999999,-178.88400000000138,18.936898630136987,37.54,-235.36089863013837,-2.3835849506406404
SBER_QP,5,2026-03-20,2026-03-27,7,32497.0,31599.0,320.46,314.16,-898.0,629.9999999999955,93.403,-174.59700000000453,26.511658082191786,37.54,-238.6486580821963,-2.4168812797966863
SBER_QP,3,2026-03-26,2026-03-31,5,31900.0,31547.0,315.56,314.35,-353.0,120.99999999999795,48.351,-183.64900000000205,18.936898630136987,37.54,-240.12589863013903,-2.431841829144714
SBER_QP,3,2026-05-26,2026-05-29,3,31186.0,31015.0,320.14,320.84,-171.0,-69.99999999999886,49.604,-191.39599999999888,11.362139178082192,37.54,-240.29813917808107,-2.4335861714732587
SBER_QP,40,2026-07-24,2026-09-18,56,28196.0,28746.0,267.14,277.88,550.0,-1074.000000000001,533.029,9.028999999999087,212.0932646575343,37.54,-240.6042646575352,-2.4366864149295053
SBER_QP,3,2026-04-15,2026-04-20,5,31879.0,32100.0,320.64,325.22,221.0,-458.0000000000041,51.957,-185.0430000000041,18.936898630136987,37.54,-241.51989863014109,-2.4459593713555785
SBER_QP,40,2026-05-20,2026-07-16,57,31500.0,26106.0,323.62,279.02,-5394.0,4460.000000000002,944.953,10.953000000001794,215.88064438356167,37.54,-242.46764438355987,-2.4555575354007995
SBER_QP,40,2026-05-12,2026-07-08,57,31647.0,28192.0,325.6,298.49,-3455.0,2711.0000000000014,751.736,7.736000000001354,215.88064438356167,37.54,-245.6846443835603,-2.488137257992112
SBER_QP,5,2026-05-05,2026-05-12,7,31551.0,31647.0,322.0,325.6,96.0,-360.0000000000023,81.806,-182.1940000000023,26.511658082191786,37.54,-246.24565808219407,-2.4938188466372506
SBER_QP,5,2026-01-23,2026-01-30,7,32363.0,31889.0,307.2,305.05,-474.0,214.99999999999773,76.535,-182.46500000000228,26.511658082191786,37.54,-246.51665808219406,-2.4965633616581537
SBER_QP,20,2026-06-09,2026-07-08,29,31021.0,28192.0,321.23,298.49,-2829.0,2274.000000000001,452.639,-102.36099999999908,109.83401205479453,37.54,-249.7350120547936,-2.5291567964197106
SBER_QP,40,2026-07-31,2026-09-25,56,28943.0,28456.0,275.6,276.2,-487.0,-59.99999999999659,545.536,-1.4639999999966449,212.0932646575343,37.54,-251.09726465753093,-2.5429528212554176
SBER_QP,20,2026-05-08,2026-06-05,28,31186.0,31166.0,318.4,322.18,-20.0,-378.00000000000296,290.204,-107.79600000000295,106.04663232876715,37.54,-251.3826323287701,-2.545842842879757
SBER_QP,3,2026-01-08,2026-01-13,5,31391.0,31065.0,298.22,297.44,-326.0,78.00000000000296,50.502,-197.49799999999703,18.936898630136987,37.54,-253.97489863013402,-2.5720956613383312
SBER_QP,5,2026-05-26,2026-06-02,7,31186.0,31550.0,320.14,326.4,364.0,-625.9999999999991,70.15,-191.84999999999908,26.511658082191786,37.54,-255.90165808219086,-2.591608651219647
SBER_QP,5,2026-05-22,2026-05-29,7,31444.0,31015.0,322.35,320.84,-429.0,151.00000000000477,83.344,-194.65599999999523,26.511658082191786,37.54,-258.70765808218704,-2.620026028151909
SBER_QP,5,2026-04-13,2026-04-20,7,31473.0,32100.0,316.24,325.22,627.0,-898.0000000000018,75.956,-195.0440000000018,26.511658082191786,37.54,-259.0956580821936,-2.623955444491866
SBER_QP,20,2026-05-20,2026-06-18,29,31500.0,30241.0,323.62,315.47,-1259.0,814.9999999999977,330.28999999999996,-113.71000000000231,109.83401205479453,37.54,-261.08401205479686,-2.6440922243615392
SBER_QP,40,2026-08-03,2026-09-28,56,29459.0,28178.0,280.15,273.0,-1281.0,714.9999999999977,552.8489999999999,-13.151000000002341,212.0932646575343,37.54,-262.78426465753665,-2.6613112974521247
SBER_QP,10,2026-04-01,2026-04-15,14,31800.0,31879.0,316.5,320.64,79.0,-413.99999999999864,162.59799999999998,-172.40199999999865,53.02331616438357,37.54,-262.9653161643822,-2.663144871548415
SBER_QP,40,2026-01-05,2026-03-04,58,31916.0,32420.0,299.0,311.25,504.0,-1225.0,715.106,-5.8940000000000055,219.66802410958906,37.54,-263.1020241095891,-2.664529362356891
SBER_QP,20,2026-04-28,2026-05-27,29,31500.0,31280.0,320.0,322.01,-220.0,-200.9999999999991,302.761,-118.23899999999907,109.83401205479453,37.54,-265.6130120547936,-2.689959045504197
SBER_QP,10,2026-01-13,2026-01-27,14,31065.0,31506.0,297.44,305.12,441.0,-768.0000000000007,149.494,-177.50600000000068,53.02331616438357,37.54,-268.06931616438425,-2.7148349256690567
SBER_QP,10,2026-02-25,2026-03-11,14,32948.0,32300.0,317.4,314.71,-648.0,268.9999999999998,197.6,-181.40000000000023,53.02331616438357,37.54,-271.9633161643838,-2.7542708721317672
SBER_QP,10,2026-04-29,2026-05-14,15,31136.0,31666.0,316.46,325.08,530.0,-862.0000000000005,154.183,-177.81700000000046,56.81069589041096,37.54,-272.16769589041144,-2.756340699541549
SBER_QP,10,2026-04-15,2026-04-29,14,31879.0,31136.0,320.64,316.46,-743.0,418.0000000000007,142.513,-182.4869999999993,53.02331616438357,37.54,-273.0503161643829,-2.7652793143004715
SBER_QP,10,2026-04-27,2026-05-12,15,31730.0,31647.0,322.98,325.6,-83.0,-262.00000000000045,165.888,-179.11200000000045,56.81069589041096,37.54,-273.4626958904114,-2.769455632944018
SBER_QP,10,2026-06-11,2026-06-26,15,30989.0,28262.0,321.63,297.85,-2727.0,2377.9999999999973,166.5,-182.50000000000273,56.81069589041096,37.54,-276.8506958904137,-2.8037671343861774
SBER_QP,10,2026-06-04,2026-06-19,15,31294.0,30032.0,322.9,313.86,-1262.0,903.9999999999964,171.58599999999998,-186.41400000000365,56.81069589041096,37.54,-280.7646958904146,-2.843405628082917
SBER_QP,10,2026-04-17,2026-05-04,17,31900.0,31213.0,323.76,320.12,-687.0,363.99999999999864,142.145,-180.85500000000135,64.38545534246576,37.54,-282.7804553424671,-2.8638199531555557
SBER_QP,3,2026-04-13,2026-04-16,3,31473.0,31737.0,316.24,321.71,264.0,-546.999999999997,47.048,-235.95199999999704,11.362139178082192,37.54,-284.85413917807927,-2.8848208994117956
SBER_QP,3,2026-05-08,2026-05-13,5,31186.0,31768.0,318.4,326.9,582.0,-850.0,37.735,-230.265,18.936898630136987,37.54,-286.741898630137,-2.9039389221867906
SBER_QP,10,2026-06-05,2026-06-22,17,31166.0,29137.0,322.18,305.44,-2029.0,1674.000000000001,170.064,-184.9359999999991,64.38545534246576,37.54,-286.86145534246486,-2.905149716256288
SBER_QP,5,2026-03-19,2026-03-26,7,32667.0,31900.0,320.01,315.56,-767.0,444.99999999999886,95.588,-226.41200000000114,26.511658082191786,37.54,-290.4636580821929,-2.9416305263209415
SBER_QP,40,2026-05-15,2026-07-13,59,31501.0,27665.0,322.88,293.3,-3836.0,2957.999999999998,845.47,-32.53000000000179,223.45540383561647,37.54,-293.52540383561825,-2.972637933001611
SBER_QP,20,2026-06-04,2026-07-03,29,31294.0,28643.0,322.9,301.75,-2651.0,2114.9999999999977,388.815,-147.18500000000228,109.83401205479453,37.54,-294.5590120547968,-2.983105657294099
SBER_QP,20,2026-04-06,2026-05-05,29,31743.0,31551.0,319.47,322.0,-192.0,-252.99999999999727,294.645,-150.3549999999973,109.83401205479453,37.54,-297.72901205479184,-3.0152093938854216
SBER_QP,3,2026-04-28,2026-05-04,6,31500.0,31213.0,320.0,320.12,-287.0,-12.000000000000455,60.48100000000001,-238.51900000000046,22.724278356164383,37.54,-298.7832783561649,-3.025886330048337
SBER_QP,20,2026-01-23,2026-02-20,28,32363.0,32478.0,307.2,313.52,115.0,-631.9999999999993,361.294,-155.70599999999934,106.04663232876715,37.54,-299.2926323287665,-3.0310447419625866
SBER_QP,20,2026-02-18,2026-03-19,29,32592.0,32667.0,313.94,320.01,75.0,-606.9999999999993,378.796,-153.20399999999933,109.83401205479453,37.54,-300.5780120547939,-3.044062247370875
SBER_QP,20,2026-05-21,2026-06-19,29,31514.0,30032.0,323.88,313.86,-1482.0,1001.9999999999982,326.789,-153.21100000000183,109.83401205479453,37.54,-300.5850120547964,-3.0441331389028057
SBER_QP,20,2026-05-05,2026-06-02,28,31551.0,31550.0,322.0,326.4,-1.0,-439.9999999999977,283.942,-157.05799999999772,106.04663232876715,37.54,-300.6446323287649,-3.0447369349819824
SBER_QP,5,2026-01-09,2026-01-16,7,31377.0,31300.0,299.19,301.77,-77.0,-257.9999999999984,98.197,-236.8029999999984,26.511658082191786,37.54,-300.8546580821902,-3.046863941753393
SBER_QP,20,2026-06-05,2026-07-06,31,31166.0,28256.0,322.18,298.68,-2910.0,2350.0,411.202,-148.798,117.40877150684932,37.54,-303.74677150684937,-3.076153420484507
SBER_QP,20,2026-04-17,2026-05-18,31,31900.0,31610.0,323.76,325.23,-290.0,-147.00000000000273,285.878,-151.12200000000274,117.40877150684932,37.54,-306.07077150685205,-3.0996894090770737
SBER_QP,10,2026-02-05,2026-02-19,14,31700.0,32455.0,301.46,312.96,755.0,-1150.0,179.35399999999998,-215.64600000000002,53.02331616438357,37.54,-306.2093161643836,-3.1010925009356023
SBER_QP,40,2026-07-29,2026-09-23,56,29038.0,28876.0,275.3,279.66,-162.0,-436.00000000000136,541.099,-56.90100000000132,212.0932646575343,37.54,-306.53426465753563,-3.104383371859866
SBER_QP,20,2026-05-06,2026-06-03,28,31400.0,31353.0,320.0,324.02,-47.0,-401.9999999999982,286.017,-162.98299999999819,106.04663232876715,37.54,-306.56963232876535,-3.104741553058923
SBER_QP,3,2026-03-19,2026-03-24,5,32667.0,32100.0,320.01,317.38,-567.0,262.99999999999955,53.312000000000005,-250.68800000000044,18.936898630136987,37.54,-307.16489863013743,-3.1107700302011843
SBER_QP,40,2026-05-14,2026-07-10,57,31666.0,27395.0,325.08,291.03,-4271.0,3405.000000000001,810.769,-55.230999999999085,215.88064438356167,37.54,-308.6516443835608,-3.1258268422031548
SBER_QP,5,2026-01-21,2026-01-28,7,32449.0,31962.0,306.0,304.3,-487.0,169.99999999999886,72.3,-244.70000000000113,26.511658082191786,37.54,-308.75165808219293,-3.1268397171042324
SBER_QP,40,2026-05-04,2026-06-30,57,31213.0,29237.0,320.12,307.15,-1976.0,1297.0000000000027,623.503,-55.49699999999723,215.88064438356167,37.54,-308.9176443835589,-3.1285207204155348
SBER_QP,20,2026-04-30,2026-05-29,29,31345.0,31015.0,319.59,320.84,-330.0,-125.0,290.54699999999997,-164.45300000000003,109.83401205479453,37.54,-311.8270120547946,-3.157984939142603
SBER_QP,5,2026-05-06,2026-05-13,7,31400.0,31768.0,320.0,326.9,368.0,-689.9999999999977,74.141,-247.8589999999977,26.511658082191786,37.54,-311.9106580821895,-3.1588320527168623
SBER_QP,5,2026-05-25,2026-06-01,7,31253.0,31121.0,320.6,322.46,-132.0,-185.99999999999568,70.048,-247.95199999999568,26.511658082191786,37.54,-312.0036580821875,-3.1597738973550116
SBER_QP,5,2026-04-09,2026-04-16,7,31615.0,31737.0,317.23,321.71,122.0,-447.99999999999613,75.476,-250.52399999999614,26.511658082191786,37.54,-314.57565808218794,-3.1858214716493416
SBER_QP,20,2026-04-20,2026-05-19,29,32100.0,31500.0,325.22,323.66,-600.0,156.00000000000023,276.301,-167.69899999999978,109.83401205479453,37.54,-315.07301205479433,-3.190858355223231
SBER_QP,5,2026-01-30,2026-02-06,7,31889.0,31111.0,305.05,300.85,-778.0,419.99999999999886,106.77099999999999,-251.22900000000115,26.511658082191786,37.54,-315.28065808219293,-3.19296126164842
SBER_QP,10,2026-06-09,2026-06-24,15,31021.0,28452.0,321.23,299.35,-2569.0,2187.9999999999995,158.285,-222.71500000000046,56.81069589041096,37.54,-317.06569589041146,-3.2110389851817605
SBER_QP,3,2026-03-25,2026-03-30,5,32100.0,31500.0,317.32,314.5,-600.0,281.9999999999993,56.596000000000004,-261.4040000000007,18.936898630136987,37.54,-317.88089863013766,-3.219294838186409
SBER_QP,3,2026-01-30,2026-02-04,5,31889.0,31542.0,305.05,304.84,-347.0,21.000000000003638,60.27400000000001,-265.72599999999636,18.936898630136987,37.54,-322.20289863013335,-3.2630652954570007
SBER_QP,10,2026-03-03,2026-03-17,14,32421.0,32690.0,311.2,318.02,269.0,-681.9999999999993,181.089,-231.91099999999932,53.02331616438357,37.54,-322.4743161643829,-3.2658140389982715
SBER_QP,10,2026-03-10,2026-03-24,14,32199.0,32100.0,314.28,317.38,-99.0,-310.0000000000023,175.73499999999999,-233.2650000000023,53.02331616438357,37.54,-323.82831616438585,-3.2795264867411147
SBER_QP,10,2026-03-20,2026-04-03,14,32497.0,31524.0,320.46,315.0,-973.0,545.999999999998,190.391,-236.60900000000206,53.02331616438357,37.54,-327.1723161643857,-3.313392384268416
SBER_QP,5,2026-03-23,2026-03-30,7,32160.0,31500.0,317.54,314.5,-660.0,304.00000000000205,89.485,-266.51499999999794,26.511658082191786,37.54,-330.56665808218975,-3.347768112606031
SBER_QP,10,2026-03-24,2026-04-07,14,32100.0,31815.0,317.38,318.77,-285.0,-138.99999999999864,183.361,-240.63899999999865,53.02331616438357,37.54,-331.20231616438224,-3.354205651922398
SBER_QP,20,2026-01-22,2026-02-19,28,32302.0,32455.0,305.99,312.96,153.0,-696.999999999997,355.63,-188.36999999999705,106.04663232876715,37.54,-331.9566323287642,-3.361844884555816
SBER_QP,10,2026-06-08,2026-06-23,15,30955.0,29395.0,319.5,307.94,-1560.0,1156.0000000000002,160.201,-243.79899999999978,56.81069589041096,37.54,-338.1496958904108,-3.4245642792803372
SBER_QP,20,2026-04-29,2026-05-28,29,31136.0,31231.0,316.46,322.3,95.0,-584.0000000000032,297.622,-191.37800000000317,109.83401205479453,37.54,-338.7520120547977,-3.4306641529352913
SBER_QP,20,2026-05-15,2026-06-15,31,31501.0,31047.0,322.88,323.25,-454.0,-37.000000000000455,306.70099999999996,-184.2990000000005,117.40877150684932,37.54,-339.2477715068498,-3.4356848882227875
SBER_QP,20,2026-05-28,2026-06-26,29,31231.0,28262.0,322.3,297.85,-2969.0,2444.999999999999,331.137,-192.8630000000009,109.83401205479453,37.54,-340.23701205479546,-3.4457032850608806
SBER_QP,20,2026-01-26,2026-02-24,29,31991.0,32626.0,303.35,315.35,635.0,-1200.0,368.19,-196.81,109.83401205479453,37.54,-344.18401205479455,-3.4856759816937264
SBER_QP,5,2026-04-15,2026-04-22,7,31879.0,31990.0,320.64,325.26,111.0,-462.00000000000045,69.448,-281.5520000000005,26.511658082191786,37.54,-345.6036580821923,-3.5000532505002138
SBER_QP,10,2026-02-10,2026-02-25,15,31932.0,32948.0,303.07,317.4,1016.0,-1432.9999999999984,164.767,-252.2329999999984,56.81069589041096,37.54,-346.5836958904094,-3.509978447864437
SBER_QP,10,2026-02-27,2026-03-13,14,32879.0,32502.0,315.94,316.63,-377.0,-68.99999999999977,189.28400000000002,-256.7159999999998,53.02331616438357,37.54,-347.2793161643834,-3.517023245985346
SBER_QP,3,2026-02-16,2026-02-19,3,32599.0,32455.0,310.94,312.96,-144.0,-201.99999999999818,46.517,-299.4829999999982,11.362139178082192,37.54,-348.3851391780804,-3.528222315622067
SBER_QP,5,2026-02-12,2026-02-19,7,32125.0,32455.0,306.02,312.96,330.0,-693.9999999999998,76.55499999999999,-287.44499999999977,26.511658082191786,37.54,-351.4966580821916,-3.559733793002718
SBER_QP,3,2026-04-01,2026-04-06,5,31800.0,31743.0,316.5,319.47,-57.0,-297.00000000000273,58.068,-295.93200000000274,18.936898630136987,37.54,-352.40889863013973,-3.568972382989878
SBER_QP,5,2026-03-13,2026-03-20,7,32502.0,32497.0,316.63,320.46,-5.0,-382.9999999999984,99.196,-288.8039999999984,26.511658082191786,37.54,-352.8556580821902,-3.5734968775540215
SBER_QP,10,2026-04-28,2026-05-13,15,31500.0,31768.0,320.0,326.9,268.0,-689.9999999999977,162.892,-259.10799999999773,56.81069589041096,37.54,-353.4586958904087,-3.579604059557077
SBER_QP,10,2026-03-25,2026-04-08,14,32100.0,31872.0,317.32,319.49,-228.0,-217.0000000000016,179.994,-265.00600000000156,53.02331616438357,37.54,-355.56931616438516,-3.6009790744845698
SBER_QP,20,2026-06-08,2026-07-07,29,30955.0,28063.0,319.5,296.93,-2892.0,2256.999999999999,425.549,-209.45100000000093,109.83401205479453,37.54,-356.8250120547955,-3.6136959609528985
SBER_QP,40,2026-04-21,2026-06-18,58,31771.0,30241.0,323.7,315.47,-1530.0,822.9999999999961,604.752,-102.24800000000391,219.66802410958906,37.54,-359.456024109593,-3.6403411716708627
SBER_QP,20,2026-05-27,2026-06-25,29,31280.0,28429.0,322.01,299.01,-2851.0,2300.0,338.031,-212.969,109.83401205479453,37.54,-360.34301205479454,-3.6493240194161225
SBER_QP,10,2026-01-06,2026-01-21,15,32200.0,32449.0,299.13,306.0,249.0,-687.0000000000005,171.077,-266.92300000000046,56.81069589041096,37.54,-361.27369589041143,-3.658749391248455
SBER_QP,10,2026-02-09,2026-02-24,15,31718.0,32626.0,301.88,315.35,908.0,-1347.0000000000027,171.85299999999998,-267.1470000000028,56.81069589041096,37.54,-361.49769589041375,-3.6610179202694457
SBER_QP,20,2026-01-14,2026-02-11,28,31772.0,31800.0,299.42,305.44,28.0,-601.9999999999982,356.086,-217.91399999999817,106.04663232876715,37.54,-361.50063232876533,-3.6610476586427443
SBER_QP,10,2026-03-26,2026-04-09,14,31900.0,31615.0,315.56,317.23,-285.0,-167.0000000000016,178.07500000000002,-273.92500000000155,53.02331616438357,37.54,-364.48831616438514,-3.691305013493546
SBER_QP,10,2026-01-15,2026-01-29,14,31745.0,32273.0,298.0,307.59,528.0,-958.9999999999975,154.40099999999998,-276.59899999999755,53.02331616438357,37.54,-367.16231616438114,-3.7183855786813074
SBER_QP,10,2026-03-11,2026-03-25,14,32300.0,32100.0,314.71,317.32,-200.0,-261.00000000000136,182.191,-278.80900000000133,53.02331616438357,37.54,-369.3723161643849,-3.7407670480400004
SBER_QP,10,2026-04-09,2026-04-23,14,31615.0,32220.0,317.23,327.51,605.0,-1027.9999999999973,139.726,-283.2739999999973,53.02331616438357,37.54,-373.83731616438087,-3.785985718033802
SBER_QP,5,2026-02-17,2026-02-25,8,32554.0,32948.0,309.57,317.4,394.0,-782.9999999999984,81.28800000000001,-307.7119999999984,30.29903780821918,37.54,-375.5510378082176,-3.803341196975338
SBER_QP,10,2026-04-13,2026-04-27,14,31473.0,31730.0,316.24,322.98,257.0,-674.0000000000009,130.03199999999998,-286.9680000000009,53.02331616438357,37.54,-377.5313161643845,-3.8233961921564044
SBER_QP,5,2026-03-11,2026-03-18,7,32300.0,32588.0,314.71,321.67,288.0,-696.0000000000036,89.283,-318.7170000000036,26.511658082191786,37.54,-382.76865808219543,-3.876436648108568
SBER_QP,40,2026-05-07,2026-07-03,57,31200.0,28643.0,319.27,301.75,-2557.0,1751.9999999999982,675.444,-129.55600000000186,215.88064438356167,37.54,-382.97664438356355,-3.878543000611324
SBER_QP,40,2026-04-17,2026-06-16,60,31900.0,30818.0,323.76,320.11,-1082.0,364.9999999999977,596.103,-120.89700000000232,227.24278356164385,37.54,-385.67978356164616,-3.90591866879523
SBER_QP,5,2026-04-10,2026-04-17,7,31680.0,31900.0,317.54,323.76,220.0,-621.999999999997,76.421,-325.57899999999705,26.511658082191786,37.54,-389.63065808218886,-3.9459306040990385
SBER_QP,20,2026-04-07,2026-05-06,29,31815.0,31400.0,318.77,320.0,-415.0,-123.00000000000182,294.069,-243.9310000000018,109.83401205479453,37.54,-391.30501205479635,-3.9628873923947197
SBER_QP,10,2026-04-14,2026-04-28,14,31678.0,31500.0,317.5,320.0,-178.0,-250.0,124.925,-303.075,53.02331616438357,37.54,-393.6383161643836,-3.9865176070703527
SBER_QP,5,2026-01-12,2026-01-19,7,31585.0,31621.0,299.43,304.01,36.0,-457.9999999999984,90.607,-331.39299999999844,26.511658082191786,37.54,-395.44465808219024,-4.004811085027205
SBER_QP,10,2026-02-19,2026-03-06,15,32455.0,32105.0,312.96,314.47,-350.0,-151.00000000000477,196.95,-304.0500000000048,56.81069589041096,37.54,-398.40069589041576,-4.034747949112193
SBER_QP,20,2026-04-09,2026-05-08,29,31615.0,31186.0,317.23,318.4,-429.0,-116.99999999999591,293.485,-252.5149999999959,109.83401205479453,37.54,-399.88901205479044,-4.049820665233886
SBER_QP,20,2026-03-18,2026-04-15,28,32588.0,31879.0,321.67,320.64,-709.0,103.00000000000296,347.57,-258.42999999999705,106.04663232876715,37.54,-402.0166323287642,-4.071367845310264
SBER_QP,40,2026-01-12,2026-03-10,57,31585.0,32199.0,299.43,314.28,614.0,-1484.9999999999966,721.862,-149.13799999999662,215.88064438356167,37.54,-402.5586443835583,-4.07685699743533
SBER_QP,5,2026-02-16,2026-02-24,8,32599.0,32626.0,310.94,315.35,27.0,-441.0000000000025,78.93900000000001,-335.0610000000025,30.29903780821918,37.54,-402.90003780822167,-4.0803144121291535
SBER_QP,5,2026-02-26,2026-03-05,7,33000.0,32479.0,316.11,315.42,-521.0,68.99999999999977,110.819,-341.1810000000002,26.511658082191786,37.54,-405.232658082192,-4.10393770135415
SBER_QP,20,2026-02-16,2026-03-17,29,32599.0,32690.0,310.94,318.02,91.0,-707.9999999999984,359.013,-257.98699999999843,109.83401205479453,37.54,-405.361012054793,-4.105237588460408
SBER_QP,10,2026-04-08,2026-04-22,14,31872.0,31990.0,319.49,325.26,118.0,-576.9999999999982,144.11599999999999,-314.8839999999982,53.02331616438357,37.54,-405.4473161643818,-4.106111621394475
SBER_QP,20,2026-03-06,2026-04-03,28,32105.0,31524.0,314.47,315.0,-581.0,-52.99999999999727,370.045,-263.95499999999726,106.04663232876715,37.54,-407.5416323287644,-4.127321518706903
SBER_QP,3,2026-04-14,2026-04-17,3,31678.0,31900.0,317.5,323.76,222.0,-625.9999999999991,43.261,-360.73899999999907,11.362139178082192,37.54,-409.6411391780813,-4.1485839839631335
SBER_QP,10,2026-02-26,2026-03-12,14,33000.0,32589.0,316.11,317.17,-411.0,-106.00000000000023,197.579,-319.4210000000002,53.02331616438357,37.54,-409.9843161643838,-4.152059461430792
SBER_QP,20,2026-05-25,2026-06-23,29,31253.0,29395.0,320.6,307.94,-1858.0,1266.0000000000025,324.395,-267.6049999999975,109.83401205479453,37.54,-414.97901205479207,-4.202642553298199
SBER_QP,3,2026-03-13,2026-03-18,5,32502.0,32588.0,316.63,321.67,86.0,-504.00000000000205,57.896,-360.10400000000203,18.936898630136987,37.54,-416.580898630139,-4.218865438050311
SBER_QP,3,2026-03-17,2026-03-20,3,32690.0,32497.0,318.02,320.46,-193.0,-243.99999999999977,64.108,-372.89199999999977,11.362139178082192,37.54,-421.794139178082,-4.271661810712338
SBER_QP,5,2026-03-16,2026-03-23,7,32483.0,32160.0,316.14,317.54,-323.0,-140.0000000000034,102.40899999999999,-360.5910000000034,26.511658082191786,37.54,-424.6426580821952,-4.300509791965713
SBER_QP,3,2026-02-10,2026-02-13,3,31932.0,32001.0,303.07,308.04,69.0,-497.00000000000273,51.466,-376.5340000000027,11.362139178082192,37.54,-425.43613917808494,-4.308545662026495
SBER_QP,40,2026-01-09,2026-03-09,59,31377.0,32200.0,299.19,316.35,823.0,-1716.0000000000025,727.508,-165.49200000000246,223.45540383561647,37.54,-426.487403835619,-4.319192199456555
SBER_QP,40,2026-05-06,2026-07-02,57,31400.0,28742.0,320.0,301.8,-2658.0,1819.9999999999989,663.019,-174.98100000000113,215.88064438356167,37.54,-428.4016443835628,-4.338578405867822
SBER_QP,40,2026-05-11,2026-07-07,57,31569.0,28063.0,323.0,296.93,-3506.0,2606.999999999999,722.256,-176.74400000000094,215.88064438356167,37.54,-430.16464438356263,-4.35643294454624
SBER_QP,10,2026-03-12,2026-03-26,14,32589.0,31900.0,317.17,315.56,-689.0,161.00000000000136,185.563,-342.43699999999865,53.02331616438357,37.54,-433.00031616438224,-4.385150818335206
SBER_QP,3,2026-01-29,2026-02-03,5,32273.0,31506.0,307.59,304.2,-767.0,338.99999999999864,51.17,-376.83000000000135,18.936898630136987,37.54,-433.30689863013833,-4.388255689857026
SBER_QP,5,2026-01-06,2026-01-14,8,32200.0,31772.0,299.13,299.42,-428.0,-29.000000000002046,90.115,-366.88500000000204,30.29903780821918,37.54,-434.7240378082212,-4.402607570893773
SBER_QP,5,2026-03-04,2026-03-11,7,32420.0,32300.0,311.25,314.71,-120.0,-345.99999999999795,91.808,-374.19199999999796,26.511658082191786,37.54,-438.24365808218977,-4.43825203845754
SBER_QP,20,2026-05-22,2026-06-22,31,31444.0,29137.0,322.35,305.44,-2307.0,1691.0000000000025,331.159,-284.8409999999975,117.40877150684932,37.54,-439.7897715068469,-4.453910088339425
SBER_QP,10,2026-04-03,2026-04-17,14,31524.0,31900.0,315.0,323.76,376.0,-875.9999999999991,150.116,-349.8839999999991,53.02331616438357,37.54,-440.4473161643827,-4.460569280920685
SBER_QP,40,2026-02-03,2026-04-01,57,31506.0,31800.0,304.2,316.5,294.0,-1230.0000000000011,748.761,-187.23900000000117,215.88064438356167,37.54,-440.65964438356286,-4.462719605595599
SBER_QP,20,2026-01-21,2026-02-18,28,32449.0,32592.0,306.0,313.94,143.0,-793.9999999999998,352.56600000000003,-298.43399999999974,106.04663232876715,37.54,-442.0206323287669,-4.4765028227870385
SBER_QP,5,2026-01-28,2026-02-04,7,31962.0,31542.0,304.3,304.84,-420.0,-53.99999999999636,93.848,-380.15199999999635,26.511658082191786,37.54,-444.20365808218816,-4.498611114193985
SBER_QP,40,2026-01-08,2026-03-06,57,31391.0,32105.0,298.22,314.47,714.0,-1625.0,717.797,-193.20299999999997,215.88064438356167,37.54,-446.62364438356167,-4.523119190778852
SBER_QP,10,2026-04-10,2026-04-24,14,31680.0,31900.0,317.54,324.8,220.0,-725.9999999999991,141.37800000000001,-364.62199999999905,53.02331616438357,37.54,-455.18531616438264,-4.609826337666318
SBER_QP,5,2026-03-02,2026-03-09,7,32417.0,32200.0,313.52,316.35,-217.0,-283.0000000000041,108.21000000000001,-391.79000000000406,26.511658082191786,37.54,-455.84165808219586,-4.616473349667376
SBER_QP,20,2026-03-30,2026-04-27,28,31500.0,31730.0,314.5,322.98,230.0,-848.0000000000018,304.099,-313.90100000000183,106.04663232876715,37.54,-457.487632328769,-4.633142726212539
SBER_QP,20,2026-03-31,2026-04-28,28,31547.0,31500.0,314.35,320.0,-47.0,-564.9999999999977,298.05199999999996,-313.94799999999776,106.04663232876715,37.54,-457.5346323287649,-4.633618712212433
SBER_QP,40,2026-02-04,2026-04-02,57,31542.0,31721.0,304.84,316.2,179.0,-1136.0000000000014,751.645,-205.35500000000138,215.88064438356167,37.54,-458.7756443835631,-4.646186890166363
SBER_QP,40,2026-04-22,2026-06-19,58,31990.0,30032.0,325.26,313.86,-1958.0,1139.9999999999977,615.8820000000001,-202.1180000000022,219.66802410958906,37.54,-459.3260241095913,-4.651760784724609
SBER_QP,10,2026-02-20,2026-03-09,17,32478.0,32200.0,313.52,316.35,-278.0,-283.0000000000041,203.44699999999997,-357.5530000000041,64.38545534246576,37.54,-459.4784553424699,-4.653304510954462
SBER_QP,10,2026-04-02,2026-04-16,14,31721.0,31737.0,316.2,321.71,16.0,-550.9999999999991,162.708,-372.2919999999991,53.02331616438357,37.54,-462.8553161643827,-4.687503201911061
SBER_QP,40,2026-05-05,2026-07-01,57,31551.0,29171.0,322.0,306.68,-2380.0,1531.9999999999993,635.688,-212.3120000000007,215.88064438356167,37.54,-465.7326443835624,-4.716642945518465
SBER_QP,10,2026-03-19,2026-04-02,14,32667.0,31721.0,320.01,316.2,-946.0,381.0000000000002,186.431,-378.56899999999973,53.02331616438357,37.54,-469.1323161643833,-4.751072651306666
SBER_QP,40,2026-04-24,2026-06-23,60,31900.0,29395.0,324.8,307.94,-2505.0,1686.0000000000014,614.5749999999999,-204.4249999999987,227.24278356164385,37.54,-469.20778356164254,-4.751836936935324
SBER_QP,3,2026-02-17,2026-02-20,3,32554.0,32478.0,309.57,313.52,-76.0,-394.99999999999886,48.922,-422.07799999999884,11.362139178082192,37.54,-470.98013917808106,-4.76978622332535
SBER_QP,10,2026-04-07,2026-04-21,14,31815.0,31771.0,318.77,323.7,-44.0,-493.0000000000007,152.521,-384.4790000000007,53.02331616438357,37.54,-475.0423161643843,-4.810925358958101
SBER_QP,40,2026-04-20,2026-06-17,58,32100.0,30671.0,325.22,319.0,-1429.0,622.0000000000027,588.918,-218.08199999999727,219.66802410958906,37.54,-475.29002410958634,-4.81343398691531
SBER_QP,20,2026-05-26,2026-06-24,29,31186.0,28452.0,320.14,299.35,-2734.0,2078.9999999999964,325.396,-329.6040000000036,109.83401205479453,37.54,-476.97801205479817,-4.830528851382974
SBER_QP,20,2026-02-12,2026-03-13,29,32125.0,32502.0,306.02,316.63,377.0,-1061.0000000000014,353.96299999999997,-330.0370000000014,109.83401205479453,37.54,-477.41101205479595,-4.834913998999376
SBER_QP,20,2026-02-19,2026-03-20,29,32455.0,32497.0,312.96,320.46,42.0,-750.0,376.604,-331.396,109.83401205479453,37.54,-478.77001205479456,-4.84867708355068
SBER_QP,40,2026-01-14,2026-03-12,57,31772.0,32589.0,299.42,317.17,817.0,-1775.0,722.349,-235.65099999999995,215.88064438356167,37.54,-489.07164438356165,-4.9530054402522286
SBER_QP,5,2026-03-03,2026-03-10,7,32421.0,32199.0,311.2,314.28,-222.0,-307.9999999999984,102.954,-427.0459999999984,26.511658082191786,37.54,-491.0976580821902,-4.973523613788911
SBER_QP,5,2026-03-17,2026-03-24,7,32690.0,32100.0,318.02,317.38,-590.0,63.999999999998636,97.6,-428.40000000000134,26.511658082191786,37.54,-492.45165808219315,-4.987236061531755
SBER_QP,40,2026-04-30,2026-06-29,60,31345.0,29247.0,319.59,307.14,-2098.0,1244.9999999999989,623.053,-229.94700000000114,227.24278356164385,37.54,-494.729783561645,-5.0103074622618555
SBER_QP,20,2026-02-24,2026-03-24,28,32626.0,32100.0,315.35,317.38,-526.0,-202.99999999999727,377.674,-351.3259999999973,106.04663232876715,37.54,-494.91263232876446,-5.01215923786301
SBER_QP,20,2026-04-08,2026-05-07,29,31872.0,31200.0,319.49,319.27,-672.0,22.00000000000273,301.783,-348.21699999999726,109.83401205479453,37.54,-495.5910120547918,-5.019029434718943
SBER_QP,20,2026-02-20,2026-03-23,31,32478.0,32160.0,313.52,317.54,-318.0,-402.00000000000387,379.268,-340.7320000000039,117.40877150684932,37.54,-495.6807715068532,-5.0199384611560305
SBER_QP,20,2026-04-01,2026-04-29,28,31800.0,31136.0,316.5,316.46,-664.0,4.000000000002046,305.111,-354.88899999999796,106.04663232876715,37.54,-498.47563232876513,-5.048243027602784
SBER_QP,20,2026-04-15,2026-05-14,29,31879.0,31666.0,320.64,325.08,-213.0,-443.9999999999998,296.69599999999997,-360.3039999999998,109.83401205479453,37.54,-507.67801205479435,-5.141438855595918
SBER_QP,20,2026-04-10,2026-05-11,31,31680.0,31569.0,317.54,323.0,-111.0,-545.999999999998,299.045,-357.95499999999794,117.40877150684932,37.54,-512.9037715068472,-5.1943620117279625
SBER_QP,10,2026-03-23,2026-04-06,14,32160.0,31743.0,317.54,319.47,-417.0,-193.00000000000068,183.02100000000002,-426.97900000000067,53.02331616438357,37.54,-517.5423161643843,-5.241338231239916
SBER_QP,40,2026-05-08,2026-07-06,59,31186.0,28256.0,318.4,298.68,-2930.0,1971.999999999997,701.406,-256.594000000003,223.45540383561647,37.54,-517.5894038356195,-5.241815105118161
SBER_QP,5,2026-04-14,2026-04-21,7,31678.0,31771.0,317.5,323.7,93.0,-619.9999999999989,72.128,-454.8719999999989,26.511658082191786,37.54,-518.9236580821906,-5.2553275804739465
SBER_QP,40,2026-04-16,2026-06-15,60,31737.0,31047.0,321.71,323.25,-690.0,-154.00000000000205,589.302,-254.69800000000203,227.24278356164385,37.54,-519.4807835616458,-5.260969791717093
SBER_QP,10,2026-01-23,2026-02-06,14,32363.0,31111.0,307.2,300.85,-1252.0,634.9999999999966,183.306,-433.69400000000337,53.02331616438357,37.54,-524.2573161643869,-5.309343465060469
SBER_QP,40,2026-04-23,2026-06-22,60,32220.0,29137.0,327.51,305.44,-3083.0,2206.999999999999,614.027,-261.97300000000087,227.24278356164385,37.54,-526.7557835616446,-5.334646348090026
SBER_QP,40,2026-03-30,2026-05-26,57,31500.0,31186.0,314.5,320.14,-314.0,-563.9999999999986,601.973,-276.0269999999987,215.88064438356167,37.54,-529.4476443835604,-5.361907796281642
SBER_QP,20,2026-02-09,2026-03-10,29,31718.0,32199.0,301.88,314.28,481.0,-1239.9999999999977,373.792,-385.20799999999775,109.83401205479453,37.54,-532.5820120547922,-5.39365067139134
SBER_QP,40,2026-04-27,2026-06-24,58,31730.0,28452.0,322.98,299.35,-3278.0,2362.9999999999995,623.27,-291.7300000000005,219.66802410958906,37.54,-548.9380241095895,-5.559293921452077
SBER_QP,20,2026-03-09,2026-04-06,28,32200.0,31743.0,316.35,319.47,-457.0,-312.00000000000045,358.84200000000004,-410.1580000000004,106.04663232876715,37.54,-553.7446323287675,-5.6079721814414825
SBER_QP,10,2026-03-13,2026-03-27,14,32502.0,31599.0,316.63,314.16,-903.0,246.99999999999704,192.59900000000002,-463.4010000000029,53.02331616438357,37.54,-553.9643161643864,-5.610196999104604
SBER_QP,20,2026-04-02,2026-04-30,28,31721.0,31345.0,316.2,319.59,-376.0,-338.99999999999864,302.623,-412.37699999999865,106.04663232876715,37.54,-555.9636323287657,-5.630444797055426
SBER_QP,3,2026-01-05,2026-01-09,4,31916.0,31377.0,299.0,299.19,-539.0,-18.999999999999773,52.88699999999999,-505.1129999999998,15.14951890410959,37.54,-557.8025189041093,-5.649067866530582
SBER_QP,40,2026-04-06,2026-06-02,57,31743.0,31550.0,319.47,326.4,-193.0,-692.999999999995,578.587,-307.412999999995,215.88064438356167,37.54,-560.8336443835567,-5.679765170621301
SBER_QP,10,2026-01-20,2026-02-03,14,32101.0,31506.0,303.86,304.2,-595.0,-33.9999999999975,154.455,-474.54499999999746,53.02331616438357,37.54,-565.108316164381,-5.723056317897692
SBER_QP,20,2026-02-10,2026-03-11,29,31932.0,32300.0,303.07,314.71,368.0,-1163.9999999999986,362.367,-433.6329999999986,109.83401205479453,37.54,-581.0070120547931,-5.8840681617501005
SBER_QP,5,2026-02-27,2026-03-06,7,32879.0,32105.0,315.94,314.47,-774.0,146.99999999999704,108.826,-518.1740000000029,26.511658082191786,37.54,-582.2256580821947,-5.896409830854777
SBER_QP,40,2026-04-08,2026-06-04,57,31872.0,31294.0,319.49,322.9,-578.0,-340.9999999999968,588.412,-330.5879999999968,215.88064438356167,37.54,-584.0086443835585,-5.914466778036168
SBER_QP,40,2026-04-10,2026-06-08,59,31680.0,30955.0,317.54,319.5,-725.0,-195.99999999999795,595.752,-325.247999999998,223.45540383561647,37.54,-586.2434038356145,-5.937098995321306
SBER_QP,40,2026-04-28,2026-06-25,58,31500.0,28429.0,320.0,299.01,-3071.0,2099.000000000001,640.792,-331.20799999999906,219.66802410958906,37.54,-588.4160241095881,-5.959101906674215
SBER_QP,20,2026-03-27,2026-04-24,28,31599.0,31900.0,314.16,324.8,301.0,-1063.9999999999986,312.06100000000004,-450.9389999999986,106.04663232876715,37.54,-594.5256323287657,-6.020976118959695
SBER_QP,20,2026-02-25,2026-03-25,28,32948.0,32100.0,317.4,317.32,-848.0,7.999999999998408,379.791,-460.2090000000016,106.04663232876715,37.54,-603.7956323287688,-6.114856761925664
SBER_QP,3,2026-01-14,2026-01-19,5,31772.0,31621.0,299.42,304.01,-151.0,-458.9999999999975,58.646,-551.3539999999975,18.936898630136987,37.54,-607.8308986301345,-6.155723363318438
SBER_QP,40,2026-04-13,2026-06-09,57,31473.0,31021.0,316.24,321.23,-452.0,-499.0000000000009,595.017,-355.98300000000086,215.88064438356167,37.54,-609.4036443835626,-6.171651128426721
SBER_QP,20,2026-04-13,2026-05-12,29,31473.0,31647.0,316.24,325.6,174.0,-936.0000000000014,295.92,-466.08000000000135,109.83401205479453,37.54,-613.4540120547958,-6.212670666854319
SBER_QP,40,2026-04-09,2026-06-05,57,31615.0,31166.0,317.23,322.18,-449.0,-494.99999999999886,583.6890000000001,-360.3109999999988,215.88064438356167,37.54,-613.7316443835605,-6.215482349867539
SBER_QP,20,2026-03-05,2026-04-02,28,32479.0,31721.0,315.42,316.2,-758.0,-77.99999999999727,363.166,-472.8339999999973,106.04663232876715,37.54,-616.4206323287644,-6.2427147033975725
SBER_QP,20,2026-03-10,2026-04-07,28,32199.0,31815.0,314.28,318.77,-384.0,-449.0000000000009,359.096,-473.9040000000009,106.04663232876715,37.54,-617.490632328768,-6.253550980417409
SBER_QP,3,2026-03-03,2026-03-06,3,32421.0,32105.0,311.2,314.47,-316.0,-327.00000000000387,65.54299999999999,-577.4570000000039,11.362139178082192,37.54,-626.359139178086,-6.3433655570260195
SBER_QP,20,2026-03-23,2026-04-20,28,32160.0,32100.0,317.54,325.22,-60.0,-768.0000000000007,339.50800000000004,-488.49200000000064,106.04663232876715,37.54,-632.0786323287678,-6.401288932907928
SBER_QP,40,2026-04-15,2026-06-11,57,31879.0,30989.0,320.64,321.63,-890.0,-99.00000000000091,604.772,-384.22800000000086,215.88064438356167,37.54,-637.6486443835624,-6.457698459664364
SBER_QP,40,2026-04-29,2026-06-26,58,31136.0,28262.0,316.46,297.85,-2874.0,1860.9999999999957,628.759,-384.2410000000043,219.66802410958906,37.54,-641.4490241095933,-6.49618627975007
SBER_QP,3,2026-01-06,2026-01-12,6,32200.0,31585.0,299.13,299.43,-615.0,-30.000000000001137,58.153999999999996,-586.8460000000011,22.724278356164383,37.54,-647.1102783561655,-6.553519849185006
SBER_QP,40,2026-01-15,2026-03-13,57,31745.0,32502.0,298.0,316.63,757.0,-1862.9999999999995,711.4639999999999,-394.5359999999996,215.88064438356167,37.54,-647.9566443835613,-6.562091304075669
SBER_QP,40,2026-03-27,2026-05-25,59,31599.0,31253.0,314.16,320.6,-346.0,-643.9999999999998,602.241,-387.7589999999998,223.45540383561647,37.54,-648.7544038356162,-6.57017050259682
SBER_QP,40,2026-04-07,2026-06-03,57,31815.0,31353.0,318.77,324.02,-462.0,-525.0,580.086,-406.914,215.88064438356167,37.54,-660.3346443835617,-6.687447787207539
SBER_QP,20,2026-02-05,2026-03-06,29,31700.0,32105.0,301.46,314.47,405.0,-1301.0000000000048,376.30400000000003,-519.6960000000047,109.83401205479453,37.54,-667.0700120547992,-6.755659291801691
SBER_QP,5,2026-01-05,2026-01-13,8,31916.0,31065.0,299.0,297.44,-851.0,156.00000000000023,90.548,-604.4519999999998,30.29903780821918,37.54,-672.2910378082189,-6.808534508055495
SBER_QP,10,2026-03-17,2026-03-31,14,32690.0,31547.0,318.02,314.35,-1143.0,366.9999999999959,188.227,-587.7730000000041,53.02331616438357,37.54,-678.3363161643877,-6.869757228550124
SBER_QP,40,2026-03-31,2026-05-27,57,31547.0,31280.0,314.35,322.01,-267.0,-765.9999999999968,600.813,-432.18699999999683,215.88064438356167,37.54,-685.6076443835584,-6.943396599470525
SBER_QP,20,2026-04-03,2026-05-04,31,31524.0,31213.0,315.0,320.12,-311.0,-512.0000000000005,292.261,-530.7390000000005,117.40877150684932,37.54,-685.6877715068498,-6.944208075830138
SBER_QP,40,2026-01-28,2026-03-26,57,31962.0,31900.0,304.3,315.56,-62.0,-1125.999999999999,754.65,-433.3499999999991,215.88064438356167,37.54,-686.7706443835607,-6.955174721128519
SBER_QP,20,2026-03-11,2026-04-08,28,32300.0,31872.0,314.71,319.49,-428.0,-478.00000000000296,362.185,-543.815000000003,106.04663232876715,37.54,-687.4016323287701,-6.961564964278468
SBER_QP,20,2026-03-13,2026-04-10,28,32502.0,31680.0,316.63,317.54,-822.0,-91.0000000000025,363.28200000000004,-549.7180000000025,106.04663232876715,37.54,-693.3046323287696,-7.021346780397981
SBER_QP,20,2026-03-26,2026-04-23,28,31900.0,32220.0,315.56,327.51,320.0,-1194.9999999999989,317.801,-557.1989999999989,106.04663232876715,37.54,-700.785632328766,-7.097109573281246
SBER_QP,40,2026-01-21,2026-03-19,57,32449.0,32667.0,306.0,320.01,218.0,-1400.999999999999,731.3620000000001,-451.637999999999,215.88064438356167,37.54,-705.0586443835607,-7.14038391191181
SBER_QP,20,2026-04-14,2026-05-13,29,31678.0,31768.0,317.5,326.9,90.0,-939.9999999999977,287.817,-562.1829999999977,109.83401205479453,37.54,-709.5570120547923,-7.185940508381326
SBER_QP,10,2026-01-21,2026-02-04,14,32449.0,31542.0,306.0,304.84,-907.0,116.0000000000025,166.148,-624.8519999999975,53.02331616438357,37.54,-715.415316164381,-7.245269673052114
SBER_QP,10,2026-03-16,2026-03-30,14,32483.0,31500.0,316.14,314.5,-983.0,163.99999999999864,191.894,-627.1060000000014,53.02331616438357,37.54,-717.6693161643849,-7.26809674632564
SBER_QP,3,2026-03-04,2026-03-09,5,32420.0,32200.0,311.25,316.35,-220.0,-510.0000000000023,65.289,-664.7110000000023,18.936898630136987,37.54,-721.1878986301392,-7.3037307036302455
SBER_QP,5,2026-01-20,2026-01-27,7,32101.0,31506.0,303.86,305.12,-595.0,-125.99999999999909,62.089000000000006,-658.910999999999,26.511658082191786,37.54,-722.9626580821907,-7.321704334532994
SBER_QP,20,2026-03-25,2026-04-22,28,32100.0,31990.0,317.32,325.26,-110.0,-793.9999999999998,324.11,-579.8899999999998,106.04663232876715,37.54,-723.4766323287669,-7.3269095376329405
SBER_QP,20,2026-03-20,2026-04-17,28,32497.0,31900.0,320.46,323.76,-597.0,-330.00000000000114,340.507,-586.4930000000011,106.04663232876715,37.54,-730.0796323287682,-7.393780506942997
SBER_QP,3,2026-01-22,2026-01-27,5,32302.0,31506.0,305.99,305.12,-796.0,87.00000000000045,34.778999999999996,-674.2209999999995,18.936898630136987,37.54,-730.6978986301365,-7.400041913404339
SBER_QP,20,2026-03-17,2026-04-14,28,32690.0,31678.0,318.02,317.5,-1012.0,51.99999999999818,361.354,-598.6460000000018,106.04663232876715,37.54,-742.2326323287689,-7.516858333692202
SBER_QP,20,2026-01-05,2026-02-03,29,31916.0,31506.0,299.0,304.2,-410.0,-519.9999999999989,332.408,-597.5919999999988,109.83401205479453,37.54,-744.9660120547933,-7.544540258843144
SBER_QP,40,2026-02-06,2026-04-06,59,31111.0,31743.0,300.85,319.47,632.0,-1862.0000000000005,740.277,-489.7230000000004,223.45540383561647,37.54,-750.7184038356169,-7.602796811051958
SBER_QP,40,2026-01-23,2026-03-23,59,32363.0,32160.0,307.2,317.54,-203.0,-1034.0000000000032,740.562,-496.43800000000317,223.45540383561647,37.54,-757.4334038356196,-7.670802044872513
SBER_QP,20,2026-03-12,2026-04-09,28,32589.0,31615.0,317.17,317.23,-974.0,-6.000000000000227,363.638,-616.3620000000003,106.04663232876715,37.54,-759.9486323287674,-7.69627467358265
SBER_QP,40,2026-04-14,2026-06-10,57,31678.0,31007.0,317.5,321.89,-671.0,-438.99999999999864,602.397,-507.6029999999986,215.88064438356167,37.54,-761.0236443835602,-7.7071617094942
SBER_QP,20,2026-03-24,2026-04-21,28,32100.0,31771.0,317.38,323.7,-329.0,-631.9999999999993,335.882,-625.1179999999993,106.04663232876715,37.54,-768.7046323287664,-7.784949852634394
SBER_QP,40,2026-01-22,2026-03-20,57,32302.0,32497.0,305.99,320.46,195.0,-1446.999999999997,732.2339999999999,-519.7659999999971,215.88064438356167,37.54,-773.1866443835588,-7.830340809860392
SBER_QP,10,2026-03-04,2026-03-18,14,32420.0,32588.0,311.25,321.67,168.0,-1042.0000000000016,181.091,-692.9090000000016,53.02331616438357,37.54,-783.4723161643851,-7.934507528320004
SBER_QP,20,2026-03-02,2026-03-30,28,32417.0,31500.0,313.52,314.5,-917.0,-98.00000000000182,373.516,-641.4840000000017,106.04663232876715,37.54,-785.0706323287689,-7.950694254228871
SBER_QP,40,2026-03-26,2026-05-22,57,31900.0,31444.0,315.56,322.35,-456.0,-679.000000000002,600.669,-534.3310000000021,215.88064438356167,37.54,-787.7516443835636,-7.977845833031845
SBER_QP,40,2026-02-02,2026-03-31,57,31672.0,31547.0,302.74,314.35,-125.0,-1161.0000000000014,749.402,-536.5980000000013,215.88064438356167,37.54,-790.018644383563,-8.000804562007435
SBER_QP,20,2026-03-16,2026-04-13,28,32483.0,31473.0,316.14,316.24,-1010.0,-10.000000000002274,365.96099999999996,-654.0390000000023,106.04663232876715,37.54,-797.6256323287694,-8.077843280381774
SBER_QP,40,2026-04-01,2026-05-28,57,31800.0,31231.0,316.5,322.3,-569.0,-580.0000000000011,602.7330000000001,-546.2670000000011,215.88064438356167,37.54,-799.6876443835627,-8.09872602229197
SBER_QP,40,2026-01-26,2026-03-24,57,31991.0,32100.0,303.35,317.38,109.0,-1402.9999999999973,745.864,-548.1359999999972,215.88064438356167,37.54,-801.5566443835589,-8.117654061310633
SBER_QP,20,2026-02-26,2026-03-26,28,33000.0,31900.0,316.11,315.56,-1100.0,55.00000000000114,383.142,-661.8579999999988,106.04663232876715,37.54,-805.4446323287659,-8.157029121519892
SBER_QP,40,2026-03-09,2026-05-05,57,32200.0,31551.0,316.35,322.0,-649.0,-564.9999999999977,653.487,-560.5129999999978,215.88064438356167,37.54,-813.9336443835593,-8.243000417080802
SBER_QP,40,2026-01-20,2026-03-18,57,32101.0,32588.0,303.86,321.67,487.0,-1781.0000000000002,718.2439999999999,-575.7560000000003,215.88064438356167,37.54,-829.176644383562,-8.397371791485341
SBER_QP,40,2026-04-02,2026-05-29,57,31721.0,31015.0,316.2,320.84,-706.0,-463.99999999999864,593.1700000000001,-576.8299999999986,215.88064438356167,37.54,-830.2506443835603,-8.408248577951927
SBER_QP,40,2026-04-03,2026-06-01,59,31524.0,31121.0,315.0,322.46,-403.0,-745.999999999998,575.3009999999999,-573.698999999998,223.45540383561647,37.54,-834.6944038356145,-8.453252137234
SBER_QP,40,2026-01-29,2026-03-27,57,32273.0,31599.0,307.59,314.16,-674.0,-657.000000000005,749.662,-581.338000000005,215.88064438356167,37.54,-834.7586443835667,-8.453902724498965
SBER_QP,40,2026-01-30,2026-03-30,59,31889.0,31500.0,305.05,314.5,-389.0,-944.9999999999989,753.5120000000001,-580.4879999999988,223.45540383561647,37.54,-841.4834038356153,-8.52200679582039
SBER_QP,20,2026-02-27,2026-03-27,28,32879.0,31599.0,315.94,314.16,-1280.0,177.99999999999727,381.88300000000004,-720.1170000000027,106.04663232876715,37.54,-863.7036323287698,-8.747039086843847
SBER_QP,40,2026-03-24,2026-05-20,57,32100.0,31500.0,317.38,323.62,-600.0,-624.0000000000009,610.344,-613.6560000000009,215.88064438356167,37.54,-867.0766443835626,-8.781198799943718
SBER_QP,40,2026-03-18,2026-05-14,57,32588.0,31666.0,321.67,325.08,-922.0,-340.9999999999968,644.266,-618.7339999999969,215.88064438356167,37.54,-872.1546443835584,-8.832625542660077
SBER_QP,40,2026-01-06,2026-03-05,58,32200.0,32479.0,299.13,315.42,279.0,-1629.000000000002,725.704,-624.2960000000021,219.66802410958906,37.54,-881.5040241095911,-8.927310092823257
SBER_QP,40,2026-03-25,2026-05-21,57,32100.0,31514.0,317.32,323.88,-586.0,-656.0000000000002,613.203,-628.7970000000003,215.88064438356167,37.54,-882.217644383562,-8.934537183454747
SBER_QP,40,2026-02-13,2026-04-13,59,32001.0,31473.0,308.04,316.24,-528.0,-819.9999999999989,723.755,-624.2449999999989,223.45540383561647,37.54,-885.2404038356153,-8.965149761760047
SBER_QP,40,2026-02-11,2026-04-09,57,31800.0,31615.0,305.44,317.23,-185.0,-1179.000000000002,729.901,-634.0990000000021,215.88064438356167,37.54,-887.5196443835637,-8.988232455192133
SBER_QP,20,2026-03-19,2026-04-16,28,32667.0,31737.0,320.01,321.71,-930.0,-169.99999999999886,349.139,-750.8609999999989,106.04663232876715,37.54,-894.447632328766,-9.058394694971623
SBER_QP,40,2026-03-23,2026-05-19,57,32160.0,31500.0,317.54,323.66,-660.0,-612.0000000000005,615.809,-656.1910000000005,215.88064438356167,37.54,-909.6116443835622,-9.211966129885056
SBER_QP,20,2026-03-04,2026-04-01,28,32420.0,31800.0,311.25,316.5,-620.0,-525.0,366.063,-778.937,106.04663232876715,37.54,-922.5236323287671,-9.342730502081853
SBER_QP,20,2026-02-17,2026-03-18,29,32554.0,32588.0,309.57,321.67,34.0,-1210.0000000000023,368.171,-807.8290000000022,109.83401205479453,37.54,-955.2030120547968,-9.673686400723467
SBER_QP,20,2026-03-03,2026-03-31,28,32421.0,31547.0,311.2,314.35,-874.0,-315.0000000000034,369.316,-819.6840000000034,106.04663232876715,37.54,-963.2706323287705,-9.75539010930229
SBER_QP,40,2026-03-10,2026-05-06,57,32199.0,31400.0,314.28,320.0,-799.0,-572.0000000000027,653.165,-717.8350000000028,215.88064438356167,37.54,-971.2556443835645,-9.836257214566027
SBER_QP,40,2026-03-20,2026-05-18,59,32497.0,31610.0,320.46,325.23,-887.0,-477.00000000000387,626.385,-737.6150000000039,223.45540383561647,37.54,-998.6104038356203,-10.113288757773969
SBER_QP,40,2026-02-05,2026-04-03,57,31700.0,31524.0,301.46,315.0,-176.0,-1354.000000000002,746.349,-783.651000000002,215.88064438356167,37.54,-1037.0716443835636,-10.502799652262489
SBER_QP,20,2026-01-06,2026-02-04,29,32200.0,31542.0,299.13,304.84,-658.0,-570.999999999998,337.225,-891.7749999999979,109.83401205479453,37.54,-1039.1490120547924,-10.523837906054464
SBER_QP,40,2026-03-06,2026-05-04,59,32105.0,31213.0,314.47,320.12,-892.0,-564.9999999999977,662.3059999999999,-794.6939999999978,223.45540383561647,37.54,-1055.6894038356143,-10.691348436290937
SBER_QP,40,2026-03-19,2026-05-15,57,32667.0,31501.0,320.01,322.88,-1166.0,-287.00000000000045,631.74,-821.2600000000004,215.88064438356167,37.54,-1074.6806443835621,-10.883679598465928
SBER_QP,40,2026-02-20,2026-04-20,59,32478.0,32100.0,313.52,325.22,-378.0,-1170.0000000000045,718.776,-829.2240000000046,223.45540383561647,37.54,-1090.219403835621,-11.041046235817856
SBER_QP,40,2026-02-16,2026-04-14,57,32599.0,31678.0,310.94,317.5,-921.0,-656.0000000000002,720.367,-856.6330000000003,215.88064438356167,37.54,-1110.053644383562,-11.241914763906507
SBER_QP,40,2026-02-09,2026-04-07,57,31718.0,31815.0,301.88,318.77,97.0,-1688.9999999999986,732.888,-859.1119999999986,215.88064438356167,37.54,-1112.5326443835602,-11.267020493562645
SBER_QP,40,2026-03-12,2026-05-08,57,32589.0,31186.0,317.17,318.4,-1403.0,-122.99999999999613,657.123,-868.8769999999961,215.88064438356167,37.54,-1122.2976443835578,-11.365914180570432
SBER_QP,40,2026-02-12,2026-04-10,57,32125.0,31680.0,306.02,317.54,-445.0,-1152.0000000000039,717.245,-879.7550000000039,215.88064438356167,37.54,-1133.1756443835654,-11.476079621151253
SBER_QP,40,2026-03-05,2026-04-30,56,32479.0,31345.0,315.42,319.59,-1134.0,-416.9999999999959,665.789,-885.2109999999959,212.0932646575343,37.54,-1134.8442646575302,-11.492978342206897
SBER_QP,40,2026-03-11,2026-05-07,57,32300.0,31200.0,314.71,319.27,-1100.0,-456.0000000000002,663.9680000000001,-892.0320000000002,215.88064438356167,37.54,-1145.4526443835618,-11.600413240751308
SBER_QP,40,2026-02-18,2026-04-16,57,32592.0,31737.0,313.94,321.71,-855.0,-776.9999999999982,727.935,-904.0649999999982,215.88064438356167,37.54,-1157.48564438356,-11.722275784096396
SBER_QP,40,2026-03-13,2026-05-11,59,32502.0,31569.0,316.63,323.0,-933.0,-637.0000000000005,662.327,-907.6730000000005,223.45540383561647,37.54,-1168.6684038356168,-11.835527633879842
SBER_QP,40,2026-02-19,2026-04-17,57,32455.0,31900.0,312.96,323.76,-555.0,-1080.0000000000011,717.111,-917.8890000000011,215.88064438356167,37.54,-1171.3096443835627,-11.862276432247572
SBER_QP,40,2026-03-02,2026-04-27,56,32417.0,31730.0,313.52,322.98,-687.0,-946.0000000000036,677.615,-955.3850000000036,212.0932646575343,37.54,-1205.0182646575379,-12.203655822195307
SBER_QP,40,2026-02-24,2026-04-21,56,32626.0,31771.0,315.35,323.7,-855.0,-834.9999999999966,713.556,-976.4439999999965,212.0932646575343,37.54,-1226.0772646575308,-12.416927932251301
SBER_QP,40,2026-02-10,2026-04-08,57,31932.0,31872.0,303.07,319.49,-60.0,-1642.0000000000016,724.552,-977.4480000000016,215.88064438356167,37.54,-1230.8686443835632,-12.465451967782464
SBER_QP,40,2026-02-25,2026-04-22,56,32948.0,31990.0,317.4,325.26,-958.0,-786.0000000000014,703.9010000000001,-1040.0990000000013,212.0932646575343,37.54,-1289.7322646575356,-13.0615851413125
SBER_QP,40,2026-02-17,2026-04-15,57,32554.0,31879.0,309.57,320.64,-675.0,-1106.9999999999993,715.741,-1066.2589999999993,215.88064438356167,37.54,-1319.679644383561,-13.364873087787627
SBER_QP,40,2026-03-16,2026-05-12,57,32483.0,31647.0,316.14,325.6,-836.0,-946.0000000000036,661.881,-1120.1190000000038,215.88064438356167,37.54,-1373.5396443835655,-13.910332788989994
SBER_QP,40,2026-03-03,2026-04-28,56,32421.0,31500.0,311.2,320.0,-921.0,-880.0000000000011,667.368,-1133.632000000001,212.0932646575343,37.54,-1383.2652646575352,-14.008827663268619
SBER_QP,40,2026-03-04,2026-04-29,56,32420.0,31136.0,311.25,316.46,-1284.0,-520.999999999998,671.174,-1133.825999999998,212.0932646575343,37.54,-1383.4592646575322,-14.010792371438532
SBER_QP,40,2026-03-17,2026-05-13,57,32690.0,31768.0,318.02,326.9,-922.0,-887.9999999999995,649.171,-1160.8289999999995,215.88064438356167,37.54,-1414.2496443835612,-14.322617683827426
SBER_QP,40,2026-02-27,2026-04-24,56,32879.0,31900.0,315.94,324.8,-979.0,-886.0000000000014,693.9440000000001,-1171.0560000000014,212.0932646575343,37.54,-1420.6892646575357,-14.387834047557439
SBER_QP,40,2026-02-26,2026-04-23,56,33000.0,32220.0,316.11,327.51,-780.0,-1139.9999999999977,700.943,-1219.0569999999977,212.0932646575343,37.54,-1468.690264657532,-14.873957536555036
