family,quarter,quarter_short,entry,exit,days,business_days,direction,entry_swaprate,required_swaprate,swaprate_ratio,entry_gap_rub,quarter_pnl_rub,perp_pnl_rub,funding_rub,capital_cost_rub,fees_rub,execution_buffer_rub,net_rub,return_on_current_im_pct,combined_im_rub
CNY,CRH6,CNY-3.26,2026-01-09,2026-03-19,69,49,LONG_QUARTERLY_SHORT_PERP,0.00256,0.0069466624322057895,0.36852229757580396,260.0,873.5,-1259.0000000000005,150.15,68.04645917808212,2.34,10.000000000001563,-315.73645917808415,-13.837408806276041,2281.7599999999998
CNY,CRH6,CNY-3.26,2026-01-12,2026-03-19,66,48,LONG_QUARTERLY_SHORT_PERP,0.00372,0.007258037260274004,0.512535258031944,271.0,810.5000000000011,-1207.0000000000007,146.43,65.04578849315061,2.34,10.000000000001563,-327.45578849315166,-14.351018007728758,2281.7599999999998
CNY,CRH6,CNY-3.26,2026-01-13,2026-03-19,65,47,LONG_QUARTERLY_SHORT_PERP,0.00427,0.007242246062372517,0.5895960953584576,264.0,814.5000000000007,-1204.0000000000007,142.16,64.04556493150677,2.34,10.000000000001563,-323.7255649315083,-14.187537906331443,2281.7599999999998
CNY,CRH6,CNY-3.26,2026-01-14,2026-03-19,64,46,LONG_QUARTERLY_SHORT_PERP,0.00451,0.007138811768910097,0.6317577975148874,253.0,891.5000000000007,-1270.0000000000014,137.65,63.04534136986294,2.34,10.000000000001563,-316.2353413698652,-13.859272726748879,2281.7599999999998
CNY,CRH6,CNY-3.26,2026-01-15,2026-03-19,63,45,LONG_QUARTERLY_SHORT_PERP,0.00894,0.007586335951293793,1.1784344982079722,267.0,925.4999999999995,-1318.0000000000014,128.71,62.0451178082191,2.34,10.000000000001563,-338.17511780822247,-14.820801390515326,2281.7599999999998
CNY,CRH6,CNY-3.26,2026-01-16,2026-03-19,62,44,LONG_QUARTERLY_SHORT_PERP,0.00388,0.0075087475965131085,0.5167306465064538,257.0,920.5000000000006,-1303.000000000001,124.83,61.044894246575275,2.34,10.000000000001563,-331.0548942465772,-14.508751763839195,2281.7599999999998
CNY,CRH6,CNY-3.26,2026-01-19,2026-03-19,59,43,LONG_QUARTERLY_SHORT_PERP,0.00606,0.0074275400828289605,0.8158825038197439,249.0,951.5000000000011,-1326.0000000000005,118.77,58.044223561643776,2.34,10.000000000001563,-326.1142235616446,-14.292222826311473,2281.7599999999998
CNY,CRH6,CNY-3.26,2026-01-20,2026-03-19,58,42,LONG_QUARTERLY_SHORT_PERP,0.00541,0.007842476190476226,0.6898331430791993,260.0,944.4999999999997,-1330.0,113.36,57.04399999999995,2.34,10.000000000001563,-341.5240000000018,-14.967568894187025,2281.7599999999998
CNY,CRH6,CNY-3.26,2026-01-21,2026-03-19,57,41,LONG_QUARTERLY_SHORT_PERP,0.00451,0.007521555522886773,0.5996100123540752,240.0,1135.5000000000005,-1501.0000000000011,108.85,56.04377643835611,2.34,10.000000000001563,-325.03377643835836,-14.244871346607813,2281.7599999999998
CNY,CRH6,CNY-3.26,2026-01-22,2026-03-19,56,40,LONG_QUARTERLY_SHORT_PERP,0.00815,0.007459588821917845,1.0925535166299758,231.0,1295.5000000000005,-1652.000000000001,100.7,55.04355287671228,2.34,10.000000000001563,-323.1835528767143,-14.163783784303096,2281.7599999999998
CNY,CRH6,CNY-3.26,2026-01-23,2026-03-19,55,39,LONG_QUARTERLY_SHORT_PERP,0.0048,0.007317521264488975,0.6559598293610441,219.0,1277.4999999999998,-1622.0000000000016,95.9,54.04332931506845,2.34,10.000000000001563,-314.98332931507184,-13.804402273467492,2281.7599999999998
CNY,CRH6,CNY-3.26,2026-01-26,2026-03-19,52,38,LONG_QUARTERLY_SHORT_PERP,0.00531,0.007746912069214172,0.6854343966419427,231.0,1118.500000000001,-1475.0000000000014,90.59,51.042658630136955,2.34,10.000000000001563,-329.29265863013893,-14.431520345265888,2281.7599999999998
CNY,CRH6,CNY-3.26,2026-01-27,2026-03-19,51,37,LONG_QUARTERLY_SHORT_PERP,0.00777,0.007577903650499854,1.0253495370698564,218.0,1219.5,-1563.0000000000007,82.82000000000001,50.04243506849312,2.34,10.000000000001563,-323.06243506849535,-14.158475697202832,2281.7599999999998
CNY,CRH6,CNY-3.26,2026-01-28,2026-03-19,50,36,LONG_QUARTERLY_SHORT_PERP,0.01015,0.007982839208523634,1.2714774449123805,226.0,1176.5000000000007,-1528.0000000000005,72.67,49.04221150684929,2.34,10.000000000001563,-340.2122115068506,-14.910078689557652,2281.7599999999998
CNY,CRH6,CNY-3.26,2026-01-29,2026-03-19,49,35,LONG_QUARTERLY_SHORT_PERP,0.01314,0.007753771084148772,1.6946592641692029,211.0,1371.5000000000011,-1708.0000000000002,59.53,48.041987945205456,2.34,10.000000000001563,-337.35198794520613,-14.784727050399962,2281.7599999999998
CNY,CRH6,CNY-3.26,2026-01-30,2026-03-19,48,34,LONG_QUARTERLY_SHORT_PERP,0.00991,0.007834757775987154,1.2648763731245505,207.0,1206.5000000000002,-1539.0000000000014,49.620000000000005,47.04176438356163,2.34,10.000000000001563,-342.26176438356424,-14.99990202227948,2281.7599999999998
CNY,CRH6,CNY-3.26,2026-02-02,2026-03-19,45,33,LONG_QUARTERLY_SHORT_PERP,0.01115,0.007617608899958536,1.463713895847382,195.0,1138.5000000000005,-1459.0000000000014,38.47,44.04109369863013,2.34,10.000000000001563,-338.4110936986325,-14.831143227098053,2281.7599999999998
CNY,CRH6,CNY-3.26,2026-02-03,2026-03-19,44,32,LONG_QUARTERLY_SHORT_PERP,0.00888,0.00788690219178087,1.1259173480373652,197.0,1065.5,-1388.0000000000016,29.59,43.04087013698629,2.34,10.000000000001563,-348.2908701369895,-15.264132517749,2281.7599999999998
CNY,CRH6,CNY-3.26,2026-02-04,2026-03-19,43,31,LONG_QUARTERLY_SHORT_PERP,0.00903,0.007528407954043356,1.1994567849036621,179.0,1194.4999999999998,-1499.0000000000005,20.560000000000002,42.04064657534246,2.34,10.000000000001563,-338.32064657534465,-14.827179307873953,2281.7599999999998
CNY,CRH6,CNY-3.26,2026-02-05,2026-03-19,42,30,LONG_QUARTERLY_SHORT_PERP,0.01065,0.007046014100456673,1.511492859389785,158.0,1123.5,-1407.0,9.91,41.04042301369862,2.34,10.000000000001563,-326.97042301370016,-14.329746468239438,2281.7599999999998
CNY,CRH6,CNY-3.26,2026-02-06,2026-03-19,41,29,LONG_QUARTERLY_SHORT_PERP,0.00356,0.00577173101558815,0.6167993606052047,115.0,1112.5000000000007,-1353.0000000000016,6.3500000000000005,40.04019945205479,2.34,10.000000000001563,-286.5301994520572,-12.557420563602536,2281.7599999999998
CNY,CRH6,CNY-3.26,2026-02-09,2026-03-19,38,28,LONG_QUARTERLY_SHORT_PERP,0.00454,0.006513554598825887,0.6970080516126119,133.0,1063.4999999999995,-1322.000000000001,1.8100000000000007,37.03952876712329,2.34,10.000000000001563,-306.06952876712614,-13.413747667025724,2281.7599999999998
CNY,CRH6,CNY-3.26,2026-02-10,2026-03-19,37,27,LONG_QUARTERLY_SHORT_PERP,0.00436,0.005754789081684482,0.757629851956935,107.0,1085.4999999999998,-1318.0000000000014,-2.55,36.03930520547946,2.34,10.000000000001563,-283.4293052054826,-12.421521334648807,2281.7599999999998
CNY,CRH6,CNY-3.26,2026-02-11,2026-03-19,36,26,LONG_QUARTERLY_SHORT_PERP,0.00345,0.005245349293993738,0.6577255024656741,89.0,1121.5000000000011,-1336.0000000000002,-5.999999999999999,35.03908164383562,2.34,10.000000000001563,-267.87908164383623,-11.740020056615782,2281.7599999999998
CNY,CRH6,CNY-3.26,2026-02-12,2026-03-19,35,25,LONG_QUARTERLY_SHORT_PERP,0.01184,0.005815154323287734,2.0360594649371193,99.0,1092.5000000000011,-1317.0000000000002,-17.84,34.03885808219179,2.34,10.000000000001563,-288.71885808219247,-12.65334031984926,2281.7599999999998
CNY,CRH6,CNY-3.26,2026-02-13,2026-03-19,34,24,LONG_QUARTERLY_SHORT_PERP,0.00024,0.00401577643835623,0.05976428311787165,51.0,1211.500000000001,-1388.0000000000016,-18.08,33.03863452054796,2.34,10.000000000001563,-239.9586345205502,-10.516383603908833,2281.7599999999998
CNY,CRH6,CNY-3.26,2026-02-16,2026-03-19,31,23,LONG_QUARTERLY_SHORT_PERP,0.00112,0.00466860712328774,0.2399002465667469,65.0,1167.5000000000005,-1358.0000000000005,-19.2,30.03796383561645,2.34,10.000000000001563,-252.077963835618,-11.047523132828081,2281.7599999999998
CNY,CRH6,CNY-3.26,2026-02-17,2026-03-19,30,22,LONG_QUARTERLY_SHORT_PERP,0.00025,0.0042004089663761615,0.05951801407939658,51.0,1299.5,-1476.000000000001,-19.45,29.06899726027398,2.34,10.000000000001563,-237.35899726027645,-10.402452372741939,2281.7599999999998
CNY,CRH6,CNY-3.26,2026-02-18,2026-03-19,29,21,SHORT_QUARTERLY_LONG_PERP,-0.0012,6.857288975871798e-05,17.499627100773285,-39.0,-1199.5000000000005,1364.0000000000007,18.25,28.100030684931514,2.34,10.000000000001563,142.30996931506715,6.23685090960781,2281.7599999999998
CNY,CRH6,CNY-3.26,2026-02-19,2026-03-19,28,20,SHORT_QUARTERLY_LONG_PERP,-0.00125,0.0005735532054795305,2.179396763993173,-28.0,-1277.4999999999998,1431.000000000001,17.0,27.131064109589047,2.34,10.000000000001563,131.02893589041054,5.742450384370422,2281.7599999999998
CNY,CRH6,CNY-3.26,2026-02-20,2026-03-19,27,19,SHORT_QUARTERLY_LONG_PERP,-0.00082,2.6426186013060184e-05,31.029827747172625,-38.0,-1207.4999999999995,1371.0000000000005,16.18,26.16209753424658,2.34,10.000000000001563,141.17790246575277,6.187237153151637,2281.7599999999998
CNY,CRH6,CNY-3.26,2026-02-24,2026-03-19,23,17,SHORT_QUARTERLY_LONG_PERP,-0.0001,0.00038977830781636915,0.25655609354000175,-28.0,-1269.5000000000007,1423.0,16.08,22.286231232876712,2.34,10.000000000001563,134.95376876712103,5.91445939832064,2281.7599999999998
CNY,CRH6,CNY-3.26,2026-02-25,2026-03-19,22,16,LONG_QUARTERLY_SHORT_PERP,0.00121,0.005041079041095989,0.24002797618045915,47.0,1015.4999999999994,-1188.0000000000007,-17.29,21.317264657534245,2.34,10.000000000001563,-223.44726465753706,-9.79275930236033,2281.7599999999998
CNY,CRH6,CNY-3.26,2026-02-26,2026-03-19,21,15,LONG_QUARTERLY_SHORT_PERP,0.00322,0.004512553205479556,0.7135649937800137,35.0,1100.5000000000002,-1261.000000000001,-20.509999999999998,20.34829808219178,2.34,10.000000000001563,-213.69829808219401,-9.365502861045599,2281.7599999999998
CNY,CRH6,CNY-3.26,2026-02-27,2026-03-19,20,14,LONG_QUARTERLY_SHORT_PERP,0.00303,0.00505138082191792,0.59983598679649,39.0,1126.5,-1291.0000000000005,-23.54,19.37933150684931,2.34,10.000000000001563,-219.7593315068513,-9.631132612844967,2281.7599999999998
CNY,CRH6,CNY-3.26,2026-03-02,2026-03-19,17,13,LONG_QUARTERLY_SHORT_PERP,0.00342,0.005831725521601805,0.586447353760337,47.0,1092.5000000000011,-1265.0000000000005,-26.96,16.47243178082191,2.34,10.000000000001563,-228.2724317808228,-10.004226201740009,2281.7599999999998
CNY,CRH6,CNY-3.26,2026-03-03,2026-03-19,16,12,LONG_QUARTERLY_SHORT_PERP,0.0031,0.00590362210045675,0.5251013610373468,43.0,1140.4999999999993,-1309.0000000000011,-30.06,15.503465205479445,2.34,10.000000000001563,-226.40346520548283,-9.922317211515798,2281.7599999999998
CNY,CRH6,CNY-3.26,2026-03-04,2026-03-19,15,11,LONG_QUARTERLY_SHORT_PERP,0.00355,0.005715863511830777,0.6210785111737113,36.0,1039.5000000000002,-1201.0000000000005,-33.61,14.53449863013698,2.34,10.000000000001563,-221.98449863013877,-9.72865238369236,2281.7599999999998
CNY,CRH6,CNY-3.26,2026-03-05,2026-03-19,14,10,LONG_QUARTERLY_SHORT_PERP,0.0059,0.006890553205479608,0.8562447490149433,43.0,891.5000000000007,-1060.0000000000005,-39.51,13.565532054794515,2.34,10.000000000001563,-233.91553205479585,-10.251539691062858,2281.7599999999998
CNY,CRH6,CNY-3.26,2026-03-06,2026-03-19,13,9,LONG_QUARTERLY_SHORT_PERP,0.00247,0.004215173942161513,0.5859781906730521,13.0,945.5000000000009,-1084.0000000000014,-41.98,12.59656547945205,2.34,10.000000000001563,-205.41656547945405,-9.002549149755191,2281.7599999999998
CNY,CRH6,CNY-3.26,2026-03-09,2026-03-19,10,8,LONG_QUARTERLY_SHORT_PERP,0.00364,0.003503708219178277,1.0388992953453433,6.0,1077.5000000000005,-1209.0000000000014,-45.62,9.689665753424654,2.34,10.000000000001563,-199.14966575342714,-8.727897138762497,2281.7599999999998
CNY,CRH6,CNY-3.26,2026-03-10,2026-03-19,9,7,LONG_QUARTERLY_SHORT_PERP,0.00242,0.006151528454011964,0.39339816406468875,22.0,840.5000000000005,-988.0000000000014,-48.04,8.720699178082189,2.34,10.000000000001563,-216.60069917808465,-9.49270296517095,2281.7599999999998
CNY,CRH6,CNY-3.26,2026-03-11,2026-03-19,8,6,LONG_QUARTERLY_SHORT_PERP,0.00254,0.005515288767123548,0.4605379894414333,13.0,818.5000000000002,-957.0000000000007,-50.58,7.7517326027397235,2.34,10.000000000001563,-209.17173260274174,-9.167122423162022,2281.7599999999998
CNY,CRH6,CNY-3.26,2026-03-12,2026-03-19,7,5,LONG_QUARTERLY_SHORT_PERP,0.00345,0.006824553205479765,0.5055275995547704,15.0,745.4999999999998,-886.000000000001,-54.03,6.782766027397258,2.34,10.000000000001563,-213.65276602740008,-9.363507381468695,2281.7599999999998
CNY,CRH6,CNY-3.26,2026-03-13,2026-03-19,6,4,LONG_QUARTERLY_SHORT_PERP,0.00143,0.002038449863014089,0.701513451935274,-10.0,700.4999999999999,-816.0000000000007,-55.46,5.813799452054793,2.34,10.000000000001563,-189.11379945205715,-8.288067082079499,2281.7599999999998
CNY,CRM6,CNY-6.26,2026-03-20,2026-06-18,90,64,SHORT_QUARTERLY_LONG_PERP,-0.01193,0.001112535479452077,10.72325352345214,-24.0,1235.6,-1230.0000000000005,-280.06,82.86227068493136,2.34,10.000000000001563,-369.66227068493345,-16.200751642807898,2281.7599999999998
CNY,CRM6,CNY-6.26,2026-03-23,2026-06-18,87,63,SHORT_QUARTERLY_LONG_PERP,-0.004,0.0010364344596651674,3.859385379073799,-27.0,1127.600000000001,-1118.9999999999998,-284.06,79.95537095890398,2.34,10.000000000001563,-367.7553709589042,-16.11718020120014,2281.7599999999998
CNY,CRM6,CNY-6.26,2026-03-24,2026-06-18,86,62,SHORT_QUARTERLY_LONG_PERP,-0.00829,0.0016348009898365236,5.070953621595851,10.0,849.6000000000006,-878.0000000000001,-292.35,79.01766136986289,2.34,10.000000000001563,-412.107661369864,-18.060955638185614,2281.7599999999998
CNY,CRM6,CNY-6.26,2026-03-25,2026-06-18,85,61,SHORT_QUARTERLY_LONG_PERP,-0.0014,0.0018429500291938256,0.7596516334262257,22.0,993.6000000000007,-1034.0000000000007,-293.75,78.0799517808218,2.34,10.000000000001563,-424.5699517808233,-18.607125717902996,2281.7599999999998
CNY,CRM6,CNY-6.26,2026-03-26,2026-06-18,84,60,SHORT_QUARTERLY_LONG_PERP,-0.00857,0.0014247040365297046,6.015284424177539,-4.0,874.6000000000009,-888.9999999999993,-302.32,77.14224219178071,2.34,10.000000000001563,-406.20224219178067,-17.802145808138487,2281.7599999999998
CNY,CRM6,CNY-6.26,2026-03-27,2026-06-18,83,59,SHORT_QUARTERLY_LONG_PERP,-0.0032,0.0010600768237752744,3.018649147147441,-26.0,1034.600000000001,-1027.000000000001,-305.52,76.20453260273962,2.34,10.000000000001563,-386.464532602741,-16.937124526801288,2281.7599999999998
CNY,CRM6,CNY-6.26,2026-03-30,2026-06-18,80,58,LONG_QUARTERLY_SHORT_PERP,0.00076,0.003788472479924447,0.2006085576778841,134.0,-1081.6,965.9999999999993,304.76,73.39140383561636,2.34,10.000000000001563,103.42859616438147,4.532842900409398,2281.7599999999998
CNY,CRM6,CNY-6.26,2026-03-31,2026-06-18,79,57,LONG_QUARTERLY_SHORT_PERP,0.00123,0.004382345513097839,0.2806716166773725,165.0,-1111.600000000001,964.9999999999999,303.53,72.45369424657527,2.34,10.000000000001563,72.13630575342198,3.1614326552057177,2281.7599999999998
CNY,CRM6,CNY-6.26,2026-04-01,2026-06-18,78,56,SHORT_QUARTERLY_LONG_PERP,-0.00036,0.0001581425831702813,2.2764267079940583,-75.0,957.6000000000012,-900.9999999999998,-303.89,71.51598465753419,2.34,10.000000000001563,-331.1459846575343,-14.51274387567204,2281.7599999999998
CNY,CRM6,CNY-6.26,2026-04-02,2026-06-18,77,55,SHORT_QUARTERLY_LONG_PERP,-0.00176,-3.7849544209187964e-05,99.0,-85.0,916.6000000000007,-849.9999999999997,-305.65,70.5782750684931,2.34,10.000000000001563,-321.96827506849354,-14.110523239450846,2281.7599999999998
CNY,CRM6,CNY-6.26,2026-04-03,2026-06-18,76,54,LONG_QUARTERLY_SHORT_PERP,0.00156,0.0038885289903602513,0.4011799844792913,128.0,-819.6000000000013,710.0000000000009,304.09,69.64056547945201,2.34,10.000000000001563,112.50943452054604,4.930818075544582,2281.7599999999998
CNY,CRM6,CNY-6.26,2026-04-06,2026-06-18,73,53,LONG_QUARTERLY_SHORT_PERP,0.00204,0.00424844220211944,0.4801760040379732,146.0,-811.6000000000004,684.000000000001,302.05,66.82743671232875,2.34,10.000000000001563,95.28256328767036,4.175836340704999,2281.7599999999998
CNY,CRM6,CNY-6.26,2026-04-07,2026-06-18,72,52,LONG_QUARTERLY_SHORT_PERP,0.0034,0.004254417829294023,0.7991692721361585,143.0,-748.5999999999997,624.0000000000006,298.65,65.88972712328766,2.34,10.000000000001563,95.82027287671164,4.1994019036494485,2281.7599999999998
CNY,CRM6,CNY-6.26,2026-04-08,2026-06-18,71,51,LONG_QUARTERLY_SHORT_PERP,0.00402,0.005005725834004866,0.8030803390571974,178.0,-825.5999999999997,666.0000000000003,294.63,64.95201753424656,2.34,10.000000000001563,57.73798246575252,2.5304143497016574,2281.7599999999998
CNY,CRM6,CNY-6.26,2026-04-09,2026-06-18,70,50,LONG_QUARTERLY_SHORT_PERP,0.00863,0.0052470861589041405,1.644722373265238,186.0,-674.5999999999999,506.99999999999966,286.0,64.01430794520549,2.34,10.000000000001563,42.045692054792696,1.8426868756921282,2281.7599999999998
CNY,CRM6,CNY-6.26,2026-04-10,2026-06-18,69,49,LONG_QUARTERLY_SHORT_PERP,0.00332,0.0048452367011462445,0.6852090423600116,162.0,-596.6000000000005,452.99999999999943,282.68,63.07659835616439,2.34,10.000000000001563,63.663401643833,2.7901006961219847,2281.7599999999998
CNY,CRM6,CNY-6.26,2026-04-13,2026-06-18,66,48,LONG_QUARTERLY_SHORT_PERP,0.00324,0.005116738949771722,0.6332158102661362,173.0,-529.6000000000003,375.0,279.44,60.26346958904111,2.34,10.000000000001563,52.23653041095707,2.289308709546888,2281.7599999999998
CNY,CRM6,CNY-6.26,2026-04-14,2026-06-18,65,47,LONG_QUARTERLY_SHORT_PERP,0.00303,0.005014165106383012,0.6042880391279543,164.0,-400.6000000000007,255.0000000000008,276.41,59.32576000000001,2.34,10.000000000001563,59.14423999999855,2.5920447373956312,2281.7599999999998
CNY,CRM6,CNY-6.26,2026-04-15,2026-06-18,64,46,LONG_QUARTERLY_SHORT_PERP,0.00443,0.005472348921977402,0.8095244040833648,181.0,-462.60000000000014,300.0000000000007,271.98,58.38805041095892,2.34,10.000000000001563,38.651949589040086,1.693953333787957,2281.7599999999998
CNY,CRM6,CNY-6.26,2026-04-16,2026-06-18,63,45,LONG_QUARTERLY_SHORT_PERP,0.00879,0.00586200757382043,1.4994862919072136,194.0,-503.6000000000005,327.99999999999943,263.19,57.45034082191782,2.34,10.000000000001563,17.79965917807957,0.7800846354603276,2281.7599999999998
CNY,CRM6,CNY-6.26,2026-04-17,2026-06-18,62,44,LONG_QUARTERLY_SHORT_PERP,0.00422,0.005587559800747234,0.7552491875676484,177.0,-477.6000000000007,319.00000000000085,258.97,56.51263123287673,2.34,10.000000000001563,31.51736876712188,1.3812744884265604,2281.7599999999998
CNY,CRM6,CNY-6.26,2026-04-20,2026-06-18,59,43,LONG_QUARTERLY_SHORT_PERP,0.0046,0.005838127964319884,0.7879238050473051,185.0,-372.60000000000025,205.99999999999952,254.37,53.69950246575344,2.34,10.000000000001563,21.730497534244268,0.9523568444641097,2281.7599999999998
CNY,CRM6,CNY-6.26,2026-04-21,2026-06-18,58,42,LONG_QUARTERLY_SHORT_PERP,0.00419,0.005240518878016998,0.7995391482275297,155.0,-290.6000000000013,153.99999999999991,250.18,52.76179287671234,2.34,10.000000000001563,48.47820712328475,2.124597114652056,2281.7599999999998
CNY,CRM6,CNY-6.26,2026-04-22,2026-06-18,57,41,LONG_QUARTERLY_SHORT_PERP,0.00598,0.005735709348479824,1.0425911838759616,171.0,-302.59999999999997,150.00000000000034,244.2,51.82408328767125,2.34,10.000000000001563,27.435916712327554,1.2024015107779764,2281.7599999999998
CNY,CRM6,CNY-6.26,2026-04-23,2026-06-18,56,40,LONG_QUARTERLY_SHORT_PERP,0.00954,0.006205659342465793,1.5373064284591105,185.0,-443.6,277.000000000001,234.66,50.88637369863015,2.34,10.000000000001563,4.833626301369282,0.2118376297844332,2281.7599999999998
CNY,CRM6,CNY-6.26,2026-04-24,2026-06-18,55,39,LONG_QUARTERLY_SHORT_PERP,0.00698,0.005827914464348477,1.197684015902989,165.0,-335.6000000000012,189.00000000000006,227.68,49.94866410958905,2.34,10.000000000001563,18.79133589040823,0.8235456792304289,2281.7599999999998
CNY,CRM6,CNY-6.26,2026-04-27,2026-06-18,52,38,LONG_QUARTERLY_SHORT_PERP,0.00907,0.006170408824801772,1.4699188104916823,175.0,-305.6000000000001,149.0000000000009,218.60999999999999,47.135535342465765,2.34,10.000000000001563,2.534464657533487,0.1110749884971902,2281.7599999999998
CNY,CRM6,CNY-6.26,2026-04-28,2026-06-18,51,37,LONG_QUARTERLY_SHORT_PERP,0.01118,0.006609975209181827,1.6913830455022,186.0,-366.6,198.99999999999983,207.43,46.22908273972604,2.34,10.000000000001563,-18.739082739727788,-0.8212556421239654,2281.7599999999998
CNY,CRM6,CNY-6.26,2026-04-29,2026-06-18,50,36,LONG_QUARTERLY_SHORT_PERP,0.01441,0.006212850837138552,2.319386120436267,166.0,-266.60000000000036,118.99999999999977,193.02,45.32263013698631,2.34,10.000000000001563,-12.242630136988456,-0.5365432883821462,2281.7599999999998
CNY,CRM6,CNY-6.26,2026-04-30,2026-06-18,49,35,LONG_QUARTERLY_SHORT_PERP,0.00475,0.00602160507240709,0.7888262253806732,154.0,-322.59999999999957,186.99999999999937,188.27,44.416177534246586,2.34,10.000000000001563,-4.086177534248332,-0.17908007565424638,2281.7599999999998
CNY,CRM6,CNY-6.26,2026-05-04,2026-06-18,45,33,LONG_QUARTERLY_SHORT_PERP,0.00581,0.00667061718555422,0.8709838742630954,167.0,-376.5999999999998,227.99999999999977,182.46,40.79036712328768,2.34,10.000000000001563,-19.270367123289258,-0.8445396151781633,2281.7599999999998
CNY,CRM6,CNY-6.26,2026-05-05,2026-06-18,44,32,LONG_QUARTERLY_SHORT_PERP,0.0066,0.006819497328767173,0.9678132686054071,166.0,-409.60000000000105,262.00000000000045,175.85999999999999,39.883914520547954,2.34,10.000000000001563,-23.963914520550123,-1.050238172312168,2281.7599999999998
CNY,CRM6,CNY-6.26,2026-05-06,2026-06-18,43,31,LONG_QUARTERLY_SHORT_PERP,0.00588,0.005977982642509994,0.9836094133473674,134.0,-273.6000000000001,157.9999999999995,169.98,38.97746191780823,2.34,10.000000000001563,3.062538082189608,0.13421823864865753,2281.7599999999998
CNY,CRM6,CNY-6.26,2026-05-07,2026-06-18,42,30,LONG_QUARTERLY_SHORT_PERP,0.01047,0.006913700310502336,1.5143844149702912,157.0,-298.6000000000004,160.00000000000014,159.51,38.0710093150685,2.34,10.000000000001563,-29.501009315070352,-1.2929058847148849,2281.7599999999998
CNY,CRM6,CNY-6.26,2026-05-08,2026-06-18,41,29,LONG_QUARTERLY_SHORT_PERP,0.00369,0.0062932605762872525,0.586341524440251,133.0,-245.5999999999996,131.00000000000023,155.82,37.164556712328775,2.34,10.000000000001563,-8.284556712329714,-0.36307748020518,2281.7599999999998
CNY,CRM6,CNY-6.26,2026-05-11,2026-06-18,38,28,LONG_QUARTERLY_SHORT_PERP,0.00406,0.005742328532289684,0.7070302538717903,114.0,-128.60000000000048,32.999999999999474,151.76,34.445198904109596,2.34,10.000000000001563,9.374801095887829,0.410858332860942,2281.7599999999998
CNY,CRM6,CNY-6.26,2026-05-12,2026-06-18,37,27,LONG_QUARTERLY_SHORT_PERP,0.00513,0.00632884245560635,0.8105747671844216,125.0,-164.60000000000008,57.99999999999983,146.63,33.53874630136987,2.34,10.000000000001563,-5.848746301371687,-0.2563260948290656,2281.7599999999998
CNY,CRM6,CNY-6.26,2026-05-13,2026-06-18,36,26,LONG_QUARTERLY_SHORT_PERP,0.00612,0.006575857449947374,0.9306771088915526,126.0,-126.59999999999982,19.000000000000128,140.51,32.63229369863014,2.34,10.000000000001563,-12.06229369863141,-0.5286398963357852,2281.7599999999998
CNY,CRM6,CNY-6.26,2026-05-14,2026-06-18,35,25,LONG_QUARTERLY_SHORT_PERP,0.00799,0.00704263364383568,1.134518761599013,132.0,-89.60000000000079,-23.999999999999133,132.52,31.72584109589042,2.34,10.000000000001563,-25.145841095891896,-1.1020370720799688,2281.7599999999998
CNY,CRM6,CNY-6.26,2026-05-15,2026-06-18,34,24,LONG_QUARTERLY_SHORT_PERP,0.00404,0.006214974520548011,0.6500428902231075,106.0,-5.60000000000116,-81.99999999999896,128.48,30.819388493150694,2.34,10.000000000001563,-2.279388493152389,-0.09989606677093074,2281.7599999999998
CNY,CRM6,CNY-6.26,2026-05-18,2026-06-18,31,23,LONG_QUARTERLY_SHORT_PERP,0.0045,0.006627827421084047,0.6789555180155822,112.0,83.39999999999925,-176.9999999999996,123.98,28.100030684931514,2.34,10.000000000001563,-10.060030684933423,-0.44088908057523246,2281.7599999999998
CNY,CRM6,CNY-6.26,2026-05-19,2026-06-18,30,22,LONG_QUARTERLY_SHORT_PERP,0.00588,0.006887889912826971,0.8536721803654225,112.0,343.39999999999907,-436.9999999999994,118.1,27.193578082191788,2.34,10.000000000001563,-15.033578082193664,-0.6588588669357717,2281.7599999999998
CNY,CRM6,CNY-6.26,2026-05-20,2026-06-18,29,21,LONG_QUARTERLY_SHORT_PERP,0.00711,0.00764891073711684,0.9295441199879951,122.0,226.39999999999992,-330.00000000000006,110.99,26.28712547945206,2.34,10.000000000001563,-31.237125479453766,-1.3689925969187717,2281.7599999999998
CNY,CRM6,CNY-6.26,2026-05-21,2026-06-18,28,20,LONG_QUARTERLY_SHORT_PERP,0.00616,0.007286033643835696,0.8454531369357086,108.0,265.39999999999964,-355.00000000000045,104.83,25.380672876712335,2.34,10.000000000001563,-22.49067287671472,-0.9856721511778067,2281.7599999999998
CNY,CRM6,CNY-6.26,2026-05-22,2026-06-18,27,19,LONG_QUARTERLY_SHORT_PERP,0.00514,0.007516537909156535,0.6838254608865243,106.0,170.399999999999,-257.9999999999991,99.69,24.47422027397261,2.34,10.000000000001563,-24.724220273974254,-1.083559194392673,2281.7599999999998
CNY,CRM6,CNY-6.26,2026-05-25,2026-06-18,24,18,LONG_QUARTERLY_SHORT_PERP,0.00519,0.007838603470319722,0.6621077363654817,107.0,95.39999999999971,-183.99999999999926,94.5,21.75486246575343,2.34,10.000000000001563,-28.194862465754547,-1.2356629297452209,2281.7599999999998
CNY,CRM6,CNY-6.26,2026-05-26,2026-06-18,23,17,LONG_QUARTERLY_SHORT_PERP,0.00468,0.007305200580177368,0.6406394935546549,91.0,247.39999999999895,-320.0000000000003,89.82,20.848409863013703,2.34,10.000000000001563,-15.968409863016603,-0.6998286350456053,2281.7599999999998
CNY,CRM6,CNY-6.26,2026-05-27,2026-06-18,22,16,LONG_QUARTERLY_SHORT_PERP,0.0062,0.00808012232876722,0.7673151157534431,97.0,237.39999999999918,-315.999999999999,83.62,19.941957260273977,2.34,10.000000000001563,-27.26195726027533,-1.194777595377048,2281.7599999999998
CNY,CRM6,CNY-6.26,2026-05-28,2026-06-18,21,15,LONG_QUARTERLY_SHORT_PERP,0.00832,0.007691700310502388,1.0816854094847819,84.0,260.39999999999884,-326.0000000000005,75.3,19.03550465753425,2.34,10.000000000001563,-21.675504657537488,-0.9499467366216205,2281.7599999999998
CNY,CRM6,CNY-6.26,2026-05-29,2026-06-18,20,14,LONG_QUARTERLY_SHORT_PERP,0.00512,0.006747789432485435,0.7587670082517874,64.0,257.3999999999987,-302.99999999999903,70.18,18.129052054794524,2.34,10.000000000001563,-5.889052054796387,-0.25809252746986483,2281.7599999999998
CNY,CRM6,CNY-6.26,2026-06-01,2026-06-18,17,13,LONG_QUARTERLY_SHORT_PERP,0.00382,0.006826899557428993,0.5595512234895997,61.0,115.39999999999928,-157.9999999999995,66.36,15.409694246575347,2.34,10.000000000001563,-3.989694246577118,-0.17485161658444,2281.7599999999998
CNY,CRM6,CNY-6.26,2026-06-02,2026-06-18,16,12,LONG_QUARTERLY_SHORT_PERP,0.00559,0.008320270136986432,0.6718531860102172,73.0,-48.60000000000042,-6.000000000000227,60.77,14.50324164383562,2.34,10.000000000001563,-20.673241643837827,-0.9060217395272873,2281.7599999999998
CNY,CRM6,CNY-6.26,2026-06-03,2026-06-18,15,11,LONG_QUARTERLY_SHORT_PERP,0.00498,0.007721526276463405,0.6449502108384882,59.0,-109.60000000000036,69.00000000000084,55.79,13.596789041095894,2.34,10.000000000001563,-10.746789041096983,-0.4709868277600179,2281.7599999999998
CNY,CRM6,CNY-6.26,2026-06-04,2026-06-18,14,10,LONG_QUARTERLY_SHORT_PERP,0.00767,0.008103033643835774,0.9465590712232578,56.0,-68.6,31.000000000000583,48.12,12.690336438356168,2.34,10.000000000001563,-14.510336438357145,-0.6359273735343396,2281.7599999999998
CNY,CRM6,CNY-6.26,2026-06-05,2026-06-18,13,9,LONG_QUARTERLY_SHORT_PERP,0.0046,0.007902653759513111,0.5820829483339796,47.0,-105.6000000000008,76.99999999999996,43.52,11.783883835616441,2.34,10.000000000001563,-9.203883835618848,-0.40336774400545405,2281.7599999999998
CNY,CRM6,CNY-6.26,2026-06-08,2026-06-18,10,8,LONG_QUARTERLY_SHORT_PERP,0.00522,0.008550565753424853,0.6104859199415168,47.0,57.39999999999945,-86.0000000000003,38.3,9.064526027397262,2.34,10.000000000001563,-11.704526027399675,-0.5129604352517213,2281.7599999999998
CNY,CRM6,CNY-6.26,2026-06-09,2026-06-18,9,7,LONG_QUARTERLY_SHORT_PERP,0.00619,0.0084997247749513,0.7282588747157953,39.0,191.3999999999998,-211.99999999999974,32.11,8.158073424657536,2.34,10.000000000001563,-8.988073424659037,-0.3939096760684313,2281.7599999999998
CNY,CRM6,CNY-6.26,2026-06-10,2026-06-18,8,6,LONG_QUARTERLY_SHORT_PERP,0.00893,0.010265270136986563,0.8699235266906926,42.0,175.39999999999978,-198.99999999999983,23.18,7.251620821917809,2.34,10.000000000001563,-20.011620821919422,-0.8770256653600477,2281.7599999999998
CNY,CRM6,CNY-6.26,2026-06-11,2026-06-18,7,5,LONG_QUARTERLY_SHORT_PERP,0.00446,0.007937033643835929,0.5619227787277596,21.0,188.3999999999997,-190.99999999999895,18.72,6.345168219178083,2.34,10.000000000001563,-2.5651682191789025,-0.11242059722227152,2281.7599999999998
CNY,CRU6,CNY-9.26,2026-06-19,2026-09-17,90,64,LONG_QUARTERLY_SHORT_PERP,0.00233,0.00513669333904112,0.4535992020958267,237.0,1540.5999999999995,-1769.9999999999995,250.98,79.40837369863014,2.34,10.000000000001563,-70.16837369863181,-3.075186421824899,2281.7599999999998
CNY,CRU6,CNY-9.26,2026-06-22,2026-09-17,87,63,LONG_QUARTERLY_SHORT_PERP,0.004,0.005413158982387499,0.7389400557076898,252.0,1354.5999999999997,-1599.0000000000002,246.98,76.68901589041094,2.34,10.000000000001563,-86.44901589041307,-3.7886988942926982,2281.7599999999998
CNY,CRU6,CNY-9.26,2026-06-23,2026-09-17,86,62,LONG_QUARTERLY_SHORT_PERP,0.00346,0.005018357931948764,0.68946855663131,223.0,1420.6000000000004,-1635.9999999999993,243.52,75.7981917808219,2.34,10.000000000001563,-60.018191780822406,-2.6303463896651014,2281.7599999999998
CNY,CRU6,CNY-9.26,2026-06-24,2026-09-17,85,61,LONG_QUARTERLY_SHORT_PERP,0.00508,0.005233563404446466,0.9706579642627435,232.0,1385.6000000000001,-1609.9999999999995,238.44,74.90736767123285,2.34,10.000000000001563,-73.20736767123383,-3.2083728205961117,2281.7599999999998
CNY,CRU6,CNY-9.26,2026-06-25,2026-09-17,84,60,LONG_QUARTERLY_SHORT_PERP,0.00835,0.0058892757260274224,1.417831391914205,267.0,1150.6000000000008,-1410.0000000000002,230.09,74.0165435616438,2.34,10.000000000001563,-115.66654356164477,-5.069180963889488,2281.7599999999998
CNY,CRU6,CNY-9.26,2026-06-26,2026-09-17,83,59,LONG_QUARTERLY_SHORT_PERP,0.00446,0.005821452872068751,0.7661317712282818,258.0,845.5999999999992,-1096.0,225.63,73.12571945205475,2.34,10.000000000001563,-110.2357194520571,-4.831170651254168,2281.7599999999998
CNY,CRU6,CNY-9.26,2026-06-29,2026-09-17,80,58,LONG_QUARTERLY_SHORT_PERP,0.0038,0.00530678012281533,0.7160650925902768,225.0,982.5999999999997,-1199.9999999999993,221.83,70.45324712328761,2.34,10.000000000001563,-78.3632471232888,-3.4343334585271377,2281.7599999999998
CNY,CRU6,CNY-9.26,2026-06-30,2026-09-17,79,57,LONG_QUARTERLY_SHORT_PERP,0.0048,0.006156182859889474,0.779703934929278,269.0,703.5999999999998,-964.9999999999999,217.03,69.56242301369856,2.34,10.000000000001563,-126.27242301370022,-5.533992313551829,2281.7599999999998
CNY,CRU6,CNY-9.26,2026-07-01,2026-09-17,78,56,LONG_QUARTERLY_SHORT_PERP,0.00493,0.005446635694716268,0.9051459058997738,224.0,894.6000000000005,-1111.0000000000007,212.1,68.67159890410952,2.34,10.000000000001563,-85.31159890411129,-3.738850663703076,2281.7599999999998
CNY,CRU6,CNY-9.26,2026-07-02,2026-09-17,77,55,LONG_QUARTERLY_SHORT_PERP,0.0076,0.005402195905354947,1.4068353190350746,217.0,908.5999999999999,-1118.0000000000002,204.5,67.78077479452047,2.34,10.000000000001563,-85.02077479452235,-3.7261050590124447,2281.7599999999998
CNY,CRU6,CNY-9.26,2026-07-03,2026-09-17,76,54,LONG_QUARTERLY_SHORT_PERP,0.00274,0.005633887975646907,0.4863426486014539,225.0,871.6000000000008,-1089.0000000000005,201.76,66.88995068493142,2.34,10.000000000001563,-94.86995068493263,-4.157753255597988,2281.7599999999998
CNY,CRU6,CNY-9.26,2026-07-06,2026-09-17,73,53,LONG_QUARTERLY_SHORT_PERP,0.00487,0.005425612799172939,0.897594461724649,211.0,1186.6000000000004,-1390.0000000000005,196.89,64.21747835616428,2.34,10.000000000001563,-83.06747835616595,-3.6405002435035216,2281.7599999999998
CNY,CRU6,CNY-9.26,2026-07-07,2026-09-17,72,52,LONG_QUARTERLY_SHORT_PERP,0.00334,0.005108974120126477,0.6537515989447439,190.0,1133.5999999999995,-1316.0000000000007,193.55,63.32665424657524,2.34,10.000000000001563,-64.51665424657801,-2.8274951899664305,2281.7599999999998
CNY,CRU6,CNY-9.26,2026-07-08,2026-09-17,71,51,LONG_QUARTERLY_SHORT_PERP,0.00363,0.004642663336019368,0.7818787918213281,162.0,1224.6000000000006,-1378.9999999999995,189.92,62.4358301369862,2.34,10.000000000001563,-39.25583013698673,-1.7204188931783684,2281.7599999999998
CNY,CRU6,CNY-9.26,2026-07-09,2026-09-17,70,50,LONG_QUARTERLY_SHORT_PERP,0.00692,0.005217700120547975,1.3262548326125814,187.0,1150.6000000000008,-1330.0,183.0,61.54500602739716,2.34,10.000000000001563,-70.2850060273979,-3.0802979291160293,2281.7599999999998
CNY,CRU6,CNY-9.26,2026-07-10,2026-09-17,69,49,LONG_QUARTERLY_SHORT_PERP,0.0048,0.005387636365669585,0.8909287253657192,191.0,1070.6000000000006,-1253.9999999999995,178.2,60.65418191780812,2.34,10.000000000001563,-78.19418191780865,-3.426924037488985,2281.7599999999998
CNY,CRU6,CNY-9.26,2026-07-13,2026-09-17,66,48,LONG_QUARTERLY_SHORT_PERP,0.00414,0.005048368949771721,0.8200668455872672,172.0,1081.6,-1246.0000000000005,174.06,57.981709589041,2.34,10.000000000001563,-60.66170958904311,-2.658549084436712,2281.7599999999998
CNY,CRU6,CNY-9.26,2026-07-14,2026-09-17,65,47,LONG_QUARTERLY_SHORT_PERP,0.00433,0.00537086990381816,0.8062008720266702,183.0,929.6000000000006,-1105.0000000000005,169.73,57.09088547945196,2.34,10.000000000001563,-75.1008854794534,-3.2913577887005383,2281.7599999999998
CNY,CRU6,CNY-9.26,2026-07-15,2026-09-17,64,46,LONG_QUARTERLY_SHORT_PERP,0.00477,0.005359566551518794,0.8899973447756289,178.0,969.5999999999998,-1140.0000000000005,164.96,56.20006136986293,2.34,10.000000000001563,-73.98006136986514,-3.242236754516915,2281.7599999999998
CNY,CRU6,CNY-9.26,2026-07-16,2026-09-17,63,45,LONG_QUARTERLY_SHORT_PERP,0.00684,0.005414427494672788,1.2632914572648393,176.0,829.600000000001,-997.9999999999993,158.12,55.30923726027389,2.34,10.000000000001563,-77.92923726027372,-3.415312620971256,2281.7599999999998
CNY,CRU6,CNY-9.26,2026-07-17,2026-09-17,62,44,LONG_QUARTERLY_SHORT_PERP,0.00334,0.005108145753424691,0.6538576151161583,158.0,859.6000000000004,-1009.9999999999998,154.78,54.41841315068485,2.34,10.000000000001563,-62.378413150685816,-2.7337850234330436,2281.7599999999998
CNY,CRU6,CNY-9.26,2026-07-20,2026-09-17,59,43,LONG_QUARTERLY_SHORT_PERP,0.00369,0.005281068391207426,0.6987222521381408,163.0,783.5999999999999,-939.0,151.09,51.745940821917735,2.34,10.000000000001563,-68.39594082191938,-2.997508099971925,2281.7599999999998
CNY,CRU6,CNY-9.26,2026-07-21,2026-09-17,58,42,LONG_QUARTERLY_SHORT_PERP,0.00378,0.005076074207436435,0.7446699645293424,150.0,840.6000000000003,-983.0000000000006,147.31,50.855116712328694,2.34,10.000000000001563,-58.28511671233058,-2.5543929559783054,2281.7599999999998
CNY,CRU6,CNY-9.26,2026-07-22,2026-09-17,57,41,LONG_QUARTERLY_SHORT_PERP,0.0034,0.005080592502505883,0.6692132853250934,146.0,894.6000000000005,-1032.9999999999995,143.91,49.964292602739654,2.34,10.000000000001563,-56.794292602740285,-2.4890563688880643,2281.7599999999998
CNY,CRU6,CNY-9.26,2026-07-23,2026-09-17,56,40,LONG_QUARTERLY_SHORT_PERP,0.00497,0.0053853367123288046,0.9228763706867273,154.0,865.6000000000006,-1012.0000000000005,138.94,49.073468493150614,2.34,10.000000000001563,-68.87346849315205,-3.0184361410995044,2281.7599999999998
CNY,CRU6,CNY-9.26,2026-07-24,2026-09-17,55,39,LONG_QUARTERLY_SHORT_PERP,0.00088,0.004987760112399055,0.17643190132829586,134.0,983.6000000000009,-1109.9999999999995,138.06,48.18264438356157,2.34,10.000000000001563,-48.862644383561744,-2.141445392309522,2281.7599999999998
CNY,CRU6,CNY-9.26,2026-07-27,2026-09-17,52,38,LONG_QUARTERLY_SHORT_PERP,0.00193,0.0051539518961788424,0.37446992887747144,138.0,899.5999999999995,-1029.9999999999993,136.13,45.51017205479446,2.34,10.000000000001563,-52.12017205479589,-2.28420920932946,2281.7599999999998
CNY,CRU6,CNY-9.26,2026-07-28,2026-09-17,51,37,LONG_QUARTERLY_SHORT_PERP,0.00229,0.00572905341725291,0.3997169921829876,155.0,764.5999999999997,-912.0000000000008,133.84,44.634976438356105,2.34,10.000000000001563,-70.53497643835878,-3.0912530870187394,2281.7599999999998
CNY,CRU6,CNY-9.26,2026-07-29,2026-09-17,50,36,LONG_QUARTERLY_SHORT_PERP,0.00397,0.005724993911719981,0.6934505191128278,150.0,644.6000000000005,-787.0000000000008,129.87,43.75978082191775,2.34,10.000000000001563,-68.62978082191962,-3.007756329408861,2281.7599999999998
CNY,CRU6,CNY-9.26,2026-07-30,2026-09-17,49,35,LONG_QUARTERLY_SHORT_PERP,0.00525,0.005606416720156599,0.9364270017825854,141.0,690.5999999999999,-823.9999999999999,124.62,42.8845852054794,2.34,10.000000000001563,-64.00458520548094,-2.8050533450266877,2281.7599999999998
CNY,CRU6,CNY-9.26,2026-07-31,2026-09-17,48,34,LONG_QUARTERLY_SHORT_PERP,0.00223,0.005480864399677723,0.40687012802782074,132.0,719.5999999999998,-843.9999999999994,122.39,42.00938958904104,2.34,10.000000000001563,-56.35938958904224,-2.469996388272309,2281.7599999999998
CNY,CRU6,CNY-9.26,2026-08-03,2026-09-17,45,33,LONG_QUARTERLY_SHORT_PERP,0.00287,0.0052946606890826526,0.5420555099815572,123.0,528.6000000000008,-644.0000000000001,119.52,39.38380273972598,2.34,10.000000000001563,-47.603802739726845,-2.086275626697236,2281.7599999999998
CNY,CRU6,CNY-9.26,2026-08-04,2026-09-17,44,32,LONG_QUARTERLY_SHORT_PERP,0.00287,0.005432768972602787,0.5282757309344982,123.0,514.5999999999997,-630.0000000000008,116.65,38.508607123287625,2.34,10.000000000001563,-49.59860712329029,-2.1736995618860133,2281.7599999999998
CNY,CRU6,CNY-9.26,2026-08-05,2026-09-17,43,31,LONG_QUARTERLY_SHORT_PERP,0.00361,0.005450755209898414,0.662293546671174,119.0,480.6000000000008,-592.0000000000006,113.04,37.63341150684927,2.34,10.000000000001563,-48.33341150685058,-2.1182513282225384,2281.7599999999998
CNY,CRU6,CNY-9.26,2026-08-06,2026-09-17,42,30,LONG_QUARTERLY_SHORT_PERP,0.00707,0.006036607196347083,1.171187683750278,132.0,366.6,-490.99999999999966,105.97,36.758215890410916,2.34,10.000000000001563,-67.52821589041211,-2.959479344471466,2281.7599999999998
CNY,CRU6,CNY-9.26,2026-08-07,2026-09-17,41,29,LONG_QUARTERLY_SHORT_PERP,0.00253,0.005593897250826694,0.45227859693456185,114.0,237.60000000000048,-343.99999999999943,103.44,35.88302027397256,2.34,10.000000000001563,-51.183020273973085,-2.2431377653203266,2281.7599999999998
CNY,CRU6,CNY-9.26,2026-08-10,2026-09-17,38,28,LONG_QUARTERLY_SHORT_PERP,0.0025,0.005521336908023538,0.45278888820695423,109.0,296.59999999999974,-397.99999999999966,100.94,33.2574334246575,2.34,10.000000000001563,-46.05743342465898,-2.0185047255039525,2281.7599999999998
CNY,CRU6,CNY-9.26,2026-08-11,2026-09-17,37,27,LONG_QUARTERLY_SHORT_PERP,0.00388,0.005804527326230396,0.6684437477736483,112.0,230.60000000000082,-335.00000000000085,97.06,32.382237808219145,2.34,10.000000000001563,-52.06223780822074,-2.28167019354449,2281.7599999999998
CNY,CRU6,CNY-9.26,2026-08-12,2026-09-17,36,26,LONG_QUARTERLY_SHORT_PERP,0.00461,0.006301809315068552,0.731535939841406,120.0,174.59999999999985,-287.0000000000008,92.45,31.50704219178079,2.34,10.000000000001563,-63.79704219178329,-2.7959576025429187,2281.7599999999998
CNY,CRU6,CNY-9.26,2026-08-13,2026-09-17,35,25,LONG_QUARTERLY_SHORT_PERP,0.0059,0.006278873863013759,0.9396589466073609,114.0,18.599999999999284,-125.0,86.55,30.631846575342436,2.34,10.000000000001563,-62.82184657534472,-2.7532188562927185,2281.7599999999998
CNY,CRU6,CNY-9.26,2026-08-14,2026-09-17,34,24,LONG_QUARTERLY_SHORT_PERP,0.00123,0.0059206937899544025,0.20774592364275482,100.0,-44.39999999999955,-48.00000000000004,85.32000000000001,29.756650958904082,2.34,10.000000000001563,-49.17665095890523,-2.155206987540549,2281.7599999999998
CNY,CRU6,CNY-9.26,2026-08-17,2026-09-17,31,23,LONG_QUARTERLY_SHORT_PERP,0.00332,0.005933524526503939,0.559532531663126,97.0,-129.4000000000004,39.99999999999915,82.0,27.13106410958902,2.34,10.000000000001563,-46.87106410959184,-2.0541627563631515,2281.7599999999998
CNY,CRU6,CNY-9.26,2026-08-18,2026-09-17,30,22,LONG_QUARTERLY_SHORT_PERP,0.0021,0.005981630386052375,0.35107485158171264,93.0,-94.40000000000026,9.000000000000341,79.9,26.255868493150665,2.34,10.000000000001563,-44.09586849315214,-1.9325375365135746,2281.7599999999998
CNY,CRU6,CNY-9.26,2026-08-19,2026-09-17,29,21,LONG_QUARTERLY_SHORT_PERP,0.00099,0.00532003204174828,0.1860891047706292,74.0,84.60000000000001,-150.9999999999998,78.91,25.38067287671231,2.34,10.000000000001563,-25.21067287671367,-1.1048783779500768,2281.7599999999998
CNY,CRU6,CNY-9.26,2026-08-20,2026-09-17,28,20,LONG_QUARTERLY_SHORT_PERP,0.00371,0.005842273863013776,0.6350267185328713,80.0,189.60000000000042,-262.00000000000045,75.2,24.505477260273956,2.34,10.000000000001563,-34.04547726027555,-1.4920709128162273,2281.7599999999998
CNY,CRU6,CNY-9.26,2026-08-21,2026-09-17,27,19,LONG_QUARTERLY_SHORT_PERP,0.00433,0.006103699033886167,0.7094058825576021,80.0,170.6000000000003,-243.00000000000034,70.87,23.630281643835602,2.34,10.000000000001563,-37.5002816438372,-1.6434805432577133,2281.7599999999998
CNY,CRU6,CNY-9.26,2026-08-24,2026-09-17,24,18,LONG_QUARTERLY_SHORT_PERP,0.00458,0.006519149710806783,0.7025456084261635,84.0,12.600000000000833,-89.00000000000041,66.29,21.00469479452054,2.34,10.000000000001563,-43.45469479452167,-1.9044375742637998,2281.7599999999998
CNY,CRU6,CNY-9.26,2026-08-25,2026-09-17,23,17,LONG_QUARTERLY_SHORT_PERP,0.00454,0.00667467642224022,0.6801827853216352,81.0,15.600000000000946,-89.00000000000041,61.75,20.129499178082185,2.34,10.000000000001563,-44.11949917808322,-1.9335731706263244,2281.7599999999998
CNY,CRU6,CNY-9.26,2026-08-26,2026-09-17,22,16,LONG_QUARTERLY_SHORT_PERP,0.00505,0.007912143972602838,0.6382593665492557,95.0,-96.39999999999915,9.000000000000341,56.7,19.25430356164383,2.34,10.000000000001563,-62.2943035616442,-2.7300988518356095,2281.7599999999998
CNY,CRU6,CNY-9.26,2026-08-27,2026-09-17,21,15,LONG_QUARTERLY_SHORT_PERP,0.00486,0.008114607196347136,0.5989199332024072,91.0,-316.3999999999998,233.00000000000054,51.84,18.379107945205476,2.34,10.000000000001563,-62.279107945206306,-2.72943289150508,2281.7599999999998
CNY,CRU6,CNY-9.26,2026-08-28,2026-09-17,20,14,LONG_QUARTERLY_SHORT_PERP,0.00311,0.00727456516634062,0.4275169620295596,72.0,-389.4000000000002,324.9999999999993,48.730000000000004,17.50391232876712,2.34,10.000000000001563,-45.513912328769564,-1.9946844685141982,2281.7599999999998
CNY,CRU6,CNY-9.26,2026-08-31,2026-09-17,17,13,LONG_QUARTERLY_SHORT_PERP,0.00234,0.00724756349841951,0.32286712638120224,67.0,-221.39999999999915,162.0000000000008,46.39,14.878325479452053,2.34,10.000000000001563,-40.22832547945197,-1.763039297711064,2281.7599999999998
CNY,CRU6,CNY-9.26,2026-09-01,2026-09-17,16,12,LONG_QUARTERLY_SHORT_PERP,0.00304,0.007445260821917939,0.40831343222397415,63.0,-403.3999999999995,348.00000000000074,43.35,14.003129863013697,2.34,10.000000000001563,-38.39312986301404,-1.68261034740788,2281.7599999999998
CNY,CRU6,CNY-9.26,2026-09-02,2026-09-17,15,11,LONG_QUARTERLY_SHORT_PERP,0.00338,0.007678903113325173,0.4401670329886958,59.0,-457.3999999999998,406.00000000000057,39.97,13.127934246575341,2.34,10.000000000001563,-36.89793424657614,-1.617082175451237,2281.7599999999998
CNY,CRU6,CNY-9.26,2026-09-03,2026-09-17,14,10,LONG_QUARTERLY_SHORT_PERP,0.00485,0.007959273863013856,0.6093520694818133,55.0,-376.4000000000003,329.0000000000006,35.12,12.252738630136985,2.34,10.000000000001563,-36.872738630138244,-1.6159779569340442,2281.7599999999998
CNY,CRU6,CNY-9.26,2026-09-04,2026-09-17,13,9,LONG_QUARTERLY_SHORT_PERP,0.00279,0.006079727001522244,0.45890218414436024,31.0,-230.3999999999995,207.00000000000074,32.33,11.377543013698629,2.34,10.000000000001563,-14.787543013698949,-0.6480761786383735,2281.7599999999998
CNY,CRU6,CNY-9.26,2026-09-07,2026-09-17,10,8,LONG_QUARTERLY_SHORT_PERP,0.00242,0.0072614945205481405,0.33326472851449923,37.0,-348.3999999999998,318.9999999999991,29.91,8.75195616438356,2.34,10.000000000001563,-20.58195616438584,-0.9020210786579589,2281.7599999999998
CNY,CRU6,CNY-9.26,2026-09-08,2026-09-17,9,7,LONG_QUARTERLY_SHORT_PERP,0.00278,0.007316680078278109,0.37995374544984056,31.0,-210.39999999999992,186.99999999999937,27.13,7.876760547945205,2.34,10.000000000001563,-16.486760547947313,-0.7225457781689273,2281.7599999999998
CNY,CRU6,CNY-9.26,2026-09-09,2026-09-17,8,6,LONG_QUARTERLY_SHORT_PERP,0.00256,0.005556927488584736,0.4606862344809889,14.0,-91.40000000000015,84.99999999999908,24.57,7.001564931506849,2.34,10.000000000001563,-1.171564931509483,-0.051344792244122216,2281.7599999999998
CNY,CRU6,CNY-9.26,2026-09-10,2026-09-17,7,5,LONG_QUARTERLY_SHORT_PERP,0.00561,0.008293273863014011,0.6764517960776912,23.0,43.59999999999964,-58.999999999999275,18.96,6.126369315068493,2.34,10.000000000001563,-14.906369315069691,-0.6532838385750339,2281.7599999999998
CNY,CRU6,CNY-9.26,2026-09-11,2026-09-17,6,4,LONG_QUARTERLY_SHORT_PERP,0.00257,0.009147793424657925,0.28094206774199243,19.0,57.60000000000076,-69.00000000000084,16.39,5.2511736986301365,2.34,10.000000000001563,-12.601173698631776,-0.552256753498693,2281.7599999999998
CNY,CRZ6,CNY-12.26,2026-07-01,2026-09-29,90,64,LONG_QUARTERLY_SHORT_PERP,0.00493,0.009023655410958929,0.5463417845070502,486.0,763.9999999999993,-1007.0000000000015,266.12,79.17394630136985,2.34,10.000000000001563,-68.39394630137357,-2.997420688476158,2281.7599999999998
CNY,CRZ6,CNY-12.26,2026-07-02,2026-09-29,89,63,LONG_QUARTERLY_SHORT_PERP,0.0076,0.008851160669710832,0.8586444516827749,467.0,789.9999999999991,-1014.0000000000011,258.52,78.2831221917808,2.34,10.000000000001563,-56.103122191784436,-2.458765259790006,2281.7599999999998
CNY,CRZ6,CNY-12.26,2026-07-03,2026-09-29,88,62,LONG_QUARTERLY_SHORT_PERP,0.00274,0.00902794029164828,0.3035022288012655,470.0,757.9999999999991,-985.0000000000013,255.78,77.39229808219176,2.34,10.000000000001563,-60.95229808219548,-2.6712843630441188,2281.7599999999998
CNY,CRZ6,CNY-12.26,2026-07-06,2026-09-29,85,61,LONG_QUARTERLY_SHORT_PERP,0.00487,0.00903376763530207,0.539088473005334,464.0,1064.9999999999995,-1286.0000000000014,250.91,74.71982575342462,2.34,10.000000000001563,-57.149825753428004,-2.5046379002799597,2281.7599999999998
CNY,CRZ6,CNY-12.26,2026-07-07,2026-09-29,84,60,LONG_QUARTERLY_SHORT_PERP,0.00334,0.00891948336073062,0.3744611503738947,449.0,1006.0000000000002,-1212.0000000000016,247.57,73.82900164383557,2.34,10.000000000001563,-44.599001643838506,-1.9545877587405562,2281.7599999999998
CNY,CRZ6,CNY-12.26,2026-07-08,2026-09-29,83,59,LONG_QUARTERLY_SHORT_PERP,0.00363,0.008513189449733017,0.42639718303389107,417.0,1100.999999999999,-1275.0000000000005,243.94,72.93817753424652,2.34,10.000000000001563,-15.33817753424945,-0.6722081872874207,2281.7599999999998
CNY,CRZ6,CNY-12.26,2026-07-09,2026-09-29,82,58,LONG_QUARTERLY_SHORT_PERP,0.00692,0.008868747472838948,0.7802680165595988,430.0,1038.9999999999998,-1226.000000000001,237.02,72.04735342465747,2.34,10.000000000001563,-34.367353424660166,-1.5061773992295495,2281.7599999999998
CNY,CRZ6,CNY-12.26,2026-07-10,2026-09-29,81,57,LONG_QUARTERLY_SHORT_PERP,0.0048,0.009008711040615264,0.5328176226720417,430.0,962.9999999999992,-1150.0000000000005,232.22,71.15652931506843,2.34,10.000000000001563,-38.276529315071244,-1.6775002329373487,2281.7599999999998
CNY,CRZ6,CNY-12.26,2026-07-13,2026-09-29,78,56,LONG_QUARTERLY_SHORT_PERP,0.00414,0.008800429589041122,0.47043158042596034,412.0,972.999999999999,-1142.0000000000011,228.08,68.4840569863013,2.34,10.000000000001563,-21.744056986305008,-0.9529510985513381,2281.7599999999998
CNY,CRZ6,CNY-12.26,2026-07-14,2026-09-29,77,55,LONG_QUARTERLY_SHORT_PERP,0.00433,0.009126058779576614,0.474465495410811,422.0,821.9999999999992,-1001.0000000000013,223.75,67.59323287671225,2.34,10.000000000001563,-35.18323287671586,-1.5419339841488968,2281.7599999999998
CNY,CRZ6,CNY-12.26,2026-07-15,2026-09-29,76,54,LONG_QUARTERLY_SHORT_PERP,0.00477,0.009093377940131939,0.5245575441166356,412.0,866.9999999999991,-1036.0000000000014,218.98,66.7024087671232,2.34,10.000000000001563,-29.06240876712705,-1.273683856633785,2281.7599999999998
CNY,CRZ6,CNY-12.26,2026-07-16,2026-09-29,75,53,LONG_QUARTERLY_SHORT_PERP,0.00684,0.00928587895580256,0.736602321929452,414.0,722.999999999999,-894.0000000000001,212.14,65.81158465753415,2.34,10.000000000001563,-37.01158465753687,-1.6220629977533516,2281.7599999999998
CNY,CRZ6,CNY-12.26,2026-07-17,2026-09-29,74,52,LONG_QUARTERLY_SHORT_PERP,0.00334,0.009120399241306667,0.36621203870911717,397.0,751.9999999999989,-906.0000000000006,208.8,64.92076054794511,2.34,10.000000000001563,-22.460760547948365,-0.9843612188814058,2281.7599999999998
CNY,CRZ6,CNY-12.26,2026-07-20,2026-09-29,71,51,LONG_QUARTERLY_SHORT_PERP,0.00369,0.00930565271017999,0.3965331734294464,400.0,677.9999999999991,-835.0000000000009,205.11,62.24828821917799,2.34,10.000000000001563,-26.478288219181355,-1.160432658087676,2281.7599999999998
CNY,CRZ6,CNY-12.26,2026-07-21,2026-09-29,70,50,LONG_QUARTERLY_SHORT_PERP,0.00378,0.00911394928219181,0.4147488517832688,382.0,740.0000000000002,-879.0000000000014,201.33,61.357464109588946,2.34,10.000000000001563,-11.367464109591634,-0.4981884207625532,2281.7599999999998
CNY,CRZ6,CNY-12.26,2026-07-22,2026-09-29,69,49,LONG_QUARTERLY_SHORT_PERP,0.0034,0.008955237551020439,0.37966608709476096,366.0,805.9999999999992,-929.0000000000002,197.93,60.466639999999906,2.34,10.000000000001563,2.123359999997515,0.09305799032315033,2281.7599999999998
CNY,CRZ6,CNY-12.26,2026-07-23,2026-09-29,68,48,LONG_QUARTERLY_SHORT_PERP,0.00497,0.008998246164383591,0.5523298550857616,360.0,790.9999999999986,-908.0000000000013,192.96,59.575815890410865,2.34,10.000000000001563,4.044184109584965,0.177239679439773,2281.7599999999998
CNY,CRZ6,CNY-12.26,2026-07-24,2026-09-29,67,47,LONG_QUARTERLY_SHORT_PERP,0.00088,0.008894148761294114,0.0989414528155428,347.0,901.9999999999992,-1006.0000000000002,192.08,58.684991780821825,2.34,10.000000000001563,17.0550082191756,0.7474496975657213,2281.7599999999998
CNY,CRZ6,CNY-12.26,2026-07-27,2026-09-29,64,46,LONG_QUARTERLY_SHORT_PERP,0.00193,0.009812011292436007,0.19669769453769587,383.0,785.9999999999995,-926.0000000000001,190.15,56.01251945205471,2.34,10.000000000001563,-18.202519452056837,-0.7977403167755084,2281.7599999999998
CNY,CRZ6,CNY-12.26,2026-07-28,2026-09-29,63,45,LONG_QUARTERLY_SHORT_PERP,0.00229,0.010143940529680397,0.22575053484389368,389.0,661.9999999999991,-808.0000000000016,187.86,55.13732383561636,2.34,10.000000000001563,-25.617323835620407,-1.1227001891355974,2281.7599999999998
CNY,CRZ6,CNY-12.26,2026-07-29,2026-09-29,62,44,LONG_QUARTERLY_SHORT_PERP,0.00397,0.010104593823163172,0.3928906069335916,378.0,548.0,-683.0000000000016,183.89,54.262128219178,2.34,10.000000000001563,-17.71212821918117,-0.7762485195279597,2281.7599999999998
CNY,CRZ6,CNY-12.26,2026-07-30,2026-09-29,61,43,LONG_QUARTERLY_SHORT_PERP,0.00525,0.009923882153552119,0.5290268383649471,361.0,601.9999999999985,-720.0000000000007,178.64,53.38693260273965,2.34,10.000000000001563,-5.086932602743385,-0.22293898581548388,2281.7599999999998
CNY,CRZ6,CNY-12.26,2026-07-31,2026-09-29,60,42,LONG_QUARTERLY_SHORT_PERP,0.00223,0.00990123183300721,0.22522450111368647,351.0,631.9999999999997,-740.0000000000002,176.41,52.511736986301294,2.34,10.000000000001563,3.558263013696571,0.15594378960524208,2281.7599999999998
CNY,CRZ6,CNY-12.26,2026-08-03,2026-09-29,57,41,LONG_QUARTERLY_SHORT_PERP,0.00287,0.009590881710658236,0.29924256044265485,331.0,451.99999999999994,-540.0000000000009,173.54,49.88615013698623,2.34,10.000000000001563,23.313849863011228,1.0217485565095028,2281.7599999999998
CNY,CRZ6,CNY-12.26,2026-08-04,2026-09-29,56,40,LONG_QUARTERLY_SHORT_PERP,0.00287,0.009908773863013736,0.2896422947659333,335.0,433.99999999999926,-526.0000000000016,170.67,49.01095452054788,2.34,10.000000000001563,17.319045479448217,0.7590213466555737,2281.7599999999998
CNY,CRZ6,CNY-12.26,2026-08-05,2026-09-29,55,39,LONG_QUARTERLY_SHORT_PERP,0.00361,0.010012198946259258,0.3605601546050743,330.0,400.9999999999998,-488.0000000000013,167.06,48.13575890410952,2.34,10.000000000001563,19.584241095887382,0.8582953989853176,2281.7599999999998
CNY,CRZ6,CNY-12.26,2026-08-06,2026-09-29,54,38,LONG_QUARTERLY_SHORT_PERP,0.00707,0.010410541139149281,0.6791193565734028,336.0,293.9999999999987,-387.00000000000045,159.99,47.26056328767117,2.34,10.000000000001563,7.389436712325516,0.3238481134004241,2281.7599999999998
CNY,CRZ6,CNY-12.26,2026-08-07,2026-09-29,53,37,LONG_QUARTERLY_SHORT_PERP,0.00253,0.010452036964087415,0.2420580800367365,328.0,154.99999999999937,-240.00000000000023,157.46,46.385367671232814,2.34,10.000000000001563,13.734632328764778,0.6019315058886465,2281.7599999999998
CNY,CRZ6,CNY-12.26,2026-08-10,2026-09-29,50,36,LONG_QUARTERLY_SHORT_PERP,0.0025,0.010641660578386645,0.2349257412961971,327.0,209.9999999999991,-294.00000000000045,154.96,43.75978082191775,2.34,10.000000000001563,14.86021917807933,0.6512612710398697,2281.7599999999998
CNY,CRZ6,CNY-12.26,2026-08-11,2026-09-29,49,35,LONG_QUARTERLY_SHORT_PERP,0.00388,0.010806416720156599,0.35904593543601326,323.0,150.9999999999998,-231.00000000000165,151.08,42.8845852054794,2.34,10.000000000001563,15.855414794517205,0.6948765336633654,2281.7599999999998
CNY,CRZ6,CNY-12.26,2026-08-12,2026-09-29,48,34,LONG_QUARTERLY_SHORT_PERP,0.00461,0.011274982046736548,0.4088698306472539,329.0,96.99999999999953,-183.0000000000016,146.47,42.00938958904104,2.34,10.000000000001563,6.120610410955333,0.2682407619975516,2281.7599999999998
CNY,CRZ6,CNY-12.26,2026-08-13,2026-09-29,47,33,LONG_QUARTERLY_SHORT_PERP,0.0059,0.011499217999169824,0.513078367626907,326.0,-62.000000000001165,-21.000000000000796,140.57,41.13419397260269,2.34,10.000000000001563,4.095806027393781,0.17950205224886848,2281.7599999999998
CNY,CRZ6,CNY-12.26,2026-08-14,2026-09-29,46,32,LONG_QUARTERLY_SHORT_PERP,0.00123,0.011549968698630184,0.10649379509971113,317.0,-130.0000000000008,55.99999999999916,139.34,40.258998356164334,2.34,10.000000000001563,12.741001643832472,0.558384827669539,2281.7599999999998
CNY,CRZ6,CNY-12.26,2026-08-17,2026-09-29,43,31,LONG_QUARTERLY_SHORT_PERP,0.00332,0.011902368113124218,0.2789360880495018,319.0,-220.00000000000063,143.99999999999835,136.02,37.63341150684927,2.34,10.000000000001563,10.046588493146903,0.4402999655155189,2281.7599999999998
CNY,CRZ6,CNY-12.26,2026-08-18,2026-09-29,42,30,LONG_QUARTERLY_SHORT_PERP,0.0021,0.012203273863013748,0.1720849686381929,317.0,-187.00000000000117,112.99999999999955,133.92,36.758215890410916,2.34,10.000000000001563,10.821784109585888,0.47427354803247884,2281.7599999999998
CNY,CRZ6,CNY-12.26,2026-08-19,2026-09-29,41,29,LONG_QUARTERLY_SHORT_PERP,0.00099,0.012387000699102554,0.07992249488382819,311.0,-21.000000000000796,-47.0000000000006,132.93,35.88302027397256,2.34,10.000000000001563,16.70697972602449,0.7321970639341776,2281.7599999999998
CNY,CRZ6,CNY-12.26,2026-08-20,2026-09-29,40,28,LONG_QUARTERLY_SHORT_PERP,0.00371,0.012083850880626277,0.3070213325743821,291.0,109.99999999999943,-158.00000000000125,129.22,35.00782465753421,2.34,10.000000000001563,33.87217534246241,1.4844758143916283,2281.7599999999998
CNY,CRZ6,CNY-12.26,2026-08-21,2026-09-29,39,27,LONG_QUARTERLY_SHORT_PERP,0.00433,0.012424912186707313,0.34849340864013617,289.0,92.99999999999997,-139.00000000000114,124.89,34.13262904109585,2.34,10.000000000001563,32.417370958901415,1.4207178212827563,2281.7599999999998
CNY,CRZ6,CNY-12.26,2026-08-24,2026-09-29,36,26,LONG_QUARTERLY_SHORT_PERP,0.00458,0.012455655468914703,0.3677044545291255,280.0,-52.00000000000138,14.999999999998792,120.31,31.50704219178079,2.34,10.000000000001563,39.462957808215066,1.7294964329383926,2281.7599999999998
CNY,CRZ6,CNY-12.26,2026-08-25,2026-09-29,35,25,LONG_QUARTERLY_SHORT_PERP,0.00454,0.01327887386301376,0.34189646251896894,289.0,-60.99999999999994,14.999999999998792,115.77,30.631846575342436,2.34,10.000000000001563,26.798153424654842,1.1744510125804135,2281.7599999999998
CNY,CRZ6,CNY-12.26,2026-08-26,2026-09-29,34,24,LONG_QUARTERLY_SHORT_PERP,0.00505,0.0131706937899544,0.38342702977816967,274.0,-144.0000000000001,112.99999999999955,110.72,29.756650958904082,2.34,10.000000000001563,37.62334904109379,1.6488740726936135,2281.7599999999998
CNY,CRZ6,CNY-12.26,2026-08-27,2026-09-29,33,23,LONG_QUARTERLY_SHORT_PERP,0.00486,0.014879193710542055,0.3266306020706379,301.0,-395.00000000000136,336.9999999999998,105.86,28.881455342465728,2.34,10.000000000001563,6.638544657531117,0.29093965436904484,2281.7599999999998
CNY,CRZ6,CNY-12.26,2026-08-28,2026-09-29,32,22,LONG_QUARTERLY_SHORT_PERP,0.00311,0.014152102714819498,0.21975532983825338,271.0,-457.00000000000074,428.9999999999985,102.75,28.006259726027373,2.34,10.000000000001563,34.40374027396885,1.5077720826891896,2281.7599999999998
CNY,CRZ6,CNY-12.26,2026-08-31,2026-09-29,29,21,LONG_QUARTERLY_SHORT_PERP,0.00234,0.015748603470319707,0.14858460335292806,293.0,-316.00000000000074,266.0,100.41,25.38067287671231,2.34,10.000000000001563,12.689327123285384,0.5561201495023746,2281.7599999999998
CNY,CRZ6,CNY-12.26,2026-09-01,2026-09-29,28,20,LONG_QUARTERLY_SHORT_PERP,0.00304,0.017042273863013775,0.1783799523722947,304.0,-512.9999999999999,451.99999999999994,97.37,24.505477260273956,2.34,10.000000000001563,-0.4754772602754578,-0.020838180188777866,2281.7599999999998
CNY,CRZ6,CNY-12.26,2026-09-02,2026-09-29,27,19,LONG_QUARTERLY_SHORT_PERP,0.00338,0.016893172718096688,0.2000808288888919,285.0,-552.0000000000014,509.9999999999998,93.99,23.630281643835602,2.34,10.000000000001563,16.01971835616124,0.7020772717622028,2281.7599999999998
CNY,CRZ6,CNY-12.26,2026-09-03,2026-09-29,26,18,LONG_QUARTERLY_SHORT_PERP,0.00485,0.017338615890411045,0.2797224432823525,277.0,-467.0000000000005,432.99999999999983,89.14,22.755086027397248,2.34,10.000000000001563,20.044913972600508,0.8784847649446266,2281.7599999999998
CNY,CRZ6,CNY-12.26,2026-09-04,2026-09-29,25,17,LONG_QUARTERLY_SHORT_PERP,0.00279,0.017189405318291787,0.16230927995112623,258.0,-326.0000000000005,310.99999999999994,86.35,21.879890410958893,2.34,10.000000000001563,37.130109589038966,1.627257449908797,2281.7599999999998
CNY,CRZ6,CNY-12.26,2026-09-07,2026-09-29,22,16,LONG_QUARTERLY_SHORT_PERP,0.00242,0.018662143972602834,0.12967427555765873,267.0,-447.00000000000097,422.9999999999983,83.92999999999999,19.25430356164383,2.34,10.000000000001563,28.33569643835193,1.2418350938903275,2281.7599999999998
CNY,CRZ6,CNY-12.26,2026-09-08,2026-09-29,21,15,LONG_QUARTERLY_SHORT_PERP,0.00278,0.019114607196347135,0.1454385105298563,256.0,-304.0000000000003,290.9999999999986,81.15,18.379107945205476,2.34,10.000000000001563,37.43089205479126,1.6404394877108577,2281.7599999999998
CNY,CRZ6,CNY-12.26,2026-09-09,2026-09-29,20,14,LONG_QUARTERLY_SHORT_PERP,0.00256,0.018917422309197764,0.1353249908025425,235.0,-181.00000000000094,188.9999999999983,78.59,17.50391232876712,2.34,10.000000000001563,56.74608767122868,2.4869437483008157,2281.7599999999998
CNY,CRZ6,CNY-12.26,2026-09-10,2026-09-29,19,13,LONG_QUARTERLY_SHORT_PERP,0.00561,0.01976682436248695,0.2838088656590958,228.0,-30.000000000001137,44.99999999999993,72.98,16.628716712328767,2.34,10.000000000001563,59.01128328766846,2.5862178006305867,2281.7599999999998
CNY,CRZ6,CNY-12.26,2026-09-11,2026-09-29,18,12,LONG_QUARTERLY_SHORT_PERP,0.00257,0.021174460091324333,0.12137263424501617,226.0,-18.000000000000682,34.999999999998366,70.41,15.75352109589041,2.34,10.000000000001563,59.31647890410571,2.5995932483743123,2281.7599999999998
CNY,CRZ6,CNY-12.26,2026-09-14,2026-09-29,15,11,LONG_QUARTERLY_SHORT_PERP,0.00236,0.024224357658779717,0.09742260386188846,241.0,-92.99999999999997,94.99999999999886,68.05,13.127934246575341,2.34,10.000000000001563,44.582065753421986,1.9538455294782093,2281.7599999999998
CNY,CRZ6,CNY-12.26,2026-09-15,2026-09-29,14,10,LONG_QUARTERLY_SHORT_PERP,0.00241,0.025759273863013857,0.09355853790041688,233.0,-78.00000000000118,87.99999999999919,65.64,12.252738630136985,2.34,10.000000000001563,51.047261369859456,2.2371880202063084,2281.7599999999998
CNY,CRZ6,CNY-12.26,2026-09-16,2026-09-29,13,9,LONG_QUARTERLY_SHORT_PERP,0.0052,0.032079727001522236,0.1620961425187082,265.0,-124.00000000000055,101.99999999999854,60.44,11.377543013698629,2.34,10.000000000001563,14.72245698629779,0.6452237302037809,2281.7599999999998
CNY,CRZ6,CNY-12.26,2026-09-17,2026-09-29,12,8,LONG_QUARTERLY_SHORT_PERP,0.00642,0.03710529342465773,0.17302113546240527,274.0,-134.99999999999977,103.9999999999992,54.019999999999996,10.502347397260273,2.34,10.000000000001563,0.17765260273759154,0.00778577075317262,2281.7599999999998
CNY,CRZ6,CNY-12.26,2026-09-18,2026-09-29,11,7,LONG_QUARTERLY_SHORT_PERP,0.00313,0.041281021682974775,0.07582176681666003,267.0,-130.0000000000008,105.99999999999987,50.89,9.627151780821917,2.34,10.000000000001563,4.922848219175595,0.21574785337527153,2281.7599999999998
CNY,CRZ6,CNY-12.26,2026-09-21,2026-09-29,8,6,LONG_QUARTERLY_SHORT_PERP,0.00218,0.04239026082191807,0.05142690697653886,235.0,-17.000000000001236,24.99999999999858,48.71,7.001564931506849,2.34,10.000000000001563,37.368435068488935,1.6377022591547288,2281.7599999999998
CNY,CRZ6,CNY-12.26,2026-09-22,2026-09-29,7,5,LONG_QUARTERLY_SHORT_PERP,0.00389,0.055493273863013996,0.07009858545384302,259.0,-137.9999999999999,121.99999999999989,44.82,6.126369315068493,2.34,10.000000000001563,10.353630684929943,0.4537563409355035,2281.7599999999998
CNY,CRZ6,CNY-12.26,2026-09-23,2026-09-29,6,4,LONG_QUARTERLY_SHORT_PERP,0.00789,0.06914779342465792,0.11410342411861325,259.0,-239.00000000000077,222.99999999999898,36.93,5.2511736986301365,2.34,10.000000000001563,3.3388263013665096,0.14632679604193738,2281.7599999999998
CNY,CRZ6,CNY-12.26,2026-09-24,2026-09-29,5,3,LONG_QUARTERLY_SHORT_PERP,0.00302,0.08923865936073112,0.03384183516016525,251.0,-139.00000000000114,130.99999999999847,33.91,4.37597808219178,2.34,10.000000000001563,9.194021917803983,0.40293553738359794,2281.7599999999998
USD,SiH7,Si-3.26,2026-07-07,2026-09-29,84,60,LONG_QUARTERLY_SHORT_PERP,0.11696,0.10832574424657536,1.0797064060208164,5515.0,5081.0,-8300.000000000011,773.3,858.6646547945189,15.879999999999999,110.00000000000227,-3430.244654794532,-12.925833071925554,26537.9
USD,SiH7,Si-3.26,2026-07-10,2026-09-29,81,57,LONG_QUARTERLY_SHORT_PERP,0.05744,0.10567478234799327,0.5435544670520039,5070.0,4996.0,-7770.00000000001,715.86,827.582593835615,15.879999999999999,110.00000000000227,-3011.6025938356274,-11.348307868503639,26537.9
USD,SiH7,Si-3.26,2026-07-13,2026-09-29,78,56,LONG_QUARTERLY_SHORT_PERP,0.00631,0.10663179522994132,0.059175595669125565,5049.0,5057.0,-7810.000000000002,709.55,796.5005328767111,15.879999999999999,110.00000000000227,-2965.830532876715,-11.17582978636861,26537.9
USD,SiH7,Si-3.26,2026-07-14,2026-09-29,77,55,SHORT_QUARTERLY_LONG_PERP,-0.11493,-0.07496327552926522,99.0,-5035.0,-4201.0,6940.000000000012,-824.48,786.1398458904098,15.879999999999999,110.00000000000227,1002.5001541095996,3.7776167447672933,26537.9
USD,SiH7,Si-3.26,2026-07-15,2026-09-29,76,54,LONG_QUARTERLY_SHORT_PERP,0.11624,0.09803072516489095,1.1857506899442032,4392.0,4374.0,-6470.000000000013,708.24,775.7791589041085,15.879999999999999,110.00000000000227,-2289.4191589041234,-8.626979372535594,26537.9
USD,SiH7,Si-3.26,2026-07-16,2026-09-29,75,53,SHORT_QUARTERLY_LONG_PERP,-0.10007,-0.07563587788834321,99.0,-4900.0,-3506.0,6110.000000000014,-808.3100000000001,765.4184719178071,15.879999999999999,110.00000000000227,904.3915280822044,3.407924244503915,26537.9
USD,SiH7,Si-3.26,2026-07-20,2026-09-29,71,51,LONG_QUARTERLY_SHORT_PERP,0.07086,0.11738932792103147,0.6036323851148374,5137.0,3269.0,-6110.000000000014,737.45,723.9757239726018,15.879999999999999,110.00000000000227,-2953.405723972618,-11.129010675195165,26537.9
USD,SiH7,Si-3.26,2026-07-21,2026-09-29,70,50,LONG_QUARTERLY_SHORT_PERP,0.02917,0.10644990073972607,0.2740256195383566,4483.0,3693.0,-5880.00000000001,708.28,713.6150369863005,15.879999999999999,110.00000000000227,-2318.215036986313,-8.73548787577884,26537.9
USD,SiH7,Si-3.26,2026-07-23,2026-09-29,68,48,LONG_QUARTERLY_SHORT_PERP,0.00225,0.11047445131278542,0.020366699931639334,4484.0,3842.0,-6030.000000000001,706.03,692.893663013698,15.879999999999999,110.00000000000227,-2300.7436630137013,-8.669652319941296,26537.9
USD,SiH7,Si-3.26,2026-07-27,2026-09-29,64,46,LONG_QUARTERLY_SHORT_PERP,0.0235,0.11774632424061944,0.19958160181694323,4639.0,4067.0,-6410.000000000011,682.53,651.4509150684927,15.879999999999999,110.00000000000227,-2437.800915068506,-9.186110864343094,26537.9
USD,SiH7,Si-3.26,2026-07-28,2026-09-29,63,45,SHORT_QUARTERLY_LONG_PERP,-0.06545,-0.09055217789954334,99.0,-4842.0,-3184.0,5730.000000000004,-747.98,641.2719945205475,15.879999999999999,110.00000000000227,1030.8680054794536,3.8845123596043902,26537.9
USD,SiH7,Si-3.26,2026-07-29,2026-09-29,62,44,LONG_QUARTERLY_SHORT_PERP,0.04339,0.12947666077210468,0.3351183119896171,4940.0,2426.0,-5070.000000000007,704.59,631.0930739726024,15.879999999999999,110.00000000000227,-2696.383073972612,-10.1604990371228,26537.9
USD,SiH7,Si-3.26,2026-07-30,2026-09-29,61,43,LONG_QUARTERLY_SHORT_PERP,0.04808,0.11111149194010837,0.43271851687417007,4031.0,2835.0,-4570.000000000007,656.51,620.9141534246572,15.879999999999999,110.00000000000227,-1825.2841534246668,-6.87802785233446,26537.9
USD,SiH7,Si-3.26,2026-08-03,2026-09-29,57,41,SHORT_QUARTERLY_LONG_PERP,-0.01582,-0.10026637875041759,99.0,-4817.0,-1839.0,4360.000000000014,-672.33,580.1984712328766,15.879999999999999,110.00000000000227,1142.5915287671346,4.3055084568377096,26537.9
USD,SiH7,Si-3.26,2026-08-04,2026-09-29,56,40,SHORT_QUARTERLY_LONG_PERP,-0.0679,-0.07920251123287665,99.0,-3864.0,-1732.0,3300.0000000000114,-740.23,570.0195506849315,15.879999999999999,110.00000000000227,131.87044931507762,0.4969136567515802,26537.9
USD,SiH7,Si-3.26,2026-08-05,2026-09-29,55,39,LONG_QUARTERLY_SHORT_PERP,0.0478,0.12576206743940996,0.3800828101289702,4219.0,1577.0,-3500.0,692.43,559.8406301369863,15.879999999999999,110.00000000000227,-1916.290630136989,-7.220958064266535,26537.9
USD,SiH7,Si-3.26,2026-08-06,2026-09-29,54,38,LONG_QUARTERLY_SHORT_PERP,0.02866,0.13290899235760642,0.21563627480439462,4375.0,941.0,-3020.00000000001,663.77,549.6617095890412,15.879999999999999,110.00000000000227,-2090.7717095890534,-7.878436913203582,26537.9
USD,SiH7,Si-3.26,2026-08-10,2026-09-29,50,36,LONG_QUARTERLY_SHORT_PERP,0.03019,0.12185627853881285,0.24775087801802584,3752.0,364.0,-1820.0000000000073,633.58,508.9460273972605,15.879999999999999,110.00000000000227,-1457.2460273972702,-5.491188177652603,26537.9
USD,SiH7,Si-3.26,2026-08-14,2026-09-29,46,32,SHORT_QUARTERLY_LONG_PERP,-0.12572,-0.09987155171232869,99.0,-3790.0,1604.0,-109.99999999999943,-759.3,468.23034520547964,15.879999999999999,110.00000000000227,140.5896547945186,0.5297693291274689,26537.9
USD,SiH7,Si-3.26,2026-08-17,2026-09-29,43,31,LONG_QUARTERLY_SHORT_PERP,0.10443,0.14227656721166604,0.7339929690926448,3847.0,-2131.0,579.9999999999983,654.87,437.693583561644,15.879999999999999,110.00000000000227,-1459.7035835616482,-5.50044873016195,26537.9
USD,SiH7,Si-3.26,2026-08-20,2026-09-29,40,28,LONG_QUARTERLY_SHORT_PERP,0.03657,0.1366441722113504,0.2676294159361324,3293.0,73.0,-1070.0000000000073,618.3,407.1568219178084,15.879999999999999,110.00000000000227,-911.736821917818,-3.4356027489658865,26537.9
USD,SiH7,Si-3.26,2026-08-21,2026-09-29,39,27,LONG_QUARTERLY_SHORT_PERP,0.02163,0.15706881116184687,0.13771034389323805,3718.0,88.0,-1510.000000000005,596.67,396.97790136986316,15.879999999999999,110.00000000000227,-1348.1879013698706,-5.080235818847273,26537.9
USD,SiH7,Si-3.26,2026-08-24,2026-09-29,36,26,LONG_QUARTERLY_SHORT_PERP,0.0523,0.1893969669125396,0.2761395858263732,4432.0,-996.0,-1140.0000000000005,544.37,366.44113972602753,15.879999999999999,110.00000000000227,-2083.9511397260303,-7.852735671345624,26537.9
USD,SiH7,Si-3.26,2026-08-31,2026-09-29,29,21,LONG_QUARTERLY_SHORT_PERP,0.00082,0.14719374742335303,0.005570888807128113,2670.0,-2324.0,1949.9999999999886,543.5500000000001,295.18869589041105,15.879999999999999,110.00000000000227,-251.51869589042462,-0.9477716620019844,26537.9
USD,SiH7,Si-3.26,2026-09-02,2026-09-29,27,19,SHORT_QUARTERLY_LONG_PERP,-0.00827,-0.1600152181687093,99.0,-3441.0,3715.0,-2569.999999999993,-551.82,274.83085479452063,15.879999999999999,110.00000000000227,192.46914520548387,0.7252614005082688,26537.9
USD,SiH7,Si-3.26,2026-09-03,2026-09-29,26,18,SHORT_QUARTERLY_LONG_PERP,-0.02739,-0.141637114764079,99.0,-2940.0,3104.0,-2459.9999999999936,-579.21,264.6519342465754,15.879999999999999,110.00000000000227,-325.74193424657136,-1.2274593477500908,26537.9
USD,SiH7,Si-3.26,2026-09-07,2026-09-29,22,16,LONG_QUARTERLY_SHORT_PERP,0.01794,0.22873851575342483,0.07843016704427222,3310.0,-2774.0,1759.999999999991,561.27,223.9362520547946,15.879999999999999,110.00000000000227,-802.546252054806,-3.0241513158720394,26537.9
USD,SiH7,Si-3.26,2026-09-11,2026-09-29,18,12,LONG_QUARTERLY_SHORT_PERP,0.04835,0.24017504748858468,0.20131150386177413,2573.0,-107.0,-170.0000000000017,512.9200000000001,183.22056986301376,15.879999999999999,110.00000000000227,-73.18056986301767,-0.27575870684197945,26537.9
USD,SiH7,Si-3.26,2026-09-15,2026-09-29,14,10,LONG_QUARTERLY_SHORT_PERP,0.11118,0.3297384887671235,0.3371762890516564,3029.0,-543.0,-190.00000000001194,401.74,142.50488767123292,15.879999999999999,110.00000000000227,-599.6448876712471,-2.259579272177705,26537.9
USD,SiH7,Si-3.26,2026-09-16,2026-09-29,13,9,LONG_QUARTERLY_SHORT_PERP,0.07889,0.38735621856925445,0.2036626655727626,3228.0,-672.0,-260.0000000000051,322.85,132.3259671232877,15.879999999999999,110.00000000000227,-867.355967123295,-3.268367003882353,26537.9
USD,SiH7,Si-3.26,2026-09-18,2026-09-29,11,7,LONG_QUARTERLY_SHORT_PERP,0.02218,0.5092640180039143,0.04355304756643835,3327.0,-801.0,-230.00000000000398,300.67,111.9681260273973,15.879999999999999,110.00000000000227,-968.1781260274036,-3.648284626995367,26537.9
USD,SiH7,Si-3.26,2026-09-22,2026-09-29,7,5,LONG_QUARTERLY_SHORT_PERP,0.00069,0.7220264887671237,0.0009556436096661637,3413.0,-757.0,-360.00000000001364,299.98,71.25244383561646,15.879999999999999,110.00000000000227,-1014.1524438356323,-3.821524852515204,26537.9
USD,SiH7,Si-3.26,2026-09-24,2026-09-29,5,3,LONG_QUARTERLY_SHORT_PERP,0.11085,0.9819248675799095,0.11289051093410564,2769.0,-953.0,479.99999999998977,189.13,50.89460273972604,15.879999999999999,110.00000000000227,-460.64460273973856,-1.7357989996937908,26537.9
USD,SiM6,Si-6.26,2026-03-20,2026-06-18,90,64,SHORT_QUARTERLY_LONG_PERP,-0.12726,0.033872371262842475,3.757044318287881,1096.0,9545.0,-10640.0,-3803.88,952.0917608219164,15.74,104.00000000000227,-5970.711760821918,-22.77372995644106,26217.54
USD,SiM6,Si-6.26,2026-03-23,2026-06-18,87,63,LONG_QUARTERLY_SHORT_PERP,0.126,0.02457827512937597,5.126478539960875,510.0,-9031.0,8519.999999999996,3677.88,918.6913331506837,15.74,104.00000000000227,2128.4486668493105,8.118414873589629,26217.54
USD,SiM6,Si-6.26,2026-03-24,2026-06-18,86,62,SHORT_QUARTERLY_LONG_PERP,-0.12282,0.02936543551038446,4.182468193143852,793.0,6808.0,-7599.9999999999945,-3800.7,907.9170016438344,15.74,104.00000000000227,-5620.357001643832,-21.43739268308099,26217.54
USD,SiM6,Si-6.26,2026-03-27,2026-06-18,83,59,SHORT_QUARTERLY_LONG_PERP,-0.0424,0.004310745883445576,9.835884820496474,-741.0,8522.0,-7780.000000000001,-3843.1,875.5940071232867,15.74,104.00000000000227,-4096.434007123289,-15.624784045807841,26217.54
USD,SiM6,Si-6.26,2026-03-31,2026-06-18,79,57,LONG_QUARTERLY_SHORT_PERP,0.12195,0.03396906458062968,3.590031150564565,984.0,-8875.0,7890.000000000001,3721.15,832.4966810958897,15.74,104.00000000000227,1783.913318904109,6.80427423360128,26217.54
USD,SiM6,Si-6.26,2026-04-06,2026-06-18,73,53,LONG_QUARTERLY_SHORT_PERP,0.1196,0.03484133381235465,3.432704403457428,959.0,-6330.0,5370.000000000005,3601.55,767.8506920547942,15.74,104.00000000000227,1753.9593079452081,6.690022435152986,26217.54
USD,SiM6,Si-6.26,2026-04-08,2026-06-18,71,51,LONG_QUARTERLY_SHORT_PERP,0.06786,0.039647882922374464,1.71156679747217,1156.0,-6097.0,4939.999999999998,3533.69,746.3020290410956,15.74,104.00000000000227,1510.6479709589005,5.761974506223316,26217.54
USD,SiM6,Si-6.26,2026-04-09,2026-06-18,70,50,LONG_QUARTERLY_SHORT_PERP,0.11745,0.02908535395068497,4.0381148601161865,599.0,-5080.0,4480.000000000004,3416.24,735.5276975342463,15.74,104.00000000000227,1960.972302465755,7.479619760152001,26217.54
USD,SiM6,Si-6.26,2026-04-10,2026-06-18,69,49,LONG_QUARTERLY_SHORT_PERP,0.04663,0.03235700746994693,1.4411097825814014,741.0,-4352.0,3609.9999999999995,3369.61,724.7533660273971,15.74,104.00000000000227,1783.1166339726003,6.801235485757245,26217.54
USD,SiM6,Si-6.26,2026-04-15,2026-06-18,64,46,LONG_QUARTERLY_SHORT_PERP,0.11378,0.04736134148898158,2.4023812760132746,1388.0,-3259.0,1870.0000000000045,3255.83,670.8817084931507,15.74,104.00000000000227,1076.2082915068515,4.104917133746536,26217.54
USD,SiM6,Si-6.26,2026-04-16,2026-06-18,63,45,LONG_QUARTERLY_SHORT_PERP,0.11285,0.03552994171080675,3.1761943466874776,819.0,-3550.0,2730.000000000004,3142.98,660.1073769863013,15.74,104.00000000000227,1543.1326230137004,5.885878778152718,26217.54
USD,SiM6,Si-6.26,2026-04-17,2026-06-18,62,44,LONG_QUARTERLY_SHORT_PERP,0.11414,0.03245620557907851,3.5167388782370614,659.0,-3350.0,2689.9999999999977,3028.84,649.333045479452,15.74,104.00000000000227,1599.7669545205435,6.101895732858779,26217.54
USD,SiM6,Si-6.26,2026-04-20,2026-06-18,59,43,LONG_QUARTERLY_SHORT_PERP,0.11408,0.03920348955718387,2.909945040315814,949.0,-2830.0,1879.9999999999955,2914.7599999999998,617.0100509589042,15.74,104.00000000000227,1228.0099490410887,4.683925147214761,26217.54
USD,SiM6,Si-6.26,2026-04-21,2026-06-18,58,42,LONG_QUARTERLY_SHORT_PERP,0.11286,0.03707085046314422,3.044440539938657,831.0,-2062.0,1230.000000000004,2801.9,606.2357194520549,15.74,104.00000000000227,1243.9242805479469,4.744626233231443,26217.54
USD,SiM6,Si-6.26,2026-04-22,2026-06-18,57,41,LONG_QUARTERLY_SHORT_PERP,0.08724,0.03554149726695629,2.4545955209689194,742.0,-2383.0,1640.0000000000005,2714.66,595.4613879452056,15.74,104.00000000000227,1256.4586120547924,4.79243518672916,26217.54
USD,SiM6,Si-6.26,2026-04-23,2026-06-18,56,40,LONG_QUARTERLY_SHORT_PERP,0.10249,0.06381067641095896,1.6061575548883884,1848.0,-3319.0,1469.9999999999989,2612.17,584.6870564383564,15.74,104.00000000000227,58.74294356164023,0.224059707972755,26217.54
USD,SiM6,Si-6.26,2026-04-24,2026-06-18,55,39,LONG_QUARTERLY_SHORT_PERP,0.02899,0.02655519807516691,1.091688336044083,342.0,-2513.0,2170.000000000002,2583.18,573.9127249315071,15.74,104.00000000000227,1546.5272750684924,5.898826797130822,26217.54
USD,SiM6,Si-6.26,2026-04-27,2026-06-18,52,38,LONG_QUARTERLY_SHORT_PERP,0.07614,0.035219203431867414,2.161888758991812,677.0,-2128.0,1450.0000000000027,2507.04,541.5897304109593,15.74,104.00000000000227,1167.710269589041,4.45392767433192,26217.54
USD,SiM6,Si-6.26,2026-04-28,2026-06-18,51,37,LONG_QUARTERLY_SHORT_PERP,0.11222,0.05783552819696416,1.940329819723001,1489.0,-2820.0,1329.9999999999982,2394.82,531.1745432876717,15.74,104.00000000000227,253.9054567123244,0.9684564482873846,26217.54
USD,SiM6,Si-6.26,2026-04-29,2026-06-18,50,36,LONG_QUARTERLY_SHORT_PERP,0.10387,0.03695831544901073,2.810463592240926,690.0,-2211.0,1519.999999999996,2290.95,520.759356164384,15.74,104.00000000000227,959.4506438356095,3.659575398132737,26217.54
USD,SiM6,Si-6.26,2026-04-30,2026-06-18,49,35,LONG_QUARTERLY_SHORT_PERP,0.11232,0.051459547686888533,2.182685333408366,1171.0,-2612.0,1439.9999999999977,2178.63,510.3441690410964,15.74,104.00000000000227,376.54583095889916,1.4362363172093917,26217.54
USD,SiM6,Si-6.26,2026-05-05,2026-06-18,44,32,LONG_QUARTERLY_SHORT_PERP,0.11316,0.06087525729452063,1.8588833136674972,1370.0,-3351.0,1980.000000000004,2065.47,458.2682334246579,15.74,104.00000000000227,116.46176657534369,0.44421317398712346,26217.54
USD,SiM6,Si-6.26,2026-05-06,2026-06-18,43,31,SHORT_QUARTERLY_LONG_PERP,-0.11301,0.01292235633230234,8.745309067008627,-167.0,2028.0,-1859.9999999999995,-2178.48,447.8530463013702,15.74,104.00000000000227,-2578.073046301372,-9.83339034211971,26217.54
USD,SiM6,Si-6.26,2026-05-07,2026-06-18,42,30,LONG_QUARTERLY_SHORT_PERP,0.11283,0.047305928639269496,2.38511330916645,862.0,-2123.0,1260.000000000005,2065.65,437.43785917808253,15.74,104.00000000000227,645.4721408219202,2.4619859102796076,26217.54
USD,SiM6,Si-6.26,2026-05-08,2026-06-18,41,29,LONG_QUARTERLY_SHORT_PERP,0.11193,0.047095264553613694,2.376672072254267,819.0,-1760.0,939.9999999999977,1953.72,427.02267205479484,15.74,104.00000000000227,586.9573279452006,2.2387963475795236,26217.54
USD,SiM6,Si-6.26,2026-05-11,2026-06-18,38,28,SHORT_QUARTERLY_LONG_PERP,-0.11145,0.0221256110958905,5.037149008765691,104.0,837.0,-939.9999999999977,-2065.17,395.77711068493176,15.74,104.00000000000227,-2683.6871106849317,-10.23622777226594,26217.54
USD,SiM6,Si-6.26,2026-05-12,2026-06-18,37,27,LONG_QUARTERLY_SHORT_PERP,0.08705,0.04818896013191283,1.8064303475673404,796.0,-1227.0,430.0000000000068,1978.12,385.36192356164406,15.74,104.00000000000227,676.0180764383604,2.5784954516646503,26217.54
USD,SiM6,Si-6.26,2026-05-13,2026-06-18,36,26,LONG_QUARTERLY_SHORT_PERP,0.0305,0.054834105247629175,0.5562231728276209,931.0,-912.0,-19.99999999999602,1947.62,374.94673643835637,15.74,104.00000000000227,520.9332635616452,1.9869646944818056,26217.54
USD,SiM6,Si-6.26,2026-05-14,2026-06-18,35,25,LONG_QUARTERLY_SHORT_PERP,0.11001,0.05237086197260284,2.1005955574599926,825.0,-606.0,-219.99999999999886,1837.61,364.5315493150687,15.74,104.00000000000227,527.3384506849301,2.011395617914305,26217.54
USD,SiM6,Si-6.26,2026-05-18,2026-06-18,31,23,LONG_QUARTERLY_SHORT_PERP,0.08662,0.04598307829660523,1.8837364354181318,615.0,394.0,-1010.0000000000051,1750.99,322.8708008219179,15.74,104.00000000000227,692.3791991780746,2.640900706847685,26217.54
USD,SiM6,Si-6.26,2026-05-19,2026-06-18,30,22,LONG_QUARTERLY_SHORT_PERP,0.01274,0.02091798244084693,0.609045353012744,28.0,2041.0,-2069.999999999993,1738.25,312.4556136986302,15.74,104.00000000000227,1277.0543863013743,4.870992420728163,26217.54
USD,SiM6,Si-6.26,2026-05-20,2026-06-18,29,21,LONG_QUARTERLY_SHORT_PERP,0.10694,0.06794192507501642,1.5739913151110274,1005.0,1404.0,-2409.9999999999964,1631.31,302.0404265753425,15.74,104.00000000000227,203.5295734246588,0.7763107195589624,26217.54
USD,SiM6,Si-6.26,2026-05-21,2026-06-18,28,20,LONG_QUARTERLY_SHORT_PERP,0.10643,0.06666826197260285,1.5964117985217183,922.0,1647.0,-2569.999999999993,1524.8799999999999,291.6252394520548,15.74,104.00000000000227,190.5147605479496,0.7266690946135663,26217.54
USD,SiM6,Si-6.26,2026-05-22,2026-06-18,27,19,LONG_QUARTERLY_SHORT_PERP,0.10619,0.08220789749098786,1.2917250439550678,1161.0,988.0,-2150.0000000000055,1418.69,281.2100523287671,15.74,104.00000000000227,-144.2600523287748,-0.5502425182865166,26217.54
USD,SiM6,Si-6.26,2026-05-25,2026-06-18,24,18,LONG_QUARTERLY_SHORT_PERP,0.10682,0.0920391383866059,1.1605932201506255,1287.0,522.0,-1810.0000000000023,1311.87,249.96449095890404,15.74,104.00000000000227,-345.8344909589087,-1.319095883743893,26217.54
USD,SiM6,Si-6.26,2026-05-26,2026-06-18,23,17,LONG_QUARTERLY_SHORT_PERP,0.10733,0.027311135519742274,3.9298988473919314,105.0,1584.0,-1689.9999999999977,1204.54,239.54930383561637,15.74,104.00000000000227,739.2506961643836,2.819679863802567,26217.54
USD,SiM6,Si-6.26,2026-05-27,2026-06-18,22,16,LONG_QUARTERLY_SHORT_PERP,0.10751,0.07817963229452068,1.3751663552852877,902.0,1557.0,-2459.9999999999936,1097.03,229.1341167123287,15.74,104.00000000000227,-154.84411671232465,-0.5906126841508572,26217.54
USD,SiM6,Si-6.26,2026-05-28,2026-06-18,21,15,SHORT_QUARTERLY_LONG_PERP,-0.10635,0.0006972619726028871,152.52516870093203,-328.0,-1661.0,1989.999999999995,-1203.3799999999999,218.71892958904104,15.74,104.00000000000227,-1212.8389295890481,-4.626059232060094,26217.54
USD,SiM6,Si-6.26,2026-05-29,2026-06-18,20,14,LONG_QUARTERLY_SHORT_PERP,0.10706,0.06286026731898255,1.7031426140256012,552.0,1787.0,-2340.0000000000036,1096.32,208.30374246575337,15.74,104.00000000000227,215.27625753424064,0.8211153965407916,26217.54
USD,SiM6,Si-6.26,2026-06-01,2026-06-18,17,13,LONG_QUARTERLY_SHORT_PERP,0.10653,0.09029216777660713,1.1798365530836192,877.0,932.0,-1810.0000000000023,989.79,177.05818109589038,15.74,104.00000000000227,-185.00818109589494,-0.7056656768556278,26217.54
USD,SiM6,Si-6.26,2026-06-02,2026-06-18,16,12,LONG_QUARTERLY_SHORT_PERP,0.10733,0.11578191616438374,0.9270014139998861,1103.0,-304.0,-799.9999999999972,882.46,166.6429939726027,15.74,104.00000000000227,-507.9229939726022,-1.9373403987277302,26217.54
USD,SiM6,Si-6.26,2026-06-03,2026-06-18,15,11,LONG_QUARTERLY_SHORT_PERP,0.01964,0.09508798244084701,0.2065455538739376,770.0,-751.0,-19.99999999999602,862.8199999999999,156.22780684931504,15.74,104.00000000000227,-184.14780684931338,-0.702384002653618,26217.54
USD,SiM6,Si-6.26,2026-06-04,2026-06-18,14,10,LONG_QUARTERLY_SHORT_PERP,0.0876,-0.008044738027397033,99.0,-346.0,-595.0,939.9999999999977,775.22,145.81261972602738,15.74,104.00000000000227,854.6673802739681,3.2599068420376893,26217.54
USD,SiM6,Si-6.26,2026-06-05,2026-06-18,13,9,LONG_QUARTERLY_SHORT_PERP,0.11145,0.13123749251141575,0.8492237840516913,926.0,-1037.0,109.99999999999943,663.77,135.3974326027397,15.74,104.00000000000227,-518.3674326027426,-1.9771779984039026,26217.54
USD,SiM6,Si-6.26,2026-06-08,2026-06-18,10,8,LONG_QUARTERLY_SHORT_PERP,0.0959,0.04473648390410988,2.14366422281993,134.0,-35.0,-99.99999999999432,567.87,104.1518712328767,15.74,104.00000000000227,208.9781287671267,0.797092819414509,26217.54
USD,SiM6,Si-6.26,2026-06-09,2026-06-18,9,7,LONG_QUARTERLY_SHORT_PERP,0.10989,0.1113538120156559,0.9868544058873342,566.0,1063.0,-1629.9999999999955,457.98,93.73668410958904,15.74,104.00000000000227,-322.49668410958674,-1.2300798782402418,26217.54
USD,SiM6,Si-6.26,2026-06-10,2026-06-18,8,6,LONG_QUARTERLY_SHORT_PERP,0.10582,0.14517691616438394,0.7289037596044534,668.0,901.0,-1569.9999999999932,352.16,83.32149698630137,15.74,104.00000000000227,-519.9014969862968,-1.983029288736841,26217.54
USD,SiM6,Si-6.26,2026-06-11,2026-06-18,7,5,LONG_QUARTERLY_SHORT_PERP,0.09813,0.1269292619726032,0.7731077804673651,442.0,1007.0,-1450.0000000000027,254.03,72.9063098630137,15.74,104.00000000000227,-381.6163098630187,-1.4555763426432027,26217.54
USD,SiU6,Si-9.26,2026-06-22,2026-09-17,87,63,LONG_QUARTERLY_SHORT_PERP,0.11016,0.05410953563600789,2.0358703637939297,2408.0,8331.0,-10740.00000000001,706.36,881.1607450684952,15.74,104.00000000000227,-2703.540745068506,-10.311954306424271,26217.54
USD,SiU6,Si-9.26,2026-06-24,2026-09-17,85,61,LONG_QUARTERLY_SHORT_PERP,0.09607,0.04169556582304071,2.3040819354203923,1563.0,8176.0,-9740.00000000001,610.29,860.6895152054814,15.74,104.00000000000227,-1934.1395152054927,-7.377273059201942,26217.54
USD,SiU6,Si-9.26,2026-06-25,2026-09-17,84,60,SHORT_QUARTERLY_LONG_PERP,-0.10349,-0.020946768328767056,99.0,-2227.0,-6652.0,8880.00000000001,-713.78,850.4539002739745,15.74,104.00000000000227,544.0260997260324,2.0750463229045604,26217.54
USD,SiU6,Si-9.26,2026-06-26,2026-09-17,83,59,LONG_QUARTERLY_SHORT_PERP,0.11345,0.06576200483631305,1.7251603001214186,2920.0,4529.0,-7450.000000000003,600.33,840.2182853424675,15.74,104.00000000000227,-3280.6282853424723,-12.513104911225357,26217.54
USD,SiU6,Si-9.26,2026-06-29,2026-09-17,80,58,LONG_QUARTERLY_SHORT_PERP,0.11559,0.03517674897496464,3.285977339243761,1111.0,5648.0,-6760.0000000000055,484.74,809.5114405479468,15.74,104.00000000000227,-1556.5114405479546,-5.936908804365149,26217.54
USD,SiU6,Si-9.26,2026-06-30,2026-09-17,79,57,SHORT_QUARTERLY_LONG_PERP,-0.08267,-0.026333055690939612,99.0,-2420.0,-3819.0,6240.000000000009,-567.41,799.2758256164399,15.74,104.00000000000227,934.5741743835672,3.5646905635828805,26217.54
USD,SiU6,Si-9.26,2026-07-07,2026-09-17,72,52,LONG_QUARTERLY_SHORT_PERP,0.11696,0.04764166386722872,2.454994022164144,1630.0,6749.0,-8380.00000000001,450.45,727.6265210958915,15.74,104.00000000000227,-2027.916521095903,-7.734961102742297,26217.54
USD,SiU6,Si-9.26,2026-07-10,2026-09-17,69,49,LONG_QUARTERLY_SHORT_PERP,0.05744,0.04654407502655863,1.2340990763534139,1464.0,6385.0,-7850.000000000008,393.01,696.9196763013707,15.74,104.00000000000227,-1888.6496763013813,-7.2037638783096405,26217.54
USD,SiU6,Si-9.26,2026-07-13,2026-09-17,66,48,LONG_QUARTERLY_SHORT_PERP,0.00631,0.046811517323059416,0.1347958870132946,1461.0,6428.0,-7890.000000000001,386.7,666.21283150685,15.74,104.00000000000227,-1861.2528315068532,-7.09926572632998,26217.54
USD,SiU6,Si-9.26,2026-07-14,2026-09-17,65,47,SHORT_QUARTERLY_LONG_PERP,-0.11493,-0.0176443145409501,99.0,-1605.0,-5414.0,7020.00000000001,-501.63,655.977216575343,15.74,104.00000000000227,328.65278342466456,1.2535607208939685,26217.54
USD,SiU6,Si-9.26,2026-07-15,2026-09-17,64,46,LONG_QUARTERLY_SHORT_PERP,0.11624,0.03568438264443127,3.257447414972719,876.0,5673.0,-6550.000000000011,385.39,645.7416016438362,15.74,104.00000000000227,-1257.0916016438493,-4.794849561186325,26217.54
USD,SiU6,Si-9.26,2026-07-16,2026-09-17,63,45,SHORT_QUARTERLY_LONG_PERP,-0.10007,-0.015905644739725965,99.0,-1471.0,-4718.0,6190.000000000012,-485.46,635.5059867123293,15.74,104.00000000000227,231.29401328768017,0.8822109674961119,26217.54
USD,SiU6,Si-9.26,2026-07-20,2026-09-17,59,43,LONG_QUARTERLY_SHORT_PERP,0.07086,0.056355895976425666,1.2573662217994295,1709.0,4480.0,-6190.000000000012,414.6,594.5635269863017,15.74,104.00000000000227,-2009.7035269863159,-7.665492364982816,26217.54
USD,SiU6,Si-9.26,2026-07-21,2026-09-17,58,42,LONG_QUARTERLY_SHORT_PERP,0.02917,0.041763521715590404,0.6984564232549092,1050.0,4909.0,-5960.000000000008,385.43,584.3279120547948,15.74,104.00000000000227,-1369.6379120548052,-5.2241282441251355,26217.54
USD,SiU6,Si-9.26,2026-07-23,2026-09-17,56,40,LONG_QUARTERLY_SHORT_PERP,0.00225,0.044839917054794586,0.0501785049524175,1110.0,4999.0,-6109.999999999999,383.18,563.856682191781,15.74,104.00000000000227,-1411.4166821917822,-5.383482516634978,26217.54
USD,SiU6,Si-9.26,2026-07-27,2026-09-17,52,38,LONG_QUARTERLY_SHORT_PERP,0.0235,0.04530669006488831,0.5186871953423052,1079.0,5410.0,-6490.000000000009,359.68,522.9142224657534,15.74,104.00000000000227,-1362.9742224657646,-5.198711330146781,26217.54
USD,SiU6,Si-9.26,2026-07-28,2026-09-17,51,37,SHORT_QUARTERLY_LONG_PERP,-0.06545,-0.018308157304701905,99.0,-1310.0,-4499.0,5810.000000000002,-425.13,512.8581797260273,15.74,104.00000000000227,253.27182027397225,0.9660396065915119,26217.54
USD,SiU6,Si-9.26,2026-07-29,2026-09-17,50,36,LONG_QUARTERLY_SHORT_PERP,0.04339,0.05962617047184176,0.7277005995293756,1524.0,3625.0,-5150.0000000000055,381.74,502.80213698630126,15.74,104.00000000000227,-1765.802136986309,-6.735193832015929,26217.54
USD,SiU6,Si-9.26,2026-07-30,2026-09-17,49,35,LONG_QUARTERLY_SHORT_PERP,0.04808,0.030471031264187928,1.5778921160606594,454.0,4195.0,-4650.0000000000055,333.65999999999997,492.74609424657524,15.74,104.00000000000227,-733.826094246583,-2.79898912806687,26217.54
USD,SiU6,Si-9.26,2026-08-03,2026-09-17,45,33,SHORT_QUARTERLY_LONG_PERP,-0.01582,-0.024295093233706867,99.0,-1374.0,-3065.0,4440.000000000012,-349.48,452.52192328767114,15.74,104.00000000000227,453.2580767123384,1.7288352633860322,26217.54
USD,SiU6,Si-9.26,2026-08-04,2026-09-17,44,32,SHORT_QUARTERLY_LONG_PERP,-0.0679,0.005568933767123356,12.192639172843652,-384.0,-2995.0,3380.0000000000095,-417.38,442.4658805479451,15.74,104.00000000000227,-594.5858805479379,-2.2678934810357414,26217.54
USD,SiU6,Si-9.26,2026-08-05,2026-09-17,43,31,LONG_QUARTERLY_SHORT_PERP,0.0478,0.041746768961555526,1.1449987912602022,742.0,2837.0,-3579.999999999998,369.58,432.4098378082191,15.74,104.00000000000227,-925.5698378082195,-3.530345859330126,26217.54
USD,SiU6,Si-9.26,2026-08-06,2026-09-17,42,30,LONG_QUARTERLY_SHORT_PERP,0.02866,0.050836459835616514,0.5637686041214169,983.0,2116.0,-3100.0000000000086,340.92,422.35379506849307,15.74,104.00000000000227,-1185.173795068504,-4.5205377585711854,26217.54
USD,SiU6,Si-9.26,2026-08-10,2026-09-17,38,28,LONG_QUARTERLY_SHORT_PERP,0.03019,0.029423915146771118,1.0260361290945659,322.0,1577.0,-1900.0000000000057,310.73,382.129624109589,15.74,104.00000000000227,-514.139624109597,-1.9610521204872653,26217.54
USD,SiU6,Si-9.26,2026-08-14,2026-09-17,34,24,SHORT_QUARTERLY_LONG_PERP,-0.12572,0.001526893881278631,82.33709070516494,-425.0,456.0,-30.000000000001137,-436.45,341.9054531506849,15.74,104.00000000000227,-472.0954531506883,-1.8006855454428154,26217.54
USD,SiU6,Si-9.26,2026-08-17,2026-09-17,31,23,LONG_QUARTERLY_SHORT_PERP,0.10443,0.04545553586658735,2.297409941585631,614.0,-1115.0,500.0,332.02,311.7373249315068,15.74,104.00000000000227,-714.4573249315091,-2.7251119858366155,26217.54
USD,SiU6,Si-9.26,2026-08-20,2026-09-17,28,20,LONG_QUARTERLY_SHORT_PERP,0.03657,0.01676545983561655,2.1812703235440445,-66.0,1215.0,-1150.0000000000057,295.45,281.56919671232873,15.74,104.00000000000227,-40.859196712336704,-0.155846798411814,26217.54
USD,SiU6,Si-9.26,2026-08-21,2026-09-17,27,19,LONG_QUARTERLY_SHORT_PERP,0.02163,0.04669753441961079,0.46319361972388007,496.0,1093.0,-1590.0000000000034,273.82,271.5131539726027,15.74,104.00000000000227,-614.4331539726084,-2.3435957529677016,26217.54
USD,SiU6,Si-9.26,2026-08-24,2026-09-17,24,18,LONG_QUARTERLY_SHORT_PERP,0.0523,0.08611583476407927,0.6073215238902315,1189.0,30.0,-1219.9999999999989,221.52,241.34502575342464,15.74,104.00000000000227,-1329.5650257534257,-5.07128062264204,26217.54
USD,SiU6,Si-9.26,2026-08-31,2026-09-17,17,13,LONG_QUARTERLY_SHORT_PERP,0.00082,-0.01310055949420425,99.0,-461.0,-1410.0,1869.9999999999905,220.7,170.95272657534247,15.74,104.00000000000227,390.00727342464575,1.487581494772758,26217.54
USD,SiU6,Si-9.26,2026-09-02,2026-09-17,15,11,SHORT_QUARTERLY_LONG_PERP,-0.00827,-0.008129032627646119,99.0,-360.0,2851.0,-2489.999999999995,-228.97,150.84064109589042,15.74,104.00000000000227,-138.5506410958877,-0.5284654513577083,26217.54
USD,SiU6,Si-9.26,2026-09-03,2026-09-17,14,10,SHORT_QUARTERLY_LONG_PERP,-0.02739,0.028752459835616667,0.9526141469840803,27.0,2354.0,-2379.9999999999955,-256.36,140.7845983561644,15.74,104.00000000000227,-542.8845983561621,-2.070692362274119,26217.54
USD,SiU6,Si-9.26,2026-09-07,2026-09-17,10,8,LONG_QUARTERLY_SHORT_PERP,0.01794,0.08753755342465781,0.20494061460651486,480.0,-2161.0,1679.9999999999927,238.42000000000002,100.56042739726028,15.74,104.00000000000227,-462.88042739726984,-1.7655372220172822,26217.54
USD,SiU6,Si-9.26,2026-09-11,2026-09-17,6,4,LONG_QUARTERLY_SHORT_PERP,0.04835,-0.011980935890410386,99.0,-228.0,477.0,-250.0,190.07,60.33625643835618,15.74,104.00000000000227,236.9937435616415,0.9039511089203697,26217.54
USD,SiZ6,Si-12.26,2026-07-07,2026-09-29,84,60,LONG_QUARTERLY_SHORT_PERP,0.11696,0.07268398389954346,1.6091578051314637,3393.0,5631.0,-8300.000000000011,773.3,848.2990339726044,15.74,104.00000000000227,-2863.7390339726176,-10.922989090405192,26217.54
USD,SiZ6,Si-12.26,2026-07-10,2026-09-29,81,57,LONG_QUARTERLY_SHORT_PERP,0.05744,0.06921635419610676,0.8298616803372583,3008.0,5486.0,-7770.00000000001,715.86,817.5921891780837,15.74,104.00000000000227,-2505.4721891780955,-9.556473220516096,26217.54
USD,SiZ6,Si-12.26,2026-07-13,2026-09-29,78,56,LONG_QUARTERLY_SHORT_PERP,0.00631,0.06940402400684938,0.09091691858352875,2980.0,5554.0,-7810.000000000002,709.55,786.8853443835629,15.74,104.00000000000227,-2453.075344383567,-9.356619058781131,26217.54
USD,SiZ6,Si-12.26,2026-07-14,2026-09-29,77,55,SHORT_QUARTERLY_LONG_PERP,-0.11493,-0.03850200491905349,99.0,-3014.0,-4650.0,6940.000000000012,-824.48,776.649729452056,15.74,104.00000000000227,569.1302705479535,2.170799665216315,26217.54
USD,SiZ6,Si-12.26,2026-07-15,2026-09-29,76,54,LONG_QUARTERLY_SHORT_PERP,0.11624,0.05942877989852873,1.955954677152605,2323.0,4871.0,-6470.000000000013,708.24,766.4141145205492,15.74,104.00000000000227,-1776.9141145205642,-6.777577585542215,26217.54
USD,SiZ6,Si-12.26,2026-07-16,2026-09-29,75,53,SHORT_QUARTERLY_LONG_PERP,-0.10007,-0.03734116038511238,99.0,-2855.0,-3979.0,6110.000000000014,-808.3100000000001,756.1784995890423,15.74,104.00000000000227,446.7715004109691,1.7040939020631574,26217.54
USD,SiZ6,Si-12.26,2026-07-20,2026-09-29,71,51,LONG_QUARTERLY_SHORT_PERP,0.07086,0.07923482431103954,0.8943037435387776,3206.0,3628.0,-6110.000000000014,737.45,715.2360398630146,15.74,104.00000000000227,-2579.5260398630303,-9.838932408849306,26217.54
USD,SiZ6,Si-12.26,2026-07-21,2026-09-29,70,50,LONG_QUARTERLY_SHORT_PERP,0.02917,0.0677348084986302,0.43065006968447994,2562.0,4042.0,-5880.00000000001,708.28,705.0004249315077,15.74,104.00000000000227,-1954.46042493152,-7.454781893844807,26217.54
USD,SiZ6,Si-12.26,2026-07-23,2026-09-29,68,48,LONG_QUARTERLY_SHORT_PERP,0.00225,0.07106810823059367,0.0316597705499555,2607.0,4147.0,-6030.000000000001,706.03,684.529195068494,15.74,104.00000000000227,-1981.239195068497,-7.556922560501469,26217.54
USD,SiZ6,Si-12.26,2026-07-27,2026-09-29,64,46,LONG_QUARTERLY_SHORT_PERP,0.0235,0.0740940594639667,0.31716442816078233,2645.0,4489.0,-6410.000000000011,682.53,643.5867353424663,15.74,104.00000000000227,-2001.7967353424795,-7.635333960937904,26217.54
USD,SiZ6,Si-12.26,2026-07-28,2026-09-29,63,45,SHORT_QUARTERLY_LONG_PERP,-0.06545,-0.046727317942161284,99.0,-2856.0,-3598.0,5730.000000000004,-747.98,633.5306926027403,15.74,104.00000000000227,630.7493073972611,2.4058294843729087,26217.54
USD,SiZ6,Si-12.26,2026-07-29,2026-09-29,62,44,LONG_QUARTERLY_SHORT_PERP,0.04339,0.08548215113325038,0.5075913442136389,3018.0,2776.0,-5070.000000000007,704.59,623.4746498630142,15.74,104.00000000000227,-2332.6246498630235,-8.897191154711782,26217.54
USD,SiZ6,Si-12.26,2026-07-30,2026-09-29,61,43,LONG_QUARTERLY_SHORT_PERP,0.04808,0.06423624667728582,0.7484870690149035,2029.0,3265.0,-4570.000000000007,656.51,613.4186071232881,15.74,104.00000000000227,-1381.6486071232978,-5.269939922369901,26217.54
USD,SiZ6,Si-12.26,2026-08-03,2026-09-29,57,41,SHORT_QUARTERLY_LONG_PERP,-0.01582,-0.05234306253257596,99.0,-2839.0,-2245.0,4360.000000000014,-672.33,573.1944361643838,15.74,104.00000000000227,749.7355638356277,2.859671669560255,26217.54
USD,SiZ6,Si-12.26,2026-08-04,2026-09-29,56,40,SHORT_QUARTERLY_LONG_PERP,-0.0679,-0.0298030401643835,99.0,-1875.0,-2149.0,3300.0000000000114,-740.23,563.1383934246577,15.74,104.00000000000227,-272.1083934246486,-1.0378868247160054,26217.54
USD,SiZ6,Si-12.26,2026-08-05,2026-09-29,55,39,LONG_QUARTERLY_SHORT_PERP,0.0478,0.07435441924833162,0.6428669671987592,2227.0,1997.0,-3500.0,692.43,553.0823506849316,15.74,104.00000000000227,-1483.392350684934,-5.65801501851407,26217.54
USD,SiZ6,Si-12.26,2026-08-06,2026-09-29,54,38,LONG_QUARTERLY_SHORT_PERP,0.02866,0.08207279757750546,0.349202182037659,2456.0,1288.0,-3020.00000000001,663.77,543.0263079452055,15.74,104.00000000000227,-1730.996307945218,-6.602436033072584,26217.54
USD,SiZ6,Si-12.26,2026-08-10,2026-09-29,50,36,LONG_QUARTERLY_SHORT_PERP,0.03019,0.06579283713850843,0.4588645407773401,1746.0,798.0,-1820.0000000000073,633.58,502.80213698630126,15.74,104.00000000000227,-1010.9621369863107,-3.8560526158682724,26217.54
USD,SiZ6,Si-12.26,2026-08-14,2026-09-29,46,32,SHORT_QUARTERLY_LONG_PERP,-0.12572,-0.03680256356164376,99.0,-1760.0,1146.0,-109.99999999999943,-759.3,462.57796602739717,15.74,104.00000000000227,-305.61796602739895,-1.1657003899961589,26217.54
USD,SiZ6,Si-12.26,2026-08-17,2026-09-29,43,31,LONG_QUARTERLY_SHORT_PERP,0.10443,0.08187580121962003,1.2754684344386638,1986.0,-1842.0,579.9999999999983,654.87,432.4098378082191,15.74,104.00000000000227,-1159.2798378082232,-4.421771980926597,26217.54
USD,SiZ6,Si-12.26,2026-08-20,2026-09-29,40,28,LONG_QUARTERLY_SHORT_PERP,0.03657,0.06560648962818011,0.5574143687195847,1315.0,479.0,-1070.0000000000073,618.3,402.241709589041,15.74,104.00000000000227,-494.6817095890506,-1.8868349570137037,26217.54
USD,SiZ6,Si-12.26,2026-08-21,2026-09-29,39,27,LONG_QUARTERLY_SHORT_PERP,0.02163,0.08651576543886359,0.2500122363858047,1824.0,410.0,-1510.000000000005,596.67,392.185666849315,15.74,104.00000000000227,-1015.2556668493223,-3.8724291708883527,26217.54
USD,SiZ6,Si-12.26,2026-08-24,2026-09-29,36,26,LONG_QUARTERLY_SHORT_PERP,0.0523,0.11464452071654381,0.4561927571690117,2499.0,-635.0,-1140.0000000000005,544.37,362.0175386301369,15.74,104.00000000000227,-1712.3875386301397,-6.531457713538874,26217.54
USD,SiZ6,Si-12.26,2026-08-31,2026-09-29,29,21,LONG_QUARTERLY_SHORT_PERP,0.00082,0.05920786854533605,0.01384951054895884,832.0,-2058.0,1949.9999999999886,543.5500000000001,291.62523945205476,15.74,104.00000000000227,24.18476054793166,0.09224649050952781,26217.54
USD,SiZ6,Si-12.26,2026-09-02,2026-09-29,27,19,SHORT_QUARTERLY_LONG_PERP,-0.00827,-0.06661825505407343,99.0,-1657.0,3503.0,-2569.999999999993,-551.82,271.5131539726027,15.74,104.00000000000227,-10.073153972598206,-0.03842143073910903,26217.54
USD,SiZ6,Si-12.26,2026-09-03,2026-09-29,26,18,SHORT_QUARTERLY_LONG_PERP,-0.02739,-0.046989049375951164,99.0,-1227.0,2963.0,-2459.9999999999936,-579.21,261.4571112328767,15.74,104.00000000000227,-457.40711123287264,-1.744660678434638,26217.54
USD,SiZ6,Si-12.26,2026-09-07,2026-09-29,22,16,LONG_QUARTERLY_SHORT_PERP,0.01794,0.12362330876712344,0.1451182643379546,1637.0,-2673.0,1759.999999999991,561.27,221.2329402739726,15.74,104.00000000000227,-692.702940273984,-2.6421355332116745,26217.54
USD,SiZ6,Si-12.26,2026-09-11,2026-09-29,18,12,LONG_QUARTERLY_SHORT_PERP,0.04835,0.0936457307762559,0.5163075732253163,823.0,71.0,-170.0000000000017,512.9200000000001,181.0087693150685,15.74,104.00000000000227,113.1712306849276,0.431662279088456,26217.54
USD,SiZ6,Si-12.26,2026-09-15,2026-09-29,14,10,LONG_QUARTERLY_SHORT_PERP,0.11118,0.16335245983561666,0.6806141769268833,1373.0,-459.0,-190.00000000001194,401.74,140.7845983561644,15.74,104.00000000000227,-507.7845983561786,-1.9368125245777392,26217.54
USD,SiZ6,Si-12.26,2026-09-16,2026-09-29,13,9,LONG_QUARTERLY_SHORT_PERP,0.07889,0.20860761729071564,0.37817410996099377,1627.0,-643.0,-260.0000000000051,322.85,130.72855561643837,15.74,104.00000000000227,-830.6185556164457,-3.1681788436918406,26217.54
USD,SiZ6,Si-12.26,2026-09-18,2026-09-29,11,7,LONG_QUARTERLY_SHORT_PERP,0.02218,0.29119378144814123,0.07616920900472608,1808.0,-854.0,-230.00000000000398,300.67,110.61647013698631,15.74,104.00000000000227,-1013.6864701369926,-3.8664438774079968,26217.54
USD,SiZ6,Si-12.26,2026-09-22,2026-09-29,7,5,LONG_QUARTERLY_SHORT_PERP,0.00069,0.4066264598356169,0.0016968890816375793,1843.0,-759.0,-360.00000000001364,299.98,70.39229917808221,15.74,104.00000000000227,-1009.1522991780981,-3.8491494594004556,26217.54
USD,SiZ6,Si-12.26,2026-09-24,2026-09-29,5,3,LONG_QUARTERLY_SHORT_PERP,0.11085,0.4646734045662108,0.2385546470073587,1224.0,-980.0,479.99999999998977,189.13,50.28021369863015,15.74,104.00000000000227,-480.8902136986427,-1.8342308763470663,26217.54
EUR,EuH7,Eu-3.26,2026-07-01,2026-09-29,90,64,LONG_QUARTERLY_SHORT_PERP,0.12238,0.10968155129708931,1.1157756117846565,5565.0,3454.0,-6879.999999999995,432.34999999999997,1056.5392830136987,18.08,380.00000000001705,-4448.269283013711,-14.608907882794622,30449.02
EUR,EuH7,Eu-3.26,2026-07-02,2026-09-29,89,63,LONG_QUARTERLY_SHORT_PERP,0.13377,0.12059891510980675,1.109213958336199,6155.0,3334.0,-7350.000000000008,298.58,1044.651651917808,18.08,380.00000000001705,-5160.151651917834,-16.946856259800263,30449.02
EUR,EuH7,Eu-3.26,2026-07-03,2026-09-29,88,62,LONG_QUARTERLY_SHORT_PERP,0.13307,0.13380393581970862,0.9945148413220254,6865.0,3304.0,-8030.000000000001,165.51,1032.7640208219177,18.08,380.00000000001705,-5991.334020821935,-19.676607065915206,30449.02
EUR,EuH7,Eu-3.26,2026-07-07,2026-09-29,84,60,LONG_QUARTERLY_SHORT_PERP,0.13389,0.1339215582739729,0.9997643525480168,6652.0,4647.0,-9159.999999999996,31.619999999999962,985.2134964383561,18.08,380.00000000001705,-5864.6734964383695,-19.260631364944977,30449.02
EUR,EuH7,Eu-3.26,2026-07-09,2026-09-29,82,58,LONG_QUARTERLY_SHORT_PERP,0.13103,0.13221583162494124,0.9910310920381675,6309.0,5300.0,-9469.999999999998,-99.41000000000004,961.4382342465752,18.08,380.00000000001705,-5628.92823424659,-18.486401973681225,30449.02
EUR,EuH7,Eu-3.26,2026-07-10,2026-09-29,81,57,LONG_QUARTERLY_SHORT_PERP,0.03483,0.12732685268685442,0.27354795367211604,5910.0,4619.0,-8390.0,-134.24000000000004,949.5506031506849,18.08,380.00000000001705,-5252.870603150703,-17.251361794733302,30449.02
EUR,EuH7,Eu-3.26,2026-07-13,2026-09-29,78,56,LONG_QUARTERLY_SHORT_PERP,0.03087,0.12369585196183984,0.24956374454273045,5615.0,5004.0,-8480.000000000004,-165.11000000000004,913.8877098630136,18.08,380.00000000001705,-4953.077709863034,-16.266788585849508,30449.02
EUR,EuH7,Eu-3.26,2026-07-14,2026-09-29,77,55,SHORT_QUARTERLY_LONG_PERP,-0.13137,-0.0812712712951429,99.0,-5770.0,-3899.0,7530.000000000001,33.74000000000006,902.0000787671232,18.08,380.00000000001705,2364.659921232861,7.765963966107484,30449.02
EUR,EuH7,Eu-3.26,2026-07-15,2026-09-29,76,54,LONG_QUARTERLY_SHORT_PERP,0.1328,0.12237393421613427,1.0851984195053452,5320.0,3969.0,-7150.0000000000055,-166.54000000000008,890.1124476712328,18.08,380.00000000001705,-4635.732447671256,-15.224570274088478,30449.02
EUR,EuH7,Eu-3.26,2026-07-16,2026-09-29,75,53,LONG_QUARTERLY_SHORT_PERP,0.13337,0.13379820408632753,0.9967996275491765,5815.0,3054.0,-6730.000000000004,-299.91,878.2248165753424,18.08,380.00000000001705,-5252.214816575363,-17.249208074924457,30449.02
EUR,EuH7,Eu-3.26,2026-07-17,2026-09-29,74,52,SHORT_QUARTERLY_LONG_PERP,-0.01675,-0.07133813104847174,99.0,-4974.0,-3325.0,6159.999999999996,283.16,866.3371854794519,18.08,380.00000000001705,1853.7428145205274,6.088021271359563,30449.02
EUR,EuH7,Eu-3.26,2026-07-20,2026-09-29,71,51,LONG_QUARTERLY_SHORT_PERP,0.13485,0.13987753514101567,0.9640575941236937,5905.0,2744.0,-6510.0000000000055,-418.01000000000005,830.6742921917808,18.08,380.00000000001705,-5412.764292191804,-17.776481122189825,30449.02
EUR,EuH7,Eu-3.26,2026-07-21,2026-09-29,70,50,LONG_QUARTERLY_SHORT_PERP,0.03583,0.12513733322191814,0.28632542405597855,5040.0,3399.0,-6299.999999999997,-453.84000000000003,818.7866610958903,18.08,380.00000000001705,-4571.706661095905,-15.01429819776106,30449.02
EUR,EuH7,Eu-3.26,2026-07-23,2026-09-29,68,48,LONG_QUARTERLY_SHORT_PERP,0.02131,0.12912690414383596,0.16503144825854837,5005.0,3754.0,-6620.000000000005,-475.15000000000003,795.0113989041095,18.08,380.00000000001705,-4534.2413989041315,-14.891255609882128,30449.02
EUR,EuH7,Eu-3.26,2026-07-27,2026-09-29,64,46,LONG_QUARTERLY_SHORT_PERP,0.13334,0.1366421929243601,0.9758332850659964,5140.0,4299.0,-7299.999999999997,-608.49,747.4608745205479,18.08,380.00000000001705,-4755.030874520562,-15.616367536691039,30449.02
EUR,EuH7,Eu-3.26,2026-07-28,2026-09-29,63,45,SHORT_QUARTERLY_LONG_PERP,-0.13314,-0.09866973781430707,99.0,-5574.0,-2995.0,6430.000000000007,475.35,735.7817983561644,18.08,380.00000000001705,2776.488201643826,9.118481322695528,30449.02
EUR,EuH7,Eu-3.26,2026-07-29,2026-09-29,62,44,LONG_QUARTERLY_SHORT_PERP,0.09939,0.16014051641344995,0.6206424346940123,5924.0,2065.0,-5850.000000000008,-574.74,724.1027221917808,18.08,380.00000000001705,-5481.922722191806,-18.003609712863685,30449.02
EUR,EuH7,Eu-3.26,2026-07-30,2026-09-29,61,43,LONG_QUARTERLY_SHORT_PERP,0.13532,0.15824427083784684,0.8551336442294497,5694.0,1625.0,-5180.000000000007,-710.06,712.4236460273972,18.08,380.00000000001705,-5375.563646027421,-17.654307580432544,30449.02
EUR,EuH7,Eu-3.26,2026-08-04,2026-09-29,56,40,SHORT_QUARTERLY_LONG_PERP,-0.13794,-0.08067229336986259,99.0,-4279.0,-340.0,2480.000000000004,572.12,654.0282652054794,18.08,380.00000000001705,1660.0117347945077,5.451773931622455,30449.02
EUR,EuH7,Eu-3.26,2026-08-06,2026-09-29,54,38,SHORT_QUARTERLY_LONG_PERP,-0.05557,-0.0981118391348229,99.0,-4757.0,618.0,2000.0,516.55,630.6701128767123,18.08,380.00000000001705,2105.799887123271,6.915821550655066,30449.02
EUR,EuH7,Eu-3.26,2026-08-07,2026-09-29,53,37,SHORT_QUARTERLY_LONG_PERP,-0.13004,-0.11259267468345012,99.0,-5183.0,1824.0,1219.9999999999989,386.51,618.9910367123288,18.08,380.00000000001705,2413.4389632876537,7.926163020312817,30449.02
EUR,EuH7,Eu-3.26,2026-08-10,2026-09-29,50,36,LONG_QUARTERLY_SHORT_PERP,0.00625,0.1504731613394221,0.04153564625323372,4435.0,-1526.0,-769.999999999996,-392.76,583.9538082191781,18.08,380.00000000001705,-3670.7938082191904,-12.055540073930755,30449.02
EUR,EuH7,Eu-3.26,2026-08-11,2026-09-29,49,35,SHORT_QUARTERLY_LONG_PERP,-0.14294,-0.1129327219412911,99.0,-4923.0,1904.0,879.9999999999955,249.82,572.2747320547945,18.08,380.00000000001705,2063.4652679451838,6.776787127944295,30449.02
EUR,EuH7,Eu-3.26,2026-08-12,2026-09-29,48,34,SHORT_QUARTERLY_LONG_PERP,-0.14277,-0.1028036571796933,99.0,-4454.0,2035.0,280.00000000000114,107.05,560.595655890411,18.08,380.00000000001705,1463.3743441095733,4.80598174952617,30449.02
EUR,EuH7,Eu-3.26,2026-08-13,2026-09-29,47,33,SHORT_QUARTERLY_LONG_PERP,-0.08568,-0.11363646728102894,99.0,-4697.0,3248.0,-689.9999999999977,21.36999999999999,548.9165797260274,18.08,380.00000000001705,1632.3734202739577,5.361004788574337,30449.02
EUR,EuH7,Eu-3.26,2026-08-14,2026-09-29,46,32,SHORT_QUARTERLY_LONG_PERP,-0.14513,-0.1099900780136981,99.0,-4455.0,3766.0,-1450.0000000000027,-123.76,537.2375035616438,18.08,380.00000000001705,1256.9224964383363,4.127957144231034,30449.02
EUR,EuH7,Eu-3.26,2026-08-17,2026-09-29,43,31,LONG_QUARTERLY_SHORT_PERP,0.10335,0.1850412991957584,0.5585239643754567,4836.0,-4977.0,2280.000000000001,20.41000000000001,502.2002750684931,18.08,380.00000000001705,-3576.8702750685097,-11.747078477627555,30449.02
EUR,EuH7,Eu-3.26,2026-08-18,2026-09-29,42,30,SHORT_QUARTERLY_LONG_PERP,-0.0748,-0.11444662670319579,99.0,-4322.0,4853.0,-2670.000000000002,-95.21000000000002,490.52119890410955,18.08,380.00000000001705,1199.1888010958717,3.9383494151728744,30449.02
EUR,EuH7,Eu-3.26,2026-08-19,2026-09-29,41,29,LONG_QUARTERLY_SHORT_PERP,0.02919,0.14816972837033596,0.19700380314555485,3420.0,-3771.0,2489.999999999995,66.02000000000002,478.842122739726,18.08,380.00000000001705,-2091.902122739748,-6.870178819350336,30449.02
EUR,EuH7,Eu-3.26,2026-08-20,2026-09-29,40,28,LONG_QUARTERLY_SHORT_PERP,0.14783,0.1951872516634057,0.7573752831713015,4600.0,-3131.0,670.0000000000017,-81.80999999999996,467.16304657534243,18.08,380.00000000001705,-3408.0530465753573,-11.192652658691008,30449.02
EUR,EuH7,Eu-3.26,2026-08-24,2026-09-29,36,26,SHORT_QUARTERLY_LONG_PERP,-0.0394,-0.16313358684931442,99.0,-5060.0,4301.0,-1379.9999999999955,42.40999999999996,420.4467419178082,18.08,380.00000000001705,2144.883258082179,7.044178295663306,30449.02
EUR,EuH7,Eu-3.26,2026-08-27,2026-09-29,33,23,SHORT_QUARTERLY_LONG_PERP,-0.09035,-0.15871784724240545,99.0,-4434.0,6535.0,-4239.9999999999945,-47.94000000000003,385.4095134246575,18.08,380.00000000001705,1463.570486575331,4.806625916286735,30449.02
EUR,EuH7,Eu-3.26,2026-08-28,2026-09-29,32,22,SHORT_QUARTERLY_LONG_PERP,-0.00648,-0.21078134376089586,99.0,-5409.0,6890.0,-3620.0000000000045,-54.42000000000003,373.73043726027396,18.08,380.00000000001705,2443.7695627397043,8.025774106160737,30449.02
EUR,EuH7,Eu-3.26,2026-08-31,2026-09-29,29,21,SHORT_QUARTERLY_LONG_PERP,-0.14952,-0.12310603767775523,99.0,-3322.0,5693.0,-4509.999999999991,-203.94,338.6932087671233,18.08,380.00000000001705,242.28679123286872,0.7957129366819317,30449.02
EUR,EuH7,Eu-3.26,2026-09-01,2026-09-29,28,20,SHORT_QUARTERLY_LONG_PERP,-0.02735,-0.17774529336986217,99.0,-4280.0,6681.0,-4539.999999999992,-231.29000000000002,327.0141326027397,18.08,380.00000000001705,1184.6158673972516,3.890489307692831,30449.02
EUR,EuH7,Eu-3.26,2026-09-02,2026-09-29,27,19,SHORT_QUARTERLY_LONG_PERP,-0.08573,-0.16876762860850666,99.0,-3920.0,6551.0,-4769.999999999996,-317.02000000000004,315.33505643835616,18.08,380.00000000001705,750.5649435616306,2.464988835639474,30449.02
EUR,EuH7,Eu-3.26,2026-09-04,2026-09-29,25,17,SHORT_QUARTERLY_LONG_PERP,-0.01588,-0.10023194681708199,99.0,-2394.0,4765.0,-4509.999999999991,-332.90000000000003,291.97690410958904,18.08,380.00000000001705,-767.956904109597,-2.5221071289309047,30449.02
EUR,EuH7,Eu-3.26,2026-09-07,2026-09-29,22,16,LONG_QUARTERLY_SHORT_PERP,0.03212,0.26412622972602845,0.12160852041585297,3571.0,-5542.0,4109.999999999999,300.78000000000003,256.93967561643836,18.08,380.00000000001705,-1786.2396756164562,-5.866328951199271,30449.02
EUR,EuH7,Eu-3.26,2026-09-09,2026-09-29,20,14,LONG_QUARTERLY_SHORT_PERP,0.15075,0.2273329659491206,0.6631242388037085,2551.0,-3602.0,3189.9999999999977,150.03,233.58152328767122,18.08,380.00000000001705,-893.6315232876906,-2.9348449417672247,30449.02
EUR,EuH7,Eu-3.26,2026-09-14,2026-09-29,15,11,SHORT_QUARTERLY_LONG_PERP,-0.14681,-0.19824853250311175,99.0,-2754.0,2315.0,-1700.0000000000027,-296.84000000000003,175.18614246575342,18.08,380.00000000001705,-255.10614246577325,-0.8378139672993523,30449.02
EUR,EuH7,Eu-3.26,2026-09-16,2026-09-29,13,9,LONG_QUARTERLY_SHORT_PERP,0.04764,0.4638786655707781,0.10269926930435895,3625.0,-2556.0,1069.9999999999932,249.20000000000002,151.8279901369863,18.08,380.00000000001705,-1786.70799013701,-5.86786697942006,30449.02
EUR,EuH7,Eu-3.26,2026-09-17,2026-09-29,12,8,SHORT_QUARTERLY_LONG_PERP,-0.1457,-0.3037213857534225,99.0,-2968.0,2269.0,-1439.9999999999977,-394.9,140.14891397260274,18.08,380.00000000001705,-104.12891397261745,-0.34197788294210274,30449.02
EUR,EuH7,Eu-3.26,2026-09-18,2026-09-29,11,7,LONG_QUARTERLY_SHORT_PERP,0.10439,0.5727928339726053,0.1822473917419725,3483.0,-1954.0,609.9999999999994,290.51,128.46983780821918,18.08,380.00000000001705,-1580.0398378082366,-5.189131991138751,30449.02
EUR,EuH7,Eu-3.26,2026-09-21,2026-09-29,8,6,LONG_QUARTERLY_SHORT_PERP,0.14501,0.5554187682191809,0.2610822829501068,2841.0,-1012.0,310.0000000000023,145.5,93.43260931506849,18.08,380.00000000001705,-1048.0126093150834,-3.441859899974066,30449.02
EUR,EuH7,Eu-3.26,2026-09-22,2026-09-29,7,5,SHORT_QUARTERLY_LONG_PERP,-0.05221,-0.5620332933698595,99.0,-3290.0,1681.0,-530.0000000000011,-197.71,81.75353315068493,18.08,380.00000000001705,473.4564668492968,1.554915287419092,30449.02
EUR,EuH7,Eu-3.26,2026-09-23,2026-09-29,6,4,SHORT_QUARTERLY_LONG_PERP,-0.1037,-0.8307113857534205,99.0,-3791.0,2332.0,-679.9999999999926,-301.41,70.07445698630137,18.08,380.00000000001705,882.4355430136889,2.898075350253272,30449.02
EUR,EuH7,Eu-3.26,2026-09-24,2026-09-29,5,3,LONG_QUARTERLY_SHORT_PERP,0.08265,1.064825126940645,0.07761837874493267,2738.0,-1429.0,829.9999999999983,218.76,58.39538082191781,18.08,380.00000000001705,-836.7153808219366,-2.7479222018374867,30449.02
EUR,EuM6,Eu-6.26,2026-03-20,2026-06-18,90,64,SHORT_QUARTERLY_LONG_PERP,-0.14538,0.040070996046661235,3.628060551095616,1093.0,11166.0,-12260.000000000005,-2681.22,1085.6037469863018,17.939999999999998,368.00000000001705,-5246.763746986324,-17.551209211291766,29894.03
EUR,EuM6,Eu-6.26,2026-03-23,2026-06-18,87,63,LONG_QUARTERLY_SHORT_PERP,0.14594,0.03737237415525142,3.9050235180066304,921.0,-10620.0,9700.000000000004,2535.2799999999997,1047.5195717808228,17.939999999999998,368.00000000001705,181.82042821916343,0.608216517542678,29894.03
EUR,EuM6,Eu-6.26,2026-03-26,2026-06-18,84,60,SHORT_QUARTERLY_LONG_PERP,-0.09562,0.06189339863926971,1.5449143543933885,2317.0,7652.0,-9969.999999999998,-2630.9,1010.6639183561656,17.939999999999998,368.00000000001705,-6345.50391835618,-21.2266593642817,29894.03
EUR,EuM6,Eu-6.26,2026-03-31,2026-06-18,79,57,LONG_QUARTERLY_SHORT_PERP,0.1085,0.03384522507570328,3.205769787534659,594.0,-8833.0,8239.999999999995,2522.4,949.2378293150698,17.939999999999998,368.00000000001705,594.2221706849077,1.98776200694556,29894.03
EUR,EuM6,Eu-6.26,2026-04-02,2026-06-18,77,55,SHORT_QUARTERLY_LONG_PERP,-0.05563,0.022883770794520884,2.4309804751811104,-52.0,7751.0,-7700.000000000003,-2578.0299999999997,924.6673936986315,17.939999999999998,368.00000000001705,-3837.637393698651,-12.837470871938816,29894.03
EUR,EuM6,Eu-6.26,2026-04-06,2026-06-18,73,53,LONG_QUARTERLY_SHORT_PERP,0.13203,0.032706915518222114,4.036760969601113,472.0,-6441.0,5969.999999999999,2446.0,875.5265224657549,17.939999999999998,368.00000000001705,713.5334775342271,2.386876167362604,29894.03
EUR,EuM6,Eu-6.26,2026-04-07,2026-06-18,72,52,LONG_QUARTERLY_SHORT_PERP,0.01657,0.029426563551106785,0.563096671863228,281.0,-6280.0,6000.0,2429.43,863.2413046575356,17.939999999999998,368.00000000001705,900.248695342447,3.0114664879323634,29894.03
EUR,EuM6,Eu-6.26,2026-04-09,2026-06-18,70,50,LONG_QUARTERLY_SHORT_PERP,0.13734,0.03213221738082229,4.274214828447216,382.0,-6231.0,5849.9999999999945,2292.0899999999997,838.6708690410971,17.939999999999998,368.00000000001705,686.47913095888,2.296375332997525,29894.03
EUR,EuM6,Eu-6.26,2026-04-10,2026-06-18,69,49,LONG_QUARTERLY_SHORT_PERP,0.13632,0.03733317655577337,3.6514439052981915,617.0,-5596.0,4980.000000000004,2155.77,826.385651232878,17.939999999999998,368.00000000001705,327.4443487671085,1.0953503049508833,29894.03
EUR,EuM6,Eu-6.26,2026-04-15,2026-06-18,64,46,LONG_QUARTERLY_SHORT_PERP,0.04852,0.05101955569982172,0.9510078897094265,1196.0,-4895.0,3700.0000000000027,2107.25,764.9595621917819,17.939999999999998,368.00000000001705,-238.64956219179618,-0.7983184675729442,29894.03
EUR,EuM6,Eu-6.26,2026-04-16,2026-06-18,63,45,LONG_QUARTERLY_SHORT_PERP,0.1331,0.041502540986301774,3.207032553595469,729.0,-5108.0,4379.999999999995,1974.1499999999999,752.6743443835627,17.939999999999998,368.00000000001705,107.53565561641557,0.3597228463891137,29894.03
EUR,EuM6,Eu-6.26,2026-04-17,2026-06-18,62,44,LONG_QUARTERLY_SHORT_PERP,0.13412,0.03380293469489456,3.9677028403174965,361.0,-4960.0,4599.9999999999945,1840.03,740.3891265753434,17.939999999999998,368.00000000001705,353.700873424634,1.1831823057133282,29894.03
EUR,EuM6,Eu-6.26,2026-04-20,2026-06-18,59,43,LONG_QUARTERLY_SHORT_PERP,0.13445,0.04484822030583031,2.997889304930153,839.0,-4188.0,3349.9999999999945,1705.58,703.5334731506858,17.939999999999998,368.00000000001705,-221.89347315070842,-0.7422668444191313,29894.03
EUR,EuM6,Eu-6.26,2026-04-21,2026-06-18,58,42,LONG_QUARTERLY_SHORT_PERP,0.03238,0.033004482270059136,0.9810788648357119,309.0,-3048.0,2739.999999999995,1673.1999999999998,691.2482553424667,17.939999999999998,368.00000000001705,288.01174465751114,0.9634423483802992,29894.03
EUR,EuM6,Eu-6.26,2026-04-22,2026-06-18,57,41,LONG_QUARTERLY_SHORT_PERP,0.13166,0.03170495213498206,4.152663578846134,235.0,-3174.0,2939.9999999999977,1541.54,678.9630375342474,17.939999999999998,368.00000000001705,242.63696246573318,0.8116569176712982,29894.03
EUR,EuM6,Eu-6.26,2026-04-27,2026-06-18,52,38,LONG_QUARTERLY_SHORT_PERP,0.03055,0.030249393381399172,1.0099376081632658,146.0,-2995.0,2849.9999999999945,1510.99,617.5369484931514,17.939999999999998,368.00000000001705,362.51305150682606,1.2126603589640677,29894.03
EUR,EuM6,Eu-6.26,2026-04-28,2026-06-18,51,37,LONG_QUARTERLY_SHORT_PERP,0.13182,0.052989222647168197,2.4876756709138967,969.0,-3528.0,2560.0000000000023,1379.1699999999998,605.6612379452062,17.939999999999998,368.00000000001705,-580.431237945221,-1.9416292749596527,29894.03
EUR,EuM6,Eu-6.26,2026-04-30,2026-06-18,49,35,SHORT_QUARTERLY_LONG_PERP,-0.13167,0.0346242804814095,3.8028227061843602,244.0,3365.0,-3609.9999999999995,-1510.84,581.9098168493157,17.939999999999998,368.00000000001705,-2723.6898168493326,-9.111149673862416,29894.03
EUR,EuM6,Eu-6.26,2026-05-04,2026-06-18,45,33,LONG_QUARTERLY_SHORT_PERP,0.13296,0.04349536286841066,3.056877589508852,515.0,-3754.0,3239.999999999995,1377.8799999999999,534.4069746575348,17.939999999999998,368.00000000001705,-56.46697465755693,-0.18889047297255315,29894.03
EUR,EuM6,Eu-6.26,2026-05-05,2026-06-18,44,32,LONG_QUARTERLY_SHORT_PERP,0.13241,0.055264727003425204,2.3959224478172754,860.0,-4179.0,3319.999999999993,1245.47,522.5312641095895,17.939999999999998,368.00000000001705,-522.0012641096134,-1.7461722762358016,29894.03
EUR,EuM6,Eu-6.26,2026-05-06,2026-06-18,43,31,LONG_QUARTERLY_SHORT_PERP,0.09707,0.029535340437472943,3.286571224919504,19.0,-3048.0,3030.000000000001,1148.3999999999999,510.6555535616443,17.939999999999998,368.00000000001705,233.80444643833948,0.7821108309530013,29894.03
EUR,EuM6,Eu-6.26,2026-05-08,2026-06-18,41,29,SHORT_QUARTERLY_LONG_PERP,-0.13184,0.05237393560226796,2.517282661383402,646.0,2873.0,-3519.999999999996,-1280.24,486.90413246575383,17.939999999999998,368.00000000001705,-2800.0841324657667,-9.366700081808196,29894.03
EUR,EuM6,Eu-6.26,2026-05-11,2026-06-18,38,28,SHORT_QUARTERLY_LONG_PERP,-0.13283,0.0873648928864977,1.520404771428833,1609.0,1910.0,-3519.999999999996,-1413.07,451.27700082191814,17.939999999999998,368.00000000001705,-3860.2870008219315,-12.913237194255615,29894.03
EUR,EuM6,Eu-6.26,2026-05-12,2026-06-18,37,27,SHORT_QUARTERLY_LONG_PERP,-0.13283,0.04360523297311074,3.0461940217567443,352.0,1997.0,-2349.9999999999945,-1545.8999999999999,439.4012902739729,17.939999999999998,368.00000000001705,-2724.2412902739843,-9.112994434922237,29894.03
EUR,EuM6,Eu-6.26,2026-05-13,2026-06-18,36,26,LONG_QUARTERLY_SHORT_PERP,0.13107,0.06336406075869402,2.068522730876528,834.0,-1703.0,870.0000000000045,1414.83,427.5255797260277,17.939999999999998,368.00000000001705,-231.63557972604025,-0.774855647519054,29894.03
EUR,EuM6,Eu-6.26,2026-05-14,2026-06-18,35,25,SHORT_QUARTERLY_LONG_PERP,-0.12885,0.037223594767123974,3.4615141499928646,129.0,1130.0,-1260.000000000005,-1543.68,415.64986917808244,17.939999999999998,368.00000000001705,-2475.2698691781043,-8.280147806027172,29894.03
EUR,EuM6,Eu-6.26,2026-05-15,2026-06-18,34,24,LONG_QUARTERLY_SHORT_PERP,0.12944,0.0491130899429231,2.6355499145019996,389.0,-538.0,150.00000000000568,1414.24,403.7741586301372,17.939999999999998,368.00000000001705,236.52584136985138,0.7912143038922869,29894.03
EUR,EuM6,Eu-6.26,2026-05-18,2026-06-18,31,23,LONG_QUARTERLY_SHORT_PERP,0.12777,0.06517769682549211,1.960333154178393,745.0,216.0,-960.000000000008,1286.47,368.1470269863015,17.939999999999998,368.00000000001705,-211.6170269863265,-0.707890595501264,29894.03
EUR,EuM6,Eu-6.26,2026-05-19,2026-06-18,30,22,LONG_QUARTERLY_SHORT_PERP,0.12611,0.024509605292653336,5.1453296980592755,-203.0,2444.0,-2239.999999999995,1160.36,356.2713164383563,17.939999999999998,368.00000000001705,622.1486835616315,2.081180367991976,29894.03
EUR,EuM6,Eu-6.26,2026-05-20,2026-06-18,29,21,LONG_QUARTERLY_SHORT_PERP,0.12419,0.10701598123287753,1.1604808792973647,1517.0,1534.0,-3049.9999999999973,1036.17,344.39560589041105,17.939999999999998,368.00000000001705,-1210.1656058904252,-4.048184891399471,29894.03
EUR,EuM6,Eu-6.26,2026-05-21,2026-06-18,28,20,SHORT_QUARTERLY_LONG_PERP,-0.12297,0.04782299476712415,2.5713571598518032,238.0,-1999.0,1760.000000000005,-1159.1399999999999,332.5198953424658,17.939999999999998,368.00000000001705,-2116.599895342478,-7.080343116476693,29894.03
EUR,EuM6,Eu-6.26,2026-05-22,2026-06-18,27,19,LONG_QUARTERLY_SHORT_PERP,0.12491,0.10371495709444936,1.2043585949348568,1264.0,1227.0,-2489.999999999995,1034.23,320.6441847945206,17.939999999999998,368.00000000001705,-935.3541847945326,-3.1288995989986383,29894.03
EUR,EuM6,Eu-6.26,2026-05-25,2026-06-18,24,18,SHORT_QUARTERLY_LONG_PERP,-0.12381,0.08144205850837233,1.5202218886359828,795.0,-376.0,-420.0000000000017,-1158.04,285.0170531506849,17.939999999999998,368.00000000001705,-2624.9970531507033,-8.781007623096329,29894.03
EUR,EuM6,Eu-6.26,2026-05-26,2026-06-18,23,17,LONG_QUARTERLY_SHORT_PERP,0.12818,0.03935772603545627,3.256793847401809,10.0,1721.0,-1730.000000000004,1029.86,273.14134260273966,17.939999999999998,368.00000000001705,361.77865739723916,1.2102037008634805,29894.03
EUR,EuM6,Eu-6.26,2026-05-27,2026-06-18,22,16,LONG_QUARTERLY_SHORT_PERP,0.12495,0.08607535200342573,1.4516350742896422,730.0,1581.0,-2310.0000000000023,904.91,261.2656320547945,17.939999999999998,368.00000000001705,-471.29563205481384,-1.5765543556851114,29894.03
EUR,EuM6,Eu-6.26,2026-05-28,2026-06-18,21,15,SHORT_QUARTERLY_LONG_PERP,-0.12408,0.05862199476712443,2.1166116999755324,244.0,-1585.0,1340.0000000000034,-1028.99,249.38992150684928,17.939999999999998,368.00000000001705,-1909.319921506863,-6.386960612225462,29894.03
EUR,EuM6,Eu-6.26,2026-05-29,2026-06-18,20,14,LONG_QUARTERLY_SHORT_PERP,0.12554,0.10374672935420866,1.2100622427468097,829.0,1562.0,-2390.0000000000005,903.4499999999999,237.51421095890407,17.939999999999998,368.00000000001705,-548.0042109589217,-1.8331560213156999,29894.03
EUR,EuM6,Eu-6.26,2026-06-01,2026-06-18,17,13,SHORT_QUARTERLY_LONG_PERP,-0.12396,0.2038328522550066,0.6081453437393837,2062.0,-843.0,-1219.9999999999989,-1027.41,201.88707931506846,17.939999999999998,368.00000000001705,-3678.237079315085,-12.304252987352609,29894.03
EUR,EuM6,Eu-6.26,2026-06-02,2026-06-18,16,12,LONG_QUARTERLY_SHORT_PERP,0.12938,0.1417459473972617,0.9127597816775352,1125.0,-704.0,-420.0000000000017,898.03,190.01136876712326,17.939999999999998,368.00000000001705,-801.9213687671422,-2.682546878982667,29894.03
EUR,EuM6,Eu-6.26,2026-06-03,2026-06-18,15,11,LONG_QUARTERLY_SHORT_PERP,0.12692,0.12809778711083591,0.9908055623957279,845.0,-934.0,90.00000000000341,771.11,178.13565821917805,17.939999999999998,368.00000000001705,-636.9656582191917,-2.130745363603341,29894.03
EUR,EuM6,Eu-6.26,2026-06-04,2026-06-18,14,10,LONG_QUARTERLY_SHORT_PERP,0.12768,0.02581999476712499,4.945004875158498,-294.0,-945.0,1239.999999999995,643.43,166.25994767123285,17.939999999999998,368.00000000001705,386.23005232874493,1.2919972727957554,29894.03
EUR,EuM6,Eu-6.26,2026-06-05,2026-06-18,13,9,LONG_QUARTERLY_SHORT_PERP,0.12941,0.09014713745814498,1.4355419778036171,271.0,-800.0,530.0000000000011,514.02,154.38423712328765,17.939999999999998,368.00000000001705,-296.30423712330355,-0.9911819755426203,29894.03
EUR,EuM6,Eu-6.26,2026-06-08,2026-06-18,10,8,SHORT_QUARTERLY_LONG_PERP,-0.12834,0.13858713818493365,0.9260599625683904,604.0,-355.0,-250.0,-642.36,118.75710547945204,17.939999999999998,368.00000000001705,-1752.0571054794693,-5.860892979231871,29894.03
EUR,EuM6,Eu-6.26,2026-06-09,2026-06-18,9,7,LONG_QUARTERLY_SHORT_PERP,0.12792,0.1809744849902177,0.7068399725348826,774.0,1477.0,-2250.0,514.4399999999999,106.88139493150683,17.939999999999998,368.00000000001705,-751.381394931524,-2.5134831099437713,29894.03
EUR,EuM6,Eu-6.26,2026-06-10,2026-06-18,8,6,LONG_QUARTERLY_SHORT_PERP,0.12417,0.17199094739726312,0.7219566022460082,551.0,1400.0,-1950.0000000000027,390.27,95.00568438356163,17.939999999999998,368.00000000001705,-640.6756843835815,-2.1431559558332602,29894.03
EUR,EuM6,Eu-6.26,2026-06-11,2026-06-18,7,5,LONG_QUARTERLY_SHORT_PERP,0.12462,0.17441399476712668,0.7145068844182463,403.0,1658.0,-2060.0000000000023,265.65,83.12997383561643,17.939999999999998,368.00000000001705,-605.4199738356358,-2.0252203327408043,29894.03
EUR,EuU6,Eu-9.26,2026-06-19,2026-09-17,90,64,LONG_QUARTERLY_SHORT_PERP,0.12755,0.055895206167594406,2.2819488243331305,2151.0,11177.0,-13329.999999999998,606.0699999999999,1040.3531947260255,17.939999999999998,368.00000000001705,-2973.2231947260407,-9.945876132211149,29894.03
EUR,EuU6,Eu-9.26,2026-06-22,2026-09-17,87,63,LONG_QUARTERLY_SHORT_PERP,0.12626,0.06350263592193979,1.9882639227008516,2610.0,10298.0,-12909.999999999996,479.81,1004.72606308219,17.939999999999998,368.00000000001705,-3522.856063082203,-11.784480256031733,29894.03
EUR,EuU6,Eu-9.26,2026-06-23,2026-09-17,86,62,LONG_QUARTERLY_SHORT_PERP,0.02147,0.03906443719619998,0.5496047438791338,1043.0,10975.0,-12019.999999999996,458.34,993.0551061643819,17.939999999999998,368.00000000001705,-1965.6551061643954,-6.575410227943156,29894.03
EUR,EuU6,Eu-9.26,2026-06-24,2026-09-17,85,61,LONG_QUARTERLY_SHORT_PERP,0.03875,0.047890559823714596,0.809136500860273,1554.0,10764.0,-12319.999999999993,419.59,981.3841492465737,17.939999999999998,368.00000000001705,-2503.734149246584,-8.375365078735065,29894.03
EUR,EuU6,Eu-9.26,2026-06-26,2026-09-17,83,59,LONG_QUARTERLY_SHORT_PERP,0.12866,0.0858471565323894,1.4987100935772715,3721.0,6377.0,-10099.999999999995,290.93,958.0422354109573,17.939999999999998,368.00000000001705,-4776.052235410969,-15.976608825946082,29894.03
EUR,EuU6,Eu-9.26,2026-06-29,2026-09-17,80,58,LONG_QUARTERLY_SHORT_PERP,0.1311,0.04620636835616465,2.837271239095535,1371.0,7477.0,-8849.999999999995,159.82999999999998,923.0293646575329,17.939999999999998,368.00000000001705,-2522.1393646575443,-8.436933276167665,29894.03
EUR,EuU6,Eu-9.26,2026-07-01,2026-09-17,78,56,LONG_QUARTERLY_SHORT_PERP,0.12238,0.04099334733610596,2.9853624539758092,1010.0,7308.0,-8319.999999999993,37.44999999999998,899.6874508219166,17.939999999999998,368.00000000001705,-2260.177450821927,-7.560631506765487,29894.03
EUR,EuU6,Eu-9.26,2026-07-02,2026-09-17,77,55,LONG_QUARTERLY_SHORT_PERP,0.13377,0.05170829988916592,2.58701214866335,1570.0,7218.0,-8790.000000000005,-96.32000000000002,888.0164939041084,17.939999999999998,368.00000000001705,-2942.276493904131,-9.84235479092023,29894.03
EUR,EuU6,Eu-9.26,2026-07-03,2026-09-17,76,54,LONG_QUARTERLY_SHORT_PERP,0.13307,0.06852380624048736,1.9419528380105577,2438.0,7030.0,-9469.999999999998,-229.39000000000001,876.3455369863003,17.939999999999998,368.00000000001705,-3931.675536986316,-13.15204252148779,29894.03
EUR,EuU6,Eu-9.26,2026-07-07,2026-09-17,72,52,LONG_QUARTERLY_SHORT_PERP,0.13389,0.06178080210221317,2.167178078693214,1997.0,8601.0,-10599.999999999995,-363.28000000000003,829.6617093150676,17.939999999999998,368.00000000001705,-3577.881709315079,-11.968549269921382,29894.03
EUR,EuU6,Eu-9.26,2026-07-09,2026-09-17,70,50,LONG_QUARTERLY_SHORT_PERP,0.13103,0.06672519590958936,1.9637259690858266,2144.0,8764.0,-10909.999999999996,-494.31000000000006,806.3197954794513,17.939999999999998,368.00000000001705,-3832.569795479465,-12.820518998206214,29894.03
EUR,EuU6,Eu-9.26,2026-07-10,2026-09-17,69,49,LONG_QUARTERLY_SHORT_PERP,0.03483,0.05907324160329918,0.5896070548133722,1714.0,8114.0,-9829.999999999998,-529.14,794.6488385616431,17.939999999999998,368.00000000001705,-3425.7288385616584,-11.45957516789024,29894.03
EUR,EuU6,Eu-9.26,2026-07-13,2026-09-17,66,48,LONG_QUARTERLY_SHORT_PERP,0.03087,0.05422033266267158,0.5693436112252535,1457.0,8461.0,-9920.000000000002,-560.01,759.6359678082185,17.939999999999998,368.00000000001705,-3164.585967808237,-10.586013220058444,29894.03
EUR,EuU6,Eu-9.26,2026-07-14,2026-09-17,65,47,SHORT_QUARTERLY_LONG_PERP,-0.13137,-0.0133637231725441,99.0,-1762.0,-7206.0,8969.999999999998,428.64000000000004,747.9650108904103,17.939999999999998,368.00000000001705,1058.7349891095707,3.54162683689543,29894.03
EUR,EuU6,Eu-9.26,2026-07-15,2026-09-17,64,46,LONG_QUARTERLY_SHORT_PERP,0.1328,0.05011378378201346,2.6499695288956366,1183.0,7405.0,-8590.000000000004,-561.44,736.2940539726021,17.939999999999998,368.00000000001705,-2868.6740539726225,-9.596143624571939,29894.03
EUR,EuU6,Eu-9.26,2026-07-16,2026-09-17,63,45,LONG_QUARTERLY_SHORT_PERP,0.13337,0.06759029104566247,1.9732123939205741,1931.0,6237.0,-8170.000000000002,-694.8100000000001,724.6230970547939,17.939999999999998,368.00000000001705,-3738.373097054813,-12.505416958017415,29894.03
EUR,EuU6,Eu-9.26,2026-07-17,2026-09-17,62,44,SHORT_QUARTERLY_LONG_PERP,-0.01675,0.0007930031849318831,21.12223546925449,-1064.0,-6534.0,7599.9999999999945,678.0600000000001,712.9521401369858,17.939999999999998,368.00000000001705,645.1678598629917,2.1581829544661315,29894.03
EUR,EuU6,Eu-9.26,2026-07-20,2026-09-17,59,43,LONG_QUARTERLY_SHORT_PERP,0.13485,0.06448556440426927,2.0911656933729534,1709.0,6239.0,-7950.000000000003,-812.9100000000001,677.9392693835613,17.939999999999998,368.00000000001705,-3587.789269383581,-12.001691539693983,29894.03
EUR,EuU6,Eu-9.26,2026-07-21,2026-09-17,58,42,LONG_QUARTERLY_SHORT_PERP,0.03583,0.04862400743966119,0.7368787947900507,990.0,6748.0,-7739.9999999999945,-848.74,666.2683124657531,17.939999999999998,368.00000000001705,-2892.9483124657645,-9.67734464863307,29894.03
EUR,EuU6,Eu-9.26,2026-07-23,2026-09-17,56,40,LONG_QUARTERLY_SHORT_PERP,0.02131,0.049471659965753846,0.43075166700999296,950.0,7108.0,-8060.000000000002,-870.0500000000001,642.9263986301368,17.939999999999998,368.00000000001705,-2850.9163986301555,-9.53674161238935,29894.03
EUR,EuU6,Eu-9.26,2026-07-27,2026-09-17,52,38,LONG_QUARTERLY_SHORT_PERP,0.13334,0.057873225551550556,2.30400152625375,1217.0,7521.0,-8739.999999999995,-1003.39,596.242570958904,17.939999999999998,368.00000000001705,-3204.572570958915,-10.719774386253427,29894.03
EUR,EuU6,Eu-9.26,2026-07-28,2026-09-17,51,37,SHORT_QUARTERLY_LONG_PERP,-0.13314,-0.013683341414290544,99.0,-1477.0,-6391.0,7870.000000000005,870.25,584.7763676712328,17.939999999999998,368.00000000001705,1378.5336323287545,4.61140111362956,29894.03
EUR,EuU6,Eu-9.26,2026-07-29,2026-09-17,50,36,LONG_QUARTERLY_SHORT_PERP,0.09939,0.07389583789954385,1.345001326530916,1701.0,5587.0,-7290.000000000006,-969.64,573.3101643835616,17.939999999999998,368.00000000001705,-3631.890164383585,-12.149215627279379,29894.03
EUR,EuU6,Eu-9.26,2026-07-30,2026-09-17,49,35,LONG_QUARTERLY_SHORT_PERP,0.13532,0.0695366846027402,1.946023178601004,1486.0,5132.0,-6620.000000000005,-1104.96,561.8439610958904,17.939999999999998,368.00000000001705,-3540.743961095912,-11.84431794942305,29894.03
EUR,EuU6,Eu-9.26,2026-08-04,2026-09-17,44,32,SHORT_QUARTERLY_LONG_PERP,-0.13794,0.023357904520548485,5.905495498478942,-143.0,-3775.0,3920.000000000002,967.02,504.51294465753443,17.939999999999998,368.00000000001705,221.5670553424502,0.7411749280456673,29894.03
EUR,EuU6,Eu-9.26,2026-08-06,2026-09-17,42,30,SHORT_QUARTERLY_LONG_PERP,-0.05557,0.002284017936073633,24.329931530891674,-799.0,-2639.0,3439.9999999999977,911.45,481.58053808219194,17.939999999999998,368.00000000001705,844.9294619177888,2.82641538099008,29894.03
EUR,EuU6,Eu-9.26,2026-08-07,2026-09-17,41,29,SHORT_QUARTERLY_LONG_PERP,-0.13004,-0.010791229834671115,99.0,-1169.0,-1489.0,2659.9999999999964,781.41,470.1143347945207,17.939999999999998,368.00000000001705,1096.3556652054583,3.667473623347064,29894.03
EUR,EuU6,Eu-9.26,2026-08-10,2026-09-17,38,28,LONG_QUARTERLY_SHORT_PERP,0.00625,0.039273418747554426,0.15914071652825465,278.0,1930.0,-2209.9999999999936,-787.66,435.71572493150694,17.939999999999998,368.00000000001705,-1889.3157249315175,-6.320043583723967,29894.03
EUR,EuU6,Eu-9.26,2026-08-11,2026-09-17,37,27,SHORT_QUARTERLY_LONG_PERP,-0.14294,-0.0002522399391165651,99.0,-817.0,-1501.0,2319.999999999993,644.72,424.2495216438357,17.939999999999998,368.00000000001705,653.5304783561403,2.1861571636749555,29894.03
EUR,EuU6,Eu-9.26,2026-08-12,2026-09-17,36,26,SHORT_QUARTERLY_LONG_PERP,-0.14277,0.008835512244468519,16.158655667008023,-569.0,-1149.0,1719.9999999999989,501.95,412.78331835616444,17.939999999999998,368.00000000001705,274.2266816438173,0.9173292515054589,29894.03
EUR,EuU6,Eu-9.26,2026-08-13,2026-09-17,35,25,SHORT_QUARTERLY_LONG_PERP,-0.08568,0.0045302846027404095,18.9127190702702,-674.0,-74.0,750.0,416.27,401.3171150684932,17.939999999999998,368.00000000001705,305.0128849314897,1.0203137045473283,29894.03
EUR,EuU6,Eu-9.26,2026-08-14,2026-09-17,34,24,SHORT_QUARTERLY_LONG_PERP,-0.14513,0.0013662879908682916,106.2221149347644,-743.0,755.0,-10.000000000005116,271.14,389.85091178082195,17.939999999999998,368.00000000001705,240.34908821915587,0.8040036362416036,29894.03
EUR,EuU6,Eu-9.26,2026-08-17,2026-09-17,31,23,LONG_QUARTERLY_SHORT_PERP,0.10335,0.06210401312686197,1.6641436647400458,687.0,-1529.0,840.0000000000034,-374.49,355.4523019178082,17.939999999999998,368.00000000001705,-1804.882301917822,-6.037601159555343,29894.03
EUR,EuU6,Eu-9.26,2026-08-18,2026-09-17,30,22,SHORT_QUARTERLY_LONG_PERP,-0.0748,0.03158754993773427,2.3680215827896305,-35.0,1267.0,-1230.000000000004,299.69,343.98609863013695,17.939999999999998,368.00000000001705,-393.2360986301581,-1.3154335451933317,29894.03
EUR,EuU6,Eu-9.26,2026-08-19,2026-09-17,29,21,LONG_QUARTERLY_SHORT_PERP,0.02919,0.0005457093020229882,53.49001728904075,-707.0,-345.0,1049.9999999999973,-328.88,332.5198953424657,17.939999999999998,368.00000000001705,-342.3398953424855,-1.1451781353751418,29894.03
EUR,EuU6,Eu-9.26,2026-08-20,2026-09-17,28,20,LONG_QUARTERLY_SHORT_PERP,0.14783,0.05264968460274058,2.8078040944675475,346.0,422.0,-769.999999999996,-476.71,321.05369205479445,17.939999999999998,368.00000000001705,-1531.7036920548076,-5.123777864860668,29894.03
EUR,EuU6,Eu-9.26,2026-08-24,2026-09-17,24,18,SHORT_QUARTERLY_LONG_PERP,-0.0394,-0.021603951171992965,99.0,-1050.0,992.0,60.000000000002274,437.30999999999995,275.18887890410946,17.939999999999998,368.00000000001705,828.1811210958756,2.7703896767878926,29894.03
EUR,EuU6,Eu-9.26,2026-08-27,2026-09-17,21,15,SHORT_QUARTERLY_LONG_PERP,-0.09035,0.014515351269407522,6.224444611989597,-409.0,3211.0,-2799.9999999999973,346.96,240.79026904109577,17.939999999999998,368.00000000001705,131.2297309588899,0.4389830710643225,29894.03
EUR,EuU6,Eu-9.26,2026-08-28,2026-09-17,20,14,SHORT_QUARTERLY_LONG_PERP,-0.00648,-0.04676685244618274,99.0,-1270.0,3452.0,-2180.000000000007,340.47999999999996,229.32406575342455,17.939999999999998,368.00000000001705,997.2159342465516,3.3358364002663796,29894.03
EUR,EuU6,Eu-9.26,2026-08-31,2026-09-17,17,13,SHORT_QUARTERLY_LONG_PERP,-0.14952,0.11075888122234061,1.349959464648701,859.0,2213.0,-3069.999999999993,190.95999999999998,194.9254558904109,17.939999999999998,368.00000000001705,-1246.905455890421,-4.171085182862335,29894.03
EUR,EuU6,Eu-9.26,2026-09-01,2026-09-17,16,12,SHORT_QUARTERLY_LONG_PERP,-0.02735,0.02236660438356306,1.222805193447208,-301.0,3403.0,-3099.9999999999945,163.60999999999999,183.45925260273967,17.939999999999998,368.00000000001705,-102.78925260275122,-0.3438454186429572,29894.03
EUR,EuU6,Eu-9.26,2026-09-02,2026-09-17,15,11,SHORT_QUARTERLY_LONG_PERP,-0.08573,0.018721186301371408,4.579303822948437,-352.0,3684.0,-3329.999999999998,77.87999999999998,171.99304931506845,17.939999999999998,368.00000000001705,-126.05304931508368,-0.4216662969665973,29894.03
EUR,EuU6,Eu-9.26,2026-09-04,2026-09-17,13,9,SHORT_QUARTERLY_LONG_PERP,-0.01588,0.16466673808219368,0.09643720513898484,947.0,2125.0,-3069.999999999993,61.999999999999986,149.060642739726,17.939999999999998,368.00000000001705,-1418.0006427397363,-4.743424164422583,29894.03
EUR,EuU6,Eu-9.26,2026-09-07,2026-09-17,10,8,LONG_QUARTERLY_SHORT_PERP,0.03212,0.1268252541095912,0.253261861965163,514.0,-3186.0,2670.000000000002,-94.11999999999999,114.66203287671233,17.939999999999998,368.00000000001705,-1110.7220328767276,-3.715531271216118,29894.03
EUR,EuU6,Eu-9.26,2026-09-09,2026-09-17,8,6,LONG_QUARTERLY_SHORT_PERP,0.15075,-0.005888395616435512,99.0,-513.0,-1239.0,1750.0,-244.87,91.72962630136986,17.939999999999998,368.00000000001705,-211.53962630138693,-0.7076316786374636,29894.03
EUR,EuZ6,Eu-12.26,2026-07-01,2026-09-29,90,64,LONG_QUARTERLY_SHORT_PERP,0.12238,0.07364409203553106,1.6617762079401472,3290.0,4138.0,-6879.999999999995,432.34999999999997,1037.2818902739712,17.939999999999998,368.00000000001705,-3732.871890273984,-12.487014598814493,29894.03
EUR,EuZ6,Eu-12.26,2026-07-02,2026-09-29,89,63,LONG_QUARTERLY_SHORT_PERP,0.13377,0.08018334814851079,1.6683015001099633,3640.0,4258.0,-7350.000000000008,298.58,1025.6109333561628,17.939999999999998,368.00000000001705,-4204.970933356188,-14.06625648450941,29894.03
EUR,EuZ6,Eu-12.26,2026-07-03,2026-09-29,88,62,LONG_QUARTERLY_SHORT_PERP,0.13307,0.09707870929739308,1.3707433994857758,4619.0,3959.0,-8030.000000000001,165.51,1013.9399764383546,17.939999999999998,368.00000000001705,-5305.369976438372,-17.74725581140573,29894.03
EUR,EuZ6,Eu-12.26,2026-07-07,2026-09-29,84,60,LONG_QUARTERLY_SHORT_PERP,0.13389,0.09026993581278564,1.483218070274025,4063.0,5645.0,-9159.999999999996,31.619999999999962,967.2561487671219,17.939999999999998,368.00000000001705,-4836.576148767135,-16.179070365444655,29894.03
EUR,EuZ6,Eu-12.26,2026-07-09,2026-09-29,82,58,LONG_QUARTERLY_SHORT_PERP,0.13103,0.09318714198157797,1.4060952746667896,4075.0,5943.0,-9469.999999999998,-99.41000000000004,943.9142349315056,17.939999999999998,368.00000000001705,-4956.26423493152,-16.57944490900531,29894.03
EUR,EuZ6,Eu-12.26,2026-07-10,2026-09-29,81,57,LONG_QUARTERLY_SHORT_PERP,0.03483,0.0872663732984862,0.39912280851717474,3656.0,5282.0,-8390.0,-134.24000000000004,932.2432780136974,17.939999999999998,368.00000000001705,-4560.4232780137145,-15.255297723370568,29894.03
EUR,EuZ6,Eu-12.26,2026-07-13,2026-09-29,78,56,LONG_QUARTERLY_SHORT_PERP,0.03087,0.0829673287010766,0.3720741704390854,3363.0,5665.0,-8480.000000000004,-165.11000000000004,897.2304072602728,17.939999999999998,368.00000000001705,-4263.280407260294,-14.261310392945662,29894.03
EUR,EuZ6,Eu-12.26,2026-07-14,2026-09-29,77,55,SHORT_QUARTERLY_LONG_PERP,-0.13137,-0.04222728272104579,99.0,-3594.0,-4484.0,7530.000000000001,33.74000000000006,885.5594503424646,17.939999999999998,368.00000000001705,1808.2405496575195,6.048835000357997,29894.03
EUR,EuZ6,Eu-12.26,2026-07-15,2026-09-29,76,54,LONG_QUARTERLY_SHORT_PERP,0.1328,0.07857089802638284,1.6901932310282097,2983.0,4715.0,-7150.0000000000055,-166.54000000000008,873.8884934246564,17.939999999999998,368.00000000001705,-3861.3684934246785,-12.916854948712766,29894.03
EUR,EuZ6,Eu-12.26,2026-07-16,2026-09-29,75,53,LONG_QUARTERLY_SHORT_PERP,0.13337,0.09300297238692197,1.434040187932256,3681.0,3597.0,-6730.000000000004,-299.91,862.2175365068482,17.939999999999998,368.00000000001705,-4681.067536506868,-15.658870806334471,29894.03
EUR,EuZ6,Eu-12.26,2026-07-17,2026-09-29,74,52,SHORT_QUARTERLY_LONG_PERP,-0.01675,-0.031144488854056594,99.0,-2856.0,-3852.0,6159.999999999996,283.16,850.5465795890401,17.939999999999998,368.00000000001705,1354.6734204109391,4.53158513726968,29894.03
EUR,EuZ6,Eu-12.26,2026-07-20,2026-09-29,71,51,LONG_QUARTERLY_SHORT_PERP,0.13485,0.09361713154579672,1.4404414851573668,3573.0,3485.0,-6510.0000000000055,-418.01000000000005,815.5337088356156,17.939999999999998,368.00000000001705,-4644.483708835638,-15.536492432889236,29894.03
EUR,EuZ6,Eu-12.26,2026-07-21,2026-09-29,70,50,LONG_QUARTERLY_SHORT_PERP,0.03583,0.07899605503835648,0.45356695321814194,2760.0,4088.0,-6299.999999999997,-453.84000000000003,803.8627519178074,17.939999999999998,368.00000000001705,-3855.6427519178214,-12.897701487279638,29894.03
EUR,EuZ6,Eu-12.26,2026-07-23,2026-09-29,68,48,LONG_QUARTERLY_SHORT_PERP,0.02131,0.08157210079337934,0.26124127971128075,2749.0,4419.0,-6620.000000000005,-475.15000000000003,780.5208380821911,17.939999999999998,368.00000000001705,-3842.6108380822125,-12.854107787013703,29894.03
EUR,EuZ6,Eu-12.26,2026-07-27,2026-09-29,64,46,LONG_QUARTERLY_SHORT_PERP,0.13334,0.08862558718284728,1.504531639659554,2957.0,4891.0,-7299.999999999997,-608.49,733.8370104109583,17.939999999999998,368.00000000001705,-4137.267010410972,-13.839776739405735,29894.03
EUR,EuZ6,Eu-12.26,2026-07-28,2026-09-29,63,45,SHORT_QUARTERLY_LONG_PERP,-0.13314,-0.04703753761948212,99.0,-3225.0,-3753.0,6430.000000000007,475.35,722.3708071232871,17.939999999999998,368.00000000001705,2044.0391928767028,6.837616717708195,29894.03
EUR,EuZ6,Eu-12.26,2026-07-29,2026-09-29,62,44,LONG_QUARTERLY_SHORT_PERP,0.09939,0.10254192281444618,0.969262105410782,3415.0,2983.0,-5850.000000000008,-574.74,710.904603835616,17.939999999999998,368.00000000001705,-4538.584603835641,-15.182244093003325,29894.03
EUR,EuZ6,Eu-12.26,2026-07-30,2026-09-29,61,43,LONG_QUARTERLY_SHORT_PERP,0.13532,0.10031112559413866,1.349002906691608,3228.0,2500.0,-5180.000000000007,-710.06,699.4384005479448,17.939999999999998,368.00000000001705,-4475.438400547969,-14.971010601608311,29894.03
EUR,EuZ6,Eu-12.26,2026-08-04,2026-09-29,56,40,SHORT_QUARTERLY_LONG_PERP,-0.13794,-0.020723815397259853,99.0,-1857.0,-1171.0,2480.000000000004,572.12,642.1073841095888,17.939999999999998,368.00000000001705,853.0726158903981,2.8536554485641386,29894.03
EUR,EuZ6,Eu-12.26,2026-08-06,2026-09-29,54,38,SHORT_QUARTERLY_LONG_PERP,-0.05557,-0.0388653953280457,99.0,-2482.0,-66.0,2000.0,516.55,619.1749775342464,17.939999999999998,368.00000000001705,1445.4350224657367,4.835196266497815,29894.03
EUR,EuZ6,Eu-12.26,2026-08-07,2026-09-29,53,37,SHORT_QUARTERLY_LONG_PERP,-0.13004,-0.05092841150684886,99.0,-2878.0,1110.0,1219.9999999999989,386.51,607.7087742465752,17.939999999999998,368.00000000001705,1722.861225753407,5.763228396283162,29894.03
EUR,EuZ6,Eu-12.26,2026-08-10,2026-09-29,50,36,LONG_QUARTERLY_SHORT_PERP,0.00625,0.08028472678843274,0.07784793260205113,1931.0,-613.0,-769.999999999996,-392.76,573.3101643835616,17.939999999999998,368.00000000001705,-2735.010164383574,-9.149017928942916,29894.03
EUR,EuZ6,Eu-12.26,2026-08-11,2026-09-29,49,35,SHORT_QUARTERLY_LONG_PERP,-0.14294,-0.0441776011115455,99.0,-2494.0,1066.0,879.9999999999955,249.82,561.8439610958904,17.939999999999998,368.00000000001705,1248.0360389040882,4.174867152083838,29894.03
EUR,EuZ6,Eu-12.26,2026-08-12,2026-09-29,48,34,SHORT_QUARTERLY_LONG_PERP,-0.14277,-0.035578889476228344,99.0,-2146.0,1318.0,280.00000000000114,107.05,550.3777578082193,17.939999999999998,368.00000000001705,768.7322421917647,2.5715242882668035,29894.03
EUR,EuZ6,Eu-12.26,2026-08-13,2026-09-29,47,33,SHORT_QUARTERLY_LONG_PERP,-0.08568,-0.04009540743877075,99.0,-2248.0,2390.0,-689.9999999999977,21.36999999999999,538.9115545205481,17.939999999999998,368.00000000001705,796.5184454794369,2.6644732927592463,29894.03
EUR,EuZ6,Eu-12.26,2026-08-14,2026-09-29,46,32,SHORT_QUARTERLY_LONG_PERP,-0.14513,-0.04001920777397206,99.0,-2194.0,3096.0,-1450.0000000000027,-123.76,527.4453512328769,17.939999999999998,368.00000000001705,608.8546487671033,2.036709833927053,29894.03
EUR,EuZ6,Eu-12.26,2026-08-17,2026-09-29,43,31,LONG_QUARTERLY_SHORT_PERP,0.10335,0.10612860456031872,0.9738185141335812,2411.0,-4143.0,2280.000000000001,20.41000000000001,493.0467413698632,17.939999999999998,368.00000000001705,-2721.5767413698795,-9.104081120444048,29894.03
EUR,EuZ6,Eu-12.26,2026-08-18,2026-09-29,42,30,SHORT_QUARTERLY_LONG_PERP,-0.0748,-0.0347493153972597,99.0,-1910.0,4032.0,-2670.000000000002,-95.21000000000002,481.58053808219194,17.939999999999998,368.00000000001705,399.26946191778916,1.3356160474776708,29894.03
EUR,EuZ6,Eu-12.26,2026-08-19,2026-09-29,41,29,LONG_QUARTERLY_SHORT_PERP,0.02919,0.06907083913084613,0.42260960439040224,1147.0,-3089.0,2489.999999999995,66.02000000000002,470.1143347945207,17.939999999999998,368.00000000001705,-1389.0343347945427,-4.646527533405642,29894.03
EUR,EuZ6,Eu-12.26,2026-08-20,2026-09-29,40,28,LONG_QUARTERLY_SHORT_PERP,0.14783,0.11262814755381666,1.312549333454703,2309.0,-2431.0,670.0000000000017,-81.80999999999996,458.64813150684944,17.939999999999998,368.00000000001705,-2687.398131506865,-8.989748560186985,29894.03
EUR,EuZ6,Eu-12.26,2026-08-24,2026-09-29,36,26,SHORT_QUARTERLY_LONG_PERP,-0.0394,-0.07820294929399302,99.0,-2832.0,3664.0,-1379.9999999999955,42.40999999999996,412.78331835616444,17.939999999999998,368.00000000001705,1527.6866816438228,5.110340364426686,29894.03
EUR,EuZ6,Eu-12.26,2026-08-27,2026-09-29,33,23,SHORT_QUARTERLY_LONG_PERP,-0.09035,-0.06542066484812313,99.0,-2269.0,5961.0,-4239.9999999999945,-47.94000000000003,378.3847084931507,17.939999999999998,368.00000000001705,908.7352915068375,3.0398554209881956,29894.03
EUR,EuZ6,Eu-12.26,2026-08-28,2026-09-29,32,22,SHORT_QUARTERLY_LONG_PERP,-0.00648,-0.10882461339975015,99.0,-3147.0,6219.0,-3620.0000000000045,-54.42000000000003,366.91850520547945,17.939999999999998,368.00000000001705,1791.7214947944988,5.993576291970332,29894.03
EUR,EuZ6,Eu-12.26,2026-08-31,2026-09-29,29,21,SHORT_QUARTERLY_LONG_PERP,-0.14952,-0.015597147840834158,99.0,-1046.0,5008.0,-4509.999999999991,-203.94,332.5198953424657,17.939999999999998,368.00000000001705,-424.39989534247366,-1.4196811046970705,29894.03
EUR,EuZ6,Eu-12.26,2026-09-01,2026-09-29,28,20,SHORT_QUARTERLY_LONG_PERP,-0.02735,-0.07445031539725942,99.0,-2196.0,6188.0,-4539.999999999992,-231.29000000000002,321.05369205479445,17.939999999999998,368.00000000001705,709.7163079451966,2.3741071643575546,29894.03
EUR,EuZ6,Eu-12.26,2026-09-02,2026-09-29,27,19,SHORT_QUARTERLY_LONG_PERP,-0.08573,-0.06839329006488735,99.0,-1995.0,6217.0,-4769.999999999996,-317.02000000000004,309.5874887671232,17.939999999999998,368.00000000001705,434.45251123286334,1.4533086078821202,29894.03
EUR,EuZ6,Eu-12.26,2026-09-04,2026-09-29,25,17,SHORT_QUARTERLY_LONG_PERP,-0.01588,0.005093828364223398,3.1174980514721473,-586.0,4548.0,-4509.999999999991,-332.90000000000003,286.6550821917807,17.939999999999998,368.00000000001705,-967.4950821917887,-3.236415706386154,29894.03
EUR,EuZ6,Eu-12.26,2026-09-07,2026-09-29,22,16,LONG_QUARTERLY_SHORT_PERP,0.03212,0.153512279520549,0.20923407625968093,1818.0,-5380.0,4109.999999999999,300.78000000000003,252.256472328767,17.939999999999998,368.00000000001705,-1607.416472328785,-5.377048435185169,29894.03
EUR,EuZ6,Eu-12.26,2026-09-09,2026-09-29,20,14,LONG_QUARTERLY_SHORT_PERP,0.15075,0.09344743326810297,1.6132064276981752,693.0,-3335.0,3189.9999999999977,150.03,229.32406575342455,17.939999999999998,368.00000000001705,-610.2340657534439,-2.041324189991928,29894.03
EUR,EuZ6,Eu-12.26,2026-09-14,2026-09-29,15,11,SHORT_QUARTERLY_LONG_PERP,-0.14681,-0.02682426824408313,99.0,-853.0,2005.0,-1700.0000000000027,-296.84000000000003,171.99304931506845,17.939999999999998,368.00000000001705,-549.7730493150882,-1.8390730500875534,29894.03
EUR,EuZ6,Eu-12.26,2026-09-16,2026-09-29,13,9,LONG_QUARTERLY_SHORT_PERP,0.04764,0.24888896030441587,0.19141065936284019,1705.0,-2227.0,1069.9999999999932,249.20000000000002,149.060642739726,17.939999999999998,368.00000000001705,-1442.80064273975,-4.826383872431218,29894.03
EUR,EuZ6,Eu-12.26,2026-09-17,2026-09-29,12,8,SHORT_QUARTERLY_LONG_PERP,-0.1457,-0.07018319506849102,99.0,-1085.0,1977.0,-1439.9999999999977,-394.9,137.5944394520548,17.939999999999998,368.00000000001705,-381.43443945206957,-1.2759552307001418,29894.03
EUR,EuZ6,Eu-12.26,2026-09-18,2026-09-29,11,7,LONG_QUARTERLY_SHORT_PERP,0.10439,0.3344383194520572,0.31213528453029027,1829.0,-1891.0,609.9999999999994,290.51,126.12823616438357,17.939999999999998,368.00000000001705,-1502.5582361644013,-5.026281957181421,29894.03
EUR,EuZ6,Eu-12.26,2026-09-21,2026-09-29,8,6,LONG_QUARTERLY_SHORT_PERP,0.14501,0.27111160438356446,0.5348719776481501,1149.0,-911.0,310.0000000000023,145.5,91.72962630136986,17.939999999999998,368.00000000001705,-933.1696263013846,-3.121591924211572,29894.03
EUR,EuZ6,Eu-12.26,2026-09-22,2026-09-29,7,5,SHORT_QUARTERLY_LONG_PERP,-0.05221,-0.23555931539725683,99.0,-1644.0,1626.0,-530.0000000000011,-197.71,80.26342301369863,17.939999999999998,368.00000000001705,432.08657698628303,1.4453942040811594,29894.03
EUR,EuZ6,Eu-12.26,2026-09-23,2026-09-29,6,4,SHORT_QUARTERLY_LONG_PERP,-0.1037,-0.44056569506848886,99.0,-2217.0,2349.0,-679.9999999999926,-301.41,68.7972197260274,17.939999999999998,368.00000000001705,912.8527802739627,3.053629036546637,29894.03
EUR,EuZ6,Eu-12.26,2026-09-24,2026-09-29,5,3,LONG_QUARTERLY_SHORT_PERP,0.08265,0.5284236721461244,0.15640858719354436,1142.0,-1424.0,829.9999999999983,218.76,57.331016438356166,17.939999999999998,368.00000000001705,-818.511016438375,-2.7380417308685883,29894.03
IMOEX,MMH6,MXI-3.26,2026-01-05,2026-03-19,73,53,LONG_QUARTERLY_SHORT_PERP,1.80323,1.4034612380460139,1.2848448899882474,529.5,648.100000000004,-1120.0,816.132,157.35445616438366,5.98,51.00000000000364,129.89754383561666,2.606573421590956,4983.46
IMOEX,MMH6,MXI-3.26,2026-01-06,2026-03-19,72,52,LONG_QUARTERLY_SHORT_PERP,2.165,1.568557549525824,1.380249006900946,603.5,689.1000000000031,-1235.0,794.482,155.16992575342476,5.98,51.00000000000364,36.43207424657466,0.7310598308519515,4983.46
IMOEX,MMH6,MXI-3.26,2026-01-08,2026-03-19,70,50,LONG_QUARTERLY_SHORT_PERP,3.13494,1.6515617298630212,1.8981670156888466,618.0,944.6000000000004,-1505.0,763.1326,150.80086493150694,5.98,51.00000000000364,-5.0482649315101895,-0.10130040035457673,4983.46
IMOEX,MMH6,MXI-3.26,2026-01-09,2026-03-19,69,49,LONG_QUARTERLY_SHORT_PERP,1.94677,1.63284966228684,1.1922530560918314,594.5,903.100000000004,-1440.0,743.6649,148.616334520548,5.98,51.00000000000364,1.1685654794523401,0.023448878479055517,4983.46
IMOEX,MMH6,MXI-3.26,2026-01-12,2026-03-19,66,48,LONG_QUARTERLY_SHORT_PERP,1.83817,2.1740473818493227,0.8455059514095717,844.5,883.100000000004,-1670.0,725.2832,142.06274328767128,5.98,51.00000000000364,-260.65954328767094,-5.230493337714578,4983.46
IMOEX,MMH6,MXI-3.26,2026-01-13,2026-03-19,65,47,LONG_QUARTERLY_SHORT_PERP,1.25044,2.084804708248332,0.5997875940383062,783.0,994.6000000000004,-1720.0,712.7788,139.87821287671235,5.98,51.00000000000364,-209.47941287671557,-4.203493413746987,4983.46
IMOEX,MMH6,MXI-3.26,2026-01-14,2026-03-19,64,46,LONG_QUARTERLY_SHORT_PERP,1.46417,2.1797253966646895,0.6717222280569847,808.0,914.6000000000004,-1665.0,698.1371,137.69368246575345,5.98,51.00000000000364,-246.9365824657567,-4.955123196850315,4983.46
IMOEX,MMH6,MXI-3.26,2026-01-15,2026-03-19,63,45,LONG_QUARTERLY_SHORT_PERP,2.2787,2.217753671232885,1.027481108275309,805.5,927.1000000000004,-1675.0,675.3501,135.50915205479453,5.98,51.00000000000364,-265.0390520547978,-5.318374223025725,4983.46
IMOEX,MMH6,MXI-3.26,2026-01-16,2026-03-19,62,44,LONG_QUARTERLY_SHORT_PERP,1.31493,2.3484195946450894,0.5599212351141712,843.0,564.6000000000004,-1350.0,662.2008,133.32462164383563,5.98,51.00000000000364,-313.50382164383893,-6.290886686034179,4983.46
IMOEX,MMH6,MXI-3.26,2026-01-19,2026-03-19,59,43,LONG_QUARTERLY_SHORT_PERP,1.59034,2.2110489079324713,0.7192694807855292,767.0,475.600000000004,-1185.0,646.2974,126.77103041095887,5.98,51.00000000000364,-246.85363041095846,-4.9534586494314885,4983.46
IMOEX,MMH6,MXI-3.26,2026-01-20,2026-03-19,58,42,LONG_QUARTERLY_SHORT_PERP,1.49806,2.293015476190485,0.6533143869088973,781.5,586.1000000000013,-1310.0,631.3168,124.58649999999997,5.98,51.00000000000364,-274.1497000000024,-5.501191942947317,4983.46
IMOEX,MMH6,MXI-3.26,2026-01-21,2026-03-19,57,41,LONG_QUARTERLY_SHORT_PERP,1.59889,2.3753218770464506,0.6731256152905516,794.5,248.100000000004,-985.0,615.3279,122.40196958904106,5.98,51.00000000000364,-300.9540695890407,-6.0390585976217475,4983.46
IMOEX,MMH6,MXI-3.26,2026-01-22,2026-03-19,56,40,LONG_QUARTERLY_SHORT_PERP,1.86866,2.2579935979452146,0.8275754199216906,726.0,341.6000000000031,-1010.0,596.6413,120.21743917808216,5.98,51.00000000000364,-248.95613917808268,-4.995648388430582,4983.46
IMOEX,MMH6,MXI-3.26,2026-01-23,2026-03-19,55,39,LONG_QUARTERLY_SHORT_PERP,1.51039,2.292340791710582,0.6588854525739702,719.0,253.60000000000127,-915.0,581.5374,118.03290876712325,5.98,51.00000000000364,-254.87550876712555,-5.114428705500306,4983.46
IMOEX,MMH6,MXI-3.26,2026-01-26,2026-03-19,52,38,LONG_QUARTERLY_SHORT_PERP,1.45031,2.1183139935111845,0.6846529855548266,636.5,431.1000000000013,-1010.0,567.0343,111.47931753424653,5.98,51.00000000000364,-180.32501753424887,-3.61847025027288,4983.46
IMOEX,MMH6,MXI-3.26,2026-01-27,2026-03-19,51,37,LONG_QUARTERLY_SHORT_PERP,1.64219,2.2669588841170034,0.7244021986925646,672.5,260.1000000000022,-875.0,550.6124,109.29478712328762,5.98,51.00000000000364,-230.56238712328908,-4.626552377731317,4983.46
IMOEX,MMH6,MXI-3.26,2026-01-28,2026-03-19,50,36,LONG_QUARTERLY_SHORT_PERP,1.74739,2.24052849086759,0.7799008167592486,642.5,225.10000000000218,-810.0,533.1385,107.11025671232872,5.98,51.00000000000364,-215.85175671233014,-4.331363283990042,4983.46
IMOEX,MMH6,MXI-3.26,2026-01-29,2026-03-19,49,35,LONG_QUARTERLY_SHORT_PERP,2.02061,2.3768735037182096,0.8501125519886117,670.0,97.60000000000218,-710.0,512.9324,104.9257263013698,5.98,51.00000000000364,-261.3733263013712,-5.244816378607859,4983.46
IMOEX,MMH6,MXI-3.26,2026-01-30,2026-03-19,48,34,LONG_QUARTERLY_SHORT_PERP,1.57079,2.3035917526188663,0.6818873171490687,623.5,299.1000000000031,-865.0,497.2245,102.7411958904109,5.98,51.00000000000364,-228.39669589041145,-4.583094795391383,4983.46
IMOEX,MMH6,MXI-3.26,2026-02-02,2026-03-19,45,33,LONG_QUARTERLY_SHORT_PERP,1.76146,2.3005078929016296,0.7656830934747506,606.0,456.6000000000031,-1005.0,479.6099,96.1876046575342,5.98,51.00000000000364,-221.95770465753475,-4.453887553176603,4983.46
IMOEX,MMH6,MXI-3.26,2026-02-03,2026-03-19,44,32,LONG_QUARTERLY_SHORT_PERP,1.24805,2.426509607020559,0.5143396079657169,625.5,262.10000000000036,-830.0,467.1294,94.00307424657528,5.98,51.00000000000364,-251.75367424657858,-5.051784789013629,4983.46
IMOEX,MMH6,MXI-3.26,2026-02-04,2026-03-19,43,31,LONG_QUARTERLY_SHORT_PERP,1.39941,2.2122533672116775,0.6325722092871375,537.0,445.600000000004,-925.0,453.13530000000003,91.81854383561638,5.98,51.00000000000364,-175.063243835616,-3.5128855019527796,4983.46
IMOEX,MMH6,MXI-3.26,2026-02-05,2026-03-19,42,30,LONG_QUARTERLY_SHORT_PERP,2.67641,2.0653800447488706,1.2958438360071522,473.0,904.6000000000004,-1320.0,426.3712,89.63401342465748,5.98,51.00000000000364,-135.64281342466077,-2.7218601819751895,4983.46
IMOEX,MMH6,MXI-3.26,2026-02-06,2026-03-19,41,29,LONG_QUARTERLY_SHORT_PERP,1.32549,2.2169982172886282,0.5978759882004164,498.5,894.1000000000031,-1335.0,413.1163,87.44948301369858,5.98,51.00000000000364,-172.2131830136991,-3.4556950996636693,4983.46
IMOEX,MMH6,MXI-3.26,2026-02-09,2026-03-19,38,28,LONG_QUARTERLY_SHORT_PERP,1.36524,2.083485327788663,0.655267393434931,445.5,1047.1000000000004,-1435.0,399.4639,80.89589178082187,5.98,51.00000000000364,-126.31199178082512,-2.534624373042527,4983.46
IMOEX,MMH6,MXI-3.26,2026-02-10,2026-03-19,37,27,LONG_QUARTERLY_SHORT_PERP,1.49154,2.2247828198883948,0.6704204952799944,465.0,1112.6000000000022,-1520.0,384.5485,78.71136136986297,5.98,51.00000000000364,-158.54286136986445,-3.1813812365277228,4983.46
IMOEX,MMH6,MXI-3.26,2026-02-11,2026-03-19,36,26,LONG_QUARTERLY_SHORT_PERP,1.66252,2.5019493498419525,0.6644898707102208,517.0,650.600000000004,-1110.0,367.9233,76.52683095890406,5.98,51.00000000000364,-224.98353095890369,-4.514604932294103,4983.46
IMOEX,MMH6,MXI-3.26,2026-02-12,2026-03-19,35,25,LONG_QUARTERLY_SHORT_PERP,2.46339,2.485289202191795,0.9911884692644695,490.0,602.6000000000022,-1035.0,343.2894,74.34230054794516,5.98,51.00000000000364,-220.43290054794662,-4.423290255122879,4983.46
IMOEX,MMH6,MXI-3.26,2026-02-13,2026-03-19,34,24,LONG_QUARTERLY_SHORT_PERP,1.86301,2.4422407089041247,0.7628281656299,457.0,525.600000000004,-925.0,324.6593,72.15777013698626,5.98,51.00000000000364,-203.8784701369859,-4.091102770705211,4983.46
IMOEX,MMH6,MXI-3.26,2026-02-16,2026-03-19,31,23,LONG_QUARTERLY_SHORT_PERP,1.15253,2.176452951757014,0.5295451018454509,378.0,544.6000000000004,-865.0,313.134,65.60417890410955,5.98,51.00000000000364,-129.8501789041128,-2.605622978896445,4983.46
IMOEX,MMH6,MXI-3.26,2026-02-17,2026-03-19,30,22,LONG_QUARTERLY_SHORT_PERP,1.69695,2.3634905230386214,0.7179846855566471,399.5,693.100000000004,-1035.0,296.1645,63.48791506849311,5.98,51.00000000000364,-166.20341506849277,-3.3351008148654304,4983.46
IMOEX,MMH6,MXI-3.26,2026-02-18,2026-03-19,29,21,LONG_QUARTERLY_SHORT_PERP,1.32191,2.4016745296803825,0.5504117996271215,386.0,571.6000000000031,-900.0,282.9454,61.37165123287667,5.98,51.00000000000364,-163.80625123287723,-3.28699841541574,4983.46
IMOEX,MMH6,MXI-3.26,2026-02-19,2026-03-19,28,20,LONG_QUARTERLY_SHORT_PERP,2.24833,2.2636769369863194,0.9932203501588213,336.5,681.1000000000013,-960.0,260.4621,59.255387397260236,5.98,51.00000000000364,-134.67328739726258,-2.7024053046931766,4983.46
IMOEX,MMH6,MXI-3.26,2026-02-20,2026-03-19,27,19,LONG_QUARTERLY_SHORT_PERP,1.46688,2.3848374924297238,0.6150859354804553,339.0,603.6000000000013,-885.0,245.7933,57.1391235616438,5.98,51.00000000000364,-149.72582356164617,-3.004455209064509,4983.46
IMOEX,MMH6,MXI-3.26,2026-02-24,2026-03-19,23,17,LONG_QUARTERLY_SHORT_PERP,1.27559,2.3067886365834216,0.5529722055026562,286.5,686.1000000000013,-915.0,233.0374,48.674068219178054,5.98,51.00000000000364,-101.51666821918043,-2.0370719985548282,4983.46
IMOEX,MMH6,MXI-3.26,2026-02-25,2026-03-19,22,16,LONG_QUARTERLY_SHORT_PERP,1.47454,2.500236277397283,0.5897602611921858,296.5,496.1000000000013,-735.0,218.292,46.55780438356162,5.98,51.00000000000364,-124.14580438356398,-2.491156834479739,4983.46
IMOEX,MMH6,MXI-3.26,2026-02-26,2026-03-19,21,15,LONG_QUARTERLY_SHORT_PERP,1.93998,2.366143603652992,0.8198910653626198,253.5,639.1000000000031,-835.0,198.8922,44.44154054794518,5.98,51.00000000000364,-98.42934054794573,-1.9751205096046869,4983.46
IMOEX,MMH6,MXI-3.26,2026-02-27,2026-03-19,20,14,LONG_QUARTERLY_SHORT_PERP,1.5466,2.8628948336595172,0.5402224286468276,301.5,456.1000000000013,-700.0,183.4262,42.325276712328744,5.98,51.00000000000364,-159.77907671233112,-3.2061876028368066,4983.46
IMOEX,MMH6,MXI-3.26,2026-03-02,2026-03-19,17,13,LONG_QUARTERLY_SHORT_PERP,0.49678,2.21120373234987,0.2246649608681994,194.5,198.100000000004,-335.0,178.45839999999998,35.976485205479435,5.98,51.00000000000364,-51.39808520547909,-1.0313734876065845,4983.46
IMOEX,MMH6,MXI-3.26,2026-03-03,2026-03-19,16,12,LONG_QUARTERLY_SHORT_PERP,0.5146,2.227835178082222,0.23098656716740637,176.5,321.1000000000013,-440.0,173.3124,33.860221369863,5.98,51.00000000000364,-36.42782136986537,-0.7309744910135804,4983.46
IMOEX,MMH6,MXI-3.26,2026-03-04,2026-03-19,15,11,LONG_QUARTERLY_SHORT_PERP,0.65031,2.4656723412204564,0.26374550629793336,182.5,465.1000000000022,-590.0,166.8093,31.74395753424656,5.98,51.00000000000364,-46.81465753424801,-0.9394006881613981,4983.46
IMOEX,MMH6,MXI-3.26,2026-03-05,2026-03-19,14,10,LONG_QUARTERLY_SHORT_PERP,2.41346,2.9460769369863375,0.8192114637945698,208.0,289.60000000000036,-440.0,142.6747,29.627693698630125,5.98,51.00000000000364,-94.3329936986334,-1.8929216588200448,4983.46
IMOEX,MMH6,MXI-3.26,2026-03-06,2026-03-19,13,9,LONG_QUARTERLY_SHORT_PERP,0.73899,2.67212699847797,0.27655496928885676,156.0,51.60000000000309,-150.0,135.2848,27.51142986301369,5.98,51.00000000000364,-47.60662986301425,-0.9552927055301789,4983.46
IMOEX,MMH6,MXI-3.26,2026-03-09,2026-03-19,10,8,LONG_QUARTERLY_SHORT_PERP,0.52689,2.4955329794521,0.2111332546347193,121.5,-258.8999999999987,195.0,130.0159,21.16263835616438,5.98,51.00000000000364,-12.02673835616676,-0.24133309700823846,4983.46
IMOEX,MMH6,MXI-3.26,2026-03-10,2026-03-19,9,7,LONG_QUARTERLY_SHORT_PERP,1.15909,2.8646624931507367,0.4046166006541174,124.5,83.100000000004,-150.0,118.425,19.046374520547943,5.98,51.00000000000364,-24.501374520547582,-0.49165388145079086,4983.46
IMOEX,MMH6,MXI-3.26,2026-03-11,2026-03-19,8,6,LONG_QUARTERLY_SHORT_PERP,1.49996,3.040168511415586,0.4933805459690053,108.5,99.10000000000309,-150.0,103.4254,16.930110684931506,5.98,51.00000000000364,-21.384710684932056,-0.4291137218906554,4983.46
IMOEX,MMH6,MXI-3.26,2026-03-12,2026-03-19,7,5,LONG_QUARTERLY_SHORT_PERP,2.1882,3.595876936986374,0.6085302801919252,108.0,-80.39999999999964,30.0,81.54339999999999,14.813846849315068,5.98,51.00000000000364,-40.65044684931836,-0.8157072967239298,4983.46
IMOEX,MMH6,MXI-3.26,2026-03-13,2026-03-19,6,4,LONG_QUARTERLY_SHORT_PERP,1.16919,2.541939575342557,0.45995979264866577,32.0,-4.399999999995998,30.0,69.85149999999999,12.69758301369863,5.98,51.00000000000364,25.773916986301714,0.5171892016049434,4983.46
IMOEX,MMM6,MXI-6.26,2026-03-20,2026-06-18,90,64,LONG_QUARTERLY_SHORT_PERP,1.41846,1.4936792050513754,0.9496416601389398,718.0,-5062.7,4240.0,981.6345,180.97469123287655,5.98,51.00000000000364,-79.02019123288001,-1.5856491520525902,4983.46
IMOEX,MMM6,MXI-6.26,2026-03-23,2026-06-18,87,63,LONG_QUARTERLY_SHORT_PERP,1.28475,1.4557236503587792,0.8825507504005717,685.5,-4715.2,3925.0,968.787,174.62589972602728,5.98,51.00000000000364,-53.01889972603071,-1.0638973670106855,4983.46
IMOEX,MMM6,MXI-6.26,2026-03-24,2026-06-18,86,62,LONG_QUARTERLY_SHORT_PERP,1.50352,1.4952546813963823,1.005527699532697,697.5,-4767.199999999998,3965.0,953.7518,172.5779024657533,5.98,51.00000000000364,-78.00610246575495,-1.56530006191993,4983.46
IMOEX,MMM6,MXI-6.26,2026-03-25,2026-06-18,85,61,LONG_QUARTERLY_SHORT_PERP,1.16043,1.482803123287677,0.7825920931614239,677.0,-4771.699999999996,3990.0,942.1475,170.52990520547937,5.98,51.00000000000364,-67.06240520547915,-1.3456996786465458,4983.46
IMOEX,MMM6,MXI-6.26,2026-03-26,2026-06-18,84,60,LONG_QUARTERLY_SHORT_PERP,2.26858,1.4141031799086818,1.6042535171630812,623.0,-4527.7,3800.0,919.4617,168.4819079452054,5.98,51.00000000000364,-33.7002079452089,-0.6762411646769293,4983.46
IMOEX,MMM6,MXI-6.26,2026-03-27,2026-06-18,83,59,LONG_QUARTERLY_SHORT_PERP,1.95936,1.280362560482941,1.5303165372634353,532.0,-4126.699999999996,3490.0,899.8681,166.43391068493145,5.98,51.00000000000364,39.75418931506876,0.7977226528369599,4983.46
IMOEX,MMM6,MXI-6.26,2026-03-30,2026-06-18,80,58,LONG_QUARTERLY_SHORT_PERP,2.32408,1.4211550325932987,1.6353458607250326,607.0,-4306.699999999996,3595.0,876.6273,160.28991890410956,5.98,51.00000000000364,-52.342618904109386,-1.0503268593328607,4983.46
IMOEX,MMM6,MXI-6.26,2026-03-31,2026-06-18,79,57,LONG_QUARTERLY_SHORT_PERP,2.2783,1.3012665291997179,1.7508327071173961,526.5,-3976.199999999999,3345.0,853.8443,158.24192164383558,5.98,51.00000000000364,7.422378356161843,0.14894026150830633,4983.46
IMOEX,MMM6,MXI-6.26,2026-04-01,2026-06-18,78,56,LONG_QUARTERLY_SHORT_PERP,2.57355,1.422632007827795,1.8090061139068088,583.5,-4028.199999999997,3340.0,828.1088,156.1939243835616,5.98,51.00000000000364,-73.26512438356237,-1.4701657961248282,4983.46
IMOEX,MMM6,MXI-6.26,2026-04-02,2026-06-18,77,55,LONG_QUARTERLY_SHORT_PERP,3.48831,1.3284107765878024,2.625927206763696,519.5,-3959.199999999996,3335.0,793.2257,154.14592712328763,5.98,51.00000000000364,-42.100227123287496,-0.8447991380143013,4983.46
IMOEX,MMM6,MXI-6.26,2026-04-03,2026-06-18,76,54,LONG_QUARTERLY_SHORT_PERP,2.09223,1.2631072775241061,1.6564151258008013,473.0,-3772.7,3195.0,772.3034,152.0979298630137,5.98,51.00000000000364,-14.474529863017139,-0.290451410526364,4983.46
IMOEX,MMM6,MXI-6.26,2026-04-06,2026-06-18,73,53,LONG_QUARTERLY_SHORT_PERP,1.42741,1.3187432794003688,1.0824017246548865,496.0,-4040.699999999997,3440.0,758.0293,145.95393808219177,5.98,51.00000000000364,-45.604638082192466,-0.915119978532836,4983.46
IMOEX,MMM6,MXI-6.26,2026-04-07,2026-06-18,72,52,LONG_QUARTERLY_SHORT_PERP,1.18176,1.3045883477344644,0.905848961515127,477.5,-4142.199999999998,3560.0,746.2117,143.90594082191782,5.98,51.00000000000364,-36.874240821919514,-0.7399325131920295,4983.46
IMOEX,MMM6,MXI-6.26,2026-04-08,2026-06-18,71,51,LONG_QUARTERLY_SHORT_PERP,1.3586,1.3075253795326423,1.0390620490178277,468.0,-3812.7,3240.0,732.6257,141.85794356164385,5.98,51.00000000000364,-38.91224356164726,-0.7808278497599511,4983.46
IMOEX,MMM6,MXI-6.26,2026-04-09,2026-06-18,70,50,LONG_QUARTERLY_SHORT_PERP,2.70231,1.2705798926027472,2.1268320203496955,438.5,-3468.199999999997,2925.0,705.6025999999999,139.8099463013699,5.98,51.00000000000364,-34.3873463013707,-0.690029543758166,4983.46
IMOEX,MMM6,MXI-6.26,2026-04-10,2026-06-18,69,49,LONG_QUARTERLY_SHORT_PERP,1.25021,1.1974325490634685,1.0440755105394535,392.0,-3341.699999999996,2845.0,693.1005,137.76194904109593,5.98,51.00000000000364,1.6585509589042573,0.03328111310022068,4983.46
IMOEX,MMM6,MXI-6.26,2026-04-13,2026-06-18,66,48,LONG_QUARTERLY_SHORT_PERP,1.47708,1.1627040776255784,1.270383434980658,369.5,-3289.199999999996,2815.0,678.3297,131.61795726027404,5.98,51.00000000000364,15.531742739726141,0.3116658454111429,4983.46
IMOEX,MMM6,MXI-6.26,2026-04-14,2026-06-18,65,47,LONG_QUARTERLY_SHORT_PERP,1.69146,1.246914808510646,1.3565160895156363,399.5,-3349.199999999996,2845.0,661.4150999999999,129.56996000000007,5.98,51.00000000000364,-29.334859999999946,-0.5886444357936041,4983.46
IMOEX,MMM6,MXI-6.26,2026-04-15,2026-06-18,64,46,LONG_QUARTERLY_SHORT_PERP,1.70448,1.321743397260282,1.2895695212346487,423.5,-3523.199999999997,2995.0,644.3703,127.5219627397261,5.98,51.00000000000364,-68.3316627397268,-1.3711690821181828,4983.46
IMOEX,MMM6,MXI-6.26,2026-04-16,2026-06-18,63,45,LONG_QUARTERLY_SHORT_PERP,2.10294,1.1921199232876794,1.7640339356131403,354.0,-3458.699999999999,3000.0,623.3409,125.47396547945213,5.98,51.00000000000364,-17.81306547945465,-0.35744373345937663,4983.46
IMOEX,MMM6,MXI-6.26,2026-04-17,2026-06-18,62,44,LONG_QUARTERLY_SHORT_PERP,0.95,1.0793317459526859,0.8801742407395516,294.5,-3229.199999999996,2830.0,613.8409,123.42596821917815,5.98,51.00000000000364,34.234931780822066,0.6869711361347752,4983.46
IMOEX,MMM6,MXI-6.26,2026-04-20,2026-06-18,59,43,LONG_QUARTERLY_SHORT_PERP,0.58739,1.1982836661357206,0.49019277872178785,341.0,-3570.699999999997,3125.0,607.967,117.28197643835621,5.98,51.00000000000364,-11.994976438356957,-0.24069575030916188,4983.46
IMOEX,MMM6,MXI-6.26,2026-04-21,2026-06-18,58,42,LONG_QUARTERLY_SHORT_PERP,1.01019,1.1838428075668712,0.8533143028306465,325.0,-3594.699999999998,3165.0,597.8651,115.23397917808224,5.98,51.00000000000364,-4.048879178083894,-0.08124634647581988,4983.46
IMOEX,MMM6,MXI-6.26,2026-04-22,2026-06-18,57,41,LONG_QUARTERLY_SHORT_PERP,1.05497,1.3101609315068583,0.8052216904274844,367.0,-3676.699999999996,3205.0,587.3154,113.18598191780826,5.98,51.00000000000364,-54.55058191780813,-1.0946326832724278,4983.46
IMOEX,MMM6,MXI-6.26,2026-04-23,2026-06-18,56,40,LONG_QUARTERLY_SHORT_PERP,2.41028,1.245294961643845,1.935509316458105,330.0,-3739.699999999998,3305.0,563.2126,111.13798465753429,5.98,51.00000000000364,-39.60538465753598,-0.7947366820950902,4983.46
IMOEX,MMM6,MXI-6.26,2026-04-24,2026-06-18,55,39,LONG_QUARTERLY_SHORT_PERP,0.98371,1.1194102240955486,0.8787752504179686,270.5,-3295.2,2920.0,553.3755,109.0899873972603,5.98,51.00000000000364,12.105512602736226,0.24291381094131842,4983.46
IMOEX,MMM6,MXI-6.26,2026-04-27,2026-06-18,52,38,LONG_QUARTERLY_SHORT_PERP,1.00897,1.2484894621485316,0.8081525960688996,314.5,-3334.199999999996,2915.0,543.2858,102.94599561643838,5.98,51.00000000000364,-35.84019561643821,-0.7191829695921751,4983.46
IMOEX,MMM6,MXI-6.26,2026-04-28,2026-06-18,51,37,LONG_QUARTERLY_SHORT_PERP,1.6169,1.2876926079230016,1.255656815960136,318.5,-2978.199999999997,2555.0,527.1168,100.96626493150687,5.98,51.00000000000364,-54.02946493150759,-1.0841757520178268,4983.46
IMOEX,MMM6,MXI-6.26,2026-04-29,2026-06-18,50,36,LONG_QUARTERLY_SHORT_PERP,2.61105,1.0526848173516083,2.480372051502554,223.0,-2317.7,1990.0,501.0063,98.98653424657536,5.98,51.00000000000364,17.33976575342119,0.3479463214999456,4983.46
IMOEX,MMM6,MXI-6.26,2026-04-30,2026-06-18,49,35,LONG_QUARTERLY_SHORT_PERP,0.9382,1.0428194387475642,0.8996763630785277,211.0,-2485.699999999997,2170.0,491.6243,97.00680356164385,5.98,51.00000000000364,21.937496438355424,0.4402061306472897,4983.46
IMOEX,MMM6,MXI-6.26,2026-05-04,2026-06-18,45,33,LONG_QUARTERLY_SHORT_PERP,1.34264,1.5956602449149135,0.8414322561953623,380.5,-2285.2,1800.0,478.1979,89.0878808219178,5.98,51.00000000000364,-153.06998082192126,-3.0715603380366505,4983.46
IMOEX,MMM6,MXI-6.26,2026-05-05,2026-06-18,44,32,LONG_QUARTERLY_SHORT_PERP,0.72619,1.6018379691780935,0.45334797524659104,368.5,-2508.199999999997,2035.0,470.936,87.1081501369863,5.98,51.00000000000364,-146.35215013698706,-2.9367577975339834,4983.46
IMOEX,MMM6,MXI-6.26,2026-05-06,2026-06-18,43,31,LONG_QUARTERLY_SHORT_PERP,0.87064,1.7213174821034143,0.5057986159160458,391.5,-2411.199999999999,1915.0,462.2296,85.12841945205479,5.98,51.00000000000364,-176.07881945205733,-3.533264427768204,4983.46
IMOEX,MMM6,MXI-6.26,2026-05-07,2026-06-18,42,30,LONG_QUARTERLY_SHORT_PERP,2.01456,1.6504289625570898,1.2206281189338462,355.0,-2204.699999999998,1745.0,442.084,83.14868876712328,5.98,51.00000000000364,-157.7446887671249,-3.1653648021078706,4983.46
IMOEX,MMM6,MXI-6.26,2026-05-08,2026-06-18,41,29,LONG_QUARTERLY_SHORT_PERP,0.7521,1.7005136485592944,0.44227813204392247,355.0,-2029.699999999998,1570.0,434.563,81.16895808219176,5.98,51.00000000000364,-163.28595808219342,-3.276558015559339,4983.46
IMOEX,MMM6,MXI-6.26,2026-05-11,2026-06-18,38,28,LONG_QUARTERLY_SHORT_PERP,0.48071,1.6275348786692887,0.29536079767030243,323.5,-2588.199999999997,2160.0,429.7559,75.22976602739723,5.98,51.00000000000364,-130.65386602739795,-2.621750069778787,4983.46
IMOEX,MMM6,MXI-6.26,2026-05-12,2026-06-18,37,27,LONG_QUARTERLY_SHORT_PERP,0.5431,1.8119630938609976,0.29973016660220303,359.0,-2953.699999999999,2490.0,424.3249,73.25003534246572,5.98,51.00000000000364,-169.60513534246826,-3.403361025120464,4983.46
IMOEX,MMM6,MXI-6.26,2026-05-13,2026-06-18,36,26,LONG_QUARTERLY_SHORT_PERP,0.18706,1.7682704025289917,0.1057869880830814,331.5,-2971.199999999999,2535.0,422.4543,71.27030465753421,5.98,51.00000000000364,-141.9960046575368,-2.8493457288216777,4983.46
IMOEX,MMM6,MXI-6.26,2026-05-14,2026-06-18,35,25,LONG_QUARTERLY_SHORT_PERP,1.56043,1.5930822958904254,0.9795036979730071,272.0,-2556.699999999996,2180.0,406.85,69.2905739726027,5.98,51.00000000000364,-96.1205739726025,-1.9287919231337765,4983.46
IMOEX,MMM6,MXI-6.26,2026-05-15,2026-06-18,34,24,LONG_QUARTERLY_SHORT_PERP,0.59906,1.6678785136986454,0.3591748410209684,276.0,-2310.699999999997,1930.0,400.8594,67.31084328767119,5.98,51.00000000000364,-104.13144328767193,-2.089541067605076,4983.46
IMOEX,MMM6,MXI-6.26,2026-05-18,2026-06-18,31,23,LONG_QUARTERLY_SHORT_PERP,1.24339,1.9580506575342622,0.6350142143747081,332.0,-2706.699999999996,2270.0,388.4255,61.371651232876665,5.98,51.00000000000364,-166.6261512328765,-3.3435835992036957,4983.46
IMOEX,MMM6,MXI-6.26,2026-05-19,2026-06-18,30,22,LONG_QUARTERLY_SHORT_PERP,0.88429,1.8585087297634038,0.4758062127115077,292.5,-2622.199999999998,2225.0,379.5826,59.39192054794516,5.98,51.00000000000364,-133.9893205479468,-2.688680566272164,4983.46
IMOEX,MMM6,MXI-6.26,2026-05-20,2026-06-18,29,21,LONG_QUARTERLY_SHORT_PERP,0.86363,1.6852009041096063,0.5124789560069148,239.5,-2339.199999999996,1995.0,370.9463,57.41218986301366,5.98,51.00000000000364,-87.64588986301347,-1.758735694939128,4983.46
IMOEX,MMM6,MXI-6.26,2026-05-21,2026-06-18,28,20,LONG_QUARTERLY_SHORT_PERP,2.01882,2.089562295890429,0.9661449213409148,305.5,-2645.2,2235.0,350.7581,55.432459178082155,5.98,51.00000000000364,-171.8543591780856,-3.4484948043745827,4983.46
IMOEX,MMM6,MXI-6.26,2026-05-22,2026-06-18,27,19,LONG_QUARTERLY_SHORT_PERP,0.985,1.641751202595549,0.5999691052107962,201.5,-2151.199999999999,1845.0,340.9081,53.45272849315065,5.98,51.00000000000364,-75.7246284931532,-1.5195191391754566,4983.46
IMOEX,MMM6,MXI-6.26,2026-05-25,2026-06-18,24,18,LONG_QUARTERLY_SHORT_PERP,1.3736,1.6805196468797767,0.8173662251139789,198.0,-1872.6999999999998,1570.0,327.1721,47.51353643835614,5.98,51.00000000000364,-80.0214364383596,-1.605740518402066,4983.46
IMOEX,MMM6,MXI-6.26,2026-05-26,2026-06-18,23,17,LONG_QUARTERLY_SHORT_PERP,1.72962,2.0912576809025194,0.8270716783469514,253.0,-1752.6999999999998,1395.0,309.8759,45.53380575342464,5.98,51.00000000000364,-150.33790575342812,-3.0167374826612057,4983.46
IMOEX,MMM6,MXI-6.26,2026-05-27,2026-06-18,22,16,LONG_QUARTERLY_SHORT_PERP,1.99353,2.050212969178105,0.9723526433447408,227.5,-1822.199999999998,1490.0,289.9406,43.554075068493134,5.98,51.00000000000364,-142.79347506849476,-2.8653480727947,4983.46
IMOEX,MMM6,MXI-6.26,2026-05-28,2026-06-18,21,15,LONG_QUARTERLY_SHORT_PERP,2.3438,1.930362295890435,1.214176222250992,191.0,-1725.699999999997,1430.0,266.5026,41.57434438356163,5.98,51.00000000000364,-127.75174438356238,-2.5635149952756193,4983.46
IMOEX,MMM6,MXI-6.26,2026-05-29,2026-06-18,20,14,LONG_QUARTERLY_SHORT_PERP,1.5941,1.8933900978473839,0.8419289832625353,168.5,-1518.199999999997,1245.0,250.5616,39.59461369863013,5.98,51.00000000000364,-119.21301369863086,-2.3921735841891145,4983.46
IMOEX,MMM6,MXI-6.26,2026-06-01,2026-06-18,17,13,LONG_QUARTERLY_SHORT_PERP,1.12749,1.9241186280295326,0.5859773839176691,159.5,-1554.1999999999962,1290.0,239.2867,33.655421643835616,5.98,51.00000000000364,-115.54872164383544,-2.31864450891219,4983.46
IMOEX,MMM6,MXI-6.26,2026-06-02,2026-06-18,16,12,LONG_QUARTERLY_SHORT_PERP,1.83405,2.334630757990898,0.7855846127797612,191.5,-2091.199999999999,1795.0,220.9462,31.67569095890411,5.98,51.00000000000364,-163.90949095890664,-3.2890700629463594,4983.46
IMOEX,MMM6,MXI-6.26,2026-06-03,2026-06-18,15,11,LONG_QUARTERLY_SHORT_PERP,1.65114,1.9925087297634203,0.8286739100992785,132.5,-1842.199999999998,1605.0,204.4348,29.695960273972602,5.98,51.00000000000364,-119.44116027397425,-2.396751659970668,4983.46
IMOEX,MMM6,MXI-6.26,2026-06-04,2026-06-18,14,10,LONG_QUARTERLY_SHORT_PERP,2.37447,1.7719622958904473,1.340022869282769,92.5,-1587.199999999998,1390.0,180.6901,27.716229589041095,5.98,51.00000000000364,-101.20612958904273,-2.0308406125270944,4983.46
IMOEX,MMM6,MXI-6.26,2026-06-05,2026-06-18,13,9,LONG_QUARTERLY_SHORT_PERP,1.51618,2.335738876712369,0.6491222178628436,127.5,-1432.199999999998,1200.0,165.5283,25.736498904109588,5.98,51.00000000000364,-149.38819890411122,-2.997680304529608,4983.46
IMOEX,MMM6,MXI-6.26,2026-06-08,2026-06-18,10,8,LONG_QUARTERLY_SHORT_PERP,1.82202,1.9597163356164837,0.929736598550541,80.0,-949.699999999998,765.0,147.3081,19.797306849315067,5.98,51.00000000000364,-114.16920684931671,-2.2909626414040987,4983.46
IMOEX,MMM6,MXI-6.26,2026-06-09,2026-06-18,9,7,LONG_QUARTERLY_SHORT_PERP,1.44661,2.011393945205531,0.7192076934745771,66.0,-990.6999999999971,820.0,132.84199999999998,17.81757616438356,5.98,51.00000000000364,-112.6555761643843,-2.2605895535307656,4983.46
IMOEX,MMM6,MXI-6.26,2026-06-10,2026-06-18,8,6,LONG_QUARTERLY_SHORT_PERP,2.84208,2.6719640913242615,1.0636669890991788,87.5,-992.199999999998,800.0,104.4212,15.837845479452055,5.98,51.00000000000364,-160.59664547945368,-3.2225932480536352,4983.46
IMOEX,MMM6,MXI-6.26,2026-06-11,2026-06-18,7,5,LONG_QUARTERLY_SHORT_PERP,1.06064,2.0367622958904836,0.5207480529956896,31.0,-880.6999999999971,745.0,93.81479999999999,13.858114794520548,5.98,51.00000000000364,-112.72331479452129,-2.261948822595572,4983.46
IMOEX,MMU6,MXI-9.26,2026-06-19,2026-09-17,90,64,LONG_QUARTERLY_SHORT_PERP,1.47845,0.45142380415240335,3.2750820546026556,58.5,-1684.2000000000007,1715.0,653.1945000000001,173.43123465753453,5.98,51.00000000000364,453.5832653424611,9.101773975159048,4983.46
IMOEX,MMU6,MXI-9.26,2026-06-22,2026-09-17,87,63,LONG_QUARTERLY_SHORT_PERP,2.06753,0.31741594063927564,6.51363002071035,-24.5,-581.2000000000035,695.0,632.5192,167.49204260274,5.98,51.00000000000364,521.8471573972529,10.47158314498868,4983.46
IMOEX,MMU6,MXI-9.26,2026-06-23,2026-09-17,86,62,LONG_QUARTERLY_SHORT_PERP,1.39676,0.2806878148475538,4.976204616358582,-48.5,-732.2000000000025,870.0,618.5516,165.54644520547973,5.98,51.00000000000364,533.8251547945141,10.711938187414248,4983.46
IMOEX,MMU6,MXI-9.26,2026-06-24,2026-09-17,85,61,LONG_QUARTERLY_SHORT_PERP,1.29364,0.14275548821020181,9.061928309860606,-133.5,277.79999999999745,-55.0,605.6152,163.60084780821947,5.98,51.00000000000364,607.8343521917743,12.197034835069898,4983.46
IMOEX,MMU6,MXI-9.26,2026-06-25,2026-09-17,84,60,LONG_QUARTERLY_SHORT_PERP,1.92728,0.10772541735160471,17.890670998373167,-154.0,163.29999999999927,80.0,586.3424,161.65525041095918,5.98,51.00000000000364,611.0071495890364,12.260701391985416,4983.46
IMOEX,MMU6,MXI-9.26,2026-06-26,2026-09-17,83,59,LONG_QUARTERLY_SHORT_PERP,1.14691,0.244389242396106,4.692964341454477,-72.5,-203.20000000000164,365.0,574.8733,159.7096530136989,5.98,51.00000000000364,519.9836469862958,10.434189237724308,4983.46
IMOEX,MMU6,MXI-9.26,2026-06-29,2026-09-17,80,58,LONG_QUARTERLY_SHORT_PERP,1.4166,0.3799187255550374,3.7286922299774417,9.5,-930.1999999999998,1010.0,560.7073,153.87286082191807,5.98,51.00000000000364,429.6544391780785,8.621609066353066,4983.46
IMOEX,MMU6,MXI-9.26,2026-06-30,2026-09-17,79,57,LONG_QUARTERLY_SHORT_PERP,1.20098,0.25334607618361654,4.740472077134405,-64.5,-836.2000000000035,990.0,548.6975,151.92726342465778,5.98,51.00000000000364,493.5902365753351,9.904569045910575,4983.46
IMOEX,MMU6,MXI-9.26,2026-07-01,2026-09-17,78,56,LONG_QUARTERLY_SHORT_PERP,1.16826,0.18564583219178774,6.292950324858839,-103.0,-762.6999999999998,955.0,537.0149,149.9816660273975,5.98,51.00000000000364,522.353233972599,10.481738269647977,4983.46
IMOEX,MMU6,MXI-9.26,2026-07-02,2026-09-17,77,55,LONG_QUARTERLY_SHORT_PERP,2.25511,0.0663928520548016,33.96615644917017,-168.5,187.79999999999745,70.0,514.4638,148.03606863013724,5.98,51.00000000000364,567.2477313698565,11.382608295639104,4983.46
IMOEX,MMU6,MXI-9.26,2026-07-03,2026-09-17,76,54,LONG_QUARTERLY_SHORT_PERP,0.96097,-0.0007954236428137175,99.0,-203.5,352.79999999999745,-60.0,504.8541,146.09047123287695,5.98,51.00000000000364,594.5836287671168,11.931140789072588,4983.46
IMOEX,MMU6,MXI-9.26,2026-07-06,2026-09-17,73,53,LONG_QUARTERLY_SHORT_PERP,1.54841,0.05987486611528256,25.860767638606568,-165.5,804.8000000000002,-550.0,489.37,140.25367904109612,5.98,51.00000000000364,546.9363209589004,10.9750318244533,4983.46
IMOEX,MMU6,MXI-9.26,2026-07-07,2026-09-17,72,52,LONG_QUARTERLY_SHORT_PERP,1.12732,0.1495924646996913,7.535941080074513,-117.5,791.7999999999984,-585.0,478.09680000000003,138.30808164383583,5.98,51.00000000000364,489.6087183561589,9.824674390005315,4983.46
IMOEX,MMU6,MXI-9.26,2026-07-08,2026-09-17,71,51,LONG_QUARTERLY_SHORT_PERP,1.65411,0.14184800832662586,11.661143638979892,-121.0,490.29999999999745,-280.0,461.5557,136.36248424657555,5.98,51.00000000000364,478.5132157534183,9.602027823107205,4983.46
IMOEX,MMU6,MXI-9.26,2026-07-09,2026-09-17,70,50,LONG_QUARTERLY_SHORT_PERP,2.40448,0.2387937736986378,10.069274264388897,-72.0,781.2999999999965,-620.0,437.5109,134.41688684931526,5.98,51.00000000000364,407.41401315067765,8.175324235584867,4983.46
IMOEX,MMU6,MXI-9.26,2026-07-10,2026-09-17,69,49,LONG_QUARTERLY_SHORT_PERP,2.01715,0.0641863050042013,31.426485756859936,-158.0,1282.3000000000002,-1035.0,417.3394,132.471289452055,5.98,51.00000000000364,475.1881105479416,9.535304999898496,4983.46
IMOEX,MMU6,MXI-9.26,2026-07-13,2026-09-17,66,48,LONG_QUARTERLY_SHORT_PERP,1.48043,0.12315520262557875,12.020848234084442,-124.5,1058.7999999999965,-845.0,402.5351,126.63449726027416,5.98,51.00000000000364,432.7206027397188,8.683135868246536,4983.46
IMOEX,MMU6,MXI-9.26,2026-07-14,2026-09-17,65,47,LONG_QUARTERLY_SHORT_PERP,1.74246,0.13546574438939898,12.862735209214692,-118.0,987.3000000000002,-780.0,385.1105,124.68889986301389,5.98,51.00000000000364,410.74160013698264,8.24209685914972,4983.46
IMOEX,MMU6,MXI-9.26,2026-07-15,2026-09-17,64,46,LONG_QUARTERLY_SHORT_PERP,1.88932,0.13635500536034184,13.855890328390535,-117.0,1576.2999999999965,-1370.0,366.2173,122.7433024657536,5.98,51.00000000000364,392.79399753423934,7.881953452706339,4983.46
IMOEX,MMU6,MXI-9.26,2026-07-16,2026-09-17,63,45,LONG_QUARTERLY_SHORT_PERP,3.15709,0.24395045570777105,12.941521223399096,-68.0,2422.299999999998,-2265.0,334.6464,120.79770506849333,5.98,51.00000000000364,314.16869493150097,6.304228285799445,4983.46
IMOEX,MMU6,MXI-9.26,2026-07-17,2026-09-17,62,44,LONG_QUARTERLY_SHORT_PERP,2.08334,0.19166388107099247,10.869757976091119,-91.5,3085.7999999999993,-2905.0,313.813,118.85210767123304,5.98,51.00000000000364,318.78089232876255,6.396778389487675,4983.46
IMOEX,MMU6,MXI-9.26,2026-07-20,2026-09-17,59,43,LONG_QUARTERLY_SHORT_PERP,0.61006,1.3383611987894322,0.4558261256765427,405.5,2168.799999999999,-2485.0,307.7124,113.01531547945221,5.98,51.00000000000364,-178.48291547945703,-3.581505931209582,4983.46
IMOEX,MMU6,MXI-9.26,2026-07-21,2026-09-17,58,42,LONG_QUARTERLY_SHORT_PERP,0.63358,1.2858326621004657,0.49273907770006287,372.0,1417.3000000000002,-1700.0,301.3766,111.06971808219193,5.98,51.00000000000364,-149.3731180821954,-2.997377687032612,4983.46
IMOEX,MMU6,MXI-9.26,2026-07-22,2026-09-17,57,41,LONG_QUARTERLY_SHORT_PERP,0.67189,1.2587905382559397,0.5337583812243353,350.0,869.2999999999984,-1130.0,294.6577,109.12412068493165,5.98,51.00000000000364,-132.14642068493697,-2.651700238086329,4983.46
IMOEX,MMU6,MXI-9.26,2026-07-23,2026-09-17,56,40,LONG_QUARTERLY_SHORT_PERP,1.22604,1.3266463082191877,0.9241649356004799,366.5,762.7999999999975,-1040.0,282.39730000000003,107.17852328767137,5.98,51.00000000000364,-158.9612232876775,-3.189776245573909,4983.46
IMOEX,MMU6,MXI-9.26,2026-07-24,2026-09-17,55,39,LONG_QUARTERLY_SHORT_PERP,0.7378,1.4646485279241401,0.5037386007178738,409.0,515.2999999999975,-835.0,275.0193,105.23292589041108,5.98,51.00000000000364,-206.89362589041727,-4.15160603055743,4983.46
IMOEX,MMU6,MXI-9.26,2026-07-27,2026-09-17,52,38,LONG_QUARTERLY_SHORT_PERP,0.5539,1.3970424571016682,0.39648043420894435,374.5,34.80000000000018,-320.0,269.4803,99.39613369863025,5.98,51.00000000000364,-172.09583369863373,-3.4533403237636846,4983.46
IMOEX,MMU6,MXI-9.26,2026-07-28,2026-09-17,51,37,LONG_QUARTERLY_SHORT_PERP,0.46529,1.4566612691595808,0.31942223621312354,384.5,284.8000000000002,-580.0,264.8274,97.4846695890412,5.98,51.00000000000364,-184.83726958904464,-3.709014812781574,4983.46
IMOEX,MMU6,MXI-9.26,2026-07-29,2026-09-17,50,36,LONG_QUARTERLY_SHORT_PERP,0.08214,1.5543144596651548,0.052846449114097145,407.0,-197.69999999999982,-120.0,264.00600000000003,95.57320547945216,5.98,51.00000000000364,-206.24720547945557,-4.138634713220444,4983.46
IMOEX,MMU6,MXI-9.26,2026-07-30,2026-09-17,49,35,LONG_QUARTERLY_SHORT_PERP,1.68021,1.4404049753424764,1.1664844462235398,353.5,125.79999999999927,-390.0,247.2039,93.66174136986311,5.98,51.00000000000364,-167.6378413698675,-3.363884557513605,4983.46
IMOEX,MMU6,MXI-9.26,2026-07-31,2026-09-17,48,34,LONG_QUARTERLY_SHORT_PERP,0.41478,1.3609714037066991,0.3047676085407218,314.0,0.2999999999974534,-225.0,243.05610000000001,91.75027726027406,5.98,51.00000000000364,-130.37417726028025,-2.6161377288125167,4983.46
IMOEX,MMU6,MXI-9.26,2026-08-03,2026-09-17,45,33,LONG_QUARTERLY_SHORT_PERP,0.43837,1.4757451058530622,0.29704994328718975,344.0,-394.70000000000255,140.0,238.6724,86.01588493150692,5.98,51.00000000000364,-159.0234849315131,-3.1910256113526168,4983.46
IMOEX,MMU6,MXI-9.26,2026-08-04,2026-09-17,44,32,LONG_QUARTERLY_SHORT_PERP,0.48488,1.3799513150685048,0.351374714966614,300.5,-411.20000000000346,200.0,233.8236,84.10442082191787,5.98,51.00000000000364,-118.46082082192497,-2.377079796405007,4983.46
IMOEX,MMU6,MXI-9.26,2026-08-05,2026-09-17,43,31,SHORT_QUARTERLY_LONG_PERP,-0.07011,-0.4704098170569921,99.0,-285.0,720.7000000000016,-525.0,-234.5247,82.19295671232882,5.98,51.00000000000364,-177.9976567123308,-3.571768544592127,4983.46
IMOEX,MMU6,MXI-9.26,2026-08-06,2026-09-17,42,30,LONG_QUARTERLY_SHORT_PERP,1.73811,1.5808716420091449,1.0994630770851324,337.0,-617.6999999999998,370.0,217.1436,80.28149260273977,5.98,51.00000000000364,-167.81789260274326,-3.3674975338969966,4983.46
IMOEX,MMU6,MXI-9.26,2026-08-07,2026-09-17,41,29,LONG_QUARTERLY_SHORT_PERP,0.81638,1.439138029286739,0.5672701182141727,282.0,-517.6999999999998,325.0,208.9798,78.37002849315073,5.98,51.00000000000364,-119.07022849315418,-2.3893084020570883,4983.46
IMOEX,MMU6,MXI-9.26,2026-08-10,2026-09-17,38,28,LONG_QUARTERLY_SHORT_PERP,0.9985,1.5807701291585259,0.6316541422322552,313.0,-668.7000000000035,445.0,198.9948,72.63563616438358,5.98,51.00000000000364,-154.3208361643907,-3.0966604761428944,4983.46
IMOEX,MMU6,MXI-9.26,2026-08-11,2026-09-17,37,27,LONG_QUARTERLY_SHORT_PERP,0.84306,1.6414969335362894,0.513592186970334,315.5,-976.2000000000035,750.0,190.5642,70.72417205479454,5.98,51.00000000000364,-163.33997205480165,-3.2776418804365166,4983.46
IMOEX,MMU6,MXI-9.26,2026-08-12,2026-09-17,36,26,LONG_QUARTERLY_SHORT_PERP,1.12066,1.5415104151738814,0.7269882765427765,275.0,-710.7000000000016,525.0,179.3576,68.81270794520549,5.98,51.00000000000364,-132.1351079452108,-2.651473232356852,4983.46
IMOEX,MMU6,MXI-9.26,2026-08-13,2026-09-17,35,25,LONG_QUARTERLY_SHORT_PERP,1.5646,1.7875249753424804,0.8752884695780158,323.0,-63.700000000003456,-170.0,163.7116,66.90124383561644,5.98,51.00000000000364,-193.86964383562352,-3.8902618629551258,4983.46
IMOEX,MMU6,MXI-9.26,2026-08-14,2026-09-17,34,24,LONG_QUARTERLY_SHORT_PERP,0.93708,1.4894574155251294,0.6291418540956534,235.5,978.7999999999965,-1125.0,154.3408,64.9897797260274,5.98,51.00000000000364,-113.82897972603449,-2.2841355148036606,4983.46
IMOEX,MMU6,MXI-9.26,2026-08-17,2026-09-17,31,23,LONG_QUARTERLY_SHORT_PERP,0.45495,1.3727625539011477,0.3314120120097338,199.5,1449.8000000000002,-1560.0,149.7913,59.255387397260264,5.98,51.00000000000364,-76.64408739726372,-1.5379693505569165,4983.46
IMOEX,MMU6,MXI-9.26,2026-08-18,2026-09-17,30,22,LONG_QUARTERLY_SHORT_PERP,0.3366,1.8719269240348857,0.17981471160982512,297.5,801.7999999999984,-1010.0,146.4253,57.343923287671224,5.98,51.00000000000364,-176.0986232876765,-3.5336618190509506,4983.46
IMOEX,MMU6,MXI-9.26,2026-08-19,2026-09-17,29,21,LONG_QUARTERLY_SHORT_PERP,0.50281,1.5852974246575515,0.3171707669358099,220.5,633.7999999999965,-765.0,141.3972,55.43245917808218,5.98,51.00000000000364,-102.21525917808928,-2.051090189910008,4983.46
IMOEX,MMU6,MXI-9.26,2026-08-20,2026-09-17,28,20,LONG_QUARTERLY_SHORT_PERP,0.9663,1.400004975342484,0.6902118328283895,169.5,1194.8000000000002,-1275.0,131.7342,53.52099506849314,5.98,51.00000000000364,-58.96679506849661,-1.183250092676506,4983.46
IMOEX,MMU6,MXI-9.26,2026-08-21,2026-09-17,27,19,LONG_QUARTERLY_SHORT_PERP,0.27351,1.5662606892574091,0.17462610271453324,189.0,1040.2999999999975,-1140.0,128.9991,51.6095309589041,5.98,51.00000000000364,-79.29043095891029,-1.591071884973699,4983.46
IMOEX,MMU6,MXI-9.26,2026-08-24,2026-09-17,24,18,LONG_QUARTERLY_SHORT_PERP,0.29979,1.3325285479452256,0.22497829443300082,137.0,1732.3000000000002,-1780.0,126.0012,45.87513863013698,5.98,51.00000000000364,-24.55393863014044,-0.4927086528263584,4983.46
IMOEX,MMU6,MXI-9.26,2026-08-25,2026-09-17,23,17,LONG_QUARTERLY_SHORT_PERP,0.4476,1.867315732473833,0.23970236645894713,216.5,1192.7999999999975,-1320.0,121.5252,43.96367452054794,5.98,51.00000000000364,-106.61847452055413,-2.1394467803605153,4983.46
IMOEX,MMU6,MXI-9.26,2026-08-26,2026-09-17,22,16,LONG_QUARTERLY_SHORT_PERP,0.69972,1.0439513150685158,0.6702611413963079,68.0,1796.2999999999965,-1775.0,114.528,42.0522104109589,5.98,51.00000000000364,36.795789589034015,0.7383582809741428,4983.46
IMOEX,MMU6,MXI-9.26,2026-08-27,2026-09-17,21,15,LONG_QUARTERLY_SHORT_PERP,1.14302,1.6141383086758232,0.7081301483623726,145.0,1499.2999999999984,-1555.0,103.0978,40.14074630136986,5.98,51.00000000000364,-49.72294630137513,-0.9977595145014735,4983.46
IMOEX,MMU6,MXI-9.26,2026-08-28,2026-09-17,20,14,LONG_QUARTERLY_SHORT_PERP,0.24637,1.4729234442270318,0.16726599129480982,111.0,1318.2999999999993,-1340.0,100.6341,38.22928219178082,5.98,51.00000000000364,-16.275182191785177,-0.3265839836536298,4983.46
IMOEX,MMU6,MXI-9.26,2026-08-31,2026-09-17,17,13,LONG_QUARTERLY_SHORT_PERP,0.5475,1.6536529989462871,0.33108517950795524,125.5,663.7999999999965,-700.0,95.1591,32.4948898630137,5.98,51.00000000000364,-30.515789863020796,-0.6123414226866634,4983.46
IMOEX,MMU6,MXI-9.26,2026-09-01,2026-09-17,16,12,LONG_QUARTERLY_SHORT_PERP,0.38311,1.4421952146119026,0.2656436494300084,85.5,618.7999999999965,-615.0,91.328,30.583425753424653,5.98,51.00000000000364,7.564574246568256,0.15179361822043833,4983.46
IMOEX,MMU6,MXI-9.26,2026-09-02,2026-09-17,15,11,LONG_QUARTERLY_SHORT_PERP,0.66096,1.8922905603985385,0.3492909671656313,122.5,606.7999999999984,-640.0,84.7184,28.671961643835612,5.98,51.00000000000364,-34.133561643840885,-0.6849370044876629,4983.46
IMOEX,MMU6,MXI-9.26,2026-09-03,2026-09-17,14,10,LONG_QUARTERLY_SHORT_PERP,0.82987,1.852404975342502,0.447995989563006,101.5,327.79999999999745,-340.0,76.4197,26.76049753424657,5.98,51.00000000000364,-19.520797534252747,-0.3917117330981436,4983.46
IMOEX,MMU6,MXI-9.26,2026-09-04,2026-09-17,13,9,LONG_QUARTERLY_SHORT_PERP,0.60142,1.8481003713851243,0.32542604790953233,84.5,-40.19999999999982,45.0,70.4055,24.84903342465753,5.98,51.00000000000364,-6.623533424660991,-0.13291033588432516,4983.46
IMOEX,MMU6,MXI-9.26,2026-09-07,2026-09-17,10,8,LONG_QUARTERLY_SHORT_PERP,0.72214,1.9699330136986757,0.36658099284509976,81.5,-157.20000000000255,165.0,63.1841,19.11464109589041,5.98,51.00000000000364,-5.110541095896593,-0.10255005750816888,4983.46
IMOEX,MMU6,MXI-9.26,2026-09-08,2026-09-17,9,7,LONG_QUARTERLY_SHORT_PERP,0.69174,2.3169025283757856,0.2985624088748047,88.0,-248.70000000000346,250.0,56.2667,17.20317698630137,5.98,51.00000000000364,-16.61647698630847,-0.3334325345504623,4983.46
IMOEX,MMU6,MXI-9.26,2026-09-09,2026-09-17,8,6,LONG_QUARTERLY_SHORT_PERP,0.76218,2.5795285479452663,0.29547259735005355,82.5,-143.20000000000164,150.0,48.6449,15.291712876712328,5.98,51.00000000000364,-16.82681287671761,-0.33765321436747986,4983.46
IMOEX,MMU6,MXI-9.26,2026-09-10,2026-09-17,7,5,LONG_QUARTERLY_SHORT_PERP,0.91248,2.5372049753425387,0.35963984339767796,56.5,-567.2000000000025,600.0,39.5201,13.380248767123287,5.98,51.00000000000364,1.9598512328705198,0.03932711876628928,4983.46
IMOEX,MMU6,MXI-9.26,2026-09-11,2026-09-17,6,4,LONG_QUARTERLY_SHORT_PERP,0.15529,2.736219616438447,0.05675348538072779,41.0,-271.7000000000007,320.0,37.9672,11.468784657534247,5.98,51.00000000000364,17.81841534246138,0.3575510858411902,4983.46
IMOEX,MMZ6,MXI-12.26,2026-07-01,2026-09-29,90,64,LONG_QUARTERLY_SHORT_PERP,1.16826,1.017030055222609,1.1486976161626705,421.0,-959.0000000000009,815.0,626.2939,172.91923534246607,5.98,51.00000000000364,252.39466465752935,5.064647145909254,4983.46
IMOEX,MMZ6,MXI-12.26,2026-07-02,2026-09-29,89,63,LONG_QUARTERLY_SHORT_PERP,2.25511,1.1078629173733483,2.035549673732812,470.0,-123.00000000000182,-70.0,603.7428,170.9736379452058,5.98,51.00000000000364,182.78916205478873,3.6679167095710357,4983.46
IMOEX,MMZ6,MXI-12.26,2026-07-03,2026-09-29,88,62,LONG_QUARTERLY_SHORT_PERP,0.96097,1.059690387980563,0.9068403478031983,431.0,45.99999999999909,-200.0,594.1331,169.02804054794552,5.98,51.00000000000364,214.12505945204992,4.296714721339188,4983.46
IMOEX,MMZ6,MXI-12.26,2026-07-06,2026-09-29,85,61,LONG_QUARTERLY_SHORT_PERP,1.54841,1.1248708989445382,1.376522409329699,466.0,500.9999999999991,-690.0,578.649,163.1912483561647,5.98,51.00000000000364,169.47775164383077,3.4008048954708334,4983.46
IMOEX,MMZ6,MXI-12.26,2026-07-07,2026-09-29,84,60,LONG_QUARTERLY_SHORT_PERP,1.12732,1.0587094182648469,1.0648058669843528,417.0,585.0,-725.0,567.3758,161.2456509589044,5.98,51.00000000000364,209.15014904109194,4.19688628063819,4983.46
IMOEX,MMZ6,MXI-12.26,2026-07-08,2026-09-29,83,59,LONG_QUARTERLY_SHORT_PERP,1.65411,1.0631865314604199,1.5558041331918235,411.0,285.9999999999991,-420.0,550.8347,159.30005356164412,5.98,51.00000000000364,200.55464643835134,4.024405662699236,4983.46
IMOEX,MMZ6,MXI-12.26,2026-07-09,2026-09-29,82,58,LONG_QUARTERLY_SHORT_PERP,2.40448,1.179886993386875,2.037890080555868,470.0,566.9999999999982,-760.0,526.7899,157.35445616438383,5.98,51.00000000000364,119.45544383561071,2.3970382793402716,4983.46
IMOEX,MMZ6,MXI-12.26,2026-07-10,2026-09-29,81,57,LONG_QUARTERLY_SHORT_PERP,2.01715,1.1006822083633812,1.8326361457221398,415.0,1036.9999999999982,-1175.0,506.6184,155.40885876712358,5.98,51.00000000000364,156.229541232871,3.134961276560281,4983.46
IMOEX,MMZ6,MXI-12.26,2026-07-13,2026-09-29,78,56,LONG_QUARTERLY_SHORT_PERP,1.48043,1.0340215474559755,1.4317206480293687,372.5,889.4999999999982,-985.0,491.8141,149.57206657534272,5.98,51.00000000000364,189.76203342465183,3.807836993266763,4983.46
IMOEX,MMZ6,MXI-12.26,2026-07-14,2026-09-29,77,55,LONG_QUARTERLY_SHORT_PERP,1.74246,1.1174663075965203,1.5592953345928922,410.0,786.9999999999982,-920.0,474.3895,147.62646917808246,5.98,51.00000000000364,136.7830308219121,2.7447402170763304,4983.46
IMOEX,MMZ6,MXI-12.26,2026-07-15,2026-09-29,76,54,LONG_QUARTERLY_SHORT_PERP,1.88932,1.1901127255200479,1.5875134846360182,440.0,1346.9999999999982,-1510.0,455.4963,145.68087178082217,5.98,51.00000000000364,89.8354282191724,1.8026718027068023,4983.46
IMOEX,MMZ6,MXI-12.26,2026-07-16,2026-09-29,75,53,LONG_QUARTERLY_SHORT_PERP,3.15709,1.2051231592142746,2.619723947599168,438.0,2243.9999999999964,-2405.0,423.9254,143.7352743835619,5.98,51.00000000000364,62.21012561643086,1.2483319945666436,4983.46
IMOEX,MMZ6,MXI-12.26,2026-07-17,2026-09-29,74,52,LONG_QUARTERLY_SHORT_PERP,2.08334,1.1745570711275102,1.773723943443726,412.0,2909.9999999999977,-3045.0,403.092,141.7896769863016,5.98,51.00000000000364,69.32232301369247,1.3910480472140334,4983.46
IMOEX,MMZ6,MXI-12.26,2026-07-20,2026-09-29,71,51,LONG_QUARTERLY_SHORT_PERP,0.61006,2.0890840878324006,0.29202271155728743,872.5,2029.4999999999982,-2625.0,396.9914,135.95288479452077,5.98,51.00000000000364,-391.4414847945262,-7.854813418679517,4983.46
IMOEX,MMZ6,MXI-12.26,2026-07-21,2026-09-29,70,50,LONG_QUARTERLY_SHORT_PERP,0.63358,2.097974574794528,0.3019960335134432,858.0,1258.9999999999964,-1840.0,390.6556,134.00728739726048,5.98,51.00000000000364,-381.3316873972678,-7.651946386592202,4983.46
IMOEX,MMZ6,MXI-12.26,2026-07-22,2026-09-29,69,49,LONG_QUARTERLY_SHORT_PERP,0.67189,2.085799367346947,0.3221259007545952,833.0,713.9999999999964,-1270.0,383.9367,132.06169000000023,5.98,51.00000000000364,-361.10499000000755,-7.246069798894895,4983.46
IMOEX,MMZ6,MXI-12.26,2026-07-23,2026-09-29,68,48,LONG_QUARTERLY_SHORT_PERP,1.22604,2.1543668595890493,0.5690952748102847,847.0,610.0,-1180.0,371.67629999999997,130.11609260273994,5.98,51.00000000000364,-385.41979260274366,-7.733979857423229,4983.46
IMOEX,MMZ6,MXI-12.26,2026-07-24,2026-09-29,67,47,LONG_QUARTERLY_SHORT_PERP,0.7378,2.271596798309539,0.32479355515426456,882.5,369.4999999999982,-975.0,364.2983,128.17049520547965,5.98,51.00000000000364,-426.35219520548515,-8.555344985321145,4983.46
IMOEX,MMZ6,MXI-12.26,2026-07-27,2026-09-29,64,46,LONG_QUARTERLY_SHORT_PERP,0.5539,2.264812397855875,0.2445677180698868,862.5,-125.50000000000182,-460.0,358.7593,122.33370301369882,5.98,51.00000000000364,-406.0544030137043,-8.148041782490564,4983.46
IMOEX,MMZ6,MXI-12.26,2026-07-28,2026-09-29,63,45,LONG_QUARTERLY_SHORT_PERP,0.46529,2.3142271975646964,0.20105631827749373,864.0,132.99999999999727,-720.0,354.1064,120.42223890410978,5.98,51.00000000000364,-410.2958389041162,-8.23315204504734,4983.46
IMOEX,MMZ6,MXI-12.26,2026-07-29,2026-09-29,62,44,LONG_QUARTERLY_SHORT_PERP,0.08214,2.3897517608966465,0.034371770886019004,876.0,-339.0000000000009,-260.0,353.285,118.51077479452073,5.98,51.00000000000364,-421.20577479452527,-8.452074959857715,4983.46
IMOEX,MMZ6,MXI-12.26,2026-07-30,2026-09-29,61,43,LONG_QUARTERLY_SHORT_PERP,1.68021,2.3304170015928727,0.7209911354283602,828.5,-21.50000000000091,-530.0,336.4829,116.59931068493168,5.98,51.00000000000364,-388.59641068493625,-7.7977230816528325,4983.46
IMOEX,MMZ6,MXI-12.26,2026-07-31,2026-09-29,60,42,LONG_QUARTERLY_SHORT_PERP,0.41478,2.320637729941301,0.17873535134262064,803.0,-161.00000000000364,-365.0,332.3351,114.68784657534263,5.98,51.00000000000364,-365.3327465753499,-7.330905567123041,4983.46
IMOEX,MMZ6,MXI-12.26,2026-08-03,2026-09-29,57,41,LONG_QUARTERLY_SHORT_PERP,0.43837,2.3717889127965344,0.1848267346368213,806.5,-529.5000000000027,0.0,327.9514,108.95345424657549,5.98,51.00000000000364,-367.4820542465819,-7.37403439069606,4983.46
IMOEX,MMZ6,MXI-12.26,2026-08-04,2026-09-29,56,40,LONG_QUARTERLY_SHORT_PERP,0.48488,2.2338049753424754,0.21706460740855887,729.5,-512.5,60.0,323.1026,107.04199013698644,5.98,51.00000000000364,-293.41939013699005,-5.887864859695674,4983.46
IMOEX,MMZ6,MXI-12.26,2026-08-05,2026-09-29,55,39,SHORT_QUARTERLY_LONG_PERP,-0.07011,-1.386896087109228,99.0,-703.0,811.0000000000036,-385.0,-323.8037,105.1305260273974,5.98,51.00000000000364,-59.91422602739739,-1.2022616019271226,4983.46
IMOEX,MMZ6,MXI-12.26,2026-08-06,2026-09-29,54,38,LONG_QUARTERLY_SHORT_PERP,1.73811,2.5452606892574003,0.6828809352754774,807.0,-760.0,230.0,306.4226,103.21906191780835,5.98,51.00000000000364,-383.776461917812,-7.701004160117911,4983.46
IMOEX,MMZ6,MXI-12.26,2026-08-07,2026-09-29,53,37,LONG_QUARTERLY_SHORT_PERP,0.81638,2.4859124265087105,0.3284025580686076,761.5,-669.5000000000027,185.0,298.2588,101.3075978082193,5.98,51.00000000000364,-344.5287978082257,-6.913445634322854,4983.46
IMOEX,MMZ6,MXI-12.26,2026-08-10,2026-09-29,50,36,LONG_QUARTERLY_SHORT_PERP,0.9985,2.616814459665155,0.381570805034365,789.5,-817.5,305.0,288.2738,95.57320547945216,5.98,51.00000000000364,-376.7794054794558,-7.560598569657544,4983.46
IMOEX,MMZ6,MXI-12.26,2026-08-11,2026-09-29,49,35,LONG_QUARTERLY_SHORT_PERP,0.84306,2.6032621181996194,0.3238475273412148,760.5,-1093.5000000000036,610.0,279.8432,93.66174136986311,5.98,51.00000000000364,-354.29854136987035,-7.109489017065861,4983.46
IMOEX,MMZ6,MXI-12.26,2026-08-12,2026-09-29,48,34,LONG_QUARTERLY_SHORT_PERP,1.12066,2.687441991941993,0.4169987681074341,765.0,-873.0000000000018,385.0,268.6366,91.75027726027406,5.98,51.00000000000364,-368.09367726027955,-7.386307450251022,4983.46
IMOEX,MMZ6,MXI-12.26,2026-08-13,2026-09-29,47,33,LONG_QUARTERLY_SHORT_PERP,1.5646,2.991875191365723,0.5229496218676808,840.5,-253.50000000000364,-310.0,252.9906,89.83881315068501,5.98,51.00000000000364,-457.32821315069236,-9.176921519400022,4983.46
IMOEX,MMZ6,MXI-12.26,2026-08-14,2026-09-29,46,32,LONG_QUARTERLY_SHORT_PERP,0.93708,2.4778354657534365,0.3781849170179109,648.0,893.9999999999964,-1265.0,243.6198,87.92734904109597,5.98,51.00000000000364,-272.28754904110326,-5.463825314963966,4983.46
IMOEX,MMZ6,MXI-12.26,2026-08-17,2026-09-29,43,31,LONG_QUARTERLY_SHORT_PERP,0.45495,2.5779772797172016,0.1764755661655432,660.0,1316.9999999999982,-1700.0,239.0703,82.19295671232882,5.98,51.00000000000364,-283.10265671233424,-5.68084537073307,4983.46
IMOEX,MMZ6,MXI-12.26,2026-08-18,2026-09-29,42,30,LONG_QUARTERLY_SHORT_PERP,0.3366,2.7558716420091445,0.1221392153644009,689.5,737.5,-1150.0,235.7043,80.28149260273977,5.98,51.00000000000364,-314.05719260274344,-6.301990837746133,4983.46
IMOEX,MMZ6,MXI-12.26,2026-08-19,2026-09-29,41,29,LONG_QUARTERLY_SHORT_PERP,0.50281,2.2770690637694977,0.22081455850427303,525.0,656.9999999999982,-905.0,230.6762,78.37002849315073,5.98,51.00000000000364,-152.67382849315618,-3.0636109950346984,4983.46
IMOEX,MMZ6,MXI-12.26,2026-08-20,2026-09-29,40,28,LONG_QUARTERLY_SHORT_PERP,0.9663,2.4283520156555904,0.3979241863495333,546.5,1145.4999999999973,-1415.0,221.01319999999998,76.45856438356168,5.98,51.00000000000364,-181.92536438356805,-3.6505834176168372,4983.46
IMOEX,MMZ6,MXI-12.26,2026-08-21,2026-09-29,39,27,LONG_QUARTERLY_SHORT_PERP,0.27351,2.7871374084221343,0.09813294427950023,621.0,935.9999999999991,-1280.0,218.2781,74.54710027397263,5.98,51.00000000000364,-257.2490002739772,-5.16205608701539,4983.46
IMOEX,MMZ6,MXI-12.26,2026-08-24,2026-09-29,36,26,LONG_QUARTERLY_SHORT_PERP,0.29979,2.5338181074815735,0.11831551724838249,533.0,1663.9999999999964,-1920.0,215.2802,68.81270794520549,5.98,51.00000000000364,-166.51250794521275,-3.3413031898563,4983.46
IMOEX,MMZ6,MXI-12.26,2026-08-25,2026-09-29,35,25,LONG_QUARTERLY_SHORT_PERP,0.4476,2.5775249753424805,0.17365496136095696,520.5,1216.4999999999964,-1460.0,210.80419999999998,66.90124383561644,5.98,51.00000000000364,-156.57704383562373,-3.1419343956934283,4983.46
IMOEX,MMZ6,MXI-12.26,2026-08-26,2026-09-29,34,24,LONG_QUARTERLY_SHORT_PERP,0.69972,2.1769574155251292,0.32142107834075956,400.5,1791.4999999999964,-1915.0,203.807,64.9897797260274,5.98,51.00000000000364,-41.662779726034685,-0.836021152493141,4983.46
IMOEX,MMZ6,MXI-12.26,2026-08-27,2026-09-29,33,23,LONG_QUARTERLY_SHORT_PERP,1.14302,2.4676448505062694,0.4632027983141474,447.5,1524.4999999999982,-1695.0,192.3768,63.078315616438346,5.98,51.00000000000364,-98.1815156164438,-1.970147560458874,4983.46
IMOEX,MMZ6,MXI-12.26,2026-08-28,2026-09-29,32,22,LONG_QUARTERLY_SHORT_PERP,0.24637,2.255212961394786,0.10924467188572162,378.0,1378.9999999999964,-1480.0,189.9131,61.166851506849305,5.98,51.00000000000364,-29.233751506856596,-0.5866155543910575,4983.46
IMOEX,MMZ6,MXI-12.26,2026-08-31,2026-09-29,29,21,LONG_QUARTERLY_SHORT_PERP,0.5475,2.101964091324218,0.26047067229158993,329.0,787.9999999999973,-840.0,184.4381,55.43245917808218,5.98,51.00000000000364,20.025640821911438,0.4018421101385671,4983.46
IMOEX,MMZ6,MXI-12.26,2026-09-01,2026-09-29,28,20,LONG_QUARTERLY_SHORT_PERP,0.38311,1.8575049753424842,0.206249784030518,261.0,770.9999999999991,-755.0,180.607,53.52099506849314,5.98,51.00000000000364,86.10600493150233,1.7278357793882628,4983.46
IMOEX,MMZ6,MXI-12.26,2026-09-02,2026-09-29,27,19,LONG_QUARTERLY_SHORT_PERP,0.66096,1.9820501629416196,0.33347289203773206,268.0,788.9999999999964,-780.0,173.9974,51.6095309589041,5.98,51.00000000000364,74.4078690410886,1.4930965441899524,4983.46
IMOEX,MMZ6,MXI-12.26,2026-09-03,2026-09-29,26,18,LONG_QUARTERLY_SHORT_PERP,0.82987,2.175989260273993,0.3813759631770911,285.0,471.9999999999982,-480.0,165.6987,49.69806684931506,5.98,51.00000000000364,51.02063315067947,1.0237993914003418,4983.46
IMOEX,MMZ6,MXI-12.26,2026-09-04,2026-09-29,25,17,LONG_QUARTERLY_SHORT_PERP,0.60142,2.216274133763116,0.27136534729068945,272.0,100.0,-95.0,159.68449999999999,47.78660273972602,5.98,51.00000000000364,59.91789726027032,1.202335270279491,4983.46
IMOEX,MMZ6,MXI-12.26,2026-09-07,2026-09-29,22,16,LONG_QUARTERLY_SHORT_PERP,0.72214,2.3314513150685157,0.3097383999969041,274.0,-22.00000000000273,25.0,152.4631,42.0522104109589,5.98,51.00000000000364,56.43088958903472,1.1323636507373334,4983.46
IMOEX,MMZ6,MXI-12.26,2026-09-08,2026-09-29,21,15,LONG_QUARTERLY_SHORT_PERP,0.69174,2.74080497534249,0.2523857064706183,314.0,-147.00000000000273,110.0,145.54569999999998,40.14074630136986,5.98,51.00000000000364,11.424953698623753,0.22925745764235597,4983.46
IMOEX,MMZ6,MXI-12.26,2026-09-09,2026-09-29,20,14,LONG_QUARTERLY_SHORT_PERP,0.76218,2.6764948727984605,0.28476796565019685,279.5,-12.5,10.0,137.9239,38.22928219178082,5.98,51.00000000000364,40.21461780821555,0.8069617857515772,4983.46
IMOEX,MMZ6,MXI-12.26,2026-09-10,2026-09-29,19,13,LONG_QUARTERLY_SHORT_PERP,0.91248,2.7522909083245803,0.331534721580525,264.5,-447.5,460.0,128.79909999999998,36.31781808219178,5.98,51.00000000000364,48.00128191780456,0.9632119434650737,4983.46
IMOEX,MMZ6,MXI-12.26,2026-09-11,2026-09-29,18,12,LONG_QUARTERLY_SHORT_PERP,0.15529,3.0032196164383866,0.05170784019590394,269.0,-172.00000000000273,180.0,127.24619999999999,34.40635397260274,5.98,51.00000000000364,43.85984602739087,0.8801083188666282,4983.46
IMOEX,MMZ6,MXI-12.26,2026-09-14,2026-09-29,15,11,LONG_QUARTERLY_SHORT_PERP,0.23777,3.710472378580357,0.0640807896516324,322.5,-1025.5000000000018,980.0,124.8685,28.671961643835612,5.98,51.00000000000364,-6.283461643841079,-0.12608632644470064,4983.46
IMOEX,MMZ6,MXI-12.26,2026-09-15,2026-09-29,14,10,LONG_QUARTERLY_SHORT_PERP,1.28973,4.922404975342502,0.2620121681293117,408.5,-871.5000000000009,740.0,111.9712,26.76049753424657,5.98,51.00000000000364,-103.26929753425112,-2.0722409236604915,4983.46
IMOEX,MMZ6,MXI-12.26,2026-09-16,2026-09-29,13,9,LONG_QUARTERLY_SHORT_PERP,1.03703,4.85365592694068,0.21365956211355364,355.0,-298.0000000000018,220.0,101.6009,24.84903342465753,5.98,51.00000000000364,-58.22813342466299,-1.1684278277474485,4983.46
IMOEX,MMZ6,MXI-12.26,2026-09-17,2026-09-29,12,8,LONG_QUARTERLY_SHORT_PERP,1.23219,4.311469616438402,0.2857935018959687,265.0,151.99999999999818,-140.0,89.279,22.93756931506849,5.98,51.00000000000364,21.36143068492605,0.4286465765738272,4983.46
IMOEX,MMZ6,MXI-12.26,2026-09-18,2026-09-29,11,7,LONG_QUARTERLY_SHORT_PERP,0.54017,4.607230074364044,0.11724398201983911,244.5,-117.5,150.0,83.87729999999999,21.02610520547945,5.98,51.00000000000364,38.371194794516896,0.7699709598254405,4983.46
IMOEX,MMZ6,MXI-12.26,2026-09-21,2026-09-29,8,6,LONG_QUARTERLY_SHORT_PERP,1.01287,6.021195214611933,0.16821743256920454,289.0,37.99999999999727,-50.0,73.7486,15.291712876712328,5.98,51.00000000000364,-10.523112876718699,-0.21116077738596675,4983.46
IMOEX,MMZ6,MXI-12.26,2026-09-22,2026-09-29,7,5,LONG_QUARTERLY_SHORT_PERP,1.71671,7.997204975342539,0.21466374880887296,329.5,-422.5,370.0,56.5815,13.380248767123287,5.98,51.00000000000364,-66.27874876712693,-1.3299745310913889,4983.46
IMOEX,MMZ6,MXI-12.26,2026-09-23,2026-09-29,6,4,LONG_QUARTERLY_SHORT_PERP,0.7213,8.961219616438447,0.08049127583893252,290.0,-508.0000000000018,495.0,49.3685,11.468784657534247,5.98,51.00000000000364,-32.08028465753971,-0.6437351690901444,4983.46
IMOEX,MMZ6,MXI-12.26,2026-09-24,2026-09-29,5,3,LONG_QUARTERLY_SHORT_PERP,2.10953,12.117910684931628,0.17408363989867964,297.0,-515.0,495.0,28.2732,9.557320547945206,5.98,51.00000000000364,-58.26412054794885,-1.1691499590234264,4983.46
