family,year,month,cycle,quarter,entry,exit,days,business_days,direction,entry_swaprate,required_swaprate,swaprate_ratio,entry_gap_rub,quarter_pnl_rub,perp_pnl_rub,funding_rub,imoexdiv_points,dividend_adjustment_rub,capital_cost_rub,fees_rub,execution_buffer_rub,net_rub,return_on_im_pct,stress_net_rub,stress_return_on_im_pct,combined_im_rub
CNY,2025,3,CNY-2025-03,CRH5,2025-01-03,2025-03-20,76,54,LONG_QUARTERLY_SHORT_PERP,0.0111,0.010713473769660031,1.036078515582368,472.0,-2645.7999999999993,2275.0000000000005,608.33,0.0,-0.0,100.1675835616438,2.36,3.999999999997783,131.00241643835963,5.718631763504436,76.91862465753984,3.3577189042055102,2290.8
CNY,2025,3,CNY-2025-03,CRH5,2025-01-06,2025-03-20,73,53,LONG_QUARTERLY_SHORT_PERP,0.00704,0.009935350943396183,0.708580908727672,424.0,-2478.7999999999997,2156.0000000000005,601.29,0.0,-0.0,96.21359999999997,2.36,3.999999999997783,175.9164000000029,7.679256155055129,123.80960000000505,5.404644665619218,2290.8
CNY,2025,3,CNY-2025-03,CRH5,2025-01-08,2025-03-20,71,51,LONG_QUARTERLY_SHORT_PERP,0.0114,0.010116423744292193,1.1268804360268139,416.0,-2357.7999999999993,2043.0000000000011,589.89,0.0,-0.0,93.57761095890409,2.36,3.999999999997783,175.15238904109998,7.6459048821852615,124.36358356165005,5.428827639324692,2290.8
CNY,2025,3,CNY-2025-03,CRH5,2025-01-09,2025-03-20,70,50,LONG_QUARTERLY_SHORT_PERP,0.02085,0.012212392328767079,1.7072821965346199,512.0,-2510.7999999999997,2099.9999999999995,569.04,0.0,-0.0,92.25961643835615,2.36,3.999999999997783,59.62038356164585,2.6026009936112207,9.49057534246991,0.41429087403832326,2290.8
CNY,2025,3,CNY-2025-03,CRH5,2025-01-10,2025-03-20,69,49,LONG_QUARTERLY_SHORT_PERP,0.01435,0.012761257590159305,1.1244973231373243,528.0,-2615.8,2189.0,554.69,0.0,-0.0,90.9416219178082,2.36,3.999999999997783,30.588378082193884,1.3352705640908802,-18.88243287670808,-0.824272432194346,2290.8
CNY,2025,3,CNY-2025-03,CRH5,2025-01-13,2025-03-20,66,48,LONG_QUARTERLY_SHORT_PERP,0.01185,0.012548909132420046,0.9443051882004294,509.0,-2708.8,2301.0,542.84,0.0,-0.0,86.98763835616438,2.36,3.999999999997783,41.692361643837685,1.8199913411837645,-5.801457534242346,-0.25325028523844706,2290.8
CNY,2025,3,CNY-2025-03,CRH5,2025-01-14,2025-03-20,65,47,LONG_QUARTERLY_SHORT_PERP,0.01093,0.012489992422034345,0.8751006110073959,495.0,-2803.799999999999,2410.0,531.91,0.0,-0.0,85.66964383561644,2.36,3.999999999997783,46.08035616438693,2.0115399059012975,-0.7544657534191259,-0.032934597233242796,2290.8
CNY,2025,3,CNY-2025-03,CRH5,2025-01-15,2025-03-20,64,46,LONG_QUARTERLY_SHORT_PERP,0.01322,0.012385035854675356,1.067417176269978,479.0,-2787.799999999999,2410.0,518.69,0.0,-0.0,84.3516493150685,2.36,3.999999999997783,50.178350684934955,2.1904291376346667,4.002526027402865,0.1747217577877975,2290.8
CNY,2025,3,CNY-2025-03,CRH5,2025-01-16,2025-03-20,63,45,LONG_QUARTERLY_SHORT_PERP,0.01743,0.011830970106544852,1.4732519686071883,443.0,-2746.8,2404.9999999999995,501.26,0.0,-0.0,83.03365479452056,2.36,3.999999999997783,70.06634520548101,3.0585972239165797,24.5495178082229,1.0716569673573817,2290.8
CNY,2025,3,CNY-2025-03,CRH5,2025-01-17,2025-03-20,62,44,LONG_QUARTERLY_SHORT_PERP,0.00944,0.010683537733499327,0.8836024391433479,382.0,-2643.8000000000006,2362.9999999999995,491.82,0.0,-0.0,81.71566027397262,2.36,3.999999999997783,122.9443397260285,5.3668735693220055,78.08650958904437,3.4087004360504785,2290.8
CNY,2025,3,CNY-2025-03,CRH5,2025-01-20,2025-03-20,59,43,LONG_QUARTERLY_SHORT_PERP,0.00884,0.01156096922586806,0.7646417724406879,413.0,-2638.7999999999997,2327.0,482.98,0.0,-0.0,77.76167671232879,2.36,3.999999999997783,87.05832328767372,3.8003458742654836,44.177484931511515,1.928474110856972,2290.8
CNY,2025,3,CNY-2025-03,CRH5,2025-01-21,2025-03-20,58,42,LONG_QUARTERLY_SHORT_PERP,0.01056,0.01161437338551854,0.9092182289547198,405.0,-2381.8,2077.9999999999995,472.42,0.0,-0.0,76.44368219178085,2.36,3.999999999997783,85.81631780822075,3.746128767601743,43.59447671233252,1.9030241274809025,2290.8
CNY,2025,3,CNY-2025-03,CRH5,2025-01-22,2025-03-20,57,41,LONG_QUARTERLY_SHORT_PERP,0.01919,0.011841114333444652,1.620624500330917,404.0,-2334.7999999999997,2032.0,453.23,0.0,-0.0,75.12568767123291,2.36,3.999999999997783,68.9443123287696,3.0096172659668934,27.381468493155353,1.1952797491337241,2290.8
CNY,2025,3,CNY-2025-03,CRH5,2025-01-23,2025-03-20,56,40,LONG_QUARTERLY_SHORT_PERP,0.03241,0.012854192328767068,2.5213563926119242,434.0,-2364.8000000000006,2032.0,420.82,0.0,-0.0,73.80769315068497,2.36,3.999999999997783,7.852306849316605,0.3427757486169288,-33.05153972602366,-1.4427946449285691,2290.8
CNY,2025,3,CNY-2025-03,CRH5,2025-01-24,2025-03-20,55,39,LONG_QUARTERLY_SHORT_PERP,0.0371,0.012944864067439355,2.8660015127790226,426.0,-2279.7999999999997,1955.0,383.72,0.0,-0.0,72.48969863013703,2.36,3.999999999997783,-19.92969863013451,-0.8699885904546232,-60.1745479452008,-2.6267918607124496,2290.8
CNY,2025,3,CNY-2025-03,CRH5,2025-01-27,2025-03-20,52,38,LONG_QUARTERLY_SHORT_PERP,0.00573,0.011576203028118185,0.49498095239708856,365.0,-2211.8,1948.0000000000005,377.99,0.0,-0.0,68.5357150684932,2.36,3.999999999997783,39.294284931509296,1.7153084045534002,1.0264273972649391,0.04480650415858822,2290.8
CNY,2025,3,CNY-2025-03,CRH5,2025-01-28,2025-03-20,51,37,LONG_QUARTERLY_SHORT_PERP,0.00678,0.012123722176971434,0.5592341940067186,375.0,-2117.799999999999,1843.9999999999993,371.21,0.0,-0.0,67.21772054794526,2.36,3.999999999997783,23.832279452057435,1.0403474529447108,-13.776580821912944,-0.6013873241624298,2290.8
CNY,2025,3,CNY-2025-03,CRH5,2025-01-29,2025-03-20,50,36,LONG_QUARTERLY_SHORT_PERP,0.00522,0.012062770167427642,0.4327364218623054,362.0,-2148.7999999999997,1888.0,365.99,0.0,-0.0,65.89972602739732,2.36,3.999999999997783,32.93027397260518,1.437501046473074,-4.019589041091223,-0.17546660734639527,2290.8
CNY,2025,3,CNY-2025-03,CRH5,2025-01-30,2025-03-20,49,35,LONG_QUARTERLY_SHORT_PERP,0.00524,0.01199833518590992,0.43672725580741584,349.0,-1953.7999999999993,1705.9999999999995,360.75,0.0,-0.0,64.58173150684938,2.36,3.999999999997783,42.00826849315311,1.8337815825542652,5.717402739730687,0.24958105202246755,2290.8
CNY,2025,3,CNY-2025-03,CRH5,2025-01-31,2025-03-20,48,34,LONG_QUARTERLY_SHORT_PERP,0.00448,0.012753639323126448,0.3512722828750786,364.0,-2112.8,1849.9999999999995,356.27,0.0,-0.0,63.26373698630144,2.36,3.999999999997783,23.846263013700124,1.0409578755762232,-11.785605479448321,-0.5144755316679029,2290.8
CNY,2025,3,CNY-2025-03,CRH5,2025-02-03,2025-03-20,45,33,LONG_QUARTERLY_SHORT_PERP,0.00655,0.012626356164383496,0.5187561569406921,351.0,-2009.8000000000002,1759.9999999999998,349.72,0.0,-0.0,59.30975342465759,2.36,3.999999999997783,34.25024657534424,1.4951216420178208,0.5953698630177087,0.025989604636708078,2290.8
CNY,2025,3,CNY-2025-03,CRH5,2025-02-04,2025-03-20,44,32,LONG_QUARTERLY_SHORT_PERP,0.01056,0.013010992465753357,0.8116214061145073,352.0,-1999.8000000000004,1749.0000000000005,339.16,0.0,-0.0,57.991758904109645,2.36,3.999999999997783,24.008241095892643,1.0480286841231292,-8.98763835615992,-0.3923362299703125,2290.8
CNY,2025,3,CNY-2025-03,CRH5,2025-02-05,2025-03-20,43,31,LONG_QUARTERLY_SHORT_PERP,0.01213,0.011904314980114824,1.0189582533948542,306.0,-1687.7999999999993,1483.0000000000005,327.03000000000003,0.0,-0.0,56.673764383561696,2.36,3.999999999997783,59.19623561644174,2.584085717497893,26.85935342466314,1.1724879266921224,2290.8
CNY,2025,3,CNY-2025-03,CRH5,2025-02-06,2025-03-20,42,30,LONG_QUARTERLY_SHORT_PERP,0.01495,0.012923858995433718,1.156775232945683,326.0,-1978.7999999999997,1753.9999999999995,312.08,0.0,-0.0,55.35576986301375,2.36,3.999999999997783,25.56423013698827,1.1159520751260814,-6.11365479451635,-0.26687859239201805,2290.8
CNY,2025,3,CNY-2025-03,CRH5,2025-02-07,2025-03-20,41,29,LONG_QUARTERLY_SHORT_PERP,0.00897,0.011979233632498745,0.7487958140882298,287.0,-2002.8000000000006,1817.0000000000002,303.11,0.0,-0.0,54.0377753424658,2.36,3.999999999997783,56.91222465753602,2.4843820786422217,25.89333698630537,1.1303185344117936,2290.8
CNY,2025,3,CNY-2025-03,CRH5,2025-02-10,2025-03-20,38,28,LONG_QUARTERLY_SHORT_PERP,0.01093,0.011872992563600707,0.9205766736103533,276.0,-1786.7999999999995,1612.0,292.18,0.0,-0.0,50.083791780821954,2.36,3.999999999997783,60.93620821918077,2.6600405194334193,31.89431232877203,1.3922783450660043,2290.8
CNY,2025,3,CNY-2025-03,CRH5,2025-02-11,2025-03-20,37,27,LONG_QUARTERLY_SHORT_PERP,0.01238,0.012152807305935992,1.0186946676882664,273.0,-1596.8,1425.0000000000007,279.8,0.0,-0.0,48.765797260274006,2.36,3.999999999997783,52.87420273972895,2.3081108232813405,24.491304109594182,1.0691157722015967,2290.8
CNY,2025,3,CNY-2025-03,CRH5,2025-02-12,2025-03-20,36,26,LONG_QUARTERLY_SHORT_PERP,0.01165,0.011992607797681687,0.9714317516705653,258.0,-1336.8000000000002,1179.9999999999998,268.15,0.0,-0.0,47.44780273972606,2.36,3.999999999997783,57.54219726027573,2.5118821922592858,29.81829589041493,1.3016542644672136,2290.8
CNY,2025,3,CNY-2025-03,CRH5,2025-02-13,2025-03-20,35,25,LONG_QUARTERLY_SHORT_PERP,0.012,0.012299592328767038,0.9756420927816988,255.0,-953.7999999999993,800.0000000000007,256.15,0.0,-0.0,46.12980821917811,2.36,3.999999999997783,49.860191780825495,2.176540587603697,22.79528767123867,0.9950797830992958,2290.8
CNY,2025,3,CNY-2025-03,CRH5,2025-02-14,2025-03-20,34,24,LONG_QUARTERLY_SHORT_PERP,0.0084,0.010590492237442831,0.7931642658026493,203.0,-1086.8000000000002,984.9999999999994,247.75,0.0,-0.0,44.81181369863016,2.36,3.999999999997783,94.7781863013713,4.1373400690314,68.37227945205845,2.9846463878146694,2290.8
CNY,2025,3,CNY-2025-03,CRH5,2025-02-17,2025-03-20,31,23,LONG_QUARTERLY_SHORT_PERP,0.0088,0.010313818701608005,0.853224228057064,190.0,-878.8000000000001,790.0000000000009,238.95,0.0,-0.0,40.857830136986315,2.36,3.999999999997783,102.93216986301674,4.493284872665302,78.50325479452579,3.426892561311585,2290.8
CNY,2025,3,CNY-2025-03,CRH5,2025-02-18,2025-03-20,30,22,LONG_QUARTERLY_SHORT_PERP,0.00798,0.010449992528019826,0.763636909653574,184.0,-1017.7999999999994,935.0000000000005,230.97,0.0,-0.0,39.53983561643837,2.36,3.999999999997783,102.27016438356492,4.4643864319698325,78.50024657534794,3.4267612439037864,2290.8
CNY,2025,3,CNY-2025-03,CRH5,2025-02-19,2025-03-20,29,21,LONG_QUARTERLY_SHORT_PERP,0.00897,0.010932468623613726,0.8204917213871654,185.0,-908.7999999999994,825.000000000001,222.0,0.0,-0.0,38.22184109589042,2.36,3.999999999997783,93.61815890411343,4.086701541125957,70.50723835617043,3.077843476347583,2290.8
CNY,2025,3,CNY-2025-03,CRH5,2025-02-20,2025-03-20,28,20,LONG_QUARTERLY_SHORT_PERP,0.01421,0.010713192328767013,1.3264020250848456,171.0,-573.8000000000003,503.99999999999955,207.79,0.0,-0.0,36.90384657534247,2.36,3.999999999997783,94.72615342465899,4.135068684505805,72.27423013698996,3.154977743015102,2290.8
CNY,2025,3,CNY-2025-03,CRH5,2025-02-21,2025-03-20,27,19,LONG_QUARTERLY_SHORT_PERP,0.00847,0.010365571160778542,0.817128151321652,155.0,-550.8000000000006,496.9999999999999,199.32,0.0,-0.0,35.58585205479452,2.36,3.999999999997783,103.57414794520695,4.521309059944427,81.78122191781188,3.569985241741395,2290.8
CNY,2025,3,CNY-2025-03,CRH5,2025-02-24,2025-03-20,24,18,LONG_QUARTERLY_SHORT_PERP,0.0078,0.01011065936073047,0.7714630393241206,144.0,-507.7999999999996,464.9999999999999,191.52,0.0,-0.0,31.63186849315068,2.36,3.999999999997783,110.72813150685182,4.8336009912193045,90.91219726027867,3.968578542879285,2290.8
CNY,2025,3,CNY-2025-03,CRH5,2025-02-25,2025-03-20,23,17,LONG_QUARTERLY_SHORT_PERP,0.00901,0.010510227880741206,0.8572601947584598,142.0,-227.80000000000024,186.99999999999937,182.51,0.0,-0.0,30.313873972602735,2.36,3.999999999997783,105.03612602739861,4.585128602557997,85.87918904109944,3.74887327750565,2290.8
CNY,2025,3,CNY-2025-03,CRH5,2025-02-26,2025-03-20,22,16,LONG_QUARTERLY_SHORT_PERP,0.01102,0.011522242465753287,0.9564110486959405,149.0,-467.8000000000004,419.99999999999994,171.49,0.0,-0.0,28.99587945205479,2.36,3.999999999997783,88.33412054794697,3.8560380892241555,69.83618082192177,3.04854988745948,2290.8
CNY,2025,3,CNY-2025-03,CRH5,2025-02-27,2025-03-20,21,15,LONG_QUARTERLY_SHORT_PERP,0.01732,0.012802525662100309,1.3528580576309954,158.0,-597.7999999999995,541.0000000000003,154.17,0.0,-0.0,27.677884931506846,2.36,3.999999999997783,63.33211506849621,2.7646287353106427,45.49317260274498,1.9859076568336378,2290.8
CNY,2025,3,CNY-2025-03,CRH5,2025-02-28,2025-03-20,20,14,LONG_QUARTERLY_SHORT_PERP,0.01053,0.012479992172211194,0.8437505292228323,142.0,-643.8000000000006,602.9999999999998,143.64000000000001,0.0,-0.0,26.3598904109589,2.36,3.999999999997783,70.12010958904247,3.0609441936896484,52.94016438356522,2.310990238500315,2290.8
CNY,2025,3,CNY-2025-03,CRH5,2025-03-03,2025-03-20,17,13,LONG_QUARTERLY_SHORT_PERP,0.00972,0.012135838988408683,0.8009335002947776,129.0,-630.8000000000006,602.9999999999998,133.92000000000002,0.0,-0.0,22.405906849315066,2.36,3.999999999997783,77.3540931506863,3.376728354753199,62.151139726030976,2.71307576942688,2290.8
CNY,2025,3,CNY-2025-03,CRH5,2025-03-04,2025-03-20,16,12,LONG_QUARTERLY_SHORT_PERP,0.00918,0.011453992694063744,0.8014672477273114,110.0,-667.7999999999997,659.0000000000007,124.74,0.0,-0.0,21.08791232876712,2.36,3.999999999997783,88.49208767123605,3.8629338078940125,73.9481315068547,3.2280483458553646,2290.8
CNY,2025,3,CNY-2025-03,CRH5,2025-03-05,2025-03-20,15,11,LONG_QUARTERLY_SHORT_PERP,0.01267,0.011829992528019724,1.0710065936213138,104.0,-709.7999999999995,707.0000000000007,112.07000000000001,0.0,-0.0,19.769917808219176,2.36,3.999999999997783,83.14008219178423,3.6293033958348273,69.25512328767685,3.0231850570838508,2290.8
CNY,2025,3,CNY-2025-03,CRH5,2025-03-06,2025-03-20,14,10,LONG_QUARTERLY_SHORT_PERP,0.0159,0.012081192328766902,1.3160952633905196,96.0,-764.7999999999993,769.9999999999995,96.17,0.0,-0.0,18.45192328767123,2.36,3.999999999997783,76.55807671233126,3.3419799507740198,63.332115068497856,2.7646287353107146,2290.8
CNY,2025,3,CNY-2025-03,CRH5,2025-03-07,2025-03-20,13,9,LONG_QUARTERLY_SHORT_PERP,0.00826,0.011499325418569007,0.7183030046842422,80.0,-626.7999999999994,647.9999999999997,87.91,0.0,-0.0,17.133928767123287,2.36,3.999999999997783,85.61607123287921,3.7373874294080323,73.04910684931977,3.188803337232397,2290.8
CNY,2025,3,CNY-2025-03,CRH5,2025-03-10,2025-03-20,10,8,LONG_QUARTERLY_SHORT_PERP,0.00822,0.010942493150684655,0.7511999218830387,68.0,-337.79999999999967,371.00000000000045,79.69,0.0,-0.0,13.17994520547945,2.36,3.999999999997783,93.35005479452354,4.074998026651106,82.76008219178604,3.612715304338486,2290.8
CNY,2025,3,CNY-2025-03,CRH5,2025-03-11,2025-03-20,9,7,LONG_QUARTERLY_SHORT_PERP,0.0075,0.011031707240704184,0.6798585057013582,59.0,-283.7999999999994,326.0000000000005,72.19,0.0,-0.0,11.861950684931506,2.36,3.999999999997783,96.16804931507184,4.198011581764965,86.2370739726083,3.764495982740016,2290.8
CNY,2025,3,CNY-2025-03,CRH5,2025-03-12,2025-03-20,8,6,LONG_QUARTERLY_SHORT_PERP,0.01022,0.011483992694063557,0.8899343871302744,52.0,-392.7999999999994,442.00000000000017,61.97,0.0,-0.0,10.54395616438356,2.36,3.999999999997783,94.26604383561944,4.114983579344309,84.99406575342988,3.7102351036070313,2290.8
CNY,2025,3,CNY-2025-03,CRH5,2025-03-13,2025-03-20,7,5,LONG_QUARTERLY_SHORT_PERP,0.01446,0.01271719232876668,1.1370434311425044,48.0,-262.80000000000035,316.00000000000074,47.51,0.0,-0.0,9.225961643835616,2.36,3.999999999997783,85.12403835616698,3.715908781044481,76.51105753425139,3.3399274285948746,2290.8
CNY,2025,3,CNY-2025-03,CRH5,2025-03-14,2025-03-20,6,4,LONG_QUARTERLY_SHORT_PERP,0.00682,0.008066991780821363,0.8454204721286579,18.0,-181.79999999999907,265.00000000000057,40.69,0.0,-0.0,7.907967123287671,2.36,3.999999999997783,109.62203287671603,4.78531660890152,101.66804931507441,4.438102379739585,2290.8
CNY,2025,6,CNY-2025-06,CRM5,2025-03-21,2025-06-19,90,64,LONG_QUARTERLY_SHORT_PERP,0.00782,0.010427373287671198,0.7499491755268775,543.0,-1172.9000000000003,637.9999999999999,543.36,0.0,-0.0,117.99189041095883,2.36,3.999999999997783,-115.89189041095703,-5.059013899552864,-178.88783561643433,-7.808967854742201,2290.8
CNY,2025,6,CNY-2025-06,CRM5,2025-03-24,2025-06-19,87,63,LONG_QUARTERLY_SHORT_PERP,0.00724,0.010704728680147824,0.6763366187343687,554.0,-1287.9000000000005,741.9999999999991,536.12,0.0,-0.0,114.03790684931501,2.36,3.999999999997783,-130.17790684931424,-5.682639551655065,-191.1968602739696,-8.346292136981386,2290.8
CNY,2025,6,CNY-2025-06,CRM5,2025-03-25,2025-06-19,86,62,LONG_QUARTERLY_SHORT_PERP,0.01115,0.010243224392399435,1.0885244306737438,516.0,-1158.900000000001,650.9999999999998,524.97,0.0,-0.0,112.71991232876707,2.36,3.999999999997783,-102.00991232876605,-4.453025682240529,-162.36986849314744,-7.087911144279178,2290.8
CNY,2025,6,CNY-2025-06,CRM5,2025-03-26,2025-06-19,85,61,LONG_QUARTERLY_SHORT_PERP,0.00841,0.009930523242757653,0.8468838745363623,488.0,-1113.900000000001,634.0000000000003,516.56,0.0,-0.0,111.40191780821912,2.36,3.999999999997783,-81.10191780821762,-3.540331666152332,-140.80287671232503,-6.1464500049033095,2290.8
CNY,2025,6,CNY-2025-06,CRM5,2025-03-27,2025-06-19,84,60,LONG_QUARTERLY_SHORT_PERP,0.01568,0.010507398721461149,1.4922818116698966,514.0,-1073.9,567.9999999999997,500.88,0.0,-0.0,110.08392328767118,2.36,3.999999999997783,-121.4639232876694,-5.302249139500148,-180.50588493150283,-7.879600354963455,2290.8
CNY,2025,6,CNY-2025-06,CRM5,2025-03-28,2025-06-19,83,59,LONG_QUARTERLY_SHORT_PERP,0.00946,0.011256371674019,0.8404129033722978,549.0,-1389.9000000000008,849.0000000000002,491.42,0.0,-0.0,108.76592876712324,2.36,3.999999999997783,-164.60592876712155,-7.185521598006004,-222.988893150681,-9.73410569018164,2290.8
CNY,2025,6,CNY-2025-06,CRM5,2025-03-31,2025-06-19,80,58,LONG_QUARTERLY_SHORT_PERP,0.01085,0.011037447331128917,0.983017148303824,529.0,-1345.9000000000003,824.9999999999993,480.57,0.0,-0.0,104.81194520547942,2.36,3.999999999997783,-151.50194520547822,-6.613495076195138,-207.90791780821573,-9.075777798507758,2290.8
CNY,2025,6,CNY-2025-06,CRM5,2025-04-01,2025-06-19,79,57,LONG_QUARTERLY_SHORT_PERP,0.01181,0.010786911415525074,1.094845368156305,505.0,-1118.9,621.9999999999999,468.76,0.0,-0.0,103.49395068493148,2.36,3.999999999997783,-137.99395068492947,-6.023832315563535,-193.74092602739302,-8.457347914588484,2290.8
CNY,2025,6,CNY-2025-06,CRM5,2025-04-02,2025-06-19,78,56,LONG_QUARTERLY_SHORT_PERP,0.00966,0.01074171350293538,0.899297863172409,493.0,-1158.900000000001,673.9999999999995,459.1,0.0,-0.0,102.17595616438354,2.36,3.999999999997783,-134.33595616438276,-5.8641503476681835,-189.42393424657232,-8.268898823405461,2290.8
CNY,2025,6,CNY-2025-06,CRM5,2025-04-03,2025-06-19,77,55,LONG_QUARTERLY_SHORT_PERP,0.00594,0.01040396293897879,0.5709362898387108,465.0,-1189.9000000000015,732.9999999999987,453.16,0.0,-0.0,100.8579616438356,2.36,3.999999999997783,-110.95796164383606,-4.843633736853328,-165.38694246575164,-7.219615089302935,2290.8
CNY,2025,6,CNY-2025-06,CRM5,2025-04-04,2025-06-19,76,54,LONG_QUARTERLY_SHORT_PERP,0.00885,0.01114629568746825,0.7939857552810151,496.0,-1375.9000000000015,887.9999999999999,444.31,0.0,-0.0,99.53996712328765,2.36,3.999999999997783,-149.48996712328702,-6.525666453784136,-203.2599506849286,-8.872880682946072,2290.8
CNY,2025,6,CNY-2025-06,CRM5,2025-04-07,2025-06-19,73,53,LONG_QUARTERLY_SHORT_PERP,0.00901,0.010904641199276258,0.8262536873380112,476.0,-1229.9000000000005,762.0000000000005,435.3,0.0,-0.0,95.58598356164383,2.36,3.999999999997783,-134.54598356164172,-5.873318646832622,-186.3389753424614,-8.134231506131542,2290.8
CNY,2025,6,CNY-2025-06,CRM5,2025-04-08,2025-06-19,72,52,LONG_QUARTERLY_SHORT_PERP,0.0091,0.010992845943097957,0.8278111097985129,471.0,-1236.9000000000003,773.9999999999991,426.2,0.0,-0.0,94.26798904109589,2.36,3.999999999997783,-137.32798904109492,-5.994761176929235,-188.46198356164066,-8.226906912940485,2290.8
CNY,2025,6,CNY-2025-06,CRM5,2025-04-09,2025-06-19,71,51,LONG_QUARTERLY_SHORT_PERP,0.00981,0.01104529401020678,0.8881610567301091,464.0,-1155.9000000000008,699.9999999999993,416.39,0.0,-0.0,92.94999452054795,2.36,3.999999999997783,-138.8199945205472,-6.059891501682695,-189.29499178081898,-8.263270114406275,2290.8
CNY,2025,6,CNY-2025-06,CRM5,2025-04-10,2025-06-19,70,50,LONG_QUARTERLY_SHORT_PERP,0.01241,0.010979839999999958,1.1302532641641452,451.0,-1087.9000000000012,644.9999999999995,403.98,0.0,-0.0,91.632,2.36,3.999999999997783,-136.91199999999947,-5.976602060415551,-186.72799999999728,-8.15121354985146,2290.8
CNY,2025,6,CNY-2025-06,CRM5,2025-04-11,2025-06-19,69,49,LONG_QUARTERLY_SHORT_PERP,0.00861,0.01040151031590714,0.8277644052164843,413.0,-827.9000000000015,423.00000000000006,395.37,0.0,-0.0,90.31400547945206,2.36,3.999999999997783,-106.20400547945124,-4.6361098952091515,-155.36100821917512,-6.781954261357391,2290.8
CNY,2025,6,CNY-2025-06,CRM5,2025-04-14,2025-06-19,66,48,LONG_QUARTERLY_SHORT_PERP,0.00578,0.01020250045662096,0.5665277864554314,397.0,-744.9000000000012,355.9999999999999,389.59,0.0,-0.0,86.36002191780824,2.36,3.999999999997783,-92.03002191780739,-4.017374799974131,-139.21003287670936,-6.076917796259357,2290.8
CNY,2025,6,CNY-2025-06,CRM5,2025-04-15,2025-06-19,65,47,LONG_QUARTERLY_SHORT_PERP,0.00691,0.010710681433984215,0.6451503615890463,412.0,-794.9000000000002,391.0,382.68,0.0,-0.0,85.0420273972603,2.36,3.999999999997783,-112.62202739725828,-4.916274986784454,-159.1430410958863,-6.94705085978201,2290.8
CNY,2025,6,CNY-2025-06,CRM5,2025-04-16,2025-06-19,64,46,LONG_QUARTERLY_SHORT_PERP,0.00992,0.010871392019058916,0.9124866422449851,410.0,-845.9000000000003,443.9999999999991,372.76,0.0,-0.0,83.72403287671236,2.36,3.999999999997783,-119.22403287671138,-5.204471489292447,-165.0860493150654,-7.20648023900233,2290.8
CNY,2025,6,CNY-2025-06,CRM5,2025-04-17,2025-06-19,63,45,LONG_QUARTERLY_SHORT_PERP,0.01213,0.010417023074581382,1.1644401584938848,380.0,-624.9000000000002,253.0000000000001,360.63,0.0,-0.0,82.40603835616442,2.36,3.999999999997783,-100.0360383561623,-4.366860413661703,-145.23905753424236,-6.340102040083916,2290.8
CNY,2025,6,CNY-2025-06,CRM5,2025-04-18,2025-06-19,62,44,LONG_QUARTERLY_SHORT_PERP,0.00738,0.010373819178082142,0.7114062693123187,369.0,-552.900000000001,192.00000000000017,353.25,0.0,-0.0,81.08804383561647,2.36,3.999999999997783,-95.09804383561509,-4.151302769146808,-139.64206575342115,-6.095777272281349,2290.8
CNY,2025,6,CNY-2025-06,CRM5,2025-04-21,2025-06-19,59,43,LONG_QUARTERLY_SHORT_PERP,0.00673,0.01010451302962722,0.6660390243712998,351.0,-652.9000000000007,309.99999999999875,346.52,0.0,-0.0,77.13406027397265,2.36,3.999999999997783,-79.87406027397236,-3.4867321579348856,-122.44109041095649,-5.344905291206412,2290.8
CNY,2025,6,CNY-2025-06,CRM5,2025-04-22,2025-06-19,58,42,LONG_QUARTERLY_SHORT_PERP,0.00578,0.010004192041748156,0.5777578015175716,338.0,-639.9000000000008,309.99999999999875,340.74,0.0,-0.0,75.81606575342471,2.36,3.999999999997783,-71.3360657534245,-3.114024172927558,-113.24409863013466,-4.943430182911413,2290.8
CNY,2025,6,CNY-2025-06,CRM5,2025-04-23,2025-06-19,57,41,LONG_QUARTERLY_SHORT_PERP,0.00777,0.010435562712996942,0.7445693359997613,347.0,-888.9000000000013,549.999999999999,332.97,0.0,-0.0,74.49807123287677,2.36,3.999999999997783,-86.78807123287689,-3.7885485958126806,-128.03710684931306,-5.589187482508864,2290.8
CNY,2025,6,CNY-2025-06,CRM5,2025-04-24,2025-06-19,56,40,LONG_QUARTERLY_SHORT_PERP,0.01322,0.010388501917808164,1.2725607700315316,336.0,-854.9000000000007,526.9999999999992,319.75,0.0,-0.0,73.18007671232881,2.36,3.999999999997783,-87.69007671232805,-3.8279237258742818,-128.28011506849026,-5.599795489282794,2290.8
CNY,2025,6,CNY-2025-06,CRM5,2025-04-25,2025-06-19,55,39,LONG_QUARTERLY_SHORT_PERP,0.01065,0.01031338672286612,1.0326384810517737,324.0,-819.9000000000005,503.99999999999955,309.1,0.0,-0.0,71.86208219178087,2.36,3.999999999997783,-85.02208219177963,-3.711458101614267,-124.95312328766786,-5.454562741735108,2290.8
CNY,2025,6,CNY-2025-06,CRM5,2025-04-28,2025-06-19,52,38,LONG_QUARTERLY_SHORT_PERP,0.01361,0.0101912657534246,1.3354572757978167,313.0,-664.9000000000011,359.99999999999943,295.49,0.0,-0.0,67.90809863013702,2.36,3.999999999997783,-83.67809863013647,-3.6527893587452622,-121.6321479452028,-5.30959262900309,2290.8
CNY,2025,6,CNY-2025-06,CRM5,2025-04-29,2025-06-19,51,37,LONG_QUARTERLY_SHORT_PERP,0.01912,0.010566219029988836,1.809540380124053,318.0,-636.9000000000007,326.99999999999994,276.37,0.0,-0.0,66.59010410958908,2.36,3.999999999997783,-106.48010410958757,-4.648162393468987,-143.77515616437995,-6.276198540439146,2290.8
CNY,2025,6,CNY-2025-06,CRM5,2025-04-30,2025-06-19,50,36,LONG_QUARTERLY_SHORT_PERP,0.00153,0.009517558599695525,0.16075551140278202,271.0,-573.9000000000001,310.99999999999994,274.84,0.0,-0.0,65.27210958904112,2.36,3.999999999997783,-59.69210958903908,-2.6057320407298357,-96.32816438355746,-4.205001064412321,2290.8
CNY,2025,6,CNY-2025-06,CRM5,2025-05-02,2025-06-19,48,34,LONG_QUARTERLY_SHORT_PERP,0.00259,0.010529297663174795,0.24598031918674648,289.0,-835.9000000000005,554.9999999999998,272.25,0.0,-0.0,62.636120547945225,2.36,3.999999999997783,-77.64612054794378,-3.3894761894510115,-112.96418082191423,-4.9312109665581545,2290.8
CNY,2025,6,CNY-2025-06,CRM5,2025-05-05,2025-06-19,45,33,LONG_QUARTERLY_SHORT_PERP,0.01301,0.010516428393524218,1.2371120225580834,282.0,-624.9000000000002,350.9999999999991,259.24,0.0,-0.0,58.68213698630138,2.36,3.999999999997783,-79.70213698630026,-3.4792272126025954,-113.0432054794488,-4.934660619846726,2290.8
CNY,2025,6,CNY-2025-06,CRM5,2025-05-06,2025-06-19,44,32,LONG_QUARTERLY_SHORT_PERP,0.01457,0.010553879452054726,1.3805350029048682,274.0,-651.9000000000012,385.9999999999992,244.67,0.0,-0.0,57.36414246575343,2.36,3.999999999997783,-84.95414246575325,-3.7084923374259318,-117.63621369862781,-5.1351586213823905,2290.8
CNY,2025,6,CNY-2025-06,CRM5,2025-05-07,2025-06-19,43,31,LONG_QUARTERLY_SHORT_PERP,0.00592,0.010142133804683977,0.5837035986713117,252.0,-608.9000000000002,365.0000000000002,238.75,0.0,-0.0,56.04614794520548,2.36,3.999999999997783,-67.55614794520324,-2.9490199033177595,-99.57922191780384,-4.346919063986547,2290.8
CNY,2025,6,CNY-2025-06,CRM5,2025-05-08,2025-06-19,42,30,LONG_QUARTERLY_SHORT_PERP,0.00827,0.010336271780821844,0.800095060904295,249.0,-641.9000000000015,400.9999999999998,230.48,0.0,-0.0,54.728153424657535,2.36,3.999999999997783,-71.50815342465701,-3.1215362940744287,-102.87223013698363,-4.490668331455545,2290.8
CNY,2025,6,CNY-2025-06,CRM5,2025-05-12,2025-06-19,38,28,LONG_QUARTERLY_SHORT_PERP,0.00853,0.010136291976516554,0.841530612946237,228.0,-496.9000000000001,276.99999999999926,221.95,0.0,-0.0,49.45617534246574,2.36,3.999999999997783,-53.766175342464365,-2.3470479894562755,-82.49426301369508,-3.6011115336867063,2290.8
CNY,2025,6,CNY-2025-06,CRM5,2025-05-13,2025-06-19,37,27,LONG_QUARTERLY_SHORT_PERP,0.00806,0.010240673363774652,0.7870576195225049,222.0,-483.9000000000002,269.99999999999955,213.89,0.0,-0.0,48.13818082191779,2.36,3.999999999997783,-54.50818082191625,-2.3794386599404684,-82.57727123287297,-3.604735080883227,2290.8
CNY,2025,6,CNY-2025-06,CRM5,2025-05-14,2025-06-19,36,26,LONG_QUARTERLY_SHORT_PERP,0.00817,0.010199237934667987,0.8010402397055124,212.0,-493.9,289.99999999999915,205.72,0.0,-0.0,46.820186301369844,2.36,3.999999999997783,-51.36018630136846,-2.24201965694816,-78.77027945205121,-3.438548954603248,2290.8
CNY,2025,6,CNY-2025-06,CRM5,2025-05-15,2025-06-19,35,25,LONG_QUARTERLY_SHORT_PERP,0.01172,0.010394487671232787,1.1275206985367472,208.0,-464.9000000000001,264.9999999999988,194.0,0.0,-0.0,45.502191780821896,2.36,3.999999999997783,-57.76219178082096,-2.5214855849843265,-84.51328767122973,-3.6892477593517428,2290.8
CNY,2025,6,CNY-2025-06,CRM5,2025-05-16,2025-06-19,34,24,LONG_QUARTERLY_SHORT_PERP,0.00693,0.010522674885844656,0.6585777927361792,202.0,-534.9000000000003,340.9999999999993,187.07,0.0,-0.0,44.184197260273955,2.36,3.999999999997783,-57.374197260272744,-2.5045485097028437,-83.46629589040754,-3.643543560782588,2290.8
CNY,2025,6,CNY-2025-06,CRM5,2025-05-19,2025-06-19,31,23,LONG_QUARTERLY_SHORT_PERP,0.00623,0.010069139726027302,0.6187221718550922,185.0,-415.9000000000006,238.99999999999898,180.84,0.0,-0.0,40.23021369863013,2.36,3.999999999997783,-42.650213698629535,-1.8618043346704003,-66.76532054794238,-2.91449801588713,2290.8
CNY,2025,6,CNY-2025-06,CRM5,2025-05-20,2025-06-19,30,22,LONG_QUARTERLY_SHORT_PERP,0.00697,0.010512373599003635,0.6630281861996056,186.0,-516.9000000000015,339.0000000000004,173.87,0.0,-0.0,38.91221917808219,2.36,3.999999999997783,-49.302219178081025,-2.152183480796273,-72.75832876711989,-3.1761100387253314,2290.8
CNY,2025,6,CNY-2025-06,CRM5,2025-05-21,2025-06-19,29,21,LONG_QUARTERLY_SHORT_PERP,0.00799,0.009474010697977717,0.8433598245466952,155.0,-342.9000000000002,195.99999999999972,165.88,0.0,-0.0,37.59422465753425,2.36,3.999999999997783,-24.974224657532524,-1.0901966412402881,-47.77133698629741,-2.0853560758816747,2290.8
CNY,2025,6,CNY-2025-06,CRM5,2025-05-22,2025-06-19,28,20,LONG_QUARTERLY_SHORT_PERP,0.01317,0.010681811506849204,1.2329369406636095,171.0,-389.9000000000008,227.0000000000003,152.71,0.0,-0.0,36.27623013698631,2.36,3.999999999997783,-52.82623013698454,-2.3060166813770095,-74.96434520547545,-3.272408992730725,2290.8
CNY,2025,6,CNY-2025-06,CRM5,2025-05-23,2025-06-19,27,19,LONG_QUARTERLY_SHORT_PERP,0.00806,0.009753591348233483,0.8263622815671668,144.0,-325.9000000000008,189.9999999999995,144.65,0.0,-0.0,34.958235616438365,2.36,3.999999999997783,-32.56823561643743,-1.4216970323222202,-54.04735342465436,-2.3593222203882642,2290.8
CNY,2025,6,CNY-2025-06,CRM5,2025-05-26,2025-06-19,24,18,LONG_QUARTERLY_SHORT_PERP,0.00733,0.010298014003044018,0.7117877289575743,148.0,-390.90000000000026,250.99999999999943,137.32,0.0,-0.0,31.004252054794538,2.36,3.999999999997783,-39.944252054793154,-1.7436813364236576,-59.446378082188176,-2.595005154626688,2290.8
CNY,2025,6,CNY-2025-06,CRM5,2025-05-27,2025-06-19,23,17,LONG_QUARTERLY_SHORT_PERP,0.00794,0.010355662207896727,0.7667303008343918,140.0,-396.9000000000005,264.9999999999988,129.38,0.0,-0.0,29.686257534246593,2.36,3.999999999997783,-38.56625753424606,-1.6835279175068125,-57.40938630136711,-2.506084612422171,2290.8
CNY,2025,6,CNY-2025-06,CRM5,2025-05-28,2025-06-19,22,16,LONG_QUARTERLY_SHORT_PERP,0.0122,0.010545516438356028,1.1568897617594436,134.0,-297.90000000000026,171.9999999999988,117.18,0.0,-0.0,28.368263013698645,2.36,3.999999999997783,-43.448263013697876,-1.896641479557267,-61.632394520544956,-2.690431051184955,2290.8
CNY,2025,6,CNY-2025-06,CRM5,2025-05-29,2025-06-19,21,15,LONG_QUARTERLY_SHORT_PERP,0.01462,0.010294017899543232,1.4202423332340155,121.0,-142.90000000000092,29.99999999999936,102.56,0.0,-0.0,27.0502684931507,2.36,3.999999999997783,-43.75026849315003,-1.9098248862035108,-61.27540273972314,-2.6748473345435277,2290.8
CNY,2025,6,CNY-2025-06,CRM5,2025-05-30,2025-06-19,20,14,LONG_QUARTERLY_SHORT_PERP,0.00625,0.009863733855185753,0.6336342901946943,106.0,-169.90000000000015,71.99999999999918,96.31,0.0,-0.0,25.73227397260275,2.36,3.999999999997783,-33.68227397260151,-1.4703280064868824,-50.54841095890065,-2.2065833315392283,2290.8
CNY,2025,6,CNY-2025-06,CRM5,2025-06-02,2025-06-19,17,13,LONG_QUARTERLY_SHORT_PERP,0.00841,0.009856791570073593,0.8532188126543909,100.0,-156.90000000000026,64.9999999999995,87.9,0.0,-0.0,21.778290410958913,2.36,3.999999999997783,-32.13829041095745,-1.4029286891460384,-47.02743561643468,-2.0528826443353707,2290.8
CNY,2025,6,CNY-2025-06,CRM5,2025-06-03,2025-06-19,16,12,LONG_QUARTERLY_SHORT_PERP,0.00772,0.010235024657534062,0.7542727309716115,96.0,-161.90000000000106,73.99999999999984,80.18,0.0,-0.0,20.460295890410965,2.36,3.999999999997783,-34.54029589040995,-1.5077831277462,-48.77044383561322,-2.1289699596478617,2290.8
CNY,2025,6,CNY-2025-06,CRM5,2025-06-04,2025-06-19,15,11,LONG_QUARTERLY_SHORT_PERP,0.00848,0.010772936488169163,0.7871577085145479,93.0,-265.90000000000026,180.99999999999915,71.7,0.0,-0.0,19.14230136986302,2.36,3.999999999997783,-38.702301369861914,-1.68946662169818,-52.27345205479121,-2.2818863303121706,2290.8
CNY,2025,6,CNY-2025-06,CRM5,2025-06-05,2025-06-19,14,10,LONG_QUARTERLY_SHORT_PERP,0.01219,0.010418430684931285,1.1700418583799792,80.0,-224.89999999999986,153.00000000000045,59.51,0.0,-0.0,17.82430684931507,2.36,3.999999999997783,-36.574306849312265,-1.5965735485119723,-49.48646027396759,-2.1602261338382918,2290.8
CNY,2025,6,CNY-2025-06,CRM5,2025-06-06,2025-06-19,13,9,LONG_QUARTERLY_SHORT_PERP,0.00621,0.009429590258751655,0.6585652005649413,62.0,-219.9000000000009,166.00000000000037,53.300000000000004,0.0,-0.0,16.506312328767127,2.36,3.999999999997783,-23.466312328765422,-1.0243719368240536,-35.71946849314678,-1.5592573988627019,2290.8
CNY,2025,6,CNY-2025-06,CRM5,2025-06-09,2025-06-19,10,8,LONG_QUARTERLY_SHORT_PERP,0.00723,0.009489041095890133,0.7619315721091605,57.0,-165.9000000000006,116.9999999999991,46.07,0.0,-0.0,12.55232876712329,2.36,3.999999999997783,-21.742328767122572,-0.949115102458642,-32.018493150682005,-1.3976991946342765,2290.8
CNY,2025,6,CNY-2025-06,CRM5,2025-06-10,2025-06-19,9,7,LONG_QUARTERLY_SHORT_PERP,0.01268,0.009808156555772678,1.2928015502094605,51.0,-9.90000000000002,-33.00000000000125,33.39,0.0,-0.0,11.297095890410962,2.36,3.999999999997783,-27.167095890410014,-1.1859217692688149,-36.81564383561328,-1.6071086011704765,2290.8
CNY,2025,6,CNY-2025-06,CRM5,2025-06-11,2025-06-19,8,6,LONG_QUARTERLY_SHORT_PERP,0.00176,0.008733643835616069,0.20151955279223385,36.0,-168.90000000000072,141.0,31.630000000000003,0.0,-0.0,10.041863013698633,2.36,3.999999999997783,-12.671863013697129,-0.5531632186876693,-21.692794520544233,-0.9469527903153585,2290.8
CNY,2025,6,CNY-2025-06,CRM5,2025-06-13,2025-06-19,6,4,LONG_QUARTERLY_SHORT_PERP,0.00496,0.009472849315067939,0.5236016994496473,24.0,-73.90000000000008,57.99999999999983,26.67,0.0,-0.0,7.531397260273974,2.36,3.999999999997783,-3.1213972602720026,-0.13625795618438982,-10.887095890406775,-0.4752530072641336,2290.8
CNY,2025,9,CNY-2025-09,CRU5,2025-06-20,2025-09-18,90,64,LONG_QUARTERLY_SHORT_PERP,0.00588,0.00936899160958901,0.6276022271150201,487.0,272.19999999999976,-807.9999999999998,532.6,0.0,-0.0,106.25546301369879,2.36,3.999999999997783,-115.8154630136965,-5.0556776241355195,-172.94319452054327,-7.549467195763195,2290.8
CNY,2025,9,CNY-2025-09,CRU5,2025-06-23,2025-09-18,87,63,LONG_QUARTERLY_SHORT_PERP,0.00474,0.009140472450532693,0.5185727571142956,467.0,296.1999999999989,-811.9999999999994,527.86,0.0,-0.0,102.4897643835618,2.36,3.999999999997783,-96.7897643835601,-4.225151230293351,-152.03464657533834,-6.636749021099106,2290.8
CNY,2025,9,CNY-2025-09,CRU5,2025-06-24,2025-09-18,86,62,LONG_QUARTERLY_SHORT_PERP,0.00577,0.009299911798497536,0.620435991762006,469.0,248.19999999999885,-766.0,522.09,0.0,-0.0,101.23453150684948,2.36,3.999999999997783,-103.30453150684832,-4.509539527974869,-157.9217972602704,-6.893740058506652,2290.8
CNY,2025,9,CNY-2025-09,CRU5,2025-06-25,2025-09-18,85,61,LONG_QUARTERLY_SHORT_PERP,0.0056,0.009087529485739916,0.6162290872109387,448.0,298.1999999999996,-794.9999999999999,516.49,0.0,-0.0,99.97929863013715,2.36,3.999999999997783,-86.64929863013522,-3.7824907730982718,-140.63894794520115,-6.139294043356083,2290.8
CNY,2025,9,CNY-2025-09,CRU5,2025-06-26,2025-09-18,84,60,LONG_QUARTERLY_SHORT_PERP,0.00886,0.009451401095890379,0.9374271507588934,462.0,243.19999999999987,-753.9999999999995,507.63,0.0,-0.0,98.72406575342482,2.36,3.999999999997783,-108.25406575342228,-4.725600914677068,-161.61609863013203,-7.055006924660905,2290.8
CNY,2025,9,CNY-2025-09,CRU5,2025-06-27,2025-09-18,83,59,LONG_QUARTERLY_SHORT_PERP,0.00574,0.009285234455537462,0.6181857902981459,444.0,267.199999999999,-759.9999999999998,501.89,0.0,-0.0,97.4688328767125,2.36,3.999999999997783,-94.73883287671104,-4.135622179007815,-147.47324931506463,-6.43763092871768,2290.8
CNY,2025,9,CNY-2025-09,CRU5,2025-06-30,2025-09-18,80,58,LONG_QUARTERLY_SHORT_PERP,0.00708,0.009207985073216782,0.7688978580768511,434.0,287.19999999999857,-769.9999999999995,494.81,0.0,-0.0,93.70313424657552,2.36,3.999999999997783,-88.05313424657427,-3.843772230075706,-138.90470136985937,-6.063589198963653,2290.8
CNY,2025,9,CNY-2025-09,CRU5,2025-07-01,2025-09-18,79,57,LONG_QUARTERLY_SHORT_PERP,0.00677,0.009470314059120367,0.7148654160502909,441.0,256.19999999999976,-745.9999999999986,488.04,0.0,-0.0,92.44790136986319,2.36,3.999999999997783,-100.56790136985983,-4.390077761911114,-150.79185205478876,-6.582497470525089,2290.8
CNY,2025,9,CNY-2025-09,CRU5,2025-07-02,2025-09-18,78,56,LONG_QUARTERLY_SHORT_PERP,0.00694,0.009527726223091943,0.7284004428233694,436.0,246.2,-730.9999999999999,481.1,0.0,-0.0,91.19266849315086,2.36,3.999999999997783,-101.25266849314852,-4.419969813739677,-150.8490027397213,-6.5849922620796795,2290.8
CNY,2025,9,CNY-2025-09,CRU5,2025-07-03,2025-09-18,77,55,LONG_QUARTERLY_SHORT_PERP,0.01097,0.009805407920298843,1.1187703856042803,443.0,223.20000000000027,-714.9999999999999,470.13,0.0,-0.0,89.93743561643852,2.36,3.999999999997783,-117.96743561643592,-5.149617409482971,-166.93615342465256,-7.287242597549002,2290.8
CNY,2025,9,CNY-2025-09,CRU5,2025-07-04,2025-09-18,76,54,LONG_QUARTERLY_SHORT_PERP,0.00654,0.009574855606291184,0.6830390210483044,422.0,248.19999999999885,-718.9999999999994,463.59,0.0,-0.0,88.6822027397262,2.36,3.999999999997783,-102.25220273972458,-4.463602354623912,-150.59330410958503,-6.57383028241597,2290.8
CNY,2025,9,CNY-2025-09,CRU5,2025-07-07,2025-09-18,73,53,LONG_QUARTERLY_SHORT_PERP,0.00573,0.009439179322822396,0.6070442995129666,409.0,390.2000000000001,-847.999999999999,457.86,0.0,-0.0,84.91650410958918,2.36,3.999999999997783,-91.21650410958583,-3.98186241093006,-137.67475616437787,-6.009898557900203,2290.8
CNY,2025,9,CNY-2025-09,CRU5,2025-07-08,2025-09-18,72,52,LONG_QUARTERLY_SHORT_PERP,0.00595,0.009231178292939898,0.6445547698445628,390.0,398.19999999999925,-836.9999999999998,451.90999999999997,0.0,-0.0,83.66127123287686,2.36,3.999999999997783,-76.9112712328752,-3.357397906097223,-122.74190684931105,-5.358036792793393,2290.8
CNY,2025,9,CNY-2025-09,CRU5,2025-07-09,2025-09-18,71,51,LONG_QUARTERLY_SHORT_PERP,0.00768,0.009564039967767888,0.8030079365919258,399.0,401.19999999999936,-849.0000000000002,444.23,0.0,-0.0,82.40603835616452,2.36,3.999999999997783,-92.33603835616314,-4.030733296497431,-137.53905753424286,-6.003974922919628,2290.8
CNY,2025,9,CNY-2025-09,CRU5,2025-07-10,2025-09-18,70,50,LONG_QUARTERLY_SHORT_PERP,0.00942,0.009610216109588999,0.9802068853166368,393.0,423.1999999999996,-865.0000000000002,434.81,0.0,-0.0,81.15080547945219,2.36,3.999999999997783,-94.5008054794506,-4.12523159941726,-139.07620821917416,-6.071075965565486,2290.8
CNY,2025,9,CNY-2025-09,CRU5,2025-07-11,2025-09-18,69,49,LONG_QUARTERLY_SHORT_PERP,0.00591,0.009495011685770155,0.6224320933545677,379.0,306.1999999999987,-734.0,428.9,0.0,-0.0,79.89557260273985,2.36,3.999999999997783,-85.15557260273897,-3.7172853414850255,-129.10335890410636,-5.6357324473592785,2290.8
CNY,2025,9,CNY-2025-09,CRU5,2025-07-14,2025-09-18,66,48,LONG_QUARTERLY_SHORT_PERP,0.00769,0.009885205707762515,0.7779301946100429,392.0,369.1999999999993,-809.9999999999987,421.21,0.0,-0.0,76.12987397260285,2.36,3.999999999997783,-102.0798739726001,-4.456079708948843,-144.14481095889903,-6.29233503400118,2290.8
CNY,2025,9,CNY-2025-09,CRU5,2025-07-15,2025-09-18,65,47,LONG_QUARTERLY_SHORT_PERP,0.0077,0.00987733278927422,0.7795626779287439,383.0,419.20000000000005,-850.9999999999991,413.51,0.0,-0.0,74.87464109589051,2.36,3.999999999997783,-99.52464109588735,-4.344536454334177,-140.96196164383014,-6.153394519112543,2290.8
CNY,2025,9,CNY-2025-09,CRU5,2025-07-16,2025-09-18,64,46,LONG_QUARTERLY_SHORT_PERP,0.00692,0.009608248004764695,0.7202145486428324,362.0,437.1999999999989,-847.999999999999,406.59,0.0,-0.0,73.61940821917818,2.36,3.999999999997783,-84.18940821917606,-3.6751094909715407,-124.99911232876266,-5.456570295475932,2290.8
CNY,2025,9,CNY-2025-09,CRU5,2025-07-17,2025-09-18,63,45,LONG_QUARTERLY_SHORT_PERP,0.0114,0.009549426118721414,1.193789014991234,351.0,422.20000000000016,-821.9999999999992,395.19,0.0,-0.0,72.36417534246584,2.36,3.999999999997783,-83.33417534246267,-3.6377761193671496,-123.51626301369313,-5.39183966359757,2290.8
CNY,2025,9,CNY-2025-09,CRU5,2025-07-18,2025-09-18,62,44,LONG_QUARTERLY_SHORT_PERP,0.00732,0.009374294146948892,0.7808587916331262,335.0,367.1999999999986,-750.9999999999994,387.87,0.0,-0.0,71.10894246575351,2.36,3.999999999997783,-73.3989424657521,-3.204074666743151,-112.95341369862639,-4.930740950699597,2290.8
CNY,2025,9,CNY-2025-09,CRU5,2025-07-21,2025-09-18,59,43,LONG_QUARTERLY_SHORT_PERP,0.00693,0.009062866135711962,0.7646587620545928,316.0,463.19999999999874,-827.9999999999994,380.94,0.0,-0.0,67.34324383561652,2.36,3.999999999997783,-57.563243835615,-2.512800935726165,-95.23486575342082,-4.157275438860696,2290.8
CNY,2025,9,CNY-2025-09,CRU5,2025-07-22,2025-09-18,58,42,LONG_QUARTERLY_SHORT_PERP,0.00866,0.00941542883235481,0.9197669223775676,323.0,379.1999999999991,-750.9999999999994,372.28,0.0,-0.0,66.08801095890418,2.36,3.999999999997783,-71.96801095890234,-3.1416103963201643,-109.01201643835202,-4.758687639180724,2290.8
CNY,2025,9,CNY-2025-09,CRU5,2025-07-23,2025-09-18,57,41,LONG_QUARTERLY_SHORT_PERP,0.01341,0.009346165319077795,1.4348130535019459,312.0,381.19999999999976,-741.9999999999991,358.87,0.0,-0.0,64.83277808219184,2.36,3.999999999997783,-73.12277808218894,-3.1920192981573656,-109.53916712328247,-4.781699280743952,2290.8
CNY,2025,9,CNY-2025-09,CRU5,2025-07-24,2025-09-18,56,40,LONG_QUARTERLY_SHORT_PERP,0.01378,0.009598438630136933,1.435650164677191,314.0,274.1999999999987,-636.9999999999986,345.09,0.0,-0.0,63.5775452054795,2.36,3.999999999997783,-87.64754520547727,-3.8260671034344886,-123.43631780821464,-5.3883498257471025,2290.8
CNY,2025,9,CNY-2025-09,CRU5,2025-07-25,2025-09-18,55,39,LONG_QUARTERLY_SHORT_PERP,0.00962,0.009248264418686281,1.0401951722490352,292.0,286.19999999999914,-626.9999999999989,335.46999999999997,0.0,-0.0,62.32231232876717,2.36,3.999999999997783,-74.01231232876471,-3.230850023082098,-109.17346849314592,-4.76573548512074,2290.8
CNY,2025,9,CNY-2025-09,CRU5,2025-07-28,2025-09-18,52,38,LONG_QUARTERLY_SHORT_PERP,0.00862,0.009734647728911262,0.885496860292044,305.0,-7.800000000001361,-346.0000000000001,326.84999999999997,0.0,-0.0,58.55661369863017,2.36,3.999999999997783,-91.86661369862948,-4.010241561839945,-125.14492054794222,-5.462935243056671,2290.8
CNY,2025,9,CNY-2025-09,CRU5,2025-07-29,2025-09-18,51,37,LONG_QUARTERLY_SHORT_PERP,0.01055,0.010021267678637483,1.052761021690861,307.0,-86.80000000000021,-269.0000000000001,316.3,0.0,-0.0,57.426904109589074,2.36,3.999999999997783,-103.28690410958714,-4.508770041452205,-136.00035616437935,-5.936806188422357,2290.8
CNY,2025,9,CNY-2025-09,CRU5,2025-07-30,2025-09-18,50,36,LONG_QUARTERLY_SHORT_PERP,0.01175,0.009768255403348493,1.2028760013760673,289.0,150.19999999999987,-487.99999999999955,304.55,0.0,-0.0,56.297194520547976,2.36,3.999999999997783,-95.90719452054542,-4.18662452071527,-128.05579178081706,-5.590003133438844,2290.8
CNY,2025,9,CNY-2025-09,CRU5,2025-07-31,2025-09-18,49,35,LONG_QUARTERLY_SHORT_PERP,0.01406,0.009786499569471563,1.436673031066121,281.0,271.19999999999857,-600.9999999999991,290.49,0.0,-0.0,55.16748493150688,2.36,3.999999999997783,-100.83748493150517,-4.401845858717704,-132.4212273972563,-5.780566937194704,2290.8
CNY,2025,9,CNY-2025-09,CRU5,2025-08-01,2025-09-18,48,34,LONG_QUARTERLY_SHORT_PERP,0.01005,0.009717581627719518,1.0342079320776945,270.0,314.1999999999996,-632.9999999999991,280.44,0.0,-0.0,54.03777534246578,2.36,3.999999999997783,-98.75777534246306,-4.311060561483458,-129.77666301369362,-5.665124105713882,2290.8
CNY,2025,9,CNY-2025-09,CRU5,2025-08-04,2025-09-18,45,33,LONG_QUARTERLY_SHORT_PERP,0.00914,0.00969723171440425,0.9425370321329397,263.0,312.1999999999989,-623.9999999999987,271.3,0.0,-0.0,50.64864657534248,2.36,3.999999999997783,-97.5086465753401,-4.2565325028522825,-126.83296986300904,-5.5366234443429825,2290.8
CNY,2025,9,CNY-2025-09,CRU5,2025-08-05,2025-09-18,44,32,LONG_QUARTERLY_SHORT_PERP,0.00907,0.009496216780821848,0.9551172018647871,248.0,301.1999999999997,-597.999999999999,262.23,0.0,-0.0,49.518936986301384,2.36,3.999999999997783,-90.44893698629842,-3.9483559012702294,-119.20840547944682,-5.203789308514354,2290.8
CNY,2025,9,CNY-2025-09,CRU5,2025-08-06,2025-09-18,43,31,LONG_QUARTERLY_SHORT_PERP,0.00907,0.009959652496685746,0.9106743436096999,254.0,289.19999999999925,-591.9999999999987,253.16,0.0,-0.0,48.389227397260285,2.36,3.999999999997783,-104.38922739725757,-4.5568896192272375,-132.58384109588542,-5.787665492224786,2290.8
CNY,2025,9,CNY-2025-09,CRU5,2025-08-07,2025-09-18,42,30,LONG_QUARTERLY_SHORT_PERP,0.01084,0.009553983926940566,1.1346052163049065,233.0,385.1999999999993,-666.9999999999998,242.32,0.0,-0.0,47.25951780821919,2.36,3.999999999997783,-93.09951780821744,-4.064061367566677,-120.72927671232476,-5.270179706317651,2290.8
CNY,2025,9,CNY-2025-09,CRU5,2025-08-08,2025-09-18,41,29,LONG_QUARTERLY_SHORT_PERP,0.00946,0.009465165800661236,0.9994542303040401,222.0,363.1999999999991,-633.9999999999985,232.85999999999999,0.0,-0.0,46.12980821917809,2.36,3.999999999997783,-90.42980821917533,-3.94752087564062,-117.4947123287621,-5.128981680145019,2290.8
CNY,2025,9,CNY-2025-09,CRU5,2025-08-11,2025-09-18,38,28,LONG_QUARTERLY_SHORT_PERP,0.00765,0.009396452837573307,0.8141370081069507,214.0,417.19999999999936,-679.9999999999998,225.20999999999998,0.0,-0.0,42.74067945205479,2.36,3.999999999997783,-86.690679452053,-3.7842971648355594,-112.06101917807814,-4.891785366600232,2290.8
CNY,2025,9,CNY-2025-09,CRU5,2025-08-12,2025-09-18,37,27,LONG_QUARTERLY_SHORT_PERP,0.0066,0.009147072957889314,0.721542293407371,199.0,411.19999999999914,-658.9999999999989,218.60999999999999,0.0,-0.0,41.61096986301369,2.36,3.999999999997783,-77.16096986301122,-3.3682979685267687,-101.96645479451583,-4.451128636044867,2290.8
CNY,2025,9,CNY-2025-09,CRU5,2025-08-13,2025-09-18,36,26,LONG_QUARTERLY_SHORT_PERP,0.00913,0.009532356164383476,0.9577904814460424,201.0,379.1999999999991,-628.9999999999995,209.48,0.0,-0.0,40.481260273972595,2.36,3.999999999997783,-87.16126027397085,-3.804839369389333,-111.40189041095492,-4.863012502660857,2290.8
CNY,2025,9,CNY-2025-09,CRU5,2025-08-14,2025-09-18,35,25,LONG_QUARTERLY_SHORT_PERP,0.01135,0.009668462027397172,1.1739199024454887,196.0,390.2000000000001,-634.9999999999998,198.13,0.0,-0.0,39.351550684931496,2.36,3.999999999997783,-92.38155068492895,-4.032720040375805,-116.05732602739248,-5.066235639400754,2290.8
CNY,2025,9,CNY-2025-09,CRU5,2025-08-15,2025-09-18,34,24,LONG_QUARTERLY_SHORT_PERP,0.00895,0.009482576712328675,0.9438362874896387,183.0,346.1999999999996,-577.9999999999994,189.18,0.0,-0.0,38.2218410958904,2.36,3.999999999997783,-87.20184109588801,-3.8066108388287065,-110.312761643831,-4.81546890360708,2290.8
CNY,2025,9,CNY-2025-09,CRU5,2025-08-18,2025-09-18,31,23,LONG_QUARTERLY_SHORT_PERP,0.00942,0.009617074449076736,0.9795078586403524,180.0,285.1999999999997,-513.9999999999993,179.76,0.0,-0.0,34.8327123287671,2.36,3.999999999997783,-90.2327123287645,-3.9389170738940327,-111.64906849314586,-4.873802535932681,2290.8
CNY,2025,9,CNY-2025-09,CRU5,2025-08-19,2025-09-18,30,22,LONG_QUARTERLY_SHORT_PERP,0.00742,0.0093665001245329,0.7921849037897739,166.0,322.1999999999987,-536.9999999999991,172.34,0.0,-0.0,33.70300273972601,2.36,3.999999999997783,-82.52300273972419,-3.602366105278688,-103.374504109585,-4.512594033070761,2290.8
CNY,2025,9,CNY-2025-09,CRU5,2025-08-20,2025-09-18,29,21,LONG_QUARTERLY_SHORT_PERP,0.00815,0.009425394911937272,0.8646852546918767,159.0,339.19999999999993,-546.9999999999989,164.19,0.0,-0.0,32.57329315068492,2.36,3.999999999997783,-82.54329315068163,-3.603251839998325,-102.82993972602189,-4.488822233543822,2290.8
CNY,2025,9,CNY-2025-09,CRU5,2025-08-21,2025-09-18,28,20,LONG_QUARTERLY_SHORT_PERP,0.00971,0.00994017917808208,0.9768435584552015,161.0,314.1999999999996,-523.9999999999991,154.48,0.0,-0.0,31.443583561643827,2.36,3.999999999997783,-93.12358356164113,-4.065111906829104,-112.84537534246083,-4.926024766128026,2290.8
CNY,2025,9,CNY-2025-09,CRU5,2025-08-22,2025-09-18,27,19,LONG_QUARTERLY_SHORT_PERP,0.00567,0.00971967757750529,0.5833526837476944,148.0,269.19999999999965,-465.9999999999993,148.81,0.0,-0.0,30.31387397260273,2.36,3.999999999997783,-84.66387397260019,-3.6958212839444817,-103.82081095889934,-4.532076608996828,2290.8
CNY,2025,9,CNY-2025-09,CRU5,2025-08-25,2025-09-18,24,18,LONG_QUARTERLY_SHORT_PERP,0.00591,0.009182485844748735,0.6436165652659079,132.0,343.1999999999995,-523.9999999999991,142.9,0.0,-0.0,26.924745205479446,2.36,3.999999999997783,-71.18474520547683,-3.107418596362704,-88.64711780821436,-3.8697013186753253,2290.8
CNY,2025,9,CNY-2025-09,CRU5,2025-08-26,2025-09-18,23,17,LONG_QUARTERLY_SHORT_PERP,0.00678,0.009479707977437421,0.7152119048537174,129.0,279.1999999999995,-456.999999999999,136.12,0.0,-0.0,25.79503561643835,2.36,3.999999999997783,-73.83503561643563,-3.2231113853865736,-90.73255342465261,-3.960736573452619,2290.8
CNY,2025,9,CNY-2025-09,CRU5,2025-08-27,2025-09-18,22,16,LONG_QUARTERLY_SHORT_PERP,0.00762,0.009751582876712192,0.781411602233045,125.0,269.19999999999965,-442.9999999999996,128.5,0.0,-0.0,24.665326027397256,2.36,3.999999999997783,-76.325326027395,-3.3318197148330273,-92.65798904109143,-4.044787368652498,2290.8
CNY,2025,9,CNY-2025-09,CRU5,2025-08-28,2025-09-18,21,15,LONG_QUARTERLY_SHORT_PERP,0.01149,0.010193041095890264,1.1272396424098257,123.0,277.1999999999988,-448.99999999999983,117.00999999999999,0.0,-0.0,23.53561643835616,2.36,3.999999999997783,-84.68561643835498,-3.6967704050268453,-100.45342465753086,-4.38508052459974,2290.8
CNY,2025,9,CNY-2025-09,CRU5,2025-08-29,2025-09-18,20,14,LONG_QUARTERLY_SHORT_PERP,0.00841,0.010340421917808063,0.8133130414646302,116.0,262.2,-426.9999999999996,108.6,0.0,-0.0,22.405906849315066,2.36,3.999999999997783,-84.96590684931247,-3.709005886559825,-100.1688602739678,-4.372658471886144,2290.8
CNY,2025,9,CNY-2025-09,CRU5,2025-09-01,2025-09-18,17,13,LONG_QUARTERLY_SHORT_PERP,0.00607,0.009028982929399196,0.6722794856811085,92.0,325.1999999999988,-465.9999999999993,102.53,0.0,-0.0,19.01677808219178,2.36,3.999999999997783,-63.64677808219008,-2.77836467968352,-77.15516712328376,-3.368044662270113,2290.8
CNY,2025,9,CNY-2025-09,CRU5,2025-09-02,2025-09-18,16,12,LONG_QUARTERLY_SHORT_PERP,0.00709,0.009437255707762372,0.7512777251726159,89.0,279.1999999999995,-416.99999999999983,95.44,0.0,-0.0,17.887068493150682,2.36,3.999999999997783,-66.60706849314882,-2.907589859138677,-79.55060273972195,-3.472612307478695,2290.8
CNY,2025,9,CNY-2025-09,CRU5,2025-09-03,2025-09-18,15,11,LONG_QUARTERLY_SHORT_PERP,0.00815,0.010283396264009762,0.7925397204154908,90.0,251.19999999999897,-389.9999999999988,87.28999999999999,0.0,-0.0,16.757358904109587,2.36,3.999999999997783,-74.62735890410723,-3.257698572730366,-87.0060383561598,-3.7980634868238083,2290.8
CNY,2025,9,CNY-2025-09,CRU5,2025-09-04,2025-09-18,14,10,LONG_QUARTERLY_SHORT_PERP,0.00985,0.010198764931506628,0.9658032189339708,80.0,204.20000000000016,-333.00000000000017,77.44,0.0,-0.0,15.62764931506849,2.36,3.999999999997783,-73.34764931506629,-3.2018355733833723,-85.16147397259833,-3.717542953230239,2290.8
CNY,2025,9,CNY-2025-09,CRU5,2025-09-05,2025-09-18,13,9,LONG_QUARTERLY_SHORT_PERP,0.00758,0.009428659969558353,0.8039318444479926,64.0,168.1999999999988,-280.9999999999988,69.86,0.0,-0.0,14.497939726027395,2.36,3.999999999997783,-63.79793972602519,-2.7849633196274306,-75.04690958903667,-3.2760131652277225,2290.8
CNY,2025,9,CNY-2025-09,CRU5,2025-09-08,2025-09-18,10,8,LONG_QUARTERLY_SHORT_PERP,0.00651,0.009558601369862738,0.6810619826165514,59.0,-3.8000000000000256,-103.9999999999992,63.349999999999994,0.0,-0.0,11.10881095890411,2.36,3.999999999997783,-61.918810958901126,-2.702933951410037,-71.47321643835096,-3.120011194270602,2290.8
CNY,2025,9,CNY-2025-09,CRU5,2025-09-09,2025-09-18,9,7,LONG_QUARTERLY_SHORT_PERP,0.00642,0.010048443052837258,0.63890494937793,54.0,-181.80000000000086,79.00000000000063,56.93,0.0,-0.0,9.979101369863013,2.36,3.999999999997783,-62.20910136986103,-2.715605961666711,-71.19865205479033,-3.108025670280702,2290.8
CNY,2025,9,CNY-2025-09,CRU5,2025-09-10,2025-09-18,8,6,LONG_QUARTERLY_SHORT_PERP,0.00622,0.00986823196346995,0.6303054106373956,44.0,-317.80000000000007,225.00000000000142,50.71,0.0,-0.0,8.849391780821918,2.36,3.999999999997783,-57.29939178081835,-2.501283035656467,-65.7240876712271,-2.869045210023882,2290.8
CNY,2025,9,CNY-2025-09,CRU5,2025-09-11,2025-09-18,7,5,LONG_QUARTERLY_SHORT_PERP,0.00844,0.01041593643835572,0.8102968033599439,38.0,-336.8000000000002,250.0,42.269999999999996,0.0,-0.0,7.719682191780821,2.36,3.999999999997783,-58.60968219177879,-2.558480975719346,-66.46952328766699,-2.9015856158401863,2290.8
CNY,2025,9,CNY-2025-09,CRU5,2025-09-12,2025-09-18,6,4,LONG_QUARTERLY_SHORT_PERP,0.00635,0.008237493150684378,0.7708655878484628,20.0,-127.80000000000058,59.00000000000105,35.92,0.0,-0.0,6.589972602739726,2.36,3.999999999997783,-45.82997260273704,-2.0006099442438026,-53.12495890410468,-2.319057050118067,2290.8
CNY,2025,12,CNY-2025-12,CRZ5,2025-09-19,2025-12-18,90,64,LONG_QUARTERLY_SHORT_PERP,0.00701,0.009183648630136954,0.7633131756583179,487.0,-881.1999999999998,336.9999999999998,405.4,0.0,-0.0,94.39351232876727,2.36,3.999999999997783,-239.55351232876512,-10.457198896838008,-290.7502684931461,-12.69208435887664,2290.8
CNY,2025,12,CNY-2025-12,CRZ5,2025-09-22,2025-12-18,87,63,LONG_QUARTERLY_SHORT_PERP,0.00627,0.008961153468145215,0.6996867113467446,467.0,-877.2000000000002,352.9999999999998,399.13,0.0,-0.0,91.19266849315082,2.36,3.999999999997783,-222.622668493149,-9.718118931951675,-272.21900273972176,-11.883141380291677,2290.8
CNY,2025,12,CNY-2025-12,CRZ5,2025-09-23,2025-12-18,86,62,LONG_QUARTERLY_SHORT_PERP,0.00794,0.009201382589482955,0.8629137983106259,474.0,-882.200000000001,351.00000000000085,391.19,0.0,-0.0,90.12572054794533,2.36,3.999999999997783,-236.49572054794317,-10.323717502529385,-285.5585808219132,-12.46545227963651,2290.8
CNY,2025,12,CNY-2025-12,CRZ5,2025-09-24,2025-12-18,85,61,LONG_QUARTERLY_SHORT_PERP,0.00844,0.009039652009880944,0.9336642595062858,456.0,-834.200000000001,320.9999999999997,382.75,0.0,-0.0,89.05877260273985,2.36,3.999999999997783,-225.86877260273883,-9.85982070031163,-274.39815890410614,-11.978267806185878,2290.8
CNY,2025,12,CNY-2025-12,CRZ5,2025-09-25,2025-12-18,84,60,LONG_QUARTERLY_SHORT_PERP,0.01341,0.009139197077625538,1.4673061414585518,454.0,-850.200000000001,339.0000000000004,369.34,0.0,-0.0,87.99182465753437,2.36,3.999999999997783,-236.21182465753276,-10.311324631462055,-284.20773698629733,-12.406484066103427,2290.8
CNY,2025,12,CNY-2025-12,CRZ5,2025-09-26,2025-12-18,83,59,LONG_QUARTERLY_SHORT_PERP,0.01024,0.008598048757836046,1.190967891484393,414.0,-705.1999999999996,234.0,359.1,0.0,-0.0,86.92487671232888,2.36,3.999999999997783,-205.38487671232625,-8.96563980759238,-252.84731506848811,-11.037511571000877,2290.8
CNY,2025,12,CNY-2025-12,CRZ5,2025-09-29,2025-12-18,80,58,LONG_QUARTERLY_SHORT_PERP,0.0194,0.008708345394426038,2.2277481107280592,415.0,-645.2000000000008,173.00000000000006,339.7,0.0,-0.0,83.72403287671243,2.36,3.999999999997783,-222.58403287671103,-9.716432376318798,-268.44604931506467,-11.718441126028663,2290.8
CNY,2025,12,CNY-2025-12,CRZ5,2025-09-30,2025-12-18,79,57,LONG_QUARTERLY_SHORT_PERP,0.00032,0.0077722295602018375,0.041172227032327896,354.0,-526.2000000000011,115.00000000000021,339.38,0.0,-0.0,82.65708493150694,2.36,3.999999999997783,-160.8370849315056,-7.021000739108851,-206.16562739725651,-8.999721817585844,2290.8
CNY,2025,12,CNY-2025-12,CRZ5,2025-10-01,2025-12-18,78,56,LONG_QUARTERLY_SHORT_PERP,0.00096,0.007838395303326771,0.12247404766541398,351.0,-396.20000000000033,-12.000000000000455,338.42,0.0,-0.0,81.59013698630145,2.36,3.999999999997783,-157.7301369863,-6.885373537030731,-202.52520547944823,-8.84080694427485,2290.8
CNY,2025,12,CNY-2025-12,CRZ5,2025-10-02,2025-12-18,77,55,LONG_QUARTERLY_SHORT_PERP,0.00187,0.007943330709838069,0.23541761866768876,350.0,-363.20000000000084,-44.00000000000048,336.55,0.0,-0.0,80.52318904109596,2.36,3.999999999997783,-157.53318904109506,-6.876776193517332,-201.79478356164054,-8.808921929528573,2290.8
CNY,2025,12,CNY-2025-12,CRZ5,2025-10-03,2025-12-18,76,54,LONG_QUARTERLY_SHORT_PERP,0.00142,0.008237337798072005,0.17238579196452997,359.0,-547.2000000000002,131.00000000000023,335.13,0.0,-0.0,79.45624109589048,2.36,3.999999999997783,-166.8862410958882,-7.285063781032311,-210.614361643831,-9.193921845810676,2290.8
CNY,2025,12,CNY-2025-12,CRZ5,2025-10-06,2025-12-18,73,53,LONG_QUARTERLY_SHORT_PERP,0.0024,0.00820029051434475,0.29267255785654,352.0,-521.2000000000003,112.0000000000001,332.73,0.0,-0.0,76.25539726027401,2.36,3.999999999997783,-159.08539726027195,-6.944534540783653,-201.21309589040655,-8.78352959186339,2290.8
CNY,2025,12,CNY-2025-12,CRZ5,2025-10-07,2025-12-18,72,52,LONG_QUARTERLY_SHORT_PERP,0.00366,0.008241316332982045,0.4441038120758147,347.0,-437.2000000000007,32.999999999999474,329.07,0.0,-0.0,75.18844931506852,2.36,3.999999999997783,-156.67844931506755,-6.839464349356886,-198.27267397259945,-8.655171729203746,2290.8
CNY,2025,12,CNY-2025-12,CRZ5,2025-10-08,2025-12-18,71,51,LONG_QUARTERLY_SHORT_PERP,0.0063,0.008480029438624722,0.7429219492216438,352.0,-322.2000000000005,-86.99999999999974,322.77,0.0,-0.0,74.12150136986303,2.36,3.999999999997783,-166.91150136986113,-7.286166464547805,-207.97225205479026,-9.078586173161789,2290.8
CNY,2025,12,CNY-2025-12,CRZ5,2025-10-09,2025-12-18,70,50,LONG_QUARTERLY_SHORT_PERP,0.00927,0.008668291068493107,1.069414943124596,354.0,-371.2,-39.99999999999915,313.5,0.0,-0.0,73.05455342465754,2.36,3.999999999997783,-177.11455342465447,-7.731558993567944,-217.6418301369809,-9.500691030949051,2290.8
CNY,2025,12,CNY-2025-12,CRZ5,2025-10-10,2025-12-18,69,49,LONG_QUARTERLY_SHORT_PERP,0.00627,0.008578522560805098,0.7308950877680688,342.0,-400.1999999999999,1.0000000000012221,307.23,0.0,-0.0,71.98760547945206,2.36,3.999999999997783,-170.3176054794485,-7.434852692485092,-210.31140821917222,-9.180697058633324,2290.8
CNY,2025,12,CNY-2025-12,CRZ5,2025-10-13,2025-12-18,66,48,LONG_QUARTERLY_SHORT_PERP,0.00514,0.008232224200913196,0.6243756091373001,320.0,-185.20000000000005,-192.00000000000017,302.09,0.0,-0.0,68.78676164383559,2.36,3.999999999997783,-150.2567616438336,-6.559139237115138,-188.65014246574918,-8.235120589564744,2290.8
CNY,2025,12,CNY-2025-12,CRZ5,2025-10-14,2025-12-18,65,47,LONG_QUARTERLY_SHORT_PERP,0.00555,0.008044251355289956,0.6899336874089944,304.0,-69.20000000000037,-291.99999999999983,296.54,0.0,-0.0,67.7198136986301,2.36,3.999999999997783,-138.7398136986281,-6.056391378497821,-176.5997205479409,-7.709085059714549,2290.8
CNY,2025,12,CNY-2025-12,CRZ5,2025-10-15,2025-12-18,64,46,LONG_QUARTERLY_SHORT_PERP,0.00615,0.008130714472900487,0.7563910921356088,301.0,22.800000000000153,-381.0000000000002,290.39,0.0,-0.0,66.65286575342462,2.36,3.999999999997783,-140.8228657534225,-6.147322583962915,-178.14929863013256,-7.776728593946768,2290.8
CNY,2025,12,CNY-2025-12,CRZ5,2025-10-16,2025-12-18,63,45,LONG_QUARTERLY_SHORT_PERP,0.00843,0.008354353729071487,1.00905471247468,304.0,-183.20000000000113,-177.99999999999903,281.96,0.0,-0.0,65.58591780821914,2.36,3.999999999997783,-151.1859178082171,-6.599699572560551,-187.97887671232445,-8.205817911311525,2290.8
CNY,2025,12,CNY-2025-12,CRZ5,2025-10-17,2025-12-18,62,44,LONG_QUARTERLY_SHORT_PERP,0.00463,0.008247249315068442,0.5613993009209248,292.0,-375.19999999999953,25.9999999999998,277.33,0.0,-0.0,64.51896986301365,2.36,3.999999999997783,-142.74896986301115,-6.231402560808938,-179.00845479451579,-7.814233228327037,2290.8
CNY,2025,12,CNY-2025-12,CRZ5,2025-10-20,2025-12-18,59,43,LONG_QUARTERLY_SHORT_PERP,0.0045,0.007922747116916163,0.5679848079956857,273.0,-246.2,-83.99999999999963,272.83,0.0,-0.0,61.31812602739722,2.36,3.999999999997783,-125.04812602739462,-5.458709884206155,-159.70718904109106,-6.971677538025626,2290.8
CNY,2025,12,CNY-2025-12,CRZ5,2025-10-21,2025-12-18,58,42,LONG_QUARTERLY_SHORT_PERP,0.00641,0.008490742335290227,0.7549398800335749,290.0,-399.20000000000044,51.9999999999996,266.42,0.0,-0.0,60.25117808219174,2.36,3.999999999997783,-147.39117808219038,-6.434048283664675,-181.51676712328407,-7.923728266251269,2290.8
CNY,2025,12,CNY-2025-12,CRZ5,2025-10-22,2025-12-18,57,41,LONG_QUARTERLY_SHORT_PERP,0.00654,0.008159615369194734,0.8015083682364096,269.0,-327.1999999999995,1.0000000000012221,259.88,0.0,-0.0,59.184230136986265,2.36,3.999999999997783,-131.86423013698226,-5.756252406887649,-165.45634520547324,-7.222644718241367,2290.8
CNY,2025,12,CNY-2025-12,CRZ5,2025-10-23,2025-12-18,56,40,LONG_QUARTERLY_SHORT_PERP,0.0108,0.008236932054794465,1.3111677901620729,265.0,-353.20000000000107,31.000000000000583,249.07999999999998,0.0,-0.0,58.11728219178079,2.36,3.999999999997783,-137.5972821917791,-6.006516596463205,-170.65592328766732,-7.449621236584044,2290.8
CNY,2025,12,CNY-2025-12,CRZ5,2025-10-24,2025-12-18,55,39,LONG_QUARTERLY_SHORT_PERP,0.00579,0.007779752160168541,0.7442396468160195,240.0,-64.19999999999959,-233.00000000000054,243.29,0.0,-0.0,57.05033424657531,2.36,3.999999999997783,-117.32033424657327,-5.1213695759810225,-149.84550136985877,-6.541186544868988,2290.8
CNY,2025,12,CNY-2025-12,CRZ5,2025-10-27,2025-12-18,52,38,LONG_QUARTERLY_SHORT_PERP,0.00525,0.007847618168709386,0.6689927933717769,238.0,-100.20000000000095,-195.00000000000028,238.04,0.0,-0.0,53.84949041095887,2.36,3.999999999997783,-117.36949041095791,-5.123515383750563,-148.29423561643517,-6.473469338939896,2290.8
CNY,2025,12,CNY-2025-12,CRZ5,2025-10-28,2025-12-18,51,37,LONG_QUARTERLY_SHORT_PERP,0.00574,0.007788484413180243,0.7369854897939261,229.0,-58.20000000000114,-227.99999999999977,232.3,0.0,-0.0,52.8139232876712,2.36,3.999999999997783,-113.07392328766987,-4.9360015404081485,-143.48088493150334,-6.263352755871457,2290.8
CNY,2025,12,CNY-2025-12,CRZ5,2025-10-29,2025-12-18,50,36,LONG_QUARTERLY_SHORT_PERP,0.00828,0.00839273211567726,0.9865678882486096,244.0,-137.2,-163.99999999999972,224.02,0.0,-0.0,51.77835616438353,2.36,3.999999999997783,-135.31835616438102,-5.90703492947359,-165.20753424657062,-7.21178340521087,2290.8
CNY,2025,12,CNY-2025-12,CRZ5,2025-10-30,2025-12-18,49,35,LONG_QUARTERLY_SHORT_PERP,0.0138,0.008660079686888391,1.5935188241851395,246.0,-215.1999999999994,-87.99999999999919,210.22,0.0,-0.0,50.74278904109586,2.36,3.999999999997783,-150.0827890410922,-6.551544833293706,-179.454183561638,-7.833690569304958,2290.8
CNY,2025,12,CNY-2025-12,CRZ5,2025-10-31,2025-12-18,48,34,LONG_QUARTERLY_SHORT_PERP,0.00178,0.008178447703464882,0.21764521392560657,222.0,-180.200000000001,-99.0000000000002,208.44,0.0,-0.0,49.70722191780819,2.36,3.999999999997783,-126.82722191780717,-5.536372530024758,-155.68083287670913,-6.795915526309984,2290.8
CNY,2025,12,CNY-2025-12,CRZ5,2025-11-01,2025-12-18,47,34,LONG_QUARTERLY_SHORT_PERP,0.00225,0.008089166317485833,0.2781498008189446,220.0,-201.20000000000005,-76.00000000000051,206.19,0.0,-0.0,48.67165479452052,2.36,3.999999999997783,-126.04165479451886,-5.502080268662426,-154.377482191777,-6.739020525221625,2290.8
CNY,2025,12,CNY-2025-12,CRZ5,2025-11-03,2025-12-18,45,33,LONG_QUARTERLY_SHORT_PERP,0.00452,0.007998803652967968,0.5650845046462475,211.0,-63.200000000000145,-205.00000000000006,201.67,0.0,-0.0,46.60052054794518,2.36,3.999999999997783,-119.49052054794319,-5.216104441589977,-146.79078082191364,-6.40783921869712,2290.8
CNY,2025,12,CNY-2025-12,CRZ5,2025-11-05,2025-12-18,43,31,LONG_QUARTERLY_SHORT_PERP,0.00556,0.008609335041979601,0.6458106198549746,216.0,-301.1999999999997,28.00000000000047,196.11,0.0,-0.0,44.52938630136984,2.36,3.999999999997783,-127.97938630136686,-5.5866678147968765,-154.24407945204968,-6.733197112451967,2290.8
CNY,2025,12,CNY-2025-12,CRZ5,2025-11-06,2025-12-18,42,30,LONG_QUARTERLY_SHORT_PERP,0.00882,0.008728460639269332,1.0104874575843112,212.0,-232.2000000000006,-36.999999999999034,187.29,0.0,-0.0,43.49381917808217,2.36,3.999999999997783,-131.7638191780796,-5.751869180115225,-157.51072876711856,-6.875795738044288,2290.8
CNY,2025,12,CNY-2025-12,CRZ5,2025-11-07,2025-12-18,41,29,LONG_QUARTERLY_SHORT_PERP,0.00578,0.007993732829475598,0.7230664475909409,183.0,-183.20000000000113,-57.000000000000384,181.51,0.0,-0.0,42.4582520547945,2.36,3.999999999997783,-107.50825205479381,-4.693044004487245,-132.73737808218894,-5.79436782269028,2290.8
CNY,2025,12,CNY-2025-12,CRZ5,2025-11-10,2025-12-18,38,28,LONG_QUARTERLY_SHORT_PERP,0.00577,0.008203983953033189,0.7033168315580026,184.0,-241.20000000000095,0.0,175.74,0.0,-0.0,39.35155068493149,2.36,3.999999999997783,-111.17155068493021,-4.852957512001493,-134.84732602739382,-5.886473111026445,2290.8
CNY,2025,12,CNY-2025-12,CRZ5,2025-11-11,2025-12-18,37,27,LONG_QUARTERLY_SHORT_PERP,0.00568,0.008025036428208948,0.707784949116758,172.0,-211.19999999999982,-17.999999999998906,170.06,0.0,-0.0,38.31598356164382,2.36,3.999999999997783,-103.81598356164034,-4.5318658792404545,-126.97397534246011,-5.542778738539379,2290.8
CNY,2025,12,CNY-2025-12,CRZ5,2025-11-12,2025-12-18,36,26,LONG_QUARTERLY_SHORT_PERP,0.00657,0.00806309293993669,0.814823796394388,166.0,-236.2000000000002,12.9999999999999,163.49,0.0,-0.0,37.28041643835615,2.36,3.999999999997783,-103.3504164383542,-4.5115425370330975,-125.99062465753012,-5.499852656605994,2290.8
CNY,2025,12,CNY-2025-12,CRZ5,2025-11-13,2025-12-18,35,25,LONG_QUARTERLY_SHORT_PERP,0.00859,0.008504193972602651,1.0100898483352783,170.0,-216.2000000000006,-10.999999999999233,154.9,0.0,-0.0,36.24484931506848,2.36,3.999999999997783,-114.9048493150661,-5.015926720580849,-137.0272739725982,-5.981634100427719,2290.8
CNY,2025,12,CNY-2025-12,CRZ5,2025-11-14,2025-12-18,34,24,LONG_QUARTERLY_SHORT_PERP,0.0059,0.008190386757990775,0.7203567028435857,155.0,-225.20000000000095,12.9999999999999,149.0,0.0,-0.0,35.20928219178081,2.36,3.999999999997783,-104.76928219177965,-4.573480102661937,-126.37392328766792,-5.516584742782779,2290.8
CNY,2025,12,CNY-2025-12,CRZ5,2025-11-17,2025-12-18,31,23,LONG_QUARTERLY_SHORT_PERP,0.00578,0.008107068731387635,0.7129580606146748,148.0,-200.2000000000006,-4.999999999999005,143.22,0.0,-0.0,32.1025808219178,2.36,3.999999999997783,-100.4425808219152,-4.384607160027728,-120.49387123287194,-5.259903580970487,2290.8
CNY,2025,12,CNY-2025-12,CRZ5,2025-11-18,2025-12-18,30,22,LONG_QUARTERLY_SHORT_PERP,0.00577,0.008337591531755815,0.6920463755058645,146.0,-217.20000000000005,14.000000000001123,137.45,0.0,-0.0,31.067013698630127,2.36,3.999999999997783,-103.17701369862682,-4.503973009369077,-122.71052054793974,-5.35666669058581,2290.8
CNY,2025,12,CNY-2025-12,CRZ5,2025-11-19,2025-12-18,29,21,LONG_QUARTERLY_SHORT_PERP,0.00657,0.007971021265492392,0.8242356633073358,131.0,-95.20000000000017,-92.99999999999997,130.88,0.0,-0.0,30.031446575342457,2.36,3.999999999997783,-93.7114465753404,-4.090773815930696,-112.72716986300946,-4.920864757421401,2290.8
CNY,2025,12,CNY-2025-12,CRZ5,2025-11-20,2025-12-18,28,20,LONG_QUARTERLY_SHORT_PERP,0.00982,0.00841779397260263,1.1665764251252912,133.0,-10.200000000001097,-179.99999999999972,121.06,0.0,-0.0,28.995879452054787,2.36,3.999999999997783,-104.49587945205339,-4.5615452877620655,-122.9938191780786,-5.369033489526741,2290.8
CNY,2025,12,CNY-2025-12,CRZ5,2025-11-21,2025-12-18,27,19,LONG_QUARTERLY_SHORT_PERP,0.0064,0.00754317433309289,0.8484491697245238,109.0,114.7999999999989,-280.9999999999988,114.66,0.0,-0.0,27.960312328767117,2.36,3.999999999997783,-85.8603123287648,-3.7480492547915487,-103.84046849314619,-4.532934716830198,2290.8
CNY,2025,12,CNY-2025-12,CRZ5,2025-11-24,2025-12-18,24,18,LONG_QUARTERLY_SHORT_PERP,0.00544,0.00740075616438344,0.7350600234852095,102.0,185.8000000000004,-344.99999999999886,109.22,0.0,-0.0,24.853610958904106,2.36,3.999999999997783,-81.19361095890035,-3.5443343355552797,-97.6204164383502,-4.261411578415846,2290.8
CNY,2025,12,CNY-2025-12,CRZ5,2025-11-25,2025-12-18,23,17,LONG_QUARTERLY_SHORT_PERP,0.00638,0.008010473166800838,0.7964573212031614,106.0,127.80000000000058,-291.00000000000034,102.84,0.0,-0.0,23.818043835616436,2.36,3.999999999997783,-90.53804383561398,-3.9522456711897145,-106.44706575342,-4.646720174324254,2290.8
CNY,2025,12,CNY-2025-12,CRZ5,2025-11-26,2025-12-18,22,16,LONG_QUARTERLY_SHORT_PERP,0.0059,0.008008904794520409,0.7366800019943682,99.0,128.8,-285.0000000000001,96.94,0.0,-0.0,22.782476712328766,2.36,3.999999999997783,-88.40247671232665,-3.8590220321427724,-103.79371506848885,-4.530893795551285,2290.8
CNY,2025,12,CNY-2025-12,CRZ5,2025-11-27,2025-12-18,21,15,LONG_QUARTERLY_SHORT_PERP,0.01105,0.008407127305935925,1.3143609699115717,98.0,202.79999999999987,-358.00000000000057,85.89,0.0,-0.0,21.746909589041096,2.36,3.999999999997783,-97.41690958903958,-4.252527919898706,-112.29036438355793,-4.901796943581191,2290.8
CNY,2025,12,CNY-2025-12,CRZ5,2025-11-28,2025-12-18,20,14,LONG_QUARTERLY_SHORT_PERP,0.00713,0.007433667318982229,0.9591497297428417,77.0,311.79999999999984,-445.9999999999997,78.76,0.0,-0.0,20.711342465753425,2.36,3.999999999997783,-82.51134246575107,-3.601857100827268,-96.8670136986256,-4.228523384783726,2290.8
CNY,2025,12,CNY-2025-12,CRZ5,2025-12-01,2025-12-18,17,13,LONG_QUARTERLY_SHORT_PERP,0.00487,0.0073049723919914,0.6666691862297915,71.0,283.7999999999994,-411.99999999999903,73.89,0.0,-0.0,17.604641095890415,2.36,3.999999999997783,-78.27464109588784,-3.416912916705423,-91.07696164383084,-3.9757709814837976,2290.8
CNY,2025,12,CNY-2025-12,CRZ5,2025-12-02,2025-12-18,16,12,LONG_QUARTERLY_SHORT_PERP,0.00521,0.007994089497716711,0.6517315075704484,73.0,268.8000000000006,-398.99999999999915,68.68,0.0,-0.0,16.569073972602745,2.36,3.999999999997783,-84.4490739725991,-3.68644464696172,-96.73361095889824,-4.222699972014066,2290.8
CNY,2025,12,CNY-2025-12,CRZ5,2025-12-03,2025-12-18,15,11,LONG_QUARTERLY_SHORT_PERP,0.00482,0.007353955168119351,0.6554296143788748,59.0,378.8,-494.9999999999992,63.86,0.0,-0.0,15.533506849315074,2.36,3.999999999997783,-74.23350684931205,-3.2405057992540613,-86.00026027396737,-3.7541583845803803,2290.8
CNY,2025,12,CNY-2025-12,CRZ5,2025-12-04,2025-12-18,14,10,LONG_QUARTERLY_SHORT_PERP,0.00681,0.008185793972602518,0.8319290740510649,61.0,529.7999999999998,-647.9999999999997,57.05,0.0,-0.0,14.497939726027402,2.36,3.999999999997783,-82.007939726025,-3.579882125284835,-93.25690958903648,-4.070931970885126,2290.8
CNY,2025,12,CNY-2025-12,CRZ5,2025-12-05,2025-12-18,13,9,LONG_QUARTERLY_SHORT_PERP,0.00412,0.008091374733637502,0.5091841789099592,53.0,477.80000000000024,-587.9999999999992,52.93,0.0,-0.0,13.46237260273973,2.36,3.999999999997783,-77.09237260273648,-3.365303501079818,-87.82355890410413,-3.8337506069540823,2290.8
CNY,2025,12,CNY-2025-12,CRZ5,2025-12-08,2025-12-18,10,8,LONG_QUARTERLY_SHORT_PERP,0.00403,0.006589458904109312,0.611582841420684,36.0,487.8,-580.9999999999995,48.9,0.0,-0.0,10.355671232876714,2.36,3.999999999997783,-61.015671232874034,-2.663509308227433,-70.19350684931017,-3.0641481949236145,2290.8
CNY,2025,12,CNY-2025-12,CRZ5,2025-12-09,2025-12-18,9,7,LONG_QUARTERLY_SHORT_PERP,0.00475,0.007811443444226689,0.608082236518098,39.0,307.8000000000003,-403.9999999999999,44.15,0.0,-0.0,9.320104109589042,2.36,3.999999999997783,-67.73010410958642,-2.95661358955764,-76.39015616437872,-3.334649736527794,2290.8
CNY,2025,12,CNY-2025-12,CRZ5,2025-12-10,2025-12-18,8,6,LONG_QUARTERLY_SHORT_PERP,0.00543,0.009274089497716525,0.5855022211438632,41.0,121.80000000000035,-219.99999999999886,38.72,0.0,-0.0,8.28453698630137,2.36,3.999999999997783,-74.12453698629767,-3.235748951732917,-82.26680547944613,-3.5911823589770444,2290.8
CNY,2025,12,CNY-2025-12,CRZ5,2025-12-11,2025-12-18,7,5,LONG_QUARTERLY_SHORT_PERP,0.00923,0.009721793972602297,0.9494132488316193,35.0,28.80000000000038,-121.00000000000044,29.490000000000002,0.0,-0.0,7.2489698630136985,2.36,3.999999999997783,-76.31896986301153,-3.3315422500005036,-83.94345479451617,-3.664372917518603,2290.8
CNY,2025,12,CNY-2025-12,CRZ5,2025-12-12,2025-12-18,6,4,LONG_QUARTERLY_SHORT_PERP,0.00523,0.008643350684930953,0.6050894138910875,22.0,67.80000000000008,-147.00000000000023,24.259999999999998,0.0,-0.0,6.213402739726027,2.36,3.999999999997783,-67.51340273972396,-2.947153952319013,-74.62010410958476,-3.2573818801110854,2290.8
CNY,2026,3,CNY-2026-03,CRH6,2026-01-09,2026-03-19,69,49,LONG_QUARTERLY_SHORT_PERP,0.00256,0.006830123455409516,0.37481020902666967,260.0,873.5,-1259.0000000000005,150.15,0.0,-0.0,68.3160493150685,2.36,3.999999999997783,-310.02604931506676,-13.533527558716028,-348.18407397259875,-15.199234938562892,2290.8
CNY,2026,3,CNY-2026-03,CRH6,2026-01-12,2026-03-19,66,48,LONG_QUARTERLY_SHORT_PERP,0.00372,0.007138822716894932,0.5210943243059037,271.0,810.5000000000011,-1207.0000000000007,146.43,0.0,-0.0,65.30349041095893,2.36,3.999999999997783,-321.7334904109563,-14.044590990525416,-358.3852356164335,-15.644544945714747,2290.8
CNY,2026,3,CNY-2026-03,CRH6,2026-01-13,2026-03-19,65,47,LONG_QUARTERLY_SHORT_PERP,0.00427,0.00712041072573589,0.5996845076038361,264.0,814.5000000000007,-1204.0000000000007,142.16,0.0,-0.0,64.29930410958907,2.36,3.999999999997783,-317.9993041095869,-13.881583032547006,-354.1489561643791,-15.459619179517158,2290.8
CNY,2026,3,CNY-2026-03,CRH6,2026-01-14,2026-03-19,64,46,LONG_QUARTERLY_SHORT_PERP,0.00451,0.007014241691482979,0.6429775588537608,253.0,891.5000000000007,-1270.0000000000014,137.65,0.0,-0.0,63.29511780821922,2.36,3.999999999997783,-310.5051178082177,-13.554440274498763,-346.152676712325,-15.110558613249736,2290.8
CNY,2026,3,CNY-2026-03,CRH6,2026-01-15,2026-03-19,63,45,LONG_QUARTERLY_SHORT_PERP,0.00894,0.007458909589041047,1.1985666126232493,267.0,925.4999999999995,-1318.0000000000014,128.71,0.0,-0.0,62.290931506849354,2.36,3.999999999997783,-332.4409315068489,-14.512001549975942,-367.5863972602713,-16.04620208050774,2290.8
CNY,2026,3,CNY-2026-03,CRH6,2026-01-16,2026-03-19,62,44,LONG_QUARTERLY_SHORT_PERP,0.00388,0.007378335118306303,0.5258638890463754,257.0,920.5000000000006,-1303.000000000001,124.83,0.0,-0.0,61.28674520547949,2.36,3.999999999997783,-325.3167452054776,-14.201010354700436,-359.9601178082151,-15.713293077013054,2290.8
CNY,2026,3,CNY-2026-03,CRH6,2026-01-19,2026-03-19,59,43,LONG_QUARTERLY_SHORT_PERP,0.00606,0.007293818286078319,0.8308405504928328,249.0,951.5000000000011,-1326.0000000000005,118.77,0.0,-0.0,58.2741863013699,2.36,3.999999999997783,-320.36418630136706,-13.984816933008862,-353.5012794520497,-15.431346230663944,2290.8
CNY,2026,3,CNY-2026-03,CRH6,2026-01-20,2026-03-19,58,42,LONG_QUARTERLY_SHORT_PERP,0.00541,0.007705476190476139,0.7020980749621528,260.0,944.4999999999997,-1330.0,113.36,0.0,-0.0,57.27000000000004,2.36,3.999999999997783,-335.76999999999816,-14.65732495198176,-368.4049999999959,-16.081936441417664,2290.8
CNY,2026,3,CNY-2026-03,CRH6,2026-01-21,2026-03-19,57,41,LONG_QUARTERLY_SHORT_PERP,0.00451,0.007381117407283608,0.6110185966625568,240.0,1135.5000000000005,-1501.0000000000011,108.85,0.0,-0.0,56.265813698630176,2.36,3.999999999997783,-319.2758136986286,-13.937306342702488,-351.4087205479414,-15.340000023919215,2290.8
CNY,2026,3,CNY-2026-03,CRH6,2026-01-22,2026-03-19,56,40,LONG_QUARTERLY_SHORT_PERP,0.00815,0.007315540684931453,1.1140666631500478,231.0,1295.5000000000005,-1652.000000000001,100.7,0.0,-0.0,55.26162739726031,2.36,3.999999999997783,-317.4216273972586,-13.856365784758973,-349.0524410958864,-15.237141657756522,2290.8
CNY,2026,3,CNY-2026-03,CRH6,2026-01-23,2026-03-19,55,39,LONG_QUARTERLY_SHORT_PERP,0.0048,0.007169677976817647,0.6694861352936998,219.0,1277.4999999999998,-1622.0000000000016,95.9,0.0,-0.0,54.25744109589045,2.36,3.999999999997783,-309.2174410958901,-13.498229487335866,-340.34616164383294,-14.857087552114237,2290.8
CNY,2026,3,CNY-2026-03,CRH6,2026-01-26,2026-03-19,52,38,LONG_QUARTERLY_SHORT_PERP,0.00531,0.00759486532083628,0.6991565716685163,231.0,1118.500000000001,-1475.0000000000014,90.59,0.0,-0.0,51.24488219178086,2.36,3.999999999997783,-323.51488219177907,-14.122353858555048,-353.1373232876672,-15.415458498675886,2290.8
CNY,2026,3,CNY-2026-03,CRH6,2026-01-27,2026-03-19,51,37,LONG_QUARTERLY_SHORT_PERP,0.00777,0.007421640429470509,1.0469383519506272,218.0,1219.5,-1563.0000000000007,82.82000000000001,0.0,-0.0,50.240695890411,2.36,3.999999999997783,-317.2806958904095,-13.850213719679127,-346.40104383561265,-15.121400551580786,2290.8
CNY,2026,3,CNY-2026-03,CRH6,2026-01-28,2026-03-19,50,36,LONG_QUARTERLY_SHORT_PERP,0.01015,0.007822125266362192,1.2976013109440299,226.0,1176.5000000000007,-1528.0000000000005,72.67,0.0,-0.0,49.236509589041134,2.36,3.999999999997783,-334.4265095890387,-14.598677736556603,-363.0447643835569,-15.84794676023908,2290.8
CNY,2026,3,CNY-2026-03,CRH6,2026-01-29,2026-03-19,49,35,LONG_QUARTERLY_SHORT_PERP,0.01314,0.0075883520939334015,1.7316012537827457,211.0,1371.5000000000011,-1708.0000000000002,59.53,0.0,-0.0,48.23232328767127,2.36,3.999999999997783,-331.56232328766816,-14.473647777530477,-359.6784849315015,-15.700998992993778,2290.8
CNY,2026,3,CNY-2026-03,CRH6,2026-01-30,2026-03-19,48,34,LONG_QUARTERLY_SHORT_PERP,0.00991,0.007664356970185271,1.292998230451738,207.0,1206.5000000000002,-1539.0000000000014,49.620000000000005,0.0,-0.0,47.22813698630141,2.36,3.999999999997783,-336.46813698630035,-14.687800636733906,-364.0822054794487,-15.893234043978028,2290.8
CNY,2026,3,CNY-2026-03,CRH6,2026-02-02,2026-03-19,45,33,LONG_QUARTERLY_SHORT_PERP,0.01115,0.007441684184308776,1.498316741727689,195.0,1138.5000000000005,-1459.0000000000014,38.47,0.0,-0.0,44.21557808219181,2.36,3.999999999997783,-332.6055780821905,-14.519188845913675,-358.7133671232841,-15.658868828500266,2290.8
CNY,2026,3,CNY-2026-03,CRH6,2026-02-03,2026-03-19,44,32,LONG_QUARTERLY_SHORT_PERP,0.00888,0.007705355993150617,1.1524451313986712,197.0,1065.5,-1388.0000000000016,29.59,0.0,-0.0,43.21139178082195,2.36,3.999999999997783,-342.48139178082135,-14.950296480741285,-368.08708767123005,-16.068058655108697,2290.8
CNY,2026,3,CNY-2026-03,CRH6,2026-02-04,2026-03-19,43,31,LONG_QUARTERLY_SHORT_PERP,0.00903,0.007340877596111286,1.230098156763096,179.0,1194.4999999999998,-1499.0000000000005,20.560000000000002,0.0,-0.0,42.207205479452085,2.36,3.999999999997783,-332.50720547945053,-14.514894599242645,-357.61080821917426,-15.610738965390878,2290.8
CNY,2026,3,CNY-2026-03,CRH6,2026-02-05,2026-03-19,42,30,LONG_QUARTERLY_SHORT_PERP,0.01065,0.006852100639269334,1.5542678896110973,158.0,1123.5,-1407.0,9.91,0.0,-0.0,41.203019178082215,2.36,3.999999999997783,-321.15301917808,-14.019251753888598,-345.7545287671188,-15.093178311817654,2290.8
CNY,2026,3,CNY-2026-03,CRH6,2026-02-06,2026-03-19,41,29,LONG_QUARTERLY_SHORT_PERP,0.00356,0.005570994237127936,0.6390241756622814,115.0,1112.5000000000007,-1353.0000000000016,6.3500000000000005,0.0,-0.0,40.19883287671235,2.36,3.999999999997783,-280.7088328767111,-12.253746851611274,-304.8082493150649,-13.30575560132115,2290.8
CNY,2026,3,CNY-2026-03,CRH6,2026-02-09,2026-03-19,38,28,LONG_QUARTERLY_SHORT_PERP,0.00454,0.00630522407045002,0.7200378526240018,133.0,1063.4999999999995,-1322.000000000001,1.8100000000000007,0.0,-0.0,37.186273972602756,2.36,3.999999999997783,-300.2362739726019,-13.10617574526811,-322.829410958901,-14.092431070320455,2290.8
CNY,2026,3,CNY-2026-03,CRH6,2026-02-10,2026-03-19,37,27,LONG_QUARTERLY_SHORT_PERP,0.00436,0.005538595839675211,0.7872031334670694,107.0,1085.4999999999998,-1318.0000000000014,-2.55,0.0,-0.0,36.18208767123289,2.36,3.999999999997783,-277.59208767123226,-12.117691970980978,-299.68313150684645,-13.082029487814145,2290.8
CNY,2026,3,CNY-2026-03,CRH6,2026-02-11,2026-03-19,36,26,LONG_QUARTERLY_SHORT_PERP,0.00345,0.005020688514225416,0.6871567495623179,89.0,1121.5000000000011,-1336.0000000000002,-5.999999999999999,0.0,-0.0,35.17790136986303,2.36,3.999999999997783,-262.0379013698599,-11.438707061719047,-283.62685205478914,-12.381126770333033,2290.8
CNY,2026,3,CNY-2026-03,CRH6,2026-02-12,2026-03-19,35,25,LONG_QUARTERLY_SHORT_PERP,0.01184,0.005581348602739638,2.1213511003753225,99.0,1092.5000000000011,-1317.0000000000002,-17.84,0.0,-0.0,34.173715068493166,2.36,3.999999999997783,-282.87371506849007,-12.348250177601276,-303.9605726027344,-13.268752077996087,2290.8
CNY,2026,3,CNY-2026-03,CRH6,2026-02-13,2026-03-19,34,24,LONG_QUARTERLY_SHORT_PERP,0.00024,0.003772063698630045,0.06362564876281498,51.0,1211.500000000001,-1388.0000000000016,-18.08,0.0,-0.0,33.1695287671233,2.36,3.999999999997783,-234.10952876712176,-10.21955337729709,-254.69429315068115,-11.118137469472721,2290.8
CNY,2026,3,CNY-2026-03,CRH6,2026-02-16,2026-03-19,31,23,LONG_QUARTERLY_SHORT_PERP,0.00112,0.004413781298391805,0.2537506786772785,65.0,1167.5000000000005,-1358.0000000000005,-19.2,0.0,-0.0,30.156969863013714,2.36,3.999999999997783,-246.2169698630115,-10.748077958050091,-265.29545479451605,-11.580908625568187,2290.8
CNY,2026,3,CNY-2026-03,CRH6,2026-02-17,2026-03-19,30,22,LONG_QUARTERLY_SHORT_PERP,0.00025,0.003933825653798156,0.06355136754945455,51.0,1299.5,-1476.000000000001,-19.45,0.0,-0.0,29.184164383561658,2.36,3.999999999997783,-231.49416438356036,-10.105385209689207,-250.08624657533892,-10.916983000494977,2290.8
CNY,2026,3,CNY-2026-03,CRH6,2026-02-18,2026-03-19,29,21,SHORT_QUARTERLY_LONG_PERP,-0.0012,-0.00021088767123298167,99.0,-39.0,-1199.5000000000005,1364.0000000000007,18.25,0.0,0.0,28.211358904109602,2.36,3.999999999997783,148.17864109589283,6.468423306089262,130.0729616438403,5.6780583919958225,2290.8
CNY,2026,3,CNY-2026-03,CRH6,2026-02-19,2026-03-19,28,20,SHORT_QUARTERLY_LONG_PERP,-0.00125,0.00027992767123276644,4.465439213262328,-28.0,-1277.4999999999998,1431.000000000001,17.0,0.0,0.0,27.238553424657546,2.36,3.999999999997783,136.9014465753458,5.976141373116195,119.28216986301929,5.207009335735083,2290.8
CNY,2026,3,CNY-2026-03,CRH6,2026-02-20,2026-03-19,27,19,SHORT_QUARTERLY_LONG_PERP,-0.00082,-0.00028285537130509094,99.0,-38.0,-1207.4999999999995,1371.0000000000005,16.18,0.0,0.0,26.26574794520549,2.36,3.999999999997783,147.05425205479764,6.419340494796474,129.92137808219715,5.671441334127691,2290.8
CNY,2026,3,CNY-2026-03,CRH6,2026-02-24,2026-03-19,23,17,SHORT_QUARTERLY_LONG_PERP,-0.0001,4.320741337617936e-05,2.3144176470219096,-28.0,-1269.5000000000007,1423.0,16.08,0.0,0.0,22.374526027397266,2.36,3.999999999997783,140.84547397260422,6.14830949766912,125.65821095890786,5.485341843849653,2290.8
CNY,2026,3,CNY-2026-03,CRH6,2026-02-25,2026-03-19,22,16,LONG_QUARTERLY_SHORT_PERP,0.00121,0.0046726075342464375,0.2589560520826279,47.0,1015.4999999999994,-1188.0000000000007,-17.29,0.0,-0.0,21.40172054794521,2.36,3.999999999997783,-217.55172054794426,-9.496757488560513,-232.25258082191462,-10.138492265667654,2290.8
CNY,2026,3,CNY-2026-03,CRH6,2026-02-26,2026-03-19,21,15,LONG_QUARTERLY_SHORT_PERP,0.00322,0.004119261004566063,0.781693608739708,35.0,1100.5000000000002,-1261.000000000001,-20.509999999999998,0.0,-0.0,20.428915068493154,2.36,3.999999999997783,-207.79891506849162,-9.0710195158238,-222.01337260273596,-9.691521416218611,2290.8
CNY,2026,3,CNY-2026-03,CRH6,2026-02-27,2026-03-19,20,14,LONG_QUARTERLY_SHORT_PERP,0.00303,0.004629722113502778,0.6544669260305881,39.0,1126.5,-1291.0000000000005,-23.54,0.0,-0.0,19.456109589041098,2.36,3.999999999997783,-213.85610958903933,-9.33543345508291,-227.58416438355766,-9.934702478765393,2290.8
CNY,2026,3,CNY-2026-03,CRH6,2026-03-02,2026-03-19,17,13,LONG_QUARTERLY_SHORT_PERP,0.00342,0.0053767456269755935,0.6360724938969712,47.0,1092.5000000000011,-1265.0000000000005,-26.96,0.0,-0.0,16.53769315068493,2.36,3.999999999997783,-222.35769315068205,-9.706551997148685,-234.6265397260223,-10.24212239069418,2290.8
CNY,2026,3,CNY-2026-03,CRH6,2026-03-03,2026-03-19,16,12,LONG_QUARTERLY_SHORT_PERP,0.0031,0.0054104073059358885,0.5729698014785163,43.0,1140.4999999999993,-1309.0000000000011,-30.06,0.0,-0.0,15.564887671232874,2.36,3.999999999997783,-220.48488767123249,-9.624798658601033,-232.26733150684672,-10.139136175434201,2290.8
CNY,2026,3,CNY-2026-03,CRH6,2026-03-04,2026-03-19,15,11,LONG_QUARTERLY_SHORT_PERP,0.00355,0.005177462017434418,0.6856641319715808,36.0,1039.5000000000002,-1201.0000000000005,-33.61,0.0,-0.0,14.59208219178082,2.36,3.999999999997783,-216.06208219177887,-9.431730495537753,-227.35812328766704,-9.924835135658592,2290.8
CNY,2026,3,CNY-2026-03,CRH6,2026-03-05,2026-03-19,14,10,LONG_QUARTERLY_SHORT_PERP,0.0059,0.0062979276712326554,0.9368160938001417,43.0,891.5000000000007,-1060.0000000000005,-39.51,0.0,-0.0,13.619276712328766,2.36,3.999999999997783,-227.98927671232633,-9.952386795544191,-238.7989150684885,-10.424258558952701,2290.8
CNY,2026,3,CNY-2026-03,CRH6,2026-03-06,2026-03-19,13,9,LONG_QUARTERLY_SHORT_PERP,0.00247,0.0035562745814304996,0.6945470445103963,13.0,945.5000000000009,-1084.0000000000014,-41.98,0.0,-0.0,12.646471232876712,2.36,3.999999999997783,-199.48647123287495,-8.708157466076258,-209.80970684931108,-9.15879635277244,2290.8
CNY,2026,3,CNY-2026-03,CRH6,2026-03-09,2026-03-19,10,8,LONG_QUARTERLY_SHORT_PERP,0.00364,0.0027610068493147915,1.3183596414848993,6.0,1077.5000000000005,-1209.0000000000014,-45.62,0.0,-0.0,9.728054794520549,2.36,3.999999999997783,-193.20805479451926,-8.434086554676062,-202.07208219177733,-8.82102681123526,2290.8
CNY,2026,3,CNY-2026-03,CRH6,2026-03-10,2026-03-19,9,7,LONG_QUARTERLY_SHORT_PERP,0.00242,0.005302178473580897,0.4564161715902446,22.0,840.5000000000005,-988.0000000000014,-48.04,0.0,-0.0,8.755249315068495,2.36,3.999999999997783,-210.65524931506718,-9.195706710104206,-219.03287397259922,-9.561414089951075,2290.8
CNY,2026,3,CNY-2026-03,CRH6,2026-03-11,2026-03-19,8,6,LONG_QUARTERLY_SHORT_PERP,0.00254,0.004523740639269037,0.5614822339616762,13.0,818.5000000000002,-957.0000000000007,-50.58,0.0,-0.0,7.78244383561644,2.36,3.999999999997783,-203.22244383561468,-8.871243401240383,-211.11366575342066,-9.21571790437492,2290.8
CNY,2026,3,CNY-2026-03,CRH6,2026-03-12,2026-03-19,7,5,LONG_QUARTERLY_SHORT_PERP,0.00345,0.005633927671232434,0.6123614290641586,15.0,745.4999999999998,-886.000000000001,-54.03,0.0,-0.0,6.809638356164385,2.36,3.999999999997783,-207.69963835616343,-9.066685802172316,-215.1044575342434,-9.389927428594525,2290.8
CNY,2026,3,CNY-2026-03,CRH6,2026-03-13,2026-03-19,6,4,LONG_QUARTERLY_SHORT_PERP,0.00143,0.0005492082191775282,2.6037483600327573,-10.0,700.4999999999999,-816.0000000000007,-55.46,0.0,-0.0,5.83683287671233,2.36,3.999999999997783,-183.15683287671092,-7.99532184724598,-190.07524931506487,-8.297330596955861,2290.8
CNY,2026,6,CNY-2026-06,CRM6,2026-03-20,2026-06-18,90,64,SHORT_QUARTERLY_LONG_PERP,-0.01193,0.001024227482876678,11.647803051030246,-24.0,1235.6,-1230.0000000000005,-280.06,0.0,0.0,83.19055890410961,2.36,3.999999999997783,-364.01055890410794,-15.890106465169717,-409.6058383561606,-17.880471379263163,2290.8
CNY,2026,6,CNY-2026-06,CRM6,2026-03-23,2026-06-18,87,63,SHORT_QUARTERLY_LONG_PERP,-0.004,0.0009465419439008134,4.225908873636934,-27.0,1127.600000000001,-1118.9999999999998,-284.06,0.0,0.0,80.27214246575346,2.36,3.999999999997783,-362.09214246575,-15.806362077254668,-406.22821369862453,-17.73302836121113,2290.8
CNY,2026,6,CNY-2026-06,CRM6,2026-03-24,2026-06-18,86,62,SHORT_QUARTERLY_LONG_PERP,-0.00829,0.0015433986743260807,5.371262874525792,10.0,849.6000000000006,-878.0000000000001,-292.35,0.0,0.0,79.33071780821922,2.36,3.999999999997783,-406.44071780821656,-17.742304775982912,-450.10607671232395,-19.648423114733887,2290.8
CNY,2026,6,CNY-2026-06,CRM6,2026-03-25,2026-06-18,85,61,SHORT_QUARTERLY_LONG_PERP,-0.0014,0.0017499884123062747,0.8000052972664934,22.0,993.6000000000007,-1034.0000000000007,-293.75,0.0,0.0,78.38929315068498,2.36,3.999999999997783,-418.89929315068275,-18.286157375182587,-462.093939726023,-20.171727768728083,2290.8
CNY,2026,6,CNY-2026-06,CRM6,2026-03-26,2026-06-18,84,60,SHORT_QUARTERLY_LONG_PERP,-0.00857,0.0013301311415524753,6.442973728137394,-4.0,874.6000000000009,-888.9999999999993,-302.32,0.0,0.0,77.44786849315074,2.36,3.999999999997783,-400.5278684931469,-17.484191919554167,-443.25180273972006,-19.349214367894184,2290.8
CNY,2026,6,CNY-2026-06,CRM6,2026-03-27,2026-06-18,83,59,SHORT_QUARTERLY_LONG_PERP,-0.0032,0.0009638380311121063,3.3200599029151614,-26.0,1034.600000000001,-1027.000000000001,-305.52,0.0,0.0,76.5064438356165,2.36,3.999999999997783,-380.78644383561414,-16.622422028794052,-423.03966575342014,-18.46689653192859,2290.8
CNY,2026,6,CNY-2026-06,CRM6,2026-03-30,2026-06-18,80,58,LONG_QUARTERLY_SHORT_PERP,0.00076,0.0036903822390174407,0.20594072667181193,134.0,-1081.6,965.9999999999993,304.76,0.0,-0.0,73.68216986301377,2.36,3.999999999997783,109.11783013698785,4.763306711061107,68.27674520548321,2.980476043543007,2290.8
CNY,2026,6,CNY-2026-06,CRM6,2026-03-31,2026-06-18,79,57,LONG_QUARTERLY_SHORT_PERP,0.00123,0.004282469214131181,0.2872174762964501,165.0,-1111.600000000001,964.9999999999999,303.53,0.0,-0.0,72.74074520547953,2.36,3.999999999997783,77.8292547945215,3.397470525341431,37.458882191784,1.635187803028811,2290.8
CNY,2026,6,CNY-2026-06,CRM6,2026-04-01,2026-06-18,78,56,SHORT_QUARTERLY_LONG_PERP,-0.00036,5.641643835612622e-05,6.381118881123198,-75.0,957.6000000000012,-900.9999999999998,-303.89,0.0,0.0,71.79932054794529,2.36,3.999999999997783,-325.4493205479417,-14.20679764920297,-365.34898082191205,-15.948532426310111,2290.8
CNY,2026,6,CNY-2026-06,CRM6,2026-04-02,2026-06-18,77,55,SHORT_QUARTERLY_LONG_PERP,-0.00176,-0.0001414928019925668,99.0,-85.0,916.6000000000007,-849.9999999999997,-305.65,0.0,0.0,70.85789589041104,2.36,3.999999999997783,-316.2678958904078,-13.806002090553857,-355.69684383561105,-15.527188922455517,2290.8
CNY,2026,6,CNY-2026-06,CRM6,2026-04-03,2026-06-18,76,54,LONG_QUARTERLY_SHORT_PERP,0.00156,0.0037828976154236035,0.4123822948946805,128.0,-819.6000000000013,710.0000000000009,304.09,0.0,-0.0,69.9164712328768,2.36,3.999999999997783,118.21352876712503,5.1603600823784275,79.2552931506889,3.4597211956822465,2290.8
CNY,2026,6,CNY-2026-06,CRM6,2026-04-06,2026-06-18,73,53,LONG_QUARTERLY_SHORT_PERP,0.00204,0.004140607495476828,0.4926813280970202,146.0,-811.6000000000004,684.000000000001,302.05,0.0,-0.0,67.09219726027408,2.36,3.999999999997783,100.99780273972881,4.408844191536965,63.451704109594075,2.7698491404572234,2290.8
CNY,2026,6,CNY-2026-06,CRM6,2026-04-07,2026-06-18,72,52,LONG_QUARTERLY_SHORT_PERP,0.0034,0.004144437934668031,0.8203766237055108,143.0,-748.5999999999997,624.0000000000006,298.65,0.0,-0.0,66.15077260273983,2.36,3.999999999997783,101.53922739726325,4.432478933004332,64.46384109589563,2.8140318271300693,2290.8
CNY,2026,6,CNY-2026-06,CRM6,2026-04-08,2026-06-18,71,51,LONG_QUARTERLY_SHORT_PERP,0.00402,0.004893516626376537,0.8214951142358041,178.0,-825.5999999999997,666.0000000000003,294.63,0.0,-0.0,65.2093479452056,2.36,3.999999999997783,63.46065205479728,2.770239743967054,26.8559780821968,1.1723405832982712,2290.8
CNY,2026,6,CNY-2026-06,CRM6,2026-04-09,2026-06-18,70,50,LONG_QUARTERLY_SHORT_PERP,0.00863,0.005132558465753383,1.6814226389398266,186.0,-674.5999999999999,506.99999999999966,286.0,0.0,-0.0,64.26792328767135,2.36,3.999999999997783,47.772076712330616,2.085388367047783,11.638115068497257,0.5080371515844795,2290.8
CNY,2026,6,CNY-2026-06,CRM6,2026-04-10,2026-06-18,69,49,LONG_QUARTERLY_SHORT_PERP,0.00332,0.004728295890410916,0.7021557188781332,162.0,-596.6000000000005,452.99999999999943,282.68,0.0,-0.0,63.3264986301371,2.36,3.999999999997783,69.39350136986407,3.0292256578428525,33.730252054797845,1.4724223875850289,2290.8
CNY,2026,6,CNY-2026-06,CRM6,2026-04-13,2026-06-18,66,48,LONG_QUARTERLY_SHORT_PERP,0.00324,0.004997129680365253,0.6483722070953299,173.0,-529.6000000000003,375.0,279.44,0.0,-0.0,60.502224657534356,2.36,3.999999999997783,57.97777534246761,2.5308964266835865,23.726663013702733,1.0357369920422006,2290.8
CNY,2026,6,CNY-2026-06,CRM6,2026-04-14,2026-06-18,65,47,LONG_QUARTERLY_SHORT_PERP,0.00303,0.004891931914893572,0.6193871976785107,164.0,-400.6000000000007,255.0000000000008,276.41,0.0,-0.0,59.5608000000001,2.36,3.999999999997783,64.88920000000223,2.8325999650777995,31.10880000000448,1.3579884756418925,2290.8
CNY,2026,6,CNY-2026-06,CRM6,2026-04-15,2026-06-18,64,46,LONG_QUARTERLY_SHORT_PERP,0.00443,0.005347377724836166,0.8284434404969451,181.0,-462.60000000000014,300.0000000000007,271.98,0.0,-0.0,58.61937534246585,2.36,3.999999999997783,44.40062465753693,1.938214800835382,11.09093698630629,0.48415125660495406,2290.8
CNY,2026,6,CNY-2026-06,CRM6,2026-04-16,2026-06-18,63,45,LONG_QUARTERLY_SHORT_PERP,0.00879,0.00573417668188732,1.53291404985221,194.0,-503.6000000000005,327.99999999999943,263.19,0.0,-0.0,57.6779506849316,2.36,3.999999999997783,23.552049315069567,1.0281146025436338,-9.286926027393946,-0.40540099648131417,2290.8
CNY,2026,6,CNY-2026-06,CRM6,2026-04-17,2026-06-18,62,44,LONG_QUARTERLY_SHORT_PERP,0.00422,0.0054567392278953445,0.7733556293888808,177.0,-477.6000000000007,319.00000000000085,258.97,0.0,-0.0,56.73652602739735,2.36,3.999999999997783,37.27347397260504,1.6270942017026817,4.905210958908654,0.21412654788321345,2290.8
CNY,2026,6,CNY-2026-06,CRM6,2026-04-20,2026-06-18,59,43,LONG_QUARTERLY_SHORT_PERP,0.0046,0.0057040058617393585,0.8064507841507184,185.0,-372.60000000000025,205.99999999999952,254.37,0.0,-0.0,53.9122520547946,2.36,3.999999999997783,27.49774794520689,1.2003556812121043,-3.4583780821881476,-0.15096813699092662,2290.8
CNY,2026,6,CNY-2026-06,CRM6,2026-04-21,2026-06-18,58,42,LONG_QUARTERLY_SHORT_PERP,0.00419,0.0051031149380299555,0.821067142496606,155.0,-290.6000000000013,153.99999999999991,250.18,0.0,-0.0,52.97082739726035,2.36,3.999999999997783,54.249172602740515,2.3681322072088578,23.763758904112606,1.0373563342113061,2290.8
CNY,2026,6,CNY-2026-06,CRM6,2026-04-22,2026-06-18,57,41,LONG_QUARTERLY_SHORT_PERP,0.00598,0.00559486348145668,1.0688375185238739,171.0,-302.59999999999997,150.00000000000034,244.2,0.0,-0.0,52.0294027397261,2.36,3.999999999997783,33.21059726027648,1.4497379631690448,3.1958958904156987,0.13951003537697304,2290.8
CNY,2026,6,CNY-2026-06,CRM6,2026-04-23,2026-06-18,56,40,LONG_QUARTERLY_SHORT_PERP,0.00954,0.0060611994520547415,1.5739458956042023,185.0,-443.6,277.000000000001,234.66,0.0,-0.0,51.087978082191846,2.36,3.999999999997783,10.612021917811369,0.463245238249143,-18.931967123282305,-0.82643474433745,2290.8
CNY,2026,6,CNY-2026-06,CRM6,2026-04-24,2026-06-18,55,39,LONG_QUARTERLY_SHORT_PERP,0.00698,0.005679655216016806,1.2289478382976806,165.0,-335.6000000000012,189.00000000000006,227.68,0.0,-0.0,50.1465534246576,2.36,3.999999999997783,24.573446575343468,1.072701526774204,-4.499830136983078,-0.1964305106069093,2290.8
CNY,2026,6,CNY-2026-06,CRM6,2026-04-27,2026-06-18,52,38,LONG_QUARTERLY_SHORT_PERP,0.00907,0.0060179547224224385,1.5071565703553524,175.0,-305.6000000000001,149.0000000000009,218.60999999999999,0.0,-0.0,47.32227945205485,2.36,3.999999999997783,8.327720547948182,0.3635289221210137,-19.333419178076994,-0.8439592796436612,2290.8
CNY,2026,6,CNY-2026-06,CRM6,2026-04-28,2026-06-18,51,37,LONG_QUARTERLY_SHORT_PERP,0.01118,0.006453303665309087,1.732445981133684,186.0,-366.6,198.99999999999983,207.43,0.0,-0.0,46.41223561643841,2.36,3.999999999997783,-12.942235616436378,-0.5649657594044167,-40.14835342465334,-1.7525909474704615,2290.8
CNY,2026,6,CNY-2026-06,CRM6,2026-04-29,2026-06-18,50,36,LONG_QUARTERLY_SHORT_PERP,0.01441,0.0060517275494672155,2.3811382588214225,166.0,-266.60000000000036,118.99999999999977,193.02,0.0,-0.0,45.50219178082197,2.36,3.999999999997783,-6.44219178082033,-0.2812201755203566,-33.19328767122907,-1.4489823498877716,2290.8
CNY,2026,6,CNY-2026-06,CRM6,2026-04-30,2026-06-18,49,35,LONG_QUARTERLY_SHORT_PERP,0.00475,0.005855775655577237,0.8111649556580844,154.0,-322.59999999999957,186.99999999999937,188.27,0.0,-0.0,44.592147945205525,2.36,3.999999999997783,1.7178520547965093,0.07498917647967998,-24.578221917804015,-1.072909984189105,2290.8
CNY,2026,6,CNY-2026-06,CRM6,2026-05-04,2026-06-18,45,33,LONG_QUARTERLY_SHORT_PERP,0.00581,0.006494302200082957,0.894630373056213,167.0,-376.5999999999998,227.99999999999977,182.46,0.0,-0.0,40.95197260273976,2.36,3.999999999997783,-13.451972602737555,-0.587217243004084,-37.92795890410522,-1.655664348878349,2290.8
CNY,2026,6,CNY-2026-06,CRM6,2026-05-05,2026-06-18,44,32,LONG_QUARTERLY_SHORT_PERP,0.0066,0.006637560273972535,0.9943412530474762,166.0,-409.60000000000105,262.00000000000045,175.85999999999999,0.0,-0.0,40.041928767123316,2.36,3.999999999997783,-18.141928767121705,-0.7919473008172562,-42.16289315068115,-1.840531392992891,2290.8
CNY,2026,6,CNY-2026-06,CRM6,2026-05-06,2026-06-18,43,31,LONG_QUARTERLY_SHORT_PERP,0.00588,0.005790060804242086,1.0155333767293118,134.0,-273.6000000000001,157.9999999999995,169.98,0.0,-0.0,39.131884931506875,2.36,3.999999999997783,8.888115068494741,0.3879917525971163,-14.677827397256486,-0.6407293258798885,2290.8
CNY,2026,6,CNY-2026-06,CRM6,2026-05-07,2026-06-18,42,30,LONG_QUARTERLY_SHORT_PERP,0.01047,0.006719394703196274,1.5581760653261882,157.0,-298.6000000000004,160.00000000000014,159.51,0.0,-0.0,38.22184109589043,2.36,3.999999999997783,-23.671841095888503,-1.0333438578613803,-46.78276164383151,-2.0422019226397548,2290.8
CNY,2026,6,CNY-2026-06,CRM6,2026-05-08,2026-06-18,41,29,LONG_QUARTERLY_SHORT_PERP,0.00369,0.006092130940009372,0.6056993909579894,133.0,-245.5999999999996,131.00000000000023,155.82,0.0,-0.0,37.31179726027399,2.36,3.999999999997783,-2.45179726027115,-0.1070279928527654,-25.107695890405942,-1.09602304393251,2290.8
CNY,2026,6,CNY-2026-06,CRM6,2026-05-11,2026-06-18,38,28,LONG_QUARTERLY_SHORT_PERP,0.00406,0.005533630919765087,0.7336954811168278,114.0,-128.60000000000048,32.999999999999474,151.76,0.0,-0.0,34.581665753424666,2.36,3.999999999997783,15.21833424657654,0.6643240023824226,-6.072498630133602,-0.2650820076014319,2290.8
CNY,2026,6,CNY-2026-06,CRM6,2026-05-12,2026-06-18,37,27,LONG_QUARTERLY_SHORT_PERP,0.00513,0.0061122822932520755,0.8392936965073571,125.0,-164.60000000000008,57.99999999999983,146.63,0.0,-0.0,33.671621917808224,2.36,3.999999999997783,-0.0016219178062617523,-7.080137097353553e-05,-20.837432876708185,-0.909613797656198,2290.8
CNY,2026,6,CNY-2026-06,CRM6,2026-05-13,2026-06-18,36,26,LONG_QUARTERLY_SHORT_PERP,0.00612,0.006350829926238061,0.9636535808832792,126.0,-126.59999999999982,19.000000000000128,140.51,0.0,-0.0,32.76157808219178,2.36,3.999999999997783,-6.21157808218927,-0.27115322516977775,-26.592367123282976,-1.160833207756372,2290.8
CNY,2026,6,CNY-2026-06,CRM6,2026-05-14,2026-06-18,35,25,LONG_QUARTERLY_SHORT_PERP,0.00799,0.006808461369862926,1.1735397420872584,132.0,-89.60000000000079,-23.999999999999133,132.52,0.0,-0.0,31.85153424657534,2.36,3.999999999997783,-19.291534246573036,-0.8421308820749535,-39.217301369858525,-1.711947850962918,2290.8
CNY,2026,6,CNY-2026-06,CRM6,2026-05-15,2026-06-18,34,24,LONG_QUARTERLY_SHORT_PERP,0.00404,0.005970895433789862,0.6766154331119681,106.0,-5.60000000000116,-81.99999999999896,128.48,0.0,-0.0,30.941490410958902,2.36,3.999999999997783,3.5785095890431826,0.15621222232596396,-15.892235616434085,-0.6937417328633703,2290.8
CNY,2026,6,CNY-2026-06,CRM6,2026-05-18,2026-06-18,31,23,LONG_QUARTERLY_SHORT_PERP,0.0045,0.006372667778439452,0.706140686515117,112.0,83.39999999999925,-176.9999999999996,123.98,0.0,-0.0,28.211358904109588,2.36,3.999999999997783,-4.191358904107716,-0.18296485525177736,-22.29703835616032,-0.9733297693452209,2290.8
CNY,2026,6,CNY-2026-06,CRM6,2026-05-19,2026-06-18,30,22,LONG_QUARTERLY_SHORT_PERP,0.00588,0.006620968866749588,0.888087547055126,112.0,343.39999999999907,-436.9999999999994,118.1,0.0,-0.0,27.30131506849315,2.36,3.999999999997783,-9.161315068491245,-0.3999177173254428,-26.81197260273563,-1.1704196177202562,2290.8
CNY,2026,6,CNY-2026-06,CRM6,2026-05-20,2026-06-18,29,21,LONG_QUARTERLY_SHORT_PERP,0.00711,0.007369108153946405,0.9648386007460558,122.0,226.39999999999992,-330.00000000000006,110.99,0.0,-0.0,26.39127123287671,2.36,3.999999999997783,-25.361271232874635,-1.107092335990686,-42.5569068493108,-1.857731222686869,2290.8
CNY,2026,6,CNY-2026-06,CRM6,2026-05-21,2026-06-18,28,20,LONG_QUARTERLY_SHORT_PERP,0.00616,0.006992061369862904,0.8809991323232309,108.0,265.39999999999964,-355.00000000000045,104.83,0.0,-0.0,25.481227397260273,2.36,3.999999999997783,-16.611227397258876,-0.7251277892988858,-33.35184109588682,-1.4559036622964385,2290.8
CNY,2026,6,CNY-2026-06,CRM6,2026-05-22,2026-06-18,27,19,LONG_QUARTERLY_SHORT_PERP,0.00514,0.007206904397981139,0.713204965149789,106.0,170.399999999999,-257.9999999999991,99.69,0.0,-0.0,24.571183561643835,2.36,3.999999999997783,-18.8411835616417,-0.8224717811088571,-35.12677534246142,-1.5333846404077798,2290.8
CNY,2026,6,CNY-2026-06,CRM6,2026-05-25,2026-06-18,24,18,LONG_QUARTERLY_SHORT_PERP,0.00519,0.007511169558599573,0.6909709545909458,107.0,95.39999999999971,-183.99999999999926,94.5,0.0,-0.0,21.84105205479452,2.36,3.999999999997783,-22.301052054791857,-0.9735049788192708,-37.221578082186916,-1.6248287970223028,2290.8
CNY,2026,6,CNY-2026-06,CRM6,2026-05-26,2026-06-18,23,17,LONG_QUARTERLY_SHORT_PERP,0.00468,0.006958294601127992,0.6725785940769649,91.0,247.39999999999895,-320.0000000000003,89.82,0.0,-0.0,20.931008219178082,2.36,3.999999999997783,-10.071008219177202,-0.4396284363181946,-24.536512328764044,-1.0710892408225965,2290.8
CNY,2026,6,CNY-2026-06,CRM6,2026-05-27,2026-06-18,22,16,LONG_QUARTERLY_SHORT_PERP,0.0062,0.007711310273972464,0.8040138160341568,97.0,237.39999999999918,-315.999999999999,83.62,0.0,-0.0,20.020964383561644,2.36,3.999999999997783,-21.360964383559217,-0.9324674517006817,-35.37144657533784,-1.5440652425064536,2290.8
CNY,2026,6,CNY-2026-06,CRM6,2026-05-28,2026-06-18,21,15,LONG_QUARTERLY_SHORT_PERP,0.00832,0.007298061369862866,1.1400287800205682,84.0,260.39999999999884,-326.0000000000005,75.3,0.0,-0.0,19.110920547945206,2.36,3.999999999997783,-15.770920547944662,-0.6884459816633779,-29.326380821915063,-1.2801807587705196,2290.8
CNY,2026,6,CNY-2026-06,CRM6,2026-05-29,2026-06-18,20,14,LONG_QUARTERLY_SHORT_PERP,0.00512,0.006325776908023325,0.8093867479749448,64.0,257.3999999999987,-302.99999999999903,70.18,0.0,-0.0,18.200876712328768,2.36,3.999999999997783,0.019123287673149747,0.0008347864358804673,-13.08131506848903,-0.5710369769726309,2290.8
CNY,2026,6,CNY-2026-06,CRM6,2026-06-01,2026-06-18,17,13,LONG_QUARTERLY_SHORT_PERP,0.00382,0.00637159578503671,0.5995358351154397,61.0,115.39999999999928,-157.9999999999995,66.36,0.0,-0.0,15.470745205479451,2.36,3.999999999997783,1.9292547945225582,0.08421751329328436,-9.80611780821496,-0.4280652090193364,2290.8
CNY,2026,6,CNY-2026-06,CRM6,2026-06-02,2026-06-18,16,12,LONG_QUARTERLY_SHORT_PERP,0.00559,0.007826725114155067,0.7142195386279985,73.0,-48.60000000000042,-6.000000000000227,60.77,0.0,-0.0,14.560701369863013,2.36,3.999999999997783,-14.75070136986144,-0.643910484104306,-26.031052054790738,-1.1363301927182965,2290.8
CNY,2026,6,CNY-2026-06,CRM6,2026-06-03,2026-06-18,15,11,LONG_QUARTERLY_SHORT_PERP,0.00498,0.007182787048567669,0.6933241882749496,59.0,-109.60000000000036,69.00000000000084,55.79,0.0,-0.0,13.650657534246575,2.36,3.999999999997783,-4.8206575342438835,-0.21043554802880582,-15.64598630136496,-0.6829922429441662,2290.8
CNY,2026,6,CNY-2026-06,CRM6,2026-06-04,2026-06-18,14,10,LONG_QUARTERLY_SHORT_PERP,0.00767,0.0075100613698627925,1.021296580981219,56.0,-68.6,31.000000000000583,48.12,0.0,-0.0,12.740613698630137,2.36,3.999999999997783,-8.580613698627333,-0.3745684345480763,-18.95092054794019,-0.8272621157648066,2290.8
CNY,2026,6,CNY-2026-06,CRM6,2026-06-05,2026-06-18,13,9,LONG_QUARTERLY_SHORT_PERP,0.0046,0.007243396651445721,0.6350611765934258,47.0,-105.6000000000008,76.99999999999996,43.52,0.0,-0.0,11.830569863013698,2.36,3.999999999997783,-3.270569863012325,-0.14276976877127312,-13.18585479451696,-0.5756004362893731,2290.8
CNY,2026,6,CNY-2026-06,CRM6,2026-06-08,2026-06-18,10,8,LONG_QUARTERLY_SHORT_PERP,0.00522,0.00780755479452027,0.6685832040094877,47.0,57.39999999999945,-86.0000000000003,38.3,0.0,-0.0,9.100438356164384,2.36,3.999999999997783,-5.760438356163016,-0.2514596802934789,-14.31065753424299,-0.6247013067156884,2290.8
CNY,2026,6,CNY-2026-06,CRM6,2026-06-09,2026-06-18,9,7,LONG_QUARTERLY_SHORT_PERP,0.00619,0.007650056360077961,0.8091443655634608,39.0,191.3999999999998,-211.99999999999974,32.11,0.0,-0.0,8.190394520547946,2.36,3.999999999997783,-3.0403945205456666,-0.1327219539263867,-11.135591780817421,-0.486100566649966,2290.8
CNY,2026,6,CNY-2026-06,CRM6,2026-06-10,2026-06-18,8,6,LONG_QUARTERLY_SHORT_PERP,0.00893,0.009273391780821549,0.9629702067013148,42.0,175.39999999999978,-198.99999999999983,23.18,0.0,-0.0,7.2803506849315065,2.36,3.999999999997783,-14.060350684929341,-0.6137746937720159,-21.700526027392876,-0.9472902927969649,2290.8
CNY,2026,6,CNY-2026-06,CRM6,2026-06-11,2026-06-18,7,5,LONG_QUARTERLY_SHORT_PERP,0.00446,0.0067460613698625705,0.6611265085616703,21.0,188.3999999999997,-190.99999999999895,18.72,0.0,-0.0,6.370306849315068,2.36,3.999999999997783,3.3896931506878936,0.1479698424431593,-3.795460273967425,-0.16568274288315982,2290.8
CNY,2026,9,CNY-2026-09,CRU6,2026-06-19,2026-09-17,90,64,LONG_QUARTERLY_SHORT_PERP,0.00233,0.00504817153253421,0.4615532544771368,237.0,1540.5999999999995,-1769.9999999999995,250.98,0.0,-0.0,79.72297808219166,2.36,3.999999999997783,-64.50297808218954,-2.8157402689972733,-108.36446712328318,-4.7304202515838645,2290.8
CNY,2026,9,CNY-2026-09,CRU6,2026-06-22,2026-09-17,87,63,LONG_QUARTERLY_SHORT_PERP,0.004,0.005323061056751431,0.7514473265202651,252.0,1354.5999999999997,-1599.0000000000002,246.98,0.0,-0.0,76.99284657534234,2.36,3.999999999997783,-80.77284657534068,-3.525966761626535,-123.26926986300968,-5.3810577031172375,2290.8
CNY,2026,9,CNY-2026-09,CRU6,2026-06-23,2026-09-17,86,62,LONG_QUARTERLY_SHORT_PERP,0.00346,0.004926749889527139,0.702288542666834,223.0,1420.6000000000004,-1635.9999999999993,243.52,0.0,-0.0,76.09849315068482,2.36,3.999999999997783,-54.33849315068154,-2.3720313056871634,-96.38773972602178,-4.20760169923266,2290.8
CNY,2026,9,CNY-2026-09,CRU6,2026-06-24,2026-09-17,85,61,LONG_QUARTERLY_SHORT_PERP,0.00508,0.005140395733213526,0.9882507619358385,232.0,1385.6000000000001,-1609.9999999999995,238.44,0.0,-0.0,75.20413972602728,2.36,3.999999999997783,-67.52413972602447,-2.9476226526115097,-109.12620958903595,-4.763672498211801,2290.8
CNY,2026,9,CNY-2026-09,CRU6,2026-06-25,2026-09-17,84,60,LONG_QUARTERLY_SHORT_PERP,0.00835,0.005794496438356125,1.4410225442072857,267.0,1150.6000000000008,-1410.0000000000002,230.09,0.0,-0.0,74.30978630136975,2.36,3.999999999997783,-109.97978630136694,-4.8009335734838015,-151.13467945204968,-6.597462871138888,2290.8
CNY,2026,9,CNY-2026-09,CRU6,2026-06-26,2026-09-17,83,59,LONG_QUARTERLY_SHORT_PERP,0.00446,0.00572500733689339,0.7790383029308341,258.0,845.5999999999992,-1096.0,225.63,0.0,-0.0,73.41543287671222,2.36,3.999999999997783,-104.54543287671078,-4.5637084370835845,-145.25314931506477,-6.340717186793468,2290.8
CNY,2026,9,CNY-2026-09,CRU6,2026-06-29,2026-09-17,80,58,LONG_QUARTERLY_SHORT_PERP,0.0038,0.0052084891828058175,0.7295781687604345,225.0,982.5999999999997,-1199.9999999999993,221.83,0.0,-0.0,70.73237260273963,2.36,3.999999999997783,-72.66237260273704,-3.171921276529467,-112.02855890410471,-4.890368382403733,2290.8
CNY,2026,9,CNY-2026-09,CRU6,2026-06-30,2026-09-17,79,57,LONG_QUARTERLY_SHORT_PERP,0.0048,0.006056105599615437,0.7925885572908107,269.0,703.5999999999998,-964.9999999999999,217.03,0.0,-0.0,69.83801917808209,2.36,3.999999999997783,-120.56801917807996,-5.263140351758336,-159.4870287671189,-6.962066909687397,2290.8
CNY,2026,9,CNY-2026-09,CRU6,2026-07-01,2026-09-17,78,56,LONG_QUARTERLY_SHORT_PERP,0.00493,0.005344708317025399,0.9224076801900754,224.0,894.6000000000005,-1111.0000000000007,212.1,0.0,-0.0,68.94366575342457,2.36,3.999999999997783,-79.60366575342256,-3.474928660442752,-118.07549863013271,-5.154334670426606,2290.8
CNY,2026,9,CNY-2026-09,CRU6,2026-07-02,2026-09-17,77,55,LONG_QUARTERLY_SHORT_PERP,0.0076,0.00529835113325027,1.4344085185871374,217.0,908.5999999999999,-1118.0000000000002,204.5,0.0,-0.0,68.04931232876703,2.36,3.999999999997783,-79.30931232876513,-3.462079287967746,-117.33396849314653,-5.121964750006396,2290.8
CNY,2026,9,CNY-2026-09,CRU6,2026-07-03,2026-09-17,76,54,LONG_QUARTERLY_SHORT_PERP,0.00274,0.005528054794520505,0.49565355298502667,225.0,871.6000000000008,-1089.0000000000005,201.76,0.0,-0.0,67.1549589041095,2.36,3.999999999997783,-89.15495890410693,-3.8918700412129787,-126.73243835615956,-5.532234955306423,2290.8
CNY,2026,9,CNY-2026-09,CRU6,2026-07-06,2026-09-17,73,53,LONG_QUARTERLY_SHORT_PERP,0.00487,0.00531758299302141,0.9158296177777008,211.0,1186.6000000000004,-1390.0000000000005,196.89,0.0,-0.0,64.47189863013692,2.36,3.999999999997783,-77.3418986301348,-3.376196028904086,-113.57784794520113,-4.957999299161914,2290.8
CNY,2026,9,CNY-2026-09,CRU6,2026-07-07,2026-09-17,72,52,LONG_QUARTERLY_SHORT_PERP,0.00334,0.0049987989462591765,0.668160499333439,190.0,1133.5999999999995,-1316.0000000000007,193.55,0.0,-0.0,63.57754520547938,2.36,3.999999999997783,-58.78754520547838,-2.566245207153762,-94.57631780821595,-4.128527929466384,2290.8
CNY,2026,9,CNY-2026-09,CRU6,2026-07-08,2026-09-17,71,51,LONG_QUARTERLY_SHORT_PERP,0.00363,0.004530258662369013,0.8012787504062209,162.0,1224.6000000000006,-1378.9999999999995,189.92,0.0,-0.0,62.68319178082185,2.36,3.999999999997783,-33.5231917808186,-1.463383611874393,-68.86478767122739,-3.0061457862418104,2290.8
CNY,2026,9,CNY-2026-09,CRU6,2026-07-09,2026-09-17,70,50,LONG_QUARTERLY_SHORT_PERP,0.00692,0.005102976767123242,1.3560712336734955,187.0,1150.6000000000008,-1330.0,183.0,0.0,-0.0,61.78883835616432,2.36,3.999999999997783,-64.54883835616128,-2.8177422016833105,-99.44325753424131,-4.340983828105522,2290.8
CNY,2026,9,CNY-2026-09,CRU6,2026-07-10,2026-09-17,69,49,LONG_QUARTERLY_SHORT_PERP,0.0048,0.005270499692479685,0.9107295854412008,191.0,1070.6000000000006,-1253.9999999999995,178.2,0.0,-0.0,60.89448493150679,2.36,3.999999999997783,-72.45448493150353,-3.1628463825521007,-106.9017273972548,-4.666567461029107,2290.8
CNY,2026,9,CNY-2026-09,CRU6,2026-07-13,2026-09-17,66,48,LONG_QUARTERLY_SHORT_PERP,0.00414,0.004928571347031917,0.8400000138971692,172.0,1081.6,-1246.0000000000005,174.06,0.0,-0.0,58.211424657534195,2.36,3.999999999997783,-54.91142465753252,-2.3970414116261796,-88.01713698629749,-3.84220084626757,2290.8
CNY,2026,9,CNY-2026-09,CRU6,2026-07-14,2026-09-17,65,47,LONG_QUARTERLY_SHORT_PERP,0.00433,0.005248448324103712,0.8250057412424733,183.0,929.6000000000006,-1105.0000000000005,169.73,0.0,-0.0,57.317071232876664,2.36,3.999999999997783,-69.34707123287433,-3.027198848999228,-102.00560684931052,-4.452837735695413,2290.8
CNY,2026,9,CNY-2026-09,CRU6,2026-07-15,2026-09-17,64,46,LONG_QUARTERLY_SHORT_PERP,0.00477,0.005234406908874281,0.9112780269170635,178.0,969.5999999999998,-1140.0000000000005,164.96,0.0,-0.0,56.42271780821913,2.36,3.999999999997783,-68.22271780821757,-2.9781175924662806,-100.434076712325,-4.38423593121726,2290.8
CNY,2026,9,CNY-2026-09,CRU6,2026-07-16,2026-09-17,63,45,LONG_QUARTERLY_SHORT_PERP,0.00684,0.005286408097412431,1.2938842166475977,176.0,829.600000000001,-997.9999999999993,158.12,0.0,-0.0,55.5283643835616,2.36,3.999999999997783,-72.16836438355766,-3.1503563987933325,-103.93254657533632,-4.536954189599106,2290.8
CNY,2026,9,CNY-2026-09,CRU6,2026-07-17,2026-09-17,62,44,LONG_QUARTERLY_SHORT_PERP,0.00334,0.004977136612702315,0.6710685801703484,158.0,859.6000000000004,-1009.9999999999998,154.78,0.0,-0.0,54.63401095890407,2.36,3.999999999997783,-56.61401095890126,-2.471364194120013,-87.93101643835116,-3.8384414369805815,2290.8
CNY,2026,9,CNY-2026-09,CRU6,2026-07-20,2026-09-17,59,43,LONG_QUARTERLY_SHORT_PERP,0.00369,0.005146766294998355,0.7169550332188105,163.0,783.5999999999999,-939.0,151.09,0.0,-0.0,51.95095068493148,2.36,3.999999999997783,-62.62095068492935,-2.7335843672485307,-92.59642602739295,-4.042099966273483,2290.8
CNY,2026,9,CNY-2026-09,CRU6,2026-07-21,2026-09-17,58,42,LONG_QUARTERLY_SHORT_PERP,0.00378,0.004938490410958851,0.7654160857763171,150.0,840.6000000000003,-983.0000000000006,147.31,0.0,-0.0,51.056597260273946,2.36,3.999999999997783,-52.506597260272045,-2.292063788208139,-82.03489589040687,-3.581058839287885,2290.8
CNY,2026,9,CNY-2026-09,CRU6,2026-07-22,2026-09-17,57,41,LONG_QUARTERLY_SHORT_PERP,0.0034,0.004939566922819859,0.6883194525197436,146.0,894.6000000000005,-1032.9999999999995,143.91,0.0,-0.0,50.16224383561641,2.36,3.999999999997783,-51.01224383561326,-2.2268309689022723,-80.09336575341933,-3.496305472036813,2290.8
CNY,2026,9,CNY-2026-09,CRU6,2026-07-23,2026-09-17,56,40,LONG_QUARTERLY_SHORT_PERP,0.00497,0.005240697260273917,0.9483470906961398,154.0,865.6000000000006,-1012.0000000000005,138.94,0.0,-0.0,49.26789041095888,2.36,3.999999999997783,-63.087890410956525,-2.753967627508142,-91.72183561643384,-4.003921582697478,2290.8
CNY,2026,9,CNY-2026-09,CRU6,2026-07-24,2026-09-17,55,39,LONG_QUARTERLY_SHORT_PERP,0.00088,0.004839321461187158,0.18184367520485464,134.0,983.6000000000009,-1109.9999999999995,138.06,0.0,-0.0,48.373536986301346,2.36,3.999999999997783,-43.07353698629774,-1.8802836121135733,-71.26030547944627,-3.110717019357703,2290.8
CNY,2026,9,CNY-2026-09,CRU6,2026-07-27,2026-09-17,52,38,LONG_QUARTERLY_SHORT_PERP,0.00193,0.005001328334534909,0.3858974798101268,138.0,899.5999999999995,-1029.9999999999993,136.13,0.0,-0.0,45.69047671232875,2.36,3.999999999997783,-46.3204767123264,-2.022021857531273,-73.16571506848865,-3.1938936209397877,2290.8
CNY,2026,9,CNY-2026-09,CRU6,2026-07-28,2026-09-17,51,37,LONG_QUARTERLY_SHORT_PERP,0.00229,0.005572211181043998,0.4109679130235244,155.0,764.5999999999997,-912.0000000000008,133.84,0.0,-0.0,44.811813698630125,2.36,3.999999999997783,-64.73181369862903,-2.8257296009528994,-91.13772054794195,-3.9784232821696324,2290.8
CNY,2026,9,CNY-2026-09,CRU6,2026-07-29,2026-09-17,50,36,LONG_QUARTERLY_SHORT_PERP,0.00397,0.005563698630136925,0.7135541056260081,150.0,644.6000000000005,-787.0000000000008,129.87,0.0,-0.0,43.9331506849315,2.36,3.999999999997783,-62.823150684929594,-2.7424109780395316,-88.78972602739321,-3.875926577064484,2290.8
CNY,2026,9,CNY-2026-09,CRU6,2026-07-30,2026-09-17,49,35,LONG_QUARTERLY_SHORT_PERP,0.00525,0.005440413933463733,0.9650001018686271,141.0,690.5999999999999,-823.9999999999999,124.62,0.0,-0.0,43.05448767123287,2.36,3.999999999997783,-58.194487671230625,-2.5403565423097003,-83.72173150684493,-3.6546940591428725,2290.8
CNY,2026,9,CNY-2026-09,CRU6,2026-07-31,2026-09-17,48,34,LONG_QUARTERLY_SHORT_PERP,0.00223,0.005309877195809765,0.4199720478959065,132.0,719.5999999999998,-843.9999999999994,122.39,0.0,-0.0,42.17582465753424,2.36,3.999999999997783,-50.54582465753166,-2.206470432055686,-75.63373698629665,-3.301629866697078,2290.8
CNY,2026,9,CNY-2026-09,CRU6,2026-08-03,2026-09-17,45,33,LONG_QUARTERLY_SHORT_PERP,0.00287,0.005118176836861702,0.5607465493044179,123.0,528.6000000000008,-644.0000000000001,119.52,0.0,-0.0,39.53983561643836,2.36,3.999999999997783,-41.77983561643544,-1.8238098313443092,-65.54975342465247,-2.861435019410357,2290.8
CNY,2026,9,CNY-2026-09,CRU6,2026-08-04,2026-09-17,44,32,LONG_QUARTERLY_SHORT_PERP,0.00287,0.005250661643835548,0.5465977803710654,123.0,514.5999999999997,-630.0000000000008,116.65,0.0,-0.0,38.66117260273973,2.36,3.999999999997783,-43.77117260273862,-1.91073741063116,-67.10175890410633,-2.929184516505427,2290.8
CNY,2026,9,CNY-2026-09,CRU6,2026-08-05,2026-09-17,43,31,LONG_QUARTERLY_SHORT_PERP,0.00361,0.005262661599646416,0.6859646837719047,119.0,480.6000000000008,-592.0000000000006,113.04,0.0,-0.0,37.782509589041105,2.36,3.999999999997783,-42.50250958903863,-1.8553566260275287,-65.39376438355701,-2.854625649710014,2290.8
CNY,2026,9,CNY-2026-09,CRU6,2026-08-06,2026-09-17,42,30,LONG_QUARTERLY_SHORT_PERP,0.00707,0.005842128219178009,1.2101754249061574,132.0,366.6,-490.99999999999966,105.97,0.0,-0.0,36.90384657534248,2.36,3.999999999997783,-61.6938465753399,-2.6931136098891173,-84.14576986300897,-3.673204551379822,2290.8
CNY,2026,9,CNY-2026-09,CRU6,2026-08-07,2026-09-17,41,29,LONG_QUARTERLY_SHORT_PERP,0.00253,0.005392592536608332,0.4691620927827865,114.0,237.60000000000048,-343.99999999999943,103.44,0.0,-0.0,36.02518356164385,2.36,3.999999999997783,-45.34518356164059,-1.979447510111777,-67.35777534246033,-2.9403603694107003,2290.8
CNY,2026,9,CNY-2026-09,CRU6,2026-08-10,2026-09-17,38,28,LONG_QUARTERLY_SHORT_PERP,0.0025,0.005312471232876634,0.4705907835375294,109.0,296.59999999999974,-397.99999999999966,100.94,0.0,-0.0,33.38919452054797,2.36,3.999999999997783,-40.20919452054567,-1.7552468360636313,-60.90379178081745,-2.6586254487872116,2290.8
CNY,2026,9,CNY-2026-09,CRU6,2026-08-11,2026-09-17,37,27,LONG_QUARTERLY_SHORT_PERP,0.00388,0.00558779746321656,0.6943701924669469,112.0,230.60000000000082,-335.00000000000085,97.06,0.0,-0.0,32.51053150684934,2.36,3.999999999997783,-46.210531506847154,-2.017222433510003,-66.46579726026961,-2.901422964041802,2290.8
CNY,2026,9,CNY-2026-09,CRU6,2026-08-12,2026-09-17,36,26,LONG_QUARTERLY_SHORT_PERP,0.00461,0.0060766103266595576,0.7586466388629227,120.0,174.59999999999985,-287.0000000000008,92.45,0.0,-0.0,31.631868493150712,2.36,3.999999999997783,-57.941868493149435,-2.5293289895734863,-77.75780273972258,-3.394351437913505,2290.8
CNY,2026,9,CNY-2026-09,CRU6,2026-08-13,2026-09-17,35,25,LONG_QUARTERLY_SHORT_PERP,0.0059,0.006044528219177995,0.9760894127817226,114.0,18.599999999999284,-125.0,86.55,0.0,-0.0,30.75320547945208,2.36,3.999999999997783,-56.96320547945058,-2.486607537954015,-76.3398082191744,-3.3324519041022524,2290.8
CNY,2026,9,CNY-2026-09,CRU6,2026-08-14,2026-09-17,34,24,LONG_QUARTERLY_SHORT_PERP,0.00123,0.005676439269406302,0.21668513334216388,100.0,-44.39999999999955,-48.00000000000004,85.32000000000001,0.0,-0.0,29.87454246575345,2.36,3.999999999997783,-43.31454246575082,-1.8908041935459585,-62.25181369862532,-2.7174704775024145,2290.8
CNY,2026,9,CNY-2026-09,CRU6,2026-08-17,2026-09-17,31,23,LONG_QUARTERLY_SHORT_PERP,0.00332,0.005678197974985015,0.584692540595815,97.0,-129.4000000000004,39.99999999999915,82.0,0.0,-0.0,27.238553424657557,2.36,3.999999999997783,-40.99855342465659,-1.7897046195502264,-58.617830136983144,-2.55883665693134,2290.8
CNY,2026,9,CNY-2026-09,CRU6,2026-08-18,2026-09-17,30,22,LONG_QUARTERLY_SHORT_PERP,0.0021,0.005714540473225305,0.36748361654611805,93.0,-94.40000000000026,9.000000000000341,79.9,0.0,-0.0,26.359890410958926,2.36,3.999999999997783,-38.21989041095662,-1.668407997684504,-55.399835616433855,-2.4183619528738367,2290.8
CNY,2026,9,CNY-2026-09,CRU6,2026-08-19,2026-09-17,29,21,LONG_QUARTERLY_SHORT_PERP,0.00099,0.00504005844748848,0.19642629352707774,74.0,84.60000000000001,-150.9999999999998,78.91,0.0,-0.0,25.481227397260295,2.36,3.999999999997783,-19.331227397257873,-0.8438636021153252,-36.07184109588579,-1.5746394751128772,2290.8
CNY,2026,9,CNY-2026-09,CRU6,2026-08-20,2026-09-17,28,20,LONG_QUARTERLY_SHORT_PERP,0.00371,0.005548128219177972,0.6686939907365165,80.0,189.60000000000042,-262.00000000000045,75.2,0.0,-0.0,24.602564383561663,2.36,3.999999999997783,-28.162564383559477,-1.2293768283376758,-44.463846575338074,-1.9409746191434465,2290.8
CNY,2026,9,CNY-2026-09,CRU6,2026-08-21,2026-09-17,27,19,LONG_QUARTERLY_SHORT_PERP,0.00433,0.005793889545782148,0.7473390657148729,80.0,170.6000000000003,-243.00000000000034,70.87,0.0,-0.0,23.723901369863032,2.36,3.999999999997783,-31.613901369860844,-1.380037601268589,-47.475852054790124,-2.072457309882579,2290.8
CNY,2026,9,CNY-2026-09,CRU6,2026-08-24,2026-09-17,24,18,LONG_QUARTERLY_SHORT_PERP,0.00458,0.006191550684931385,0.7397177594211612,84.0,12.600000000000833,-89.00000000000041,66.29,0.0,-0.0,21.08791232876714,2.36,3.999999999997783,-37.557912328764495,-1.639510752958115,-52.10186849314582,-2.2743962149967616,2290.8
CNY,2026,9,CNY-2026-09,CRU6,2026-08-25,2026-09-17,23,17,LONG_QUARTERLY_SHORT_PERP,0.00454,0.006327602900886252,0.7174912950627989,81.0,15.600000000000946,-89.00000000000041,61.75,0.0,-0.0,20.209249315068508,2.36,3.999999999997783,-38.21924931506576,-1.6683800120074102,-52.32387397259777,-2.2840873918542766,2290.8
CNY,2026,9,CNY-2026-09,CRU6,2026-08-26,2026-09-17,22,16,LONG_QUARTERLY_SHORT_PERP,0.00505,0.0075431616438354785,0.6694805491974346,95.0,-96.39999999999915,9.000000000000341,56.7,0.0,-0.0,19.330586301369877,2.36,3.999999999997783,-56.39058630136647,-2.461611066062793,-70.05587945204917,-3.0581403637178783,2290.8
CNY,2026,9,CNY-2026-09,CRU6,2026-08-27,2026-09-17,21,15,LONG_QUARTERLY_SHORT_PERP,0.00486,0.007720794885844602,0.6294688658172207,91.0,-316.3999999999998,233.00000000000054,51.84,0.0,-0.0,18.451923287671246,2.36,3.999999999997783,-56.371923287668295,-2.4607963719079926,-69.59788493150168,-3.0381475873712973,2290.8
CNY,2026,9,CNY-2026-09,CRU6,2026-08-28,2026-09-17,20,14,LONG_QUARTERLY_SHORT_PERP,0.00311,0.006852375733855028,0.45385719067252134,72.0,-389.4000000000002,324.9999999999993,48.730000000000004,0.0,-0.0,17.573260273972615,2.36,3.999999999997783,-39.60326027397128,-1.728796065739972,-52.38989041095535,-2.286969199011496,2290.8
CNY,2026,9,CNY-2026-09,CRU6,2026-08-31,2026-09-17,17,13,LONG_QUARTERLY_SHORT_PERP,0.00234,0.006792097787144193,0.3445180080341389,67.0,-221.39999999999915,162.0000000000008,46.39,0.0,-0.0,14.937271232876721,2.36,3.999999999997783,-34.307271232872864,-1.4976109321142335,-45.775906849308996,-1.9982498188104152,2290.8
CNY,2026,9,CNY-2026-09,CRU6,2026-09-01,2026-09-17,16,12,LONG_QUARTERLY_SHORT_PERP,0.00304,0.006951550684931323,0.4373124987191305,63.0,-403.3999999999995,348.00000000000074,43.35,0.0,-0.0,14.05860821917809,2.36,3.999999999997783,-32.468608219174655,-1.4173480102660492,-43.49791232876147,-1.89880881477045,2290.8
CNY,2026,9,CNY-2026-09,CRU6,2026-09-02,2026-09-17,15,11,LONG_QUARTERLY_SHORT_PERP,0.00338,0.007139995018679749,0.47338968600919185,59.0,-457.3999999999998,406.00000000000057,39.97,0.0,-0.0,13.17994520547946,2.36,3.999999999997783,-30.96994520547648,-1.3519270650199267,-41.55991780821399,-1.8142097873325471,2290.8
CNY,2026,9,CNY-2026-09,CRU6,2026-09-03,2026-09-17,14,10,LONG_QUARTERLY_SHORT_PERP,0.00485,0.007366128219177861,0.6584191661737476,55.0,-376.4000000000003,329.0000000000006,35.12,0.0,-0.0,12.301282191780828,2.36,3.999999999997783,-30.941282191778306,-1.350675842141536,-41.091923287666496,-1.7937804822623753,2290.8
CNY,2026,9,CNY-2026-09,CRU6,2026-09-04,2026-09-17,13,9,LONG_QUARTERLY_SHORT_PERP,0.00279,0.005420291019786665,0.5147325097149138,31.0,-230.3999999999995,207.00000000000074,32.33,0.0,-0.0,11.422619178082197,2.36,3.999999999997783,-8.852619178078736,-0.38644225502351737,-18.563928767117613,-0.8103688129525759,2290.8
CNY,2026,9,CNY-2026-09,CRU6,2026-09-07,2026-09-17,10,8,LONG_QUARTERLY_SHORT_PERP,0.00242,0.00651832876712301,0.37126080724954186,37.0,-348.3999999999998,318.9999999999991,29.91,0.0,-0.0,8.786630136986304,2.36,3.999999999997783,-14.636630136984802,-0.6389309471357081,-23.029945205475734,-1.0053232584894243,2290.8
CNY,2026,9,CNY-2026-09,CRU6,2026-09-08,2026-09-17,9,7,LONG_QUARTERLY_SHORT_PERP,0.00278,0.006466852446183637,0.4298845571527761,31.0,-210.39999999999992,186.99999999999937,27.13,0.0,-0.0,7.907967123287673,2.36,3.999999999997783,-10.537967123286002,-0.4600125337561551,-18.491950684927623,-0.8072267629180906,2290.8
CNY,2026,9,CNY-2026-09,CRU6,2026-09-09,2026-09-17,8,6,LONG_QUARTERLY_SHORT_PERP,0.00256,0.004564884018264471,0.5608028571497617,14.0,-91.40000000000015,84.99999999999908,24.57,0.0,-0.0,7.0293041095890425,2.36,3.999999999997783,4.780695890412105,0.2086911074913613,-2.733956164380201,-0.11934503947879348,2290.8
CNY,2026,9,CNY-2026-09,CRU6,2026-09-10,2026-09-17,7,5,LONG_QUARTERLY_SHORT_PERP,0.00561,0.00710212821917764,0.7899040719726103,23.0,43.59999999999964,-58.999999999999275,18.96,0.0,-0.0,6.150641095890412,2.36,3.999999999997783,-8.95064109588783,-0.3907211932900222,-16.02596164383082,-0.699579258068396,2290.8
CNY,2026,9,CNY-2026-09,CRU6,2026-09-11,2026-09-17,6,4,LONG_QUARTERLY_SHORT_PERP,0.00257,0.007657994520547391,0.33559700168292844,19.0,57.60000000000076,-69.00000000000084,16.39,0.0,-0.0,5.271978082191782,2.36,3.999999999997783,-6.641978082189642,-0.28994142143310814,-13.277967123283316,-0.5796214040197012,2290.8
USD,2025,3,USD-2025-03,SiH5,2025-01-03,2025-03-20,76,54,LONG_QUARTERLY_SHORT_PERP,0.10168,0.10288305927955373,0.9883065366837045,4349.0,-21633.0,17280.0,4886.36,0.0,-0.0,1166.7652010958911,15.92,24.000000000010232,-673.3252010959017,-2.523372839945156,-1280.7078016438552,-4.799617298318946,26683.54
USD,2025,3,USD-2025-03,SiH5,2025-01-06,2025-03-20,73,53,LONG_QUARTERLY_SHORT_PERP,0.10168,0.07670997509433983,1.3255120976763637,2905.0,-20189.0,17280.0,4784.68,0.0,-0.0,1120.7086800000006,15.92,24.000000000010232,715.0513199999895,2.6797468401868323,130.69697999998093,0.48980375167605544,26683.54
USD,2025,3,USD-2025-03,SiH5,2025-01-08,2025-03-20,71,51,LONG_QUARTERLY_SHORT_PERP,0.10168,0.06544949671770099,1.5535642762628055,2208.0,-19492.0,17280.0,4683.0,0.0,-0.0,1090.0043326027403,15.92,24.000000000010232,1341.0756673972494,5.025853643846541,772.0735010958709,2.893444801911107,26683.54
USD,2025,3,USD-2025-03,SiH5,2025-01-09,2025-03-20,70,50,LONG_QUARTERLY_SHORT_PERP,0.10168,0.07031144317808241,1.446137291514105,2401.0,-20295.0,17890.0,4581.32,0.0,-0.0,1074.6521589041101,15.92,24.000000000010232,1061.7478410958793,3.979036668657454,500.4217616438158,1.8753949500096905,26683.54
USD,2025,3,USD-2025-03,SiH5,2025-01-10,2025-03-20,69,49,LONG_QUARTERLY_SHORT_PERP,0.10229,0.09429020377970387,1.0848422837115355,3521.0,-21035.0,17509.999999999993,4479.03,0.0,-0.0,1059.29998520548,15.92,24.000000000010232,-145.18998520549775,-0.5441181537588257,-698.8399778082463,-2.6189927491189184,26683.54
USD,2025,3,USD-2025-03,SiH5,2025-01-13,2025-03-20,66,48,LONG_QUARTERLY_SHORT_PERP,0.10191,0.08700340550228333,1.1713334600141079,3123.0,-21437.0,18309.99999999999,4377.12,0.0,-0.0,1013.2434641095896,15.92,24.000000000010232,196.95653589038918,0.7381199641816234,-333.66519616441445,-1.2504532613154566,26683.54
USD,2025,3,USD-2025-03,SiH5,2025-01-14,2025-03-20,65,47,LONG_QUARTERLY_SHORT_PERP,0.10271,0.07591087851938233,1.3530340051824725,2530.0,-21574.0,19039.999999999993,4274.41,0.0,-0.0,997.8912904109594,15.92,24.000000000010232,702.598709589023,2.633079080170858,179.6530643835343,0.6732729779614486,26683.54
USD,2025,3,USD-2025-03,SiH5,2025-01-15,2025-03-20,64,46,LONG_QUARTERLY_SHORT_PERP,0.10344,0.09800998079809432,1.0554027167201656,3486.0,-21900.0,18409.999999999996,4170.97,0.0,-0.0,982.5391167123292,15.92,24.000000000010232,-341.4891167123429,-1.279774410413097,-856.7586750685165,-3.210813389334835,26683.54
USD,2025,3,USD-2025-03,SiH5,2025-01-16,2025-03-20,63,45,LONG_QUARTERLY_SHORT_PERP,0.10281,0.10600237651141577,0.9698839156585138,3763.0,-21747.0,17979.99999999999,4068.16,0.0,-0.0,967.1869430136991,15.92,24.000000000010232,-705.9469430137203,-2.645627015807199,-1213.5404145205791,-4.547898871441268,26683.54
USD,2025,3,USD-2025-03,SiH5,2025-01-17,2025-03-20,62,44,LONG_QUARTERLY_SHORT_PERP,0.10238,0.08597169930261543,1.190857000972242,2791.0,-20805.0,18009.999999999993,3965.7799999999997,0.0,-0.0,951.8347693150689,15.92,24.000000000010232,179.02523068491334,0.6709200903812362,-320.8921539726304,-1.2025846419651605,26683.54
USD,2025,3,USD-2025-03,SiH5,2025-01-20,2025-03-20,59,43,LONG_QUARTERLY_SHORT_PERP,0.10241,0.08466740112137648,1.2095564366406888,2695.0,-20259.0,17559.99999999999,3863.37,0.0,-0.0,905.7782482191784,15.92,24.000000000010232,218.67175178080035,0.8195005302175061,-258.21737232879843,-0.9677028322658778,26683.54
USD,2025,3,USD-2025-03,SiH5,2025-01-21,2025-03-20,58,42,LONG_QUARTERLY_SHORT_PERP,0.10196,0.0931034779647752,1.0951255767112757,2980.0,-18514.0,15530.000000000002,3761.41,0.0,-0.0,890.4260745205482,15.92,24.000000000010232,-152.9360745205568,-0.573147620295346,-622.1491117808406,-2.331583859491059,26683.54
USD,2025,3,USD-2025-03,SiH5,2025-01-22,2025-03-20,57,41,LONG_QUARTERLY_SHORT_PERP,0.09993,0.11878033904443727,0.8413008483046583,3955.0,-17839.0,13879.999999999996,3661.48,0.0,-0.0,875.0739008219181,15.92,24.000000000010232,-1212.5139008219319,-4.544051879255646,-1674.0508512329009,-6.273720995163688,26683.54
USD,2025,3,USD-2025-03,SiH5,2025-01-23,2025-03-20,56,40,LONG_QUARTERLY_SHORT_PERP,0.09828,0.12011604317808244,0.8182087704495177,3905.0,-18609.0,14699.999999999989,3563.2,0.0,-0.0,859.7217271232879,15.92,24.000000000010232,-1245.4417271233094,-4.667453145734447,-1699.3025906849632,-6.3683551383548185,26683.54
USD,2025,3,USD-2025-03,SiH5,2025-01-24,2025-03-20,55,39,LONG_QUARTERLY_SHORT_PERP,0.0991,0.12685357829294022,0.7812156451050243,4063.0,-17927.0,13860.0,3464.1,0.0,-0.0,844.3695534246577,15.92,24.000000000010232,-1487.189553424668,-5.573434234830416,-1933.374330137007,-7.245569104163117,26683.54
USD,2025,3,USD-2025-03,SiH5,2025-01-27,2025-03-20,52,38,LONG_QUARTERLY_SHORT_PERP,0.09826,0.1509271850612836,0.6510424212848187,4897.0,-17631.0,12729.999999999989,3365.84,0.0,-0.0,798.3130323287672,15.92,24.000000000010232,-2373.3930323287886,-8.894595815730554,-2796.549548493182,-10.480429315200238,26683.54
USD,2025,3,USD-2025-03,SiH5,2025-01-28,2025-03-20,51,37,LONG_QUARTERLY_SHORT_PERP,0.09713,0.12748326644946345,0.7619039165309118,3894.0,-17468.0,13569.999999999993,3268.71,0.0,-0.0,782.9608586301371,15.92,24.000000000010232,-1452.1708586301545,-5.442197169604012,-1867.6512879452337,-6.999263545786031,26683.54
USD,2025,3,USD-2025-03,SiH5,2025-01-29,2025-03-20,50,36,LONG_QUARTERLY_SHORT_PERP,0.09797,0.1171813523592088,0.8360545259768112,3411.0,-17025.0,13610.0,3170.74,0.0,-0.0,767.6086849315069,15.92,24.000000000010232,-1051.7886849315173,-3.94171344930814,-1459.5930273972815,-5.470012702202487,26683.54
USD,2025,3,USD-2025-03,SiH5,2025-01-30,2025-03-20,49,35,LONG_QUARTERLY_SHORT_PERP,0.09801,0.0860336146066539,1.1392058842128416,2219.0,-15833.0,13610.0,3072.73,0.0,-0.0,752.2565112328767,15.92,24.000000000010232,57.55348876711305,0.21568910559510865,-342.5747668493361,-1.2838430240115668,26683.54
USD,2025,3,USD-2025-03,SiH5,2025-01-31,2025-03-20,48,34,LONG_QUARTERLY_SHORT_PERP,0.09801,0.11446542169218403,0.8562411123908205,3115.0,-16529.0,13409.999999999996,2974.72,0.0,-0.0,736.9043375342466,15.92,24.000000000010232,-921.1043375342606,-3.4519570399364574,-1313.5565063013948,-4.922722046255462,26683.54
USD,2025,3,USD-2025-03,SiH5,2025-02-04,2025-03-20,44,32,LONG_QUARTERLY_SHORT_PERP,0.09994,0.07982548883561677,1.251981058403597,1839.0,-15973.0,14129.999999999996,2874.7799999999997,0.0,-0.0,675.4956427397259,15.92,24.000000000010232,316.36435726025996,1.1856161411126858,-45.38346410961417,-0.17008037205563492,26683.54
USD,2025,3,USD-2025-03,SiH5,2025-02-05,2025-03-20,43,31,LONG_QUARTERLY_SHORT_PERP,0.09853,0.027518176420680836,3.58054249285034,153.0,-13817.0,13659.999999999996,2776.25,0.0,-0.0,660.1434690410957,15.92,24.000000000010232,1919.1865309588904,7.192398500944367,1565.1147964383313,5.8654691110637165,26683.54
USD,2025,3,USD-2025-03,SiH5,2025-02-06,2025-03-20,42,30,LONG_QUARTERLY_SHORT_PERP,0.09806,0.13249037651141585,0.7401292273597758,3290.0,-15804.0,12509.99999999999,2678.19,0.0,-0.0,644.7912953424656,15.92,24.000000000010232,-1300.521295342485,-4.873870915712401,-1646.916943013729,-6.17203318230538,26683.54
USD,2025,3,USD-2025-03,SiH5,2025-02-07,2025-03-20,41,29,LONG_QUARTERLY_SHORT_PERP,0.09691,0.1236675559187533,0.7836331791312154,2917.0,-15801.0,12879.999999999996,2581.2799999999997,0.0,-0.0,629.4391216438354,15.92,24.000000000010232,-1009.0791216438495,-3.7816538646815583,-1347.7986824657785,-5.051049007986865,26683.54
USD,2025,3,USD-2025-03,SiH5,2025-02-10,2025-03-20,38,28,LONG_QUARTERLY_SHORT_PERP,0.09728,0.10151080716242697,0.9583216084997013,2219.0,-14603.0,12379.999999999996,2484.0,0.0,-0.0,583.3826005479449,15.92,24.000000000010232,-362.3026005479588,-1.3577756195315867,-677.9939008219424,-2.5408693929738795,26683.54
USD,2025,3,USD-2025-03,SiH5,2025-02-11,2025-03-20,37,27,LONG_QUARTERLY_SHORT_PERP,0.09678,0.10951668247590092,0.8837009833757189,2349.0,-13753.0,11399.99999999999,2387.22,0.0,-0.0,568.0304268493147,15.92,24.000000000010232,-573.7304268493342,-2.150128606809045,-881.7456402740028,-3.3044552569636663,26683.54
USD,2025,3,USD-2025-03,SiH5,2025-02-12,2025-03-20,36,26,LONG_QUARTERLY_SHORT_PERP,0.0958,0.10671531742887289,0.8977155511330593,2182.0,-11836.0,9649.99999999999,2291.42,0.0,-0.0,552.6782531506846,15.92,24.000000000010232,-487.1782531507038,-1.8257631976518252,-787.5173797260572,-2.951322724518775,26683.54
USD,2025,3,USD-2025-03,SiH5,2025-02-13,2025-03-20,35,25,LONG_QUARTERLY_SHORT_PERP,0.09405,0.12492984317808259,0.7528225250866233,2546.0,-9180.0,6629.999999999995,2197.37,0.0,-0.0,537.3260794520544,15.92,24.000000000010232,-929.8760794520692,-3.48483027159091,-1222.5391191781077,-4.581622675170189,26683.54
USD,2025,3,USD-2025-03,SiH5,2025-02-14,2025-03-20,34,24,LONG_QUARTERLY_SHORT_PERP,0.09103,0.18095391273972644,0.5030562678737555,3781.0,-9695.0,5909.999999999996,2106.34,0.0,-0.0,521.9739057534242,15.92,24.000000000010232,-2240.553905753438,-8.396764094094854,-2525.5408586301614,-9.464789374386463,26683.54
USD,2025,3,USD-2025-03,SiH5,2025-02-17,2025-03-20,31,23,LONG_QUARTERLY_SHORT_PERP,0.09031,0.06660162541989323,1.3559729125323317,1016.0,-8050.0,7030.000000000001,2016.03,0.0,-0.0,475.9173846575339,15.92,24.000000000010232,480.1926153424568,1.7995836209980263,218.23392301367886,0.817859710569433,26683.54
USD,2025,3,USD-2025-03,SiH5,2025-02-18,2025-03-20,30,22,LONG_QUARTERLY_SHORT_PERP,0.09143,0.10034023686176881,0.9111997625235451,1707.0,-8651.0,6939.999999999998,1924.6,0.0,-0.0,460.5652109589038,15.92,24.000000000010232,-286.88521095891593,-1.0751392467375616,-541.1678164383786,-2.0280960338784833,26683.54
USD,2025,3,USD-2025-03,SiH5,2025-02-19,2025-03-20,29,21,LONG_QUARTERLY_SHORT_PERP,0.09134,0.12262538272668021,0.7448702541755795,2090.0,-8124.0,6030.000000000001,1833.26,0.0,-0.0,445.21303726027367,15.92,24.000000000010232,-745.873037260283,-2.7952551920033213,-992.4795558904306,-3.719444855856571,26683.54
USD,2025,3,USD-2025-03,SiH5,2025-02-20,2025-03-20,28,20,LONG_QUARTERLY_SHORT_PERP,0.09043,0.0882890431780827,1.0242494056436753,1296.0,-5410.0,4109.999999999999,1742.83,0.0,-0.0,429.86086356164355,15.92,24.000000000010232,-26.95086356165477,-0.10100182944862177,-265.8812953424872,-0.9964243700142005,26683.54
USD,2025,3,USD-2025-03,SiH5,2025-02-21,2025-03-20,27,19,LONG_QUARTERLY_SHORT_PERP,0.08851,0.08986466788752756,0.9849254671566469,1253.0,-5027.0,3769.999999999996,1654.32,0.0,-0.0,414.50868986301344,15.92,24.000000000010232,-57.108689863027834,-0.21402216446179118,-288.3630347945451,-1.0806775817396983,26683.54
USD,2025,3,USD-2025-03,SiH5,2025-02-24,2025-03-20,24,18,LONG_QUARTERLY_SHORT_PERP,0.08817,0.06107623159817408,1.443605764351642,691.0,-4505.0,3809.999999999988,1566.15,0.0,-0.0,368.4521687671231,15.92,24.000000000010232,462.7778312328549,1.7343194764744667,254.551746849283,0.9539654290595738,26683.54
USD,2025,3,USD-2025-03,SiH5,2025-02-25,2025-03-20,23,17,LONG_QUARTERLY_SHORT_PERP,0.08821,0.07370705853344137,1.1967646213961796,860.0,-3094.0,2229.99999999999,1477.94,0.0,-0.0,353.099995068493,15.92,24.000000000010232,220.92000493148683,0.8279261482227877,20.370007397230054,0.07633922409556623,26683.54
USD,2025,3,USD-2025-03,SiH5,2025-02-26,2025-03-20,22,16,LONG_QUARTERLY_SHORT_PERP,0.08663,0.2252917388356171,0.3845236423125533,3227.0,-4761.0,1530.0000000000011,1391.31,0.0,-0.0,337.7478213698629,15.92,24.000000000010232,-2217.357821369872,-8.309833782810946,-2410.231732054814,-9.032653583650498,26683.54
USD,2025,3,USD-2025-03,SiH5,2025-02-27,2025-03-20,21,15,LONG_QUARTERLY_SHORT_PERP,0.08593,0.2173543765114162,0.39534515650981916,2898.0,-6202.0,3299.9999999999973,1305.3799999999999,0.0,-0.0,322.3956476712328,15.92,24.000000000010232,-1958.935647671246,-7.341363431056172,-2144.1334715068724,-8.03541610860805,26683.54
USD,2025,3,USD-2025-03,SiH5,2025-02-28,2025-03-20,20,14,LONG_QUARTERLY_SHORT_PERP,0.0877,0.18821167671232947,0.4659647134117206,2288.0,-6152.0,3859.9999999999995,1217.68,0.0,-0.0,307.04347397260267,15.92,24.000000000010232,-1421.2834739726134,-5.326442720765735,-1598.8052109589248,-5.991728275029943,26683.54
USD,2025,3,USD-2025-03,SiH5,2025-03-03,2025-03-20,17,13,LONG_QUARTERLY_SHORT_PERP,0.08826,0.11314668868282482,0.7800493415005038,1170.0,-6024.0,4849.9999999999945,1129.42,0.0,-0.0,260.98695287671234,15.92,24.000000000010232,-345.48695287672797,-1.2947568159124612,-499.9804293150942,-1.873741000313655,26683.54
USD,2025,3,USD-2025-03,SiH5,2025-03-04,2025-03-20,16,12,LONG_QUARTERLY_SHORT_PERP,0.08925,0.09979623159817438,0.8943223463523314,912.0,-5756.0,4839.999999999989,1040.17,0.0,-0.0,245.6347791780822,15.92,24.000000000010232,-161.38477917810326,-0.6048102282459645,-308.2021687671545,-1.155027289359487,26683.54
USD,2025,3,USD-2025-03,SiH5,2025-03-05,2025-03-20,15,11,LONG_QUARTERLY_SHORT_PERP,0.08924,0.07147296413449657,1.2485840076825376,516.0,-5910.0,5390.000000000001,950.93,0.0,-0.0,230.28260547945206,15.92,24.000000000010232,160.72739452053858,0.6023465946442585,21.58609178080242,0.08089665681840721,26683.54
USD,2025,3,USD-2025-03,SiH5,2025-03-06,2025-03-20,14,10,LONG_QUARTERLY_SHORT_PERP,0.08979,0.12138504317808321,0.7397122219437667,959.0,-6133.0,5169.999999999987,861.14,0.0,-0.0,214.93043178082192,15.92,24.000000000010232,-356.7104317808449,-1.3368182474321055,-488.175647671266,-1.8295010619702858,26683.54
USD,2025,3,USD-2025-03,SiH5,2025-03-07,2025-03-20,13,9,LONG_QUARTERLY_SHORT_PERP,0.08957,0.06749980645357799,1.3269667678469637,368.0,-5112.0,4739.9999999999945,771.5699999999999,0.0,-0.0,199.57825808219178,15.92,24.000000000010232,160.07174191779248,0.5998894521408796,36.28261287668643,0.13597376089037072,26683.54
USD,2025,3,USD-2025-03,SiH5,2025-03-10,2025-03-20,10,8,LONG_QUARTERLY_SHORT_PERP,0.08914,-0.06031978287671105,99.0,-676.0,-3318.0,3989.999999999995,682.43,0.0,-0.0,153.52173698630136,15.92,24.000000000010232,1160.988263013683,4.350952920840649,1060.2273945205222,3.9733385994531543,26683.54
USD,2025,3,USD-2025-03,SiH5,2025-03-11,2025-03-20,9,7,LONG_QUARTERLY_SHORT_PERP,0.08839,0.11086993761252592,0.7972404594373455,598.0,-2772.0,2169.9999999999873,594.04,0.0,-0.0,138.16956328767122,15.92,24.000000000010232,-186.0495632876942,-0.6972446807571042,-279.13434493154,-1.0460918788569282,26683.54
USD,2025,3,USD-2025-03,SiH5,2025-03-12,2025-03-20,8,6,LONG_QUARTERLY_SHORT_PERP,0.08657,0.22278956493150856,0.3885729568465826,1174.0,-3398.0,2219.999999999999,507.47,0.0,-0.0,122.8173895890411,15.92,24.000000000010232,-833.2673895890522,-3.1227767739552252,-918.6760843835829,-3.442856848767378,26683.54
USD,2025,3,USD-2025-03,SiH5,2025-03-13,2025-03-20,7,5,LONG_QUARTERLY_SHORT_PERP,0.08662,0.05807704317808424,1.4914671143707028,143.0,-2367.0,2219.999999999999,420.85,0.0,-0.0,107.46521589041096,15.92,24.000000000010232,126.46478410957795,0.4739430529441669,48.73217616436226,0.18263010141968516,26683.54
USD,2025,3,USD-2025-03,SiH5,2025-03-14,2025-03-20,6,4,LONG_QUARTERLY_SHORT_PERP,0.08662,0.10200826054794777,0.8491469174624863,276.0,-1450.0,1169.9999999999875,334.23,0.0,-0.0,92.11304219178082,15.92,24.000000000010232,-77.80304219180354,-0.29157691292760834,-147.85956328770413,-0.5541227411644187,26683.54
USD,2025,6,USD-2025-06,SiM5,2025-03-21,2025-06-19,90,64,LONG_QUARTERLY_SHORT_PERP,0.0844,0.0838016417808221,1.0071401729902008,3949.0,-10105.0,6159.999999999996,5683.37,0.0,-0.0,1374.3850739726038,15.92,24.000000000010232,324.0649260273822,1.2144750135378672,-387.12761095892614,-1.4508105407263283,26683.54
USD,2025,6,USD-2025-06,SiM5,2025-03-24,2025-06-19,87,63,LONG_QUARTERLY_SHORT_PERP,0.08464,0.10684521512502736,0.7921739864621601,5363.0,-10749.0,5390.000000000001,5598.73,0.0,-0.0,1328.3285528767133,15.92,24.000000000010232,-1128.518552876723,-4.229268503642032,-1816.6828293150863,-6.808252688043215,26683.54
USD,2025,6,USD-2025-06,SiM5,2025-03-25,2025-06-19,86,62,LONG_QUARTERLY_SHORT_PERP,0.08387,0.08519187708351764,0.9844835314261037,3929.0,-9635.0,5709.999999999994,5514.86,0.0,-0.0,1312.976379178083,15.92,24.000000000010232,236.96362082189995,0.8880516633921134,-443.5245687671483,-1.662165397721398,26683.54
USD,2025,6,USD-2025-06,SiM5,2025-03-26,2025-06-19,85,61,LONG_QUARTERLY_SHORT_PERP,0.08419,0.07700892140130267,1.0932499568624767,3360.0,-9086.0,5729.99999999999,5430.67,0.0,-0.0,1297.624205479453,15.92,24.000000000010232,737.1257945205269,2.762473774171369,64.3136917807936,0.24102383634552835,26683.54
USD,2025,6,USD-2025-06,SiM5,2025-03-27,2025-06-19,84,60,LONG_QUARTERLY_SHORT_PERP,0.08421,0.07755320052968054,1.085835264371479,3331.0,-8677.0,5349.9999999999945,5346.46,0.0,-0.0,1282.2720317808228,15.92,24.000000000010232,697.2679682191616,2.613101440885136,32.13195232874325,0.12041862634696615,26683.54
USD,2025,6,USD-2025-06,SiM5,2025-03-28,2025-06-19,83,59,LONG_QUARTERLY_SHORT_PERP,0.08383,0.1241328789505458,0.6753247061433068,6017.0,-11213.0,5200.000000000003,5262.63,0.0,-0.0,1266.9198580821926,15.92,24.000000000010232,-2057.2098580822003,-7.709658681277673,-2714.669787123303,-10.17357437252817,26683.54
USD,2025,6,USD-2025-06,SiM5,2025-03-31,2025-06-19,80,58,LONG_QUARTERLY_SHORT_PERP,0.08368,0.08965143684459159,0.9333927368621775,3939.0,-10955.0,7019.999999999996,5178.95,0.0,-0.0,1220.863336986302,15.92,24.000000000010232,-16.833336986316155,-0.06308509660380952,-651.2650054794746,-2.4406994179912953,26683.54
USD,2025,6,USD-2025-06,SiM5,2025-04-01,2025-06-19,79,57,LONG_QUARTERLY_SHORT_PERP,0.0855,0.07474440637346812,1.1438983082264438,3015.0,-9401.0,6390.000000000001,5093.45,0.0,-0.0,1205.511163287672,15.92,24.000000000010232,837.0188367123186,3.1368358048156977,210.26325506847508,0.7879886067158821,26683.54
USD,2025,6,USD-2025-06,SiM5,2025-04-02,2025-06-19,78,56,LONG_QUARTERLY_SHORT_PERP,0.08487,0.0870728390998045,0.9747011912948014,3646.0,-9712.0,6069.999999999993,5008.58,0.0,-0.0,1190.1589895890418,15.92,24.000000000010232,136.50101041094067,0.511555102549889,-482.57848438358786,-1.8085249722622554,26683.54
USD,2025,6,USD-2025-06,SiM5,2025-04-03,2025-06-19,77,55,LONG_QUARTERLY_SHORT_PERP,0.08455,0.0996132148343713,0.8487829666032044,4264.0,-10160.0,5899.999999999992,4924.03,0.0,-0.0,1174.8068158904116,15.92,24.000000000010232,-550.6968158904302,-2.0638071855924296,-1162.1002238356439,-4.355120137116904,26683.54
USD,2025,6,USD-2025-06,SiM5,2025-04-04,2025-06-19,76,54,LONG_QUARTERLY_SHORT_PERP,0.08438,0.141025456336885,0.5983316926727825,6416.0,-12212.0,5799.999999999997,4839.65,0.0,-0.0,1159.4546421917814,15.92,24.000000000010232,-2771.7246421917944,-10.387394784169546,-3375.451963287693,-12.649940612406349,26683.54
USD,2025,6,USD-2025-06,SiM5,2025-04-07,2025-06-19,73,53,LONG_QUARTERLY_SHORT_PERP,0.08428,0.11234562492633776,0.7501849765423468,4801.0,-12507.0,7709.999999999994,4755.37,0.0,-0.0,1113.398121095891,15.92,24.000000000010232,-1194.9481210959077,-4.478221859228227,-1775.6471816438614,-6.654466317602018,26683.54
USD,2025,6,USD-2025-06,SiM5,2025-04-08,2025-06-19,72,52,LONG_QUARTERLY_SHORT_PERP,0.08619,0.12901857591148597,0.6680433371015598,5571.0,-12547.0,6979.99999999999,4669.18,0.0,-0.0,1098.0459473972608,15.92,24.000000000010232,-2035.7859473972808,-7.629369818986839,-2608.8089210959192,-9.776847154072957,26683.54
USD,2025,6,USD-2025-06,SiM5,2025-04-09,2025-06-19,71,51,LONG_QUARTERLY_SHORT_PERP,0.08546,0.11401203477840473,0.7495699920284833,4692.0,-12298.0,7609.999999999999,4583.72,0.0,-0.0,1082.6937736986306,15.92,24.000000000010232,-1226.8937736986416,-4.597942303377443,-1792.2406605479653,-6.716652515175891,26683.54
USD,2025,6,USD-2025-06,SiM5,2025-04-10,2025-06-19,70,50,LONG_QUARTERLY_SHORT_PERP,0.08609,0.10424523200000022,0.8258411281582626,4105.0,-10641.0,6539.999999999992,4497.63,0.0,-0.0,1067.3416000000004,15.92,24.000000000010232,-710.6316000000187,-2.6631833707222454,-1268.3024000000275,-4.753126459233024,26683.54
USD,2025,6,USD-2025-06,SiM5,2025-04-11,2025-06-19,69,49,LONG_QUARTERLY_SHORT_PERP,0.08502,0.08561039645513022,0.9931036827350793,3103.0,-8619.0,5519.999999999996,4412.61,0.0,-0.0,1051.9894263013703,15.92,24.000000000010232,221.70057369861556,0.8308514301273952,-328.29413945207824,-1.2303245350957115,26683.54
USD,2025,6,USD-2025-06,SiM5,2025-04-14,2025-06-19,66,48,LONG_QUARTERLY_SHORT_PERP,0.084,0.10922610219178104,0.7690469431245599,4197.0,-8483.0,4289.999999999992,4328.61,0.0,-0.0,1005.9329052054799,15.92,24.000000000010232,-910.2429052054986,-3.4112524245489864,-1437.2093578082474,-5.38612701990908,26683.54
USD,2025,6,USD-2025-06,SiM5,2025-04-15,2025-06-19,65,47,LONG_QUARTERLY_SHORT_PERP,0.08277,0.1281170368405715,0.6460499090608751,4991.0,-8807.0,3819.999999999993,4245.84,0.0,-0.0,990.5807315068497,15.92,24.000000000010232,-1771.660731506867,-6.639526582705544,-2290.9510972603007,-8.585634054777968,26683.54
USD,2025,6,USD-2025-06,SiM5,2025-04-16,2025-06-19,64,46,LONG_QUARTERLY_SHORT_PERP,0.0823,0.13191627299583106,0.6238805731162593,5053.0,-9159.0,4109.999999999999,4163.54,0.0,-0.0,975.2285578082195,15.92,24.000000000010232,-1900.608557808231,-7.122775155801032,-2412.2228367123494,-9.040115504585783,26683.54
USD,2025,6,USD-2025-06,SiM5,2025-04-17,2025-06-19,63,45,LONG_QUARTERLY_SHORT_PERP,0.08259,0.10110658631354666,0.8168607309505639,3550.0,-7086.0,3539.999999999992,4080.95,0.0,-0.0,959.8763841095894,15.92,24.000000000010232,-464.846384109608,-1.7420716445779232,-968.7845761644118,-3.630644870075004,26683.54
USD,2025,6,USD-2025-06,SiM5,2025-04-18,2025-06-19,62,44,LONG_QUARTERLY_SHORT_PERP,0.08202,0.10714645932752204,0.7654942637841513,3730.0,-6386.0,2659.9999999999964,3998.93,0.0,-0.0,944.5242104109592,15.92,24.000000000010232,-711.5142104109732,-2.6664910668186197,-1207.7763156164622,-4.52629716902803,26683.54
USD,2025,6,USD-2025-06,SiM5,2025-04-21,2025-06-19,59,43,LONG_QUARTERLY_SHORT_PERP,0.12171,0.12552064393756,0.9696412970964713,4459.0,-6735.0,2280.000000000001,3877.22,0.0,-0.0,898.4676893150687,15.92,24.000000000010232,-1516.1676893150782,-5.6820335282165635,-1989.4015339726222,-7.455538260562962,26683.54
USD,2025,6,USD-2025-06,SiM5,2025-04-22,2025-06-19,58,42,LONG_QUARTERLY_SHORT_PERP,0.12114,0.10366751227658211,1.1685435228425447,3431.0,-6407.0,2979.99999999999,3756.08,0.0,-0.0,883.1155156164385,15.92,24.000000000010232,-593.9555156164588,-2.2259247296890097,-1059.5132734246877,-3.970662338747736,26683.54
USD,2025,6,USD-2025-06,SiM5,2025-04-23,2025-06-19,57,41,LONG_QUARTERLY_SHORT_PERP,0.12219,0.11777276443701996,1.0375064267540581,3921.0,-7797.0,3879.9999999999955,3633.89,0.0,-0.0,867.7633419178084,15.92,24.000000000010232,-1190.7933419178232,-4.46265128958835,-1648.6750128767374,-6.178621775359406,26683.54
USD,2025,6,USD-2025-06,SiM5,2025-04-24,2025-06-19,56,40,LONG_QUARTERLY_SHORT_PERP,0.12354,0.09865827920547972,1.2522010417665819,3054.0,-7430.0,4379.999999999995,3510.35,0.0,-0.0,852.4111682191782,15.92,24.000000000010232,-431.9811682191931,-1.6189050186714096,-882.1867523287921,-3.3061083811547944,26683.54
USD,2025,6,USD-2025-06,SiM5,2025-04-25,2025-06-19,55,39,LONG_QUARTERLY_SHORT_PERP,0.12429,0.10594817934668097,1.1731206781128478,3255.0,-7421.0,4170.000000000002,3386.06,0.0,-0.0,837.058994520548,15.92,24.000000000010232,-741.9189945205565,-2.7804369079985505,-1184.4484917808406,-4.438873147194265,26683.54
USD,2025,6,USD-2025-06,SiM5,2025-04-28,2025-06-19,52,38,LONG_QUARTERLY_SHORT_PERP,0.12398,0.0791032229848597,1.56731919790082,2175.0,-6241.0,4069.999999999993,3262.08,0.0,-0.0,791.0024734246575,15.92,24.000000000010232,260.15752657532533,0.9749738099792056,-159.34371013701383,-0.597161059353496,26683.54
USD,2025,6,USD-2025-06,SiM5,2025-04-29,2025-06-19,51,37,LONG_QUARTERLY_SHORT_PERP,0.12383,0.10477217026286588,1.1818978235281314,3061.0,-6137.0,3079.999999999998,3138.25,0.0,-0.0,775.6502997260274,15.92,24.000000000010232,-734.3202997260394,-2.7519598213956593,-1146.1454495890637,-4.29532756744069,26683.54
USD,2025,6,USD-2025-06,SiM5,2025-04-30,2025-06-19,50,36,LONG_QUARTERLY_SHORT_PERP,0.12234,0.08689494794520576,1.4079069369734267,2328.0,-5334.0,3009.999999999991,3015.91,0.0,-0.0,760.2981260273972,15.92,24.000000000010232,-108.30812602741666,-0.4058986402382017,-512.457189041126,-1.920499262995562,26683.54
USD,2025,6,USD-2025-06,SiM5,2025-05-02,2025-06-19,48,34,LONG_QUARTERLY_SHORT_PERP,0.12224,0.13819158172441606,0.8845690777588249,3929.0,-6935.0,3009.999999999991,2893.67,0.0,-0.0,729.5937786301369,15.92,24.000000000010232,-1800.8437786301563,-6.748893807306512,-2189.6406679452352,-8.20596018348853,26683.54
USD,2025,6,USD-2025-06,SiM5,2025-05-05,2025-06-19,45,33,LONG_QUARTERLY_SHORT_PERP,0.12224,0.08274112901618959,1.4773789221087599,2007.0,-5433.0,3429.9999999999927,2771.43,0.0,-0.0,683.5372575342464,15.92,24.000000000010232,44.972742465735976,0.16854113984027597,-320.7958863013984,-1.2022238664787295,26683.54
USD,2025,6,USD-2025-06,SiM5,2025-05-06,2025-06-19,44,32,LONG_QUARTERLY_SHORT_PERP,0.12287,0.10400328386986334,1.1814050040356812,2620.0,-5096.0,2479.99999999999,2648.56,0.0,-0.0,668.1850838356162,15.92,24.000000000010232,-675.5450838356364,-2.531692136184466,-1033.6376257534557,-3.8736900192158004,26683.54
USD,2025,6,USD-2025-06,SiM5,2025-05-07,2025-06-19,43,31,LONG_QUARTERLY_SHORT_PERP,0.12144,0.11544364226248376,1.0519418620202778,2886.0,-5262.0,2379.9999999999955,2527.12,0.0,-0.0,652.832910136986,15.92,24.000000000010232,-1047.6329101370009,-3.9261391484675605,-1398.0493652055052,-5.2393699082112235,26683.54
USD,2025,6,USD-2025-06,SiM5,2025-05-08,2025-06-19,42,30,LONG_QUARTERLY_SHORT_PERP,0.12129,0.12921335788127886,0.9386800404292656,3199.0,-5575.0,2379.9999999999955,2405.83,0.0,-0.0,637.480736438356,15.92,24.000000000010232,-1466.570736438371,-5.4961625647810255,-1809.31110465756,-6.780626201237016,26683.54
USD,2025,6,USD-2025-06,SiM5,2025-05-12,2025-06-19,38,28,LONG_QUARTERLY_SHORT_PERP,0.12129,0.0836782872015659,1.4494799553895534,1727.0,-4133.0,2409.9999999999964,2284.54,0.0,-0.0,576.0720416438355,15.92,24.000000000010232,-54.45204164384943,-0.204066033381813,-366.4880624657779,-1.373461176687118,26683.54
USD,2025,6,USD-2025-06,SiM5,2025-05-13,2025-06-19,37,27,LONG_QUARTERLY_SHORT_PERP,0.12134,0.09250518029426726,1.3117103238327477,1897.0,-3963.0,2069.999999999993,2163.2,0.0,-0.0,560.7198679452054,15.92,24.000000000010232,-330.4398679452226,-1.238365928753166,-634.7998019178359,-2.3789939487708,26683.54
USD,2025,6,USD-2025-06,SiM5,2025-05-14,2025-06-19,36,26,LONG_QUARTERLY_SHORT_PERP,0.12083,0.11185721900948406,1.0802163782540952,2323.0,-4059.0,1739.999999999995,2042.3700000000001,0.0,-0.0,545.3676942465753,15.92,24.000000000010232,-861.9176942465904,-3.230147477608257,-1158.6015413698888,-4.34200837433822,26683.54
USD,2025,6,USD-2025-06,SiM5,2025-05-15,2025-06-19,35,25,LONG_QUARTERLY_SHORT_PERP,0.12033,0.10359742082191821,1.1615154030412085,2020.0,-3846.0,1829.9999999999982,1922.04,0.0,-0.0,530.0155205479451,15.92,24.000000000010232,-663.8955205479572,-2.488033898605497,-952.9032808219403,-3.571127672047788,26683.54
USD,2025,6,USD-2025-06,SiM5,2025-05-16,2025-06-19,34,24,LONG_QUARTERLY_SHORT_PERP,0.05541,0.1166493061187219,0.47501354138879737,2245.0,-4531.0,2289.999999999992,1866.63,0.0,-0.0,514.6633468493151,15.92,24.000000000010232,-928.9533468493333,-3.4813722124175923,-1210.2850202740015,-4.535698862572213,26683.54
USD,2025,6,USD-2025-06,SiM5,2025-05-19,2025-06-19,31,23,LONG_QUARTERLY_SHORT_PERP,0.12116,0.09132725329362762,1.3266576583712277,1592.0,-3518.0,1929.9999999999927,1745.47,0.0,-0.0,468.60682575342474,15.92,24.000000000010232,-351.05682575344224,-1.3156306312934574,-609.3602386301648,-2.2836559115850625,26683.54
USD,2025,6,USD-2025-06,SiM5,2025-05-20,2025-06-19,30,22,LONG_QUARTERLY_SHORT_PERP,0.12062,0.1321443023661275,0.912790016975552,2414.0,-4240.0,1829.9999999999982,1624.85,0.0,-0.0,453.25465205479463,15.92,24.000000000010232,-1278.3246520548068,-4.790686138551357,-1528.9519780822143,-5.729944295555291,26683.54
USD,2025,6,USD-2025-06,SiM5,2025-05-21,2025-06-19,29,21,LONG_QUARTERLY_SHORT_PERP,0.12047,0.07037249896934165,1.7118903231286944,1000.0,-2266.0,1269.999999999996,1504.38,0.0,-0.0,437.9024783561645,15.92,24.000000000010232,30.55752164382126,0.11451824474496734,-212.39371753427113,-0.7959727889712951,26683.54
USD,2025,6,USD-2025-06,SiM5,2025-05-23,2025-06-19,27,19,LONG_QUARTERLY_SHORT_PERP,0.11961,0.06900621741889025,1.7333220755157217,864.0,-2090.0,1229.9999999999898,1384.77,0.0,-0.0,407.1981309589043,15.92,24.000000000010232,77.65186904107522,0.29101037209109143,-149.94719643838704,-0.5619464150498286,26683.54
USD,2025,6,USD-2025-06,SiM5,2025-05-26,2025-06-19,24,18,LONG_QUARTERLY_SHORT_PERP,0.11957,0.10467008943683467,1.1423511782910722,1483.0,-2659.0,1179.9999999999927,1265.2,0.0,-0.0,361.1416098630138,15.92,24.000000000010232,-614.8616098630313,-2.3042730082404033,-819.4324147945483,-3.0709284255183094,26683.54
USD,2025,6,USD-2025-06,SiM5,2025-05-27,2025-06-19,23,17,LONG_QUARTERLY_SHORT_PERP,0.11949,0.11510055506849376,1.0381357407780891,1571.0,-2707.0,1140.0000000000005,1145.71,0.0,-0.0,345.78943616438363,15.92,24.000000000010232,-806.9994361643934,-3.0243342381273,-1003.8941542465955,-3.7622225321175353,26683.54
USD,2025,6,USD-2025-06,SiM5,2025-05-28,2025-06-19,22,16,LONG_QUARTERLY_SHORT_PERP,0.08448,0.07970982890411024,1.0598442019192915,905.0,-2021.0,1119.9999999999905,1061.23,0.0,-0.0,330.43726246575346,15.92,24.000000000010232,-210.1272624657732,-0.7874789569366479,-399.34589369866035,-1.4966001276392127,26683.54
USD,2025,6,USD-2025-06,SiM5,2025-05-29,2025-06-19,21,15,LONG_QUARTERLY_SHORT_PERP,0.1194,0.07913367258447558,1.508839361304,832.0,-848.0,19.99999999999602,941.83,0.0,-0.0,315.0850887671233,15.92,24.000000000010232,-241.17508876713745,-0.9038346814820577,-422.7176331507095,-1.584188728896951,26683.54
USD,2025,6,USD-2025-06,SiM5,2025-05-30,2025-06-19,20,14,LONG_QUARTERLY_SHORT_PERP,0.00995,0.10518949393346454,0.09459119564063755,1133.0,-1269.0,140.00000000000057,931.88,0.0,-0.0,299.7329150684931,15.92,24.000000000010232,-536.7729150685029,-2.0116255754240364,-710.6393726027599,-2.6632124995512583,26683.54
USD,2025,6,USD-2025-06,SiM5,2025-06-02,2025-06-19,17,13,LONG_QUARTERLY_SHORT_PERP,0.11793,0.07681510722866253,1.5352448789656312,705.0,-1351.0,649.9999999999915,813.95,0.0,-0.0,253.67639397260265,15.92,24.000000000010232,-180.64639397262135,-0.6769956084260984,-331.48459095893315,-1.242281162690307,26683.54
USD,2025,6,USD-2025-06,SiM5,2025-06-03,2025-06-19,16,12,LONG_QUARTERLY_SHORT_PERP,0.1187,0.0956036850228319,1.2415839407409064,869.0,-1235.0,369.99999999999034,695.25,0.0,-0.0,238.32422027397254,15.92,24.000000000010232,-447.9942202739924,-1.6789159919335754,-591.1563304109891,-2.215434422910113,26683.54
USD,2025,6,USD-2025-06,SiM5,2025-06-04,2025-06-19,15,11,LONG_QUARTERLY_SHORT_PERP,0.11828,0.20862654968866842,0.566946058286964,2032.0,-2048.0,19.99999999999602,576.97,0.0,-0.0,222.9720465753424,15.92,24.000000000010232,-1713.9220465753567,-6.423143430651843,-1849.4080698630382,-6.930894738340708,26683.54
USD,2025,6,USD-2025-06,SiM5,2025-06-05,2025-06-19,14,10,LONG_QUARTERLY_SHORT_PERP,0.11775,0.11235398728767225,1.0480268911018862,876.0,-1522.0,649.9999999999915,459.22,0.0,-0.0,207.6198728767123,15.92,24.000000000010232,-660.319872876731,-2.474633698814816,-788.1298093150975,-2.953617883216011,26683.54
USD,2025,6,USD-2025-06,SiM5,2025-06-06,2025-06-19,13,9,LONG_QUARTERLY_SHORT_PERP,0.1187,0.11902085546423251,0.9973042080484044,839.0,-1525.0,689.9999999999977,340.52,0.0,-0.0,192.26769917808215,15.92,24.000000000010232,-726.6676991780946,-2.7232807160447776,-846.8015487671461,-3.173497777158301,26683.54
USD,2025,6,USD-2025-06,SiM5,2025-06-09,2025-06-19,10,8,LONG_QUARTERLY_SHORT_PERP,0.05489,0.07789139726027525,0.7046991314918163,437.0,-1103.0,670.0000000000017,285.63,0.0,-0.0,146.2111780821918,15.92,24.000000000010232,-333.50117808220034,-1.249838582445209,-430.6067671233065,-1.6137542736957184,26683.54
USD,2025,6,USD-2025-06,SiM5,2025-06-10,2025-06-19,9,7,LONG_QUARTERLY_SHORT_PERP,0.11873,-0.005784277103716735,99.0,-212.0,96.0,119.99999999999034,166.9,0.0,-0.0,131.59006027397263,15.92,24.000000000010232,211.38993972600747,0.792211002460721,121.59490958901094,0.45569257148418435,26683.54
USD,2025,9,USD-2025-09,SiU5,2025-06-20,2025-09-18,90,64,LONG_QUARTERLY_SHORT_PERP,0.11772,0.07947808785102756,1.4811629618046733,3809.0,864.0,-4670.000000000002,3894.33,0.0,-0.0,1237.6776224657533,15.92,24.000000000010232,-1189.2676224657655,-4.456933459600059,-1832.1064336986576,-6.866054630302641,26683.54
USD,2025,9,USD-2025-09,SiU5,2025-06-23,2025-09-18,87,63,LONG_QUARTERLY_SHORT_PERP,0.11775,0.08159895665144613,1.443033156698005,3907.0,976.0,-4879.999999999995,3776.58,0.0,-0.0,1193.814269041096,15.92,24.000000000010232,-1361.1542690411018,-5.101100787380916,-1982.0614035616645,-7.428030177261579,26683.54
USD,2025,9,USD-2025-09,SiU5,2025-06-24,2025-09-18,86,62,LONG_QUARTERLY_SHORT_PERP,0.11744,0.08184053469730462,1.4349857370111712,3855.0,928.0,-4780.000000000001,3659.14,0.0,-0.0,1179.1931512328767,15.92,24.000000000010232,-1411.973151232888,-5.291551088172289,-2025.569726849341,-7.591083217778978,26683.54
USD,2025,9,USD-2025-09,SiU5,2025-06-25,2025-09-18,85,61,LONG_QUARTERLY_SHORT_PERP,0.11759,0.0785326562856503,1.4973388850147218,3586.0,1387.0,-4969.999999999999,3541.55,0.0,-0.0,1164.5720334246575,15.92,24.000000000010232,-1245.9420334246668,-4.6693281079821745,-1852.2280501370099,-6.941462977314891,26683.54
USD,2025,9,USD-2025-09,SiU5,2025-06-26,2025-09-18,84,60,LONG_QUARTERLY_SHORT_PERP,0.1173,0.08103118192694081,1.447590880579279,3672.0,1291.0,-4960.000000000008,3424.25,0.0,-0.0,1149.9509156164384,15.92,24.000000000010232,-1434.6209156164568,-5.376426499694031,-2033.5963734246902,-7.621164108752774,26683.54
USD,2025,9,USD-2025-09,SiU5,2025-06-27,2025-09-18,83,59,LONG_QUARTERLY_SHORT_PERP,0.02405,0.07481779318319033,0.3214475992510753,3239.0,1464.0,-4700.000000000003,3400.2,0.0,-0.0,1135.3297978082192,15.92,24.000000000010232,-1011.0497978082323,-3.789039227209854,-1602.714696712356,-6.006379575994624,26683.54
USD,2025,9,USD-2025-09,SiU5,2025-06-30,2025-09-18,80,58,LONG_QUARTERLY_SHORT_PERP,0.00751,0.07302390421350986,0.10284303586455741,3104.0,1539.0,-4640.000000000001,3392.69,0.0,-0.0,1091.4664443835616,15.92,24.000000000010232,-839.6964443835726,-3.1468704841395576,-1409.4296665753673,-5.2820190521024095,26683.54
USD,2025,9,USD-2025-09,SiU5,2025-07-01,2025-09-18,79,57,LONG_QUARTERLY_SHORT_PERP,0.1178,0.07590816362412899,1.5518752447141908,3210.0,1543.0,-4750.0,3274.89,0.0,-0.0,1076.8453265753424,15.92,24.000000000010232,-1048.8753265753528,-3.930795263954306,-1611.2979898630376,-6.038546571643184,26683.54
USD,2025,9,USD-2025-09,SiU5,2025-07-02,2025-09-18,78,56,LONG_QUARTERLY_SHORT_PERP,0.08135,0.0786097180136988,1.0348593285352286,3300.0,1223.0,-4519.999999999996,3193.54,0.0,-0.0,1062.2242087671232,15.92,24.000000000010232,-1205.6042087671299,-4.518156919086185,-1760.716313150705,-6.598510966501089,26683.54
USD,2025,9,USD-2025-09,SiU5,2025-07-03,2025-09-18,77,55,LONG_QUARTERLY_SHORT_PERP,0.11798,0.08324587438107117,1.4172474116846665,3491.0,902.0,-4390.000000000001,3075.56,0.0,-0.0,1047.603090958904,15.92,24.000000000010232,-1499.9630909589152,-5.621304710540338,-2047.7646364383806,-7.674261497681269,26683.54
USD,2025,9,USD-2025-09,SiU5,2025-07-04,2025-09-18,76,54,LONG_QUARTERLY_SHORT_PERP,0.11817,0.0791648513546425,1.4927079123868032,3202.0,1131.0,-4329.999999999998,2957.39,0.0,-0.0,1032.9819731506848,15.92,24.000000000010232,-1314.5119731506934,-4.926302781230277,-1855.002959726049,-6.951862308097236,26683.54
USD,2025,9,USD-2025-09,SiU5,2025-07-08,2025-09-18,72,52,LONG_QUARTERLY_SHORT_PERP,0.02242,0.07171956734457342,0.31260645915896457,2715.0,2288.0,-5000.0,2934.97,0.0,-0.0,974.4975019178079,15.92,24.000000000010232,-791.4475019178183,-2.9660513631917587,-1302.6962528767353,-4.882021848962826,26683.54
USD,2025,9,USD-2025-09,SiU5,2025-07-09,2025-09-18,71,51,LONG_QUARTERLY_SHORT_PERP,0.11726,0.08095679184528626,1.4484269611880318,3129.0,1874.0,-5000.0,2817.71,0.0,-0.0,959.8763841095887,15.92,24.000000000010232,-1308.086384109599,-4.9022220594029084,-1812.0245761644062,-6.790795284900003,26683.54
USD,2025,9,USD-2025-09,SiU5,2025-07-10,2025-09-18,70,50,LONG_QUARTERLY_SHORT_PERP,0.11726,0.08198350532602759,1.4302877088956705,3114.0,2159.0,-5269.999999999996,2700.45,0.0,-0.0,945.2552663013695,15.92,24.000000000010232,-1395.7252663013762,-5.230660048484482,-1892.3528994520739,-7.091836013707603,26683.54
USD,2025,9,USD-2025-09,SiU5,2025-07-11,2025-09-18,69,49,LONG_QUARTERLY_SHORT_PERP,0.11685,0.09699090098965633,1.204752186109309,3782.0,1501.0,-5280.000000000001,2583.6,0.0,-0.0,930.6341484931503,15.92,24.000000000010232,-2165.9541484931615,-8.117191903672307,-2655.271222739749,-9.950970608621454,26683.54
USD,2025,9,USD-2025-09,SiU5,2025-07-14,2025-09-18,66,48,LONG_QUARTERLY_SHORT_PERP,0.1146,0.07907689156392714,1.4492223674138147,2869.0,1934.0,-4799.999999999997,2469.0,0.0,-0.0,886.7707950684928,15.92,24.000000000010232,-1323.6907950685004,-4.960701597571013,-1791.076192602759,-6.712288521698241,26683.54
USD,2025,9,USD-2025-09,SiU5,2025-07-15,2025-09-18,65,47,LONG_QUARTERLY_SHORT_PERP,0.11756,0.08083126972894221,1.454387644710062,2887.0,2326.0,-5210.000000000008,2351.44,0.0,-0.0,872.1496772602736,15.92,24.000000000010232,-1444.629677260292,-5.413935621961299,-1904.704515890441,-7.138125285814555,26683.54
USD,2025,9,USD-2025-09,SiU5,2025-07-16,2025-09-18,64,46,LONG_QUARTERLY_SHORT_PERP,0.11694,0.07592279477069706,1.5402488851099805,2595.0,2618.0,-5210.000000000008,2234.5,0.0,-0.0,857.5285594520544,15.92,24.000000000010232,-1254.948559452073,-4.703081223301229,-1707.712839178112,-6.399873626880511,26683.54
USD,2025,9,USD-2025-09,SiU5,2025-07-17,2025-09-18,63,45,LONG_QUARTERLY_SHORT_PERP,0.06694,0.07408505425875211,0.9035560636319838,2451.0,2532.0,-4980.000000000004,2167.56,0.0,-0.0,842.9074416438353,15.92,24.000000000010232,-1163.2674416438492,-4.359494436060017,-1608.7211624657787,-6.028889579365327,26683.54
USD,2025,9,USD-2025-09,SiU5,2025-07-22,2025-09-18,58,42,LONG_QUARTERLY_SHORT_PERP,0.1175,0.08182671077625596,1.4359614224417232,2627.0,2456.0,-5079.999999999998,2050.06,0.0,-0.0,769.8018526027395,15.92,24.000000000010232,-1383.661852602748,-5.185450853232922,-1792.5627789041287,-6.7178596951683645,26683.54
USD,2025,9,USD-2025-09,SiU5,2025-07-23,2025-09-18,57,41,LONG_QUARTERLY_SHORT_PERP,0.04925,0.07224635938523245,0.6816952496857159,2167.0,2556.0,-4719.999999999999,2000.81,0.0,-0.0,755.1807347945203,15.92,24.000000000010232,-958.2907347945296,-3.591317849110461,-1359.8811021918007,-5.096329430771932,26683.54
USD,2025,9,USD-2025-09,SiU5,2025-07-24,2025-09-18,56,40,LONG_QUARTERLY_SHORT_PERP,0.11768,0.08331199042465778,1.4125217678771285,2552.0,1761.0,-4310.000000000002,1883.1299999999999,0.0,-0.0,740.5596169863011,15.92,24.000000000010232,-1446.3496169863133,-5.420381317420078,-1840.6294254794745,-6.897995638807573,26683.54
USD,2025,9,USD-2025-09,SiU5,2025-07-25,2025-09-18,55,39,SHORT_QUARTERLY_LONG_PERP,-0.08923,-0.026875423097997637,99.0,-1814.0,-1809.0,3620.0000000000045,-1972.36,0.0,0.0,725.9384991780819,15.92,24.000000000010232,-927.2184991780874,-3.474870647515612,-1314.187748767139,-4.925087708629136,26683.54
USD,2025,9,USD-2025-09,SiU5,2025-07-28,2025-09-18,52,38,LONG_QUARTERLY_SHORT_PERP,0.11933,0.11973671436193248,0.996603261045705,3828.0,-235.0,-3590.0000000000036,1853.03,0.0,-0.0,682.0751457534244,15.92,24.000000000010232,-2693.9651457534383,-10.095981064556794,-3059.002718630161,-11.4640063448484,26683.54
USD,2025,9,USD-2025-09,SiU5,2025-08-01,2025-09-18,48,34,LONG_QUARTERLY_SHORT_PERP,0.07526,0.05033409181305428,1.4952092565715294,1042.0,1801.0,-2840.0000000000036,1777.77,0.0,-0.0,629.4391216438354,15.92,24.000000000010232,69.41087835615072,0.2601261989831586,-269.3086824657771,-1.0092689443221443,26683.54
USD,2025,9,USD-2025-09,SiU5,2025-08-04,2025-09-18,45,33,LONG_QUARTERLY_SHORT_PERP,0.1205,0.06148127586550467,1.9599463137948474,1399.0,2104.0,-3500.0,1657.27,0.0,-0.0,589.9621035616436,15.92,24.000000000010232,-368.6121035616539,-1.3814212940324029,-687.5931553424858,-2.57684383459798,26683.54
USD,2025,9,USD-2025-09,SiU5,2025-08-05,2025-09-18,44,32,LONG_QUARTERLY_SHORT_PERP,0.07656,0.04817884679794552,1.5890791309530625,925.0,2198.0,-3120.0000000000045,1580.71,0.0,-0.0,576.8030975342464,15.92,24.000000000010232,41.98690246573888,0.15735132019866507,-270.41464630139444,-1.0134136861203364,26683.54
USD,2025,9,USD-2025-09,SiU5,2025-08-06,2025-09-18,43,31,LONG_QUARTERLY_SHORT_PERP,0.03644,0.05611497069376966,0.649381075129847,1136.0,1847.0,-2980.000000000004,1544.27,0.0,-0.0,563.6440915068491,15.92,24.000000000010232,-192.29409150686345,-0.7206468538539618,-498.1161372602982,-1.8667543259263883,26683.54
USD,2025,9,USD-2025-09,SiU5,2025-08-07,2025-09-18,42,30,LONG_QUARTERLY_SHORT_PERP,0.08759,0.06518016951598207,1.3438136269118335,1365.0,2428.0,-3790.0000000000064,1456.68,0.0,-0.0,550.4850854794519,15.92,24.000000000010232,-495.7250854794684,-1.8577935516781823,-794.9676282192045,-2.979243489504033,26683.54
USD,2025,9,USD-2025-09,SiU5,2025-08-08,2025-09-18,41,29,LONG_QUARTERLY_SHORT_PERP,0.11907,0.06600848549834706,1.803858990265451,1337.0,2056.0,-3390.0000000000005,1337.61,0.0,-0.0,537.3260794520546,15.92,24.000000000010232,-573.6360794520654,-2.149775027796407,-866.2991191781028,-3.2465674313756825,26683.54
USD,2025,9,USD-2025-09,SiU5,2025-08-11,2025-09-18,38,28,LONG_QUARTERLY_SHORT_PERP,0.11967,0.06527746647749547,1.8332512957018094,1290.0,2213.0,-3500.0,1217.94,0.0,-0.0,497.8490613698628,15.92,24.000000000010232,-606.8290613698729,-2.2741699990701116,-879.7535920548146,-3.2969897999096616,26683.54
USD,2025,9,USD-2025-09,SiU5,2025-08-12,2025-09-18,37,27,LONG_QUARTERLY_SHORT_PERP,0.02655,0.040170742790462066,0.6609287793977237,560.0,2743.0,-3299.9999999999973,1191.3899999999999,0.0,-0.0,484.69005534246554,15.92,24.000000000010232,109.77994465752684,0.4114144699598586,-156.56508301371622,-0.5867477966331162,26683.54
USD,2025,9,USD-2025-09,SiU5,2025-08-13,2025-09-18,36,26,LONG_QUARTERLY_SHORT_PERP,0.11981,0.07082504035827225,1.6916333459738917,1330.0,2243.0,-3570.0000000000073,1071.58,0.0,-0.0,471.5310493150683,15.92,24.000000000010232,-766.8710493150858,-2.8739479443697715,-1026.6365739726302,-3.847452676716171,26683.54
USD,2025,9,USD-2025-09,SiU5,2025-08-14,2025-09-18,35,25,LONG_QUARTERLY_SHORT_PERP,0.1194,0.06437168173150726,1.8548528916490725,1111.0,2292.0,-3400.0000000000055,952.18,0.0,-0.0,458.37204328767103,15.92,24.000000000010232,-654.1120432876868,-2.451369058557024,-907.2980649315325,-3.4002162566568477,26683.54
USD,2025,9,USD-2025-09,SiU5,2025-08-15,2025-09-18,34,24,LONG_QUARTERLY_SHORT_PERP,0.11966,0.07067220988584517,1.693169071595234,1211.0,1942.0,-3150.0000000000055,832.52,0.0,-0.0,445.2130372602738,15.92,24.000000000010232,-860.6130372602894,-3.2252581076584645,-1107.2195558904368,-4.149447771511714,26683.54
USD,2025,9,USD-2025-09,SiU5,2025-08-18,2025-09-18,31,23,LONG_QUARTERLY_SHORT_PERP,0.12003,0.08276765300774314,1.4502042239710586,1458.0,1285.0,-2739.999999999995,712.49,0.0,-0.0,405.736019178082,15.92,24.000000000010232,-1188.1660191780873,-4.452805059516418,-1415.0340287671386,-5.303022120629941,26683.54
USD,2025,9,USD-2025-09,SiU5,2025-08-19,2025-09-18,30,22,LONG_QUARTERLY_SHORT_PERP,0.12065,0.06706804605230432,1.7989192633688589,1043.0,1780.0,-2820.0000000000073,591.84,0.0,-0.0,392.57701315068476,15.92,24.000000000010232,-880.6570131507023,-3.3003754867259074,-1100.945519726055,-4.125935013592855,26683.54
USD,2025,9,USD-2025-09,SiU5,2025-08-20,2025-09-18,29,21,LONG_QUARTERLY_SHORT_PERP,0.12053,0.07168276224396657,1.6814363206287413,1086.0,1987.0,-3070.0000000000073,471.31,0.0,-0.0,379.4180071232875,15.92,24.000000000010232,-1031.028007123305,-3.863910137572845,-1244.7370106849592,-4.664812130193217,26683.54
USD,2025,9,USD-2025-09,SiU5,2025-08-21,2025-09-18,28,20,LONG_QUARTERLY_SHORT_PERP,0.10761,0.08770895005479502,1.2268987364775437,1348.0,1575.0,-2920.000000000002,363.7,0.0,-0.0,366.25900109589026,15.92,24.000000000010232,-1387.4790010959023,-5.199756108432023,-1594.6085016438578,-5.97600056680582,26683.54
USD,2025,9,USD-2025-09,SiU5,2025-08-26,2025-09-18,23,17,SHORT_QUARTERLY_LONG_PERP,-0.12102,-0.031095060531828582,99.0,-869.0,-1774.0,2640.0000000000005,-484.71999999999997,0.0,0.0,300.463970958904,15.92,24.000000000010232,40.896029041086265,0.1532631316575172,-133.33595643837612,-0.49969365548340333,26683.54
USD,2025,9,USD-2025-09,SiU5,2025-08-28,2025-09-18,21,15,LONG_QUARTERLY_SHORT_PERP,0.04826,0.07467106392694131,0.6463012238210228,806.0,2077.0,-2879.9999999999955,436.46,0.0,-0.0,274.1459589041095,15.92,24.000000000010232,-680.6059589041151,-2.550658416777216,-841.6789383561803,-3.154300135424986,26683.54
USD,2025,9,USD-2025-09,SiU5,2025-08-29,2025-09-18,20,14,LONG_QUARTERLY_SHORT_PERP,0.12044,0.0848504966340516,1.4194377732335615,887.0,1956.0,-2840.0000000000036,316.02,0.0,-0.0,260.9869528767123,15.92,24.000000000010232,-868.8869528767261,-3.256265671184281,-1023.3804293150926,-3.835249855585475,26683.54
USD,2025,9,USD-2025-09,SiU5,2025-09-02,2025-09-18,16,12,SHORT_QUARTERLY_LONG_PERP,-0.00811,-0.02014408926940554,99.0,-490.0,-2093.0,2579.999999999998,-324.13,0.0,0.0,208.35092876712326,15.92,24.000000000010232,-85.40092876713531,-0.32005097062509436,-213.57639315070722,-0.8004050180399872,26683.54
USD,2025,9,USD-2025-09,SiU5,2025-09-08,2025-09-18,10,8,SHORT_QUARTERLY_LONG_PERP,-0.12234,-0.06033538842465625,99.0,-652.0,-181.0,829.9999999999983,-446.46999999999997,0.0,0.0,129.39689260273974,15.92,24.000000000010232,33.21310739724835,0.1244703940978159,-55.485338904131694,-0.20793844783762458,26683.54
USD,2025,9,USD-2025-09,SiU5,2025-09-09,2025-09-18,9,7,LONG_QUARTERLY_SHORT_PERP,0.12351,0.17816541236790756,0.6932321956236637,1091.0,-1158.0,69.99999999999318,322.96,0.0,-0.0,116.23788657534249,15.92,24.000000000010232,-921.1978865753595,-3.4523076270066095,-1003.3168298630409,-3.7600589346954747,26683.54
USD,2025,9,USD-2025-09,SiU5,2025-09-11,2025-09-18,7,5,SHORT_QUARTERLY_LONG_PERP,-0.12738,0.08276797490411164,1.5390010465711197,284.0,2203.0,-2489.999999999995,-450.34,0.0,0.0,89.91987452054795,15.92,24.000000000010232,-867.1798745205531,-3.2498681753641123,-936.1398117808372,-3.5083044145598272,26683.54
USD,2025,9,USD-2025-09,SiU5,2025-09-12,2025-09-18,6,4,LONG_QUARTERLY_SHORT_PERP,0.12849,-0.029329782876709773,99.0,-234.0,-973.0,1209.9999999999936,321.85,0.0,-0.0,76.7608684931507,15.92,24.000000000010232,442.1691315068327,1.6570857221599258,379.78869726024715,1.4233070172107867,26683.54
USD,2025,12,USD-2025-12,SiZ5,2025-09-19,2025-12-18,90,64,LONG_QUARTERLY_SHORT_PERP,0.05109,0.07183481342465767,0.7112150441315561,3458.0,-7018.0,3560.0000000000023,3151.56,0.0,-0.0,1099.5080591780809,15.92,24.000000000010232,-1445.868059178089,-5.418576617563071,-2019.6220887671439,-7.568793678676607,26683.54
USD,2025,12,USD-2025-12,SiZ5,2025-09-22,2025-12-18,87,63,SHORT_QUARTERLY_LONG_PERP,-0.06851,-0.02341040938464869,99.0,-2577.0,6567.0,-3989.999999999995,-3220.07,0.0,0.0,1062.224208767122,15.92,24.000000000010232,-1745.2142087671275,-6.540414835389635,-2300.3263131507024,-8.620768882804539,26683.54
USD,2025,12,USD-2025-12,SiZ5,2025-09-23,2025-12-18,86,62,LONG_QUARTERLY_SHORT_PERP,0.12603,0.07499542352629267,1.6805025436760832,3560.0,-6880.0,3319.999999999993,3094.04,0.0,-0.0,1049.7962586301358,15.92,24.000000000010232,-1555.676258630153,-5.830096976001508,-2104.574387945235,-7.887163352183537,26683.54
USD,2025,12,USD-2025-12,SiZ5,2025-09-25,2025-12-18,84,60,LONG_QUARTERLY_SHORT_PERP,0.12599,0.07258100597260289,1.735853592984883,3290.0,-6870.0,3579.999999999998,2968.05,0.0,-0.0,1024.9403583561632,15.92,24.000000000010232,-1386.8103583561751,-5.197250283718634,-1923.2805375342705,-7.207741317434907,26683.54
USD,2025,12,USD-2025-12,SiZ5,2025-09-26,2025-12-18,83,59,LONG_QUARTERLY_SHORT_PERP,0.12542,0.05792258319015571,2.1653039814929365,2365.0,-5945.0,3579.999999999998,2842.63,0.0,-0.0,1012.5124082191768,15.92,24.000000000010232,-574.8024082191887,-2.154145994943657,-1105.058612328791,-4.141349357427054,26683.54
USD,2025,12,USD-2025-12,SiZ5,2025-09-29,2025-12-18,80,58,LONG_QUARTERLY_SHORT_PERP,0.12542,0.06070945789324532,2.0659054511826653,2506.0,-5346.0,2840.0000000000036,2717.21,0.0,-0.0,975.2285578082179,15.92,24.000000000010232,-803.9385578082245,-3.0128632025894033,-1315.552836712347,-4.930203551374169,26683.54
USD,2025,12,USD-2025-12,SiZ5,2025-10-02,2025-12-18,77,55,LONG_QUARTERLY_SHORT_PERP,0.12225,0.05141572195267763,2.3776773982191153,1850.0,-2830.0,980.000000000004,2594.96,0.0,-0.0,937.9447073972591,15.92,24.000000000010232,-232.90470739726518,-0.8728403630000561,-725.8770610959078,-2.7203176980861903,26683.54
USD,2025,12,USD-2025-12,SiZ5,2025-10-03,2025-12-18,76,54,LONG_QUARTERLY_SHORT_PERP,0.04851,0.06424882883815339,0.7550332181493855,2504.0,-4374.0,1870.0000000000045,2546.45,0.0,-0.0,925.5167572602728,15.92,24.000000000010232,-922.9867572602786,-3.4590116501044412,-1409.7451358904282,-5.283201313957699,26683.54
USD,2025,12,USD-2025-12,SiZ5,2025-10-08,2025-12-18,71,51,LONG_QUARTERLY_SHORT_PERP,0.1229,0.049986215815202975,2.4586778173878243,1646.0,-3166.0,1519.999999999996,2423.55,0.0,-0.0,863.3770065753414,15.92,24.000000000010232,-125.74700657535554,-0.4712530892653506,-581.4355098630384,-2.1790043969542214,26683.54
USD,2025,12,USD-2025-12,SiZ5,2025-10-09,2025-12-18,70,50,LONG_QUARTERLY_SHORT_PERP,0.11549,0.0594773811287673,1.9417465565601575,2083.0,-3463.0,1379.9999999999955,2308.06,0.0,-0.0,850.9490564383551,15.92,24.000000000010232,-665.8090564383699,-2.495205120603825,-1115.2835846575597,-4.17966875705982,26683.54
USD,2025,12,USD-2025-12,SiZ5,2025-10-10,2025-12-18,69,49,LONG_QUARTERLY_SHORT_PERP,0.12212,0.06674369604696692,1.829685906427257,2392.0,-3552.0,1159.9999999999966,2185.94,0.0,-0.0,838.5211063013688,15.92,24.000000000010232,-1084.5011063013828,-4.064307458086081,-1527.7616594520791,-5.725483423309197,26683.54
USD,2025,12,USD-2025-12,SiZ5,2025-10-13,2025-12-18,66,48,LONG_QUARTERLY_SHORT_PERP,0.02202,0.04210744283105042,0.5229479284304164,1180.0,-2000.0,819.9999999999932,2163.92,0.0,-0.0,801.23725589041,15.92,24.000000000010232,142.76274410957305,0.5350217553951726,-281.85588383564357,-1.0562911961293124,26683.54
USD,2025,12,USD-2025-12,SiZ5,2025-10-15,2025-12-18,64,46,LONG_QUARTERLY_SHORT_PERP,0.08438,0.04678915990470539,1.8034091693857117,1336.0,-146.0,-1189.9999999999977,2079.54,0.0,-0.0,776.3813556164374,15.92,24.000000000010232,-72.76135561644541,-0.27268254368215544,-484.95203342467556,-1.8174201527408864,26683.54
USD,2025,12,USD-2025-12,SiZ5,2025-10-16,2025-12-18,63,45,LONG_QUARTERLY_SHORT_PERP,0.11826,0.07810829789954359,1.5140516843946108,2711.0,-1761.0,-950.0000000000028,1961.28,0.0,-0.0,763.9534054794511,15.92,24.000000000010232,-1553.593405479464,-5.822291215781204,-1959.570108219201,-7.343741153607058,26683.54
USD,2025,12,USD-2025-12,SiZ5,2025-10-17,2025-12-18,62,44,LONG_QUARTERLY_SHORT_PERP,0.11862,0.06460103307596533,1.836193546015169,2051.0,-3001.0,950.0000000000028,1842.6599999999999,0.0,-0.0,751.5254553424649,15.92,24.000000000010232,-999.7854553424725,-3.746824654234305,-1399.5481830137162,-5.244986920827282,26683.54
USD,2025,12,USD-2025-12,SiZ5,2025-10-20,2025-12-18,59,43,SHORT_QUARTERLY_LONG_PERP,-0.04339,-0.0025078696527554368,99.0,-862.0,2192.0,-1329.9999999999982,-1886.05,0.0,0.0,714.241604931506,15.92,24.000000000010232,-1778.2116049315143,-6.6640768238828665,-2159.3324073972785,-8.092376076777214,26683.54
USD,2025,12,USD-2025-12,SiZ5,2025-10-21,2025-12-18,58,42,LONG_QUARTERLY_SHORT_PERP,0.01451,0.06492222987606024,0.22349817662918098,1985.0,-3305.0,1319.9999999999932,1871.54,0.0,-0.0,701.8136547945197,15.92,24.000000000010232,-855.1936547945368,-3.2049482744588493,-1230.1004821918075,-4.609959856120318,26683.54
USD,2025,12,USD-2025-12,SiZ5,2025-10-22,2025-12-18,57,41,LONG_QUARTERLY_SHORT_PERP,0.12203,0.04634891962579375,2.632855328349202,1171.0,-2791.0,1620.0000000000045,1749.51,0.0,-0.0,689.3857046575334,15.92,24.000000000010232,-150.79570465753915,-0.5651263087938825,-519.4885569863166,-1.946850219222474,26683.54
USD,2025,12,USD-2025-12,SiZ5,2025-10-23,2025-12-18,56,40,LONG_QUARTERLY_SHORT_PERP,0.12248,0.06072194386301394,2.0170632263734762,1712.0,-2952.0,1239.999999999995,1627.03,0.0,-0.0,676.9577545205472,15.92,24.000000000010232,-801.8477545205624,-3.0050276482077054,-1164.3266317808466,-4.36346388740342,26683.54
USD,2025,12,USD-2025-12,SiZ5,2025-10-27,2025-12-18,52,38,LONG_QUARTERLY_SHORT_PERP,0.12146,0.07718857773612138,1.5735488794109656,2266.0,-1216.0,-1049.9999999999973,1505.57,0.0,-0.0,627.245953972602,15.92,24.000000000010232,-1427.5959539726098,-5.350099551905818,-1765.2189309589212,-6.6153851061700255,26683.54
USD,2025,12,USD-2025-12,SiZ5,2025-10-28,2025-12-18,51,37,LONG_QUARTERLY_SHORT_PERP,0.04719,0.041056852210292746,1.1493818317657023,864.0,-654.0,-210.00000000000796,1458.3799999999999,0.0,-0.0,615.1835317808212,15.92,24.000000000010232,-60.72353178083954,-0.2275692497353782,-392.3152976712608,-1.4702520642735588,26683.54
USD,2025,12,USD-2025-12,SiZ5,2025-10-29,2025-12-18,50,36,LONG_QUARTERLY_SHORT_PERP,0.11973,0.06841780859969585,1.7499829715465671,1820.0,-1260.0,-560.0000000000023,1338.6499999999999,0.0,-0.0,603.1211095890404,15.92,24.000000000010232,-1124.3911095890533,-4.2138003787692835,-1449.951664383584,-5.433880453581437,26683.54
USD,2025,12,USD-2025-12,SiZ5,2025-10-30,2025-12-18,49,35,LONG_QUARTERLY_SHORT_PERP,0.11921,0.061570819639921996,1.9361444381796933,1524.0,-1994.0,469.99999999999886,1219.44,0.0,-0.0,591.0586873972596,15.92,24.000000000010232,-935.5386873972709,-3.506051623574949,-1255.0680310959115,-4.7035289586610745,26683.54
USD,2025,12,USD-2025-12,SiZ5,2025-10-31,2025-12-18,48,34,LONG_QUARTERLY_SHORT_PERP,0.05711,0.039232831329573205,1.4556685832906282,715.0,-1665.0,950.0000000000028,1162.33,0.0,-0.0,578.9962652054788,15.92,24.000000000010232,-171.58626520548628,-0.6430416099418829,-485.08439780823636,-1.8179162053019813,26683.54
USD,2025,12,USD-2025-12,SiZ5,2025-11-01,2025-12-18,47,34,SHORT_QUARTERLY_LONG_PERP,-0.12147,-0.01073959285253799,99.0,-972.0,1832.0,-859.9999999999994,-1283.8,0.0,0.0,566.933843013698,15.92,24.000000000010232,-918.6538430137076,-3.442773496371574,-1226.1207645205673,-4.595045352005646,26683.54
USD,2025,12,USD-2025-12,SiZ5,2025-11-03,2025-12-18,45,33,SHORT_QUARTERLY_LONG_PERP,-0.12134,0.016597848443337778,7.310586092783896,-35.0,895.0,-859.9999999999994,-1405.1399999999999,0.0,0.0,542.8089986301364,15.92,24.000000000010232,-1952.8689986301463,-7.318627883070036,-2248.273497945225,-8.425694259252051,26683.54
USD,2025,12,USD-2025-12,SiZ5,2025-11-07,2025-12-18,41,29,LONG_QUARTERLY_SHORT_PERP,0.08188,0.0435682520642422,1.8793501258500436,729.0,-1929.0,1200.0000000000027,1323.26,0.0,-0.0,494.55930986301325,15.92,24.000000000010232,59.78069013697923,0.22403582934265556,-211.498964794538,-0.7926195879352514,26683.54
USD,2025,12,USD-2025-12,SiZ5,2025-11-10,2025-12-18,38,28,LONG_QUARTERLY_SHORT_PERP,0.12185,0.06590328726027432,1.8489214281341269,1347.0,-2327.0,980.000000000004,1201.41,0.0,-0.0,458.37204328767086,15.92,24.000000000010232,-643.8820432876769,-2.4130308170792816,-897.0680649315229,-3.361878015179107,26683.54
USD,2025,12,USD-2025-12,SiZ5,2025-11-11,2025-12-18,37,27,LONG_QUARTERLY_SHORT_PERP,0.12152,0.039786282262811126,3.0543190539214238,588.0,-1918.0,1329.9999999999982,1079.8899999999999,0.0,-0.0,446.30962109589007,15.92,24.000000000010232,5.660378904097755,0.021212998365650715,-241.4944316438579,-0.9050314600081469,26683.54
USD,2025,12,USD-2025-12,SiZ5,2025-11-14,2025-12-18,34,24,LONG_QUARTERLY_SHORT_PERP,0.1209,0.046210098105023245,2.6163112600459426,659.0,-1759.0,1099.9999999999943,958.99,0.0,-0.0,410.1223545205477,15.92,24.000000000010232,-150.0523545205636,-0.5623405084953631,-379.11353178084806,-1.4207767476910786,26683.54
USD,2025,12,USD-2025-12,SiZ5,2025-11-17,2025-12-18,31,23,LONG_QUARTERLY_SHORT_PERP,0.1217,0.0420371777367485,2.895056389421001,553.0,-1653.0,1099.9999999999943,837.29,0.0,-0.0,373.9350879452053,15.92,24.000000000010232,-129.56508794522125,-0.485561840539978,-340.5326319178345,-1.2761898605576116,26683.54
USD,2025,12,USD-2025-12,SiZ5,2025-11-18,2025-12-18,30,22,LONG_QUARTERLY_SHORT_PERP,0.1217,0.05853603026151976,2.0790613824730575,886.0,-1906.0,1019.999999999996,715.59,0.0,-0.0,361.8726657534245,15.92,24.000000000010232,-572.2026657534386,-2.1444031254977363,-777.1389986301615,-2.9124284057893424,26683.54
USD,2025,12,USD-2025-12,SiZ5,2025-11-20,2025-12-18,28,20,SHORT_QUARTERLY_LONG_PERP,-0.00962,0.028333391068493655,0.3395287199031149,189.0,511.0,-700.0000000000028,-725.2099999999999,0.0,0.0,337.7478213698629,15.92,24.000000000010232,-1291.8778213698758,-4.841478384689122,-1484.7517320548181,-5.564298185528674,26683.54
USD,2025,12,USD-2025-12,SiZ5,2025-11-25,2025-12-18,23,17,LONG_QUARTERLY_SHORT_PERP,0.05172,0.027785630024174657,1.8613938195751345,155.0,915.0,-1070.0000000000073,673.49,0.0,-0.0,277.4357104109589,15.92,24.000000000010232,201.1342895890236,0.7537766337938054,38.4164343835338,0.14397053158439171,26683.54
USD,2025,12,USD-2025-12,SiZ5,2025-11-26,2025-12-18,22,16,LONG_QUARTERLY_SHORT_PERP,0.11844,0.04626833051369927,2.5598503054898845,435.0,1005.0,-1439.9999999999977,555.05,0.0,-0.0,265.3732882191781,15.92,24.000000000010232,-185.2432882191861,-0.6942230611799862,-341.92993232878547,-1.2814264236633726,26683.54
USD,2025,12,USD-2025-12,SiZ5,2025-11-27,2025-12-18,21,15,LONG_QUARTERLY_SHORT_PERP,0.11789,0.0446820577351605,2.6384192218442046,377.0,1403.0,-1780.0000000000011,437.15999999999997,0.0,-0.0,253.3108660273973,15.92,24.000000000010232,-233.0708660274087,-0.8734630638491321,-383.7262990411176,-1.4380636866064909,26683.54
USD,2025,12,USD-2025-12,SiZ5,2025-11-28,2025-12-18,20,14,LONG_QUARTERLY_SHORT_PERP,0.08265,-0.010487968297455236,99.0,-428.0,2228.0,-1799.9999999999973,354.51,0.0,-0.0,241.24844383561648,15.92,24.000000000010232,501.341556164376,1.8788419983419593,356.7173342465575,1.3368441153106279,26683.54
USD,2025,12,USD-2025-12,SiZ5,2025-12-03,2025-12-18,15,11,SHORT_QUARTERLY_LONG_PERP,-0.11071,0.11716875753424752,0.9448764528175553,1068.0,-3138.0,2070.0000000000073,-465.21999999999997,0.0,0.0,180.93633287671236,15.92,24.000000000010232,-1754.0763328767155,-6.573626785938879,-1868.5444993150818,-7.002610970340075,26683.54
USD,2025,12,USD-2025-12,SiZ5,2025-12-04,2025-12-18,14,10,SHORT_QUARTERLY_LONG_PERP,-0.00323,0.10577939106849417,0.030535248571326275,849.0,-3909.0,3060.0000000000023,-468.45,0.0,0.0,168.87391068493153,15.92,24.000000000010232,-1526.2439106849397,-5.719795464488368,-1634.6808660274155,-6.126176909163535,26683.54
USD,2025,12,USD-2025-12,SiZ5,2025-12-05,2025-12-18,13,9,LONG_QUARTERLY_SHORT_PERP,0.11546,0.07197016538812899,1.6042758742783765,451.0,3489.0,-3939.9999999999977,352.99,0.0,-0.0,156.8114884931507,15.92,24.000000000010232,-294.74148849315867,-1.1045816578053687,-397.1472327397442,-1.4883603627545077,26683.54
USD,2025,12,USD-2025-12,SiZ5,2025-12-08,2025-12-18,10,8,SHORT_QUARTERLY_LONG_PERP,-0.11414,0.1261930277397273,0.9044873718016607,849.0,-3609.0,2760.000000000005,-467.13,0.0,0.0,120.62422191780824,15.92,24.000000000010232,-1476.6742219178136,-5.534026676812048,-1560.986332876728,-5.849997162583106,26683.54
USD,2025,12,USD-2025-12,SiZ5,2025-12-09,2025-12-18,9,7,LONG_QUARTERLY_SHORT_PERP,0.11591,0.13621168567514821,0.8509548899969875,805.0,2415.0,-3219.999999999999,351.21999999999997,0.0,-0.0,108.56179972602742,15.92,24.000000000010232,-602.2617997260368,-2.257053598308308,-680.5426995890606,-2.5504213443533374,26683.54
USD,2025,12,USD-2025-12,SiZ5,2025-12-10,2025-12-18,8,6,SHORT_QUARTERLY_LONG_PERP,-0.0041,-0.1620967704109572,99.0,-1109.0,-1021.0,2129.9999999999955,-355.32,0.0,0.0,96.49937753424659,15.92,24.000000000010232,617.2606224657387,2.3132636166930576,545.0109336986052,2.0424986103740554,26683.54
USD,2025,12,USD-2025-12,SiZ5,2025-12-12,2025-12-18,6,4,LONG_QUARTERLY_SHORT_PERP,0.11557,-0.0899263667123262,99.0,-472.0,772.0,-299.99999999999716,239.75,0.0,-0.0,72.37453315068494,15.92,24.000000000010232,599.4554668493078,2.246536504711548,539.268200273955,2.0209769778446,26683.54
USD,2026,3,USD-2026-03,SiH6,2026-01-05,2026-03-19,73,53,LONG_QUARTERLY_SHORT_PERP,0.11735,0.07849928139054037,1.4949181434690353,3278.0,3330.0,-6609.999999999999,1987.6,0.0,-0.0,842.5419136986296,15.92,24.000000000010232,-2174.861913698639,-8.150574900101857,-2620.1328705479664,-9.819285111900317,26683.54
USD,2026,3,USD-2026-03,SiH6,2026-01-06,2026-03-19,72,52,LONG_QUARTERLY_SHORT_PERP,0.11735,0.06655317345100124,1.763251756678397,2590.0,4018.0,-6609.999999999999,1870.25,0.0,-0.0,830.8450194520543,15.92,24.000000000010232,-1592.5150194520636,-5.968154972886144,-2031.9375291781032,-7.614947376465428,26683.54
USD,2026,3,USD-2026-03,SiH6,2026-01-08,2026-03-19,70,50,LONG_QUARTERLY_SHORT_PERP,0.11735,0.06586742461917827,1.7816090530102768,2446.0,4162.0,-6609.999999999999,1752.8999999999999,0.0,-0.0,807.4512309589037,15.92,24.000000000010232,-1542.4712309589133,-5.780609435475627,-1970.1968464383774,-7.383566222616554,26683.54
USD,2026,3,USD-2026-03,SiH6,2026-01-09,2026-03-19,69,49,LONG_QUARTERLY_SHORT_PERP,0.11735,0.05097294564719059,2.3022016583510476,1662.0,4946.0,-6609.999999999999,1635.55,0.0,-0.0,795.7543367123284,15.92,24.000000000010232,-864.1243367123377,-3.2384171542169353,-1286.0015050685145,-4.819456133138686,26683.54
USD,2026,3,USD-2026-03,SiH6,2026-01-12,2026-03-19,66,48,LONG_QUARTERLY_SHORT_PERP,0.11735,0.046970492791096094,2.498377024101508,1454.0,4594.0,-6049.999999999997,1518.2,0.0,-0.0,760.6636539726024,15.92,24.000000000010232,-738.3836539726099,-2.7671877643394014,-1142.7154809589235,-4.282473318603617,26683.54
USD,2026,3,USD-2026-03,SiH6,2026-01-13,2026-03-19,65,47,LONG_QUARTERLY_SHORT_PERP,0.11768,0.04595503744097953,2.560763880371929,1371.0,4617.0,-5990.000000000009,1400.52,0.0,-0.0,748.9667597260271,15.92,24.000000000010232,-761.3667597260464,-2.853319910799116,-1159.8501395890726,-4.3466876568441535,26683.54
USD,2026,3,USD-2026-03,SiH6,2026-01-14,2026-03-19,64,46,LONG_QUARTERLY_SHORT_PERP,0.08957,0.039569344901727435,2.2636209980845483,1043.0,5225.0,-6270.00000000001,1310.95,0.0,-0.0,737.2698654794518,15.92,24.000000000010232,-511.23986547947203,-1.9159371862933932,-903.8747982192102,-3.3873871241192517,26683.54
USD,2026,3,USD-2026-03,SiH6,2026-01-15,2026-03-19,63,45,LONG_QUARTERLY_SHORT_PERP,0.02338,0.03632206602739749,0.6436858515252031,869.0,5439.0,-6310.000000000002,1287.57,0.0,-0.0,725.5729712328765,15.92,24.000000000010232,-348.92297123288864,-1.307633736876324,-735.7094568493393,-2.757165866483005,26683.54
USD,2026,3,USD-2026-03,SiH6,2026-01-16,2026-03-19,62,44,LONG_QUARTERLY_SHORT_PERP,0.04573,0.057836274476961616,0.7906802506481636,1791.0,5217.0,-7010.0000000000055,1241.84,0.0,-0.0,713.8760769863012,15.92,24.000000000010232,-1304.9560769863172,-4.890490830625611,-1685.89411547948,-6.318105152013113,26683.54
USD,2026,3,USD-2026-03,SiH6,2026-01-19,2026-03-19,59,43,LONG_QUARTERLY_SHORT_PERP,0.11675,0.051644311494106636,2.2606555615195467,1502.0,5576.0,-7079.999999999998,1125.09,0.0,-0.0,678.7853942465753,15.92,24.000000000010232,-1097.6153942465837,-4.113454939811523,-1461.0080913698837,-5.475315836541491,26683.54
USD,2026,3,USD-2026-03,SiH6,2026-01-20,2026-03-19,58,42,LONG_QUARTERLY_SHORT_PERP,0.11664,0.05133353571428595,2.2721988340954953,1449.0,5569.0,-7020.00000000001,1008.4499999999999,0.0,-0.0,667.0885,15.92,24.000000000010232,-1149.5585000000203,-4.308118413074204,-1507.1027500000323,-5.648061501584993,26683.54
USD,2026,3,USD-2026-03,SiH6,2026-01-21,2026-03-19,57,41,LONG_QUARTERLY_SHORT_PERP,0.04033,0.028080770872035,1.436214133286623,456.0,6862.0,-7320.000000000007,968.12,0.0,-0.0,655.3916057534246,15.92,24.000000000010232,-185.19160575344213,-0.6940293744887003,-536.8874086301664,-2.0120546547803118,26683.54
USD,2026,3,USD-2026-03,SiH6,2026-01-23,2026-03-19,55,39,LONG_QUARTERLY_SHORT_PERP,0.06724,0.0458953286476996,1.4650728512294953,1118.0,7800.0,-8920.000000000002,900.88,0.0,-0.0,631.997817260274,15.92,24.000000000010232,-891.037817260286,-3.3392788860109492,-1231.0367258904348,-4.613468549864204,26683.54
USD,2026,3,USD-2026-03,SiH6,2026-01-26,2026-03-19,52,38,LONG_QUARTERLY_SHORT_PERP,0.11388,0.0682322930136989,1.6690044401283197,1956.0,6872.0,-8829.999999999998,787.0,0.0,-0.0,596.9071345205481,15.92,24.000000000010232,-1807.8271345205565,-6.775064832179526,-2130.2807017808423,-7.983501071375246,26683.54
USD,2026,3,USD-2026-03,SiH6,2026-01-27,2026-03-19,51,37,LONG_QUARTERLY_SHORT_PERP,0.08043,0.0359494659533509,2.2373072274388823,705.0,7583.0,-8290.000000000005,706.5699999999999,0.0,-0.0,585.2102402739728,15.92,24.000000000010232,-625.5602402739885,-2.344367502490256,-942.1653604109862,-3.5308859334667972,26683.54
USD,2026,3,USD-2026-03,SiH6,2026-01-28,2026-03-19,50,36,LONG_QUARTERLY_SHORT_PERP,0.11483,0.055595370722983546,2.065459740742918,1388.0,7180.0,-8570.000000000007,591.74,0.0,-0.0,573.5133460273975,15.92,24.000000000010232,-1411.6933460274151,-5.290502482157222,-1722.450019041125,-6.455103104914583,26683.54
USD,2026,3,USD-2026-03,SiH6,2026-01-29,2026-03-19,49,35,LONG_QUARTERLY_SHORT_PERP,0.11441,0.027535327193738066,4.155025985164923,362.0,8446.0,-8810.000000000002,477.33,0.0,-0.0,561.8164517808221,15.92,24.000000000010232,-488.40645178083423,-1.8303660300726,-793.3146776712564,-2.973048844610784,26683.54
USD,2026,3,USD-2026-03,SiH6,2026-01-30,2026-03-19,48,34,LONG_QUARTERLY_SHORT_PERP,0.11405,0.06473645757453698,1.761758432158322,1611.0,7497.0,-9110.0,363.28,0.0,-0.0,550.1195575342468,15.92,24.000000000010232,-1839.7595575342573,-6.894735696741352,-2138.8193363013916,-8.015500703060356,26683.54
USD,2026,3,USD-2026-03,SiH6,2026-02-02,2026-03-19,45,33,LONG_QUARTERLY_SHORT_PERP,0.1136,0.036452996205894886,3.1163419148966836,648.0,7170.0,-7820.000000000007,249.67999999999998,0.0,-0.0,515.0288747945209,15.92,24.000000000010232,-955.2688747945384,-3.5799930398835325,-1236.7833121918097,-4.635004621545004,26683.54
USD,2026,3,USD-2026-03,SiH6,2026-02-03,2026-03-19,44,32,LONG_QUARTERLY_SHORT_PERP,0.11553,0.05116412439212362,2.258027502133606,1094.0,6764.0,-7859.999999999999,134.15,0.0,-0.0,503.33198054794553,15.92,24.000000000010232,-1505.101980547955,-5.640563360588419,-1780.7679708219384,-6.673657134030711,26683.54
USD,2026,3,USD-2026-03,SiH6,2026-02-04,2026-03-19,43,31,LONG_QUARTERLY_SHORT_PERP,0.11547,0.027501776977463883,4.19863778601001,321.0,7607.0,-7930.000000000007,18.680000000000003,0.0,-0.0,491.63508630137017,15.92,24.000000000010232,-835.8750863013876,-3.1325494529638407,-1105.6926294520833,-4.143725418186954,26683.54
USD,2026,3,USD-2026-03,SiH6,2026-02-05,2026-03-19,42,30,LONG_QUARTERLY_SHORT_PERP,0.02738,0.05256193973516017,0.5209092384709832,1057.0,7231.0,-8290.000000000005,-8.699999999999998,0.0,-0.0,479.9381920547948,15.92,24.000000000010232,-1587.5581920548107,-5.949578624330995,-1851.5272880822185,-6.938836781334929,26683.54
USD,2026,3,USD-2026-03,SiH6,2026-02-06,2026-03-19,41,29,LONG_QUARTERLY_SHORT_PERP,0.11483,0.03724694130373206,3.082937711948291,572.0,7216.0,-7790.000000000006,-123.53,0.0,-0.0,468.24129780821943,15.92,24.000000000010232,-1205.6912978082362,-4.518483296475042,-1463.8119467123563,-5.4858236452597975,26683.54
USD,2026,3,USD-2026-03,SiH6,2026-02-10,2026-03-19,37,27,LONG_QUARTERLY_SHORT_PERP,0.11648,0.0349397674378492,3.33373712939545,482.0,7146.0,-7630.00000000001,-240.01,0.0,-0.0,421.453720821918,15.92,24.000000000010232,-1185.3837208219384,-4.442378038378485,-1420.1105812329076,-5.322047154286529,26683.54
USD,2026,3,USD-2026-03,SiH6,2026-02-11,2026-03-19,36,26,SHORT_QUARTERLY_LONG_PERP,-0.02432,0.015872185637513574,1.5322401435704103,-37.0,-7341.0,7380.00000000001,215.69,0.0,0.0,409.75682657534264,15.92,24.000000000010232,-194.98682657534286,-0.7307382250456381,-423.8652398630245,-1.5884895327345039,26683.54
USD,2026,3,USD-2026-03,SiH6,2026-02-12,2026-03-19,35,25,LONG_QUARTERLY_SHORT_PERP,0.092,0.028559197293151102,3.2213790554282453,276.0,7372.0,-7650.0000000000055,-307.69,0.0,-0.0,398.05993232876733,15.92,24.000000000010232,-1023.669932328783,-3.8363348053848294,-1246.699898493177,-4.672168304854517,26683.54
USD,2026,3,USD-2026-03,SiH6,2026-02-19,2026-03-19,28,20,SHORT_QUARTERLY_LONG_PERP,-0.00894,0.040709912821918326,0.2196025336410615,457.0,-8655.0,8200.000000000004,298.75,0.0,0.0,317.2782564383562,15.92,24.000000000010232,-513.4482564383628,-1.9242134156051365,-696.0873846575511,-2.608677052061125,26683.54
USD,2026,3,USD-2026-03,SiH6,2026-02-25,2026-03-19,22,16,SHORT_QUARTERLY_LONG_PERP,-0.02199,-0.0478618713356158,99.0,-1055.0,-7313.0,8370.000000000004,276.76,0.0,0.0,249.29005863013694,15.92,24.000000000010232,1044.5499413698565,3.914585326271763,895.9049120547777,3.3575189500897467,26683.54
USD,2026,3,USD-2026-03,SiH6,2026-03-02,2026-03-19,17,13,LONG_QUARTERLY_SHORT_PERP,0.0233,0.03973486362486907,0.5863868118429154,284.0,7384.0,-7670.000000000002,-300.06,0.0,-0.0,192.63322712328767,15.92,24.000000000010232,-818.6132271232997,-3.067858414300725,-938.9298406849538,-3.5187604069210976,26683.54
USD,2026,3,USD-2026-03,SiH6,2026-03-03,2026-03-19,16,12,SHORT_QUARTERLY_LONG_PERP,-0.00168,0.03935182173516067,0.04269179737869487,251.0,-7479.0,7230.000000000004,298.38,0.0,0.0,181.3018608219178,15.92,24.000000000010232,-171.8418608219244,-0.64399948740656,-286.4927912328935,-1.0736686033146032,26683.54
USD,2026,3,USD-2026-03,SiH6,2026-03-04,2026-03-19,15,11,LONG_QUARTERLY_SHORT_PERP,0.11642,0.03126277222914166,3.723917992515035,134.0,6904.0,-7040.000000000006,-414.8,0.0,-0.0,169.97049452054796,15.92,24.000000000010232,-760.6904945205645,-2.8507855199143908,-869.6757417808486,-3.259221759110105,26683.54
USD,2026,3,USD-2026-03,SiH6,2026-03-05,2026-03-19,14,10,LONG_QUARTERLY_SHORT_PERP,0.1167,0.11605591282191884,1.0055498006298866,962.0,5686.0,-6650.0000000000055,-531.5,0.0,-0.0,158.6391282191781,15.92,24.000000000010232,-1694.0591282191938,-6.3487045879939235,-1797.378692328793,-6.7359079504773085,26683.54
USD,2026,3,USD-2026-03,SiH6,2026-03-09,2026-03-19,10,8,SHORT_QUARTERLY_LONG_PERP,-0.11873,0.19690420787671362,0.6029835587583768,1422.0,-7110.0,5689.999999999998,412.77,0.0,0.0,113.31366301369866,15.92,24.000000000010232,-1160.4636630137109,-4.348986914831056,-1241.1204945205704,-4.651258770465127,26683.54
USD,2026,3,USD-2026-03,SiH6,2026-03-13,2026-03-19,6,4,SHORT_QUARTERLY_LONG_PERP,-0.04984,0.05722704945205735,0.8709168212796653,121.0,-4729.0,4609.999999999999,362.93,0.0,0.0,67.98819780821918,15.92,24.000000000010232,136.0218021917697,0.5097592080802236,78.02770328764986,0.29241885929546774,26683.54
USD,2026,6,USD-2026-06,SiM6,2026-03-20,2026-06-18,90,64,SHORT_QUARTERLY_LONG_PERP,-0.12726,0.032889602855308356,3.8693078952596824,1096.0,9545.0,-10640.0,-3803.88,0.0,0.0,969.0145827397243,15.92,24.000000000010232,-5907.814582739735,-22.140295413351208,-6416.321874109612,-24.045991926519537,26683.54
USD,2026,6,USD-2026-06,SiM6,2026-03-23,2026-06-18,87,63,LONG_QUARTERLY_SHORT_PERP,0.126,0.02357048387040675,5.345668790372001,510.0,-9031.0,8519.999999999996,3677.88,0.0,-0.0,935.0204838356149,15.92,24.000000000010232,2191.9395161643715,8.214575413023802,1700.4292742465493,6.372577529992457,26683.54
USD,2026,6,USD-2026-06,SiM6,2026-03-24,2026-06-18,86,62,SHORT_QUARTERLY_LONG_PERP,-0.12282,0.02833830073353969,4.334063681335587,793.0,6808.0,-7599.9999999999945,-3800.7,0.0,0.0,924.0546454794505,15.92,24.000000000010232,-5556.674645479455,-20.824353310990425,-6042.701968219195,-22.64580324881629,26683.54
USD,2026,6,USD-2026-06,SiM6,2026-03-27,2026-06-18,83,59,SHORT_QUARTERLY_LONG_PERP,-0.0424,0.0032216462781519952,13.160973098611416,-741.0,8522.0,-7780.000000000001,-3843.1,0.0,0.0,891.1571304109575,15.92,24.000000000010232,-4032.177130410969,-15.111102688814784,-4501.755695616461,-16.870908791024206,26683.54
USD,2026,6,USD-2026-06,SiM6,2026-03-31,2026-06-18,79,57,LONG_QUARTERLY_SHORT_PERP,0.12195,0.032828311876952815,3.7147813282965445,984.0,-8875.0,7890.000000000001,3721.15,0.0,-0.0,847.2937769863001,15.92,24.000000000010232,1848.9362230136906,6.929126431551776,1401.2893345205268,5.251512110164269,26683.54
USD,2026,6,USD-2026-06,SiM6,2026-04-06,2026-06-18,73,53,LONG_QUARTERLY_SHORT_PERP,0.1196,0.03359280654432688,3.5602860345170515,959.0,-6330.0,5370.000000000005,3601.55,0.0,-0.0,781.4987468493141,15.92,24.000000000010232,1820.1312531506803,6.82117610013769,1405.3818797260103,5.266849449983062,26683.54
USD,2026,6,USD-2026-06,SiM6,2026-04-08,2026-06-18,71,51,LONG_QUARTERLY_SHORT_PERP,0.06786,0.03834288372817639,1.7698199353256487,1156.0,-6097.0,4939.999999999998,3533.69,0.0,-0.0,759.5670701369854,15.92,24.000000000010232,1577.2029298630025,5.910770946669754,1173.419394794497,4.397540186926086,26683.54
USD,2026,6,USD-2026-06,SiM6,2026-04-09,2026-06-18,70,50,LONG_QUARTERLY_SHORT_PERP,0.11745,0.027750424635616628,4.232367667962,599.0,-5080.0,4480.000000000004,3416.24,0.0,-0.0,748.6012317808211,15.92,24.000000000010232,2027.7187682191723,7.599137026868146,1629.4181523287489,6.1064542123299566,26683.54
USD,2026,6,USD-2026-06,SiM6,2026-04-10,2026-06-18,69,49,LONG_QUARTERLY_SHORT_PERP,0.04663,0.030990926396421776,1.5046339500642973,741.0,-4352.0,3609.9999999999995,3369.61,0.0,-0.0,737.6353934246567,15.92,24.000000000010232,1850.0546065753326,6.933317717871514,1457.2369098629918,5.461182848538805,26683.54
USD,2026,6,USD-2026-06,SiM6,2026-04-15,2026-06-18,64,46,LONG_QUARTERLY_SHORT_PERP,0.11378,0.04588535220964881,2.479658420842943,1388.0,-3259.0,1870.0000000000045,3255.83,0.0,-0.0,682.806201643835,15.92,24.000000000010232,1144.1037983561591,4.287676216709474,778.7006975342298,2.918281073404165,26683.54
USD,2026,6,USD-2026-06,SiM6,2026-04-16,2026-06-18,63,45,LONG_QUARTERLY_SHORT_PERP,0.11285,0.03401689696194847,3.3174689662679926,819.0,-3550.0,2730.000000000004,3142.98,0.0,-0.0,671.8403632876707,15.92,24.000000000010232,1611.219636712323,6.038252933127774,1251.2994550684757,4.689405735027945,26683.54
USD,2026,6,USD-2026-06,SiM6,2026-04-17,2026-06-18,62,44,LONG_QUARTERLY_SHORT_PERP,0.11414,0.030904421021170834,3.6933227101005803,659.0,-3350.0,2689.9999999999977,3028.84,0.0,-0.0,660.8745249315064,15.92,24.000000000010232,1668.0454750684812,6.251215075167991,1313.608212602716,4.922915822273642,26683.54
USD,2026,6,USD-2026-06,SiM6,2026-04-20,2026-06-18,59,43,LONG_QUARTERLY_SHORT_PERP,0.11408,0.03760225604332613,3.0338605180645164,949.0,-2830.0,1879.9999999999955,2914.7599999999998,0.0,-0.0,627.9770098630134,15.92,24.000000000010232,1296.8629901369716,4.860160946174951,958.8744852054533,3.5935055288970403,26683.54
USD,2026,6,USD-2026-06,SiM6,2026-04-21,2026-06-18,58,42,LONG_QUARTERLY_SHORT_PERP,0.11286,0.035426932654925226,3.1857118734864462,831.0,-2062.0,1230.000000000004,2801.9,0.0,-0.0,617.0111715068491,15.92,24.000000000010232,1312.9688284931447,4.920519648041994,980.4632427397087,3.6744121759695623,26683.54
USD,2026,6,USD-2026-06,SiM6,2026-04-22,2026-06-18,57,41,LONG_QUARTERLY_SHORT_PERP,0.08724,0.033852813003675486,2.5770384278118375,742.0,-2383.0,1640.0000000000005,2714.66,0.0,-0.0,606.0453331506848,15.92,24.000000000010232,1325.6946668493053,4.968211364943727,998.6720002739517,3.7426518380767755,26683.54
USD,2026,6,USD-2026-06,SiM6,2026-04-23,2026-06-18,56,40,LONG_QUARTERLY_SHORT_PERP,0.10249,0.06207498736986326,1.6510675932856942,1848.0,-3319.0,1469.9999999999989,2612.17,0.0,-0.0,595.0794947945204,15.92,24.000000000010232,128.1705052054683,0.4803354622567631,-193.369242191803,-0.724676119404708,26683.54
USD,2026,6,USD-2026-06,SiM6,2026-04-24,2026-06-18,55,39,LONG_QUARTERLY_SHORT_PERP,0.02899,0.024770093754829907,1.170362950053318,342.0,-2513.0,2170.000000000002,2583.18,0.0,-0.0,584.1136564383562,15.92,24.000000000010232,1616.1463435616351,6.056716401053365,1300.0895153424462,4.872252764597374,26683.54
USD,2026,6,USD-2026-06,SiM6,2026-04-27,2026-06-18,52,38,LONG_QUARTERLY_SHORT_PERP,0.07614,0.03337200372025983,2.2815531437141763,677.0,-2128.0,1450.0000000000027,2507.04,0.0,-0.0,551.2161413698632,15.92,24.000000000010232,1237.9038586301292,4.639204013523428,938.2957879451872,3.5163842126838762,26683.54
USD,2026,6,USD-2026-06,SiM6,2026-04-28,2026-06-18,51,37,LONG_QUARTERLY_SHORT_PERP,0.11222,0.055933400836727425,2.006314622770322,1489.0,-2820.0,1329.9999999999982,2394.82,0.0,-0.0,540.6158309589043,15.92,24.000000000010232,324.28416904108377,1.2152966549456472,29.976253561621164,0.11233986780472592,26683.54
USD,2026,6,USD-2026-06,SiM6,2026-04-29,2026-06-18,50,36,LONG_QUARTERLY_SHORT_PERP,0.10387,0.03499820890410988,2.9678661637968116,690.0,-2211.0,1519.999999999996,2290.95,0.0,-0.0,530.0155205479455,15.92,24.000000000010232,1030.01447945204,3.8601118121959828,741.006719178057,2.7770180387536922,26683.54
USD,2026,6,USD-2026-06,SiM6,2026-04-30,2026-06-18,49,35,LONG_QUARTERLY_SHORT_PERP,0.11232,0.04943814886105705,2.2719297260839726,1171.0,-2612.0,1439.9999999999977,2178.63,0.0,-0.0,519.4152101369866,15.92,24.000000000010232,447.294789863001,1.676294786460121,163.58718479449746,0.6130640267164607,26683.54
USD,2026,6,USD-2026-06,SiM6,2026-05-05,2026-06-18,44,32,LONG_QUARTERLY_SHORT_PERP,0.11316,0.05863542681506882,1.9298912985983212,1370.0,-3351.0,1980.000000000004,2065.47,0.0,-0.0,466.41365808219206,15.92,24.000000000010232,188.13634191780162,0.705065152216691,-69.07048712330452,-0.25885053903381827,26683.54
USD,2026,6,USD-2026-06,SiM6,2026-05-06,2026-06-18,43,31,SHORT_QUARTERLY_LONG_PERP,-0.11301,0.010604301537782045,10.65699608761189,-167.0,2028.0,-1859.9999999999995,-2178.48,0.0,0.0,455.81334767123315,15.92,24.000000000010232,-2506.2133476712434,-9.392357039850197,-2758.1200215068698,-10.336409717402075,26683.54
USD,2026,6,USD-2026-06,SiM6,2026-05-07,2026-06-18,42,30,LONG_QUARTERLY_SHORT_PERP,0.11283,0.044904434575342815,2.512669429356435,862.0,-2123.0,1260.000000000005,2065.65,0.0,-0.0,445.21303726027423,15.92,24.000000000010232,717.5169627397207,2.6889871536524788,470.9104441095735,1.7647974897992302,26683.54
USD,2026,6,USD-2026-06,SiM6,2026-05-08,2026-06-18,41,29,LONG_QUARTERLY_SHORT_PERP,0.11193,0.04460457678790778,2.509383746251439,819.0,-1760.0,939.9999999999977,1953.72,0.0,-0.0,434.6127268493153,15.92,24.000000000010232,659.1872731506722,2.470389135589477,417.8809097260045,1.566062485434858,26683.54
USD,2026,6,USD-2026-06,SiM6,2026-05-11,2026-06-18,38,28,SHORT_QUARTERLY_LONG_PERP,-0.11145,0.019526135557730317,5.707734624216383,104.0,837.0,-939.9999999999977,-2065.17,0.0,0.0,402.8117956164386,15.92,24.000000000010232,-2610.901795616447,-9.784690470666362,-2836.307693424676,-10.629428079725088,26683.54
USD,2026,6,USD-2026-06,SiM6,2026-05-12,2026-06-18,37,27,LONG_QUARTERLY_SHORT_PERP,0.08705,0.04548635130390704,1.913760886609581,796.0,-1227.0,430.0000000000068,1978.12,0.0,-0.0,392.2114852054797,15.92,24.000000000010232,748.9885147945168,2.8069308449872725,528.8827721917671,1.982056249627175,26683.54
USD,2026,6,USD-2026-06,SiM6,2026-05-13,2026-06-18,36,26,LONG_QUARTERLY_SHORT_PERP,0.0305,0.05202042979978966,0.5863081123586434,931.0,-912.0,-19.99999999999602,1947.62,0.0,-0.0,381.61117479452076,15.92,24.000000000010232,594.088825205473,2.2264243245291775,379.2832378082026,1.4214127428677104,26683.54
USD,2026,6,USD-2026-06,SiM6,2026-05-14,2026-06-18,35,25,LONG_QUARTERLY_SHORT_PERP,0.11001,0.04943723457534289,2.2252458282702596,825.0,-606.0,-219.99999999999886,1837.61,0.0,-0.0,371.01086438356185,15.92,24.000000000010232,600.679135616429,2.251122360887757,391.1737034246382,1.46597379292492,26683.54
USD,2026,6,USD-2026-06,SiM6,2026-05-18,2026-06-18,31,23,LONG_QUARTERLY_SHORT_PERP,0.08662,0.042762157510423324,2.0256227712291244,615.0,394.0,-1010.0000000000051,1750.99,0.0,-0.0,328.6096227397262,15.92,24.000000000010232,766.4603772602584,2.872408897995762,578.1555658903854,2.166712384827446,26683.54
USD,2026,6,USD-2026-06,SiM6,2026-05-19,2026-06-18,30,22,LONG_QUARTERLY_SHORT_PERP,0.01274,0.017542241469489888,0.726246986290656,28.0,2041.0,-2069.999999999993,1738.25,0.0,-0.0,318.0093123287673,15.92,24.000000000010232,1351.3206876712293,5.064248175733914,1168.3160315068358,4.378414676264228,26683.54
USD,2026,6,USD-2026-06,SiM6,2026-05-20,2026-06-18,29,21,LONG_QUARTERLY_SHORT_PERP,0.10694,0.06439661913894375,1.6606461865531106,1005.0,1404.0,-2409.9999999999964,1631.31,0.0,-0.0,307.4090019178084,15.92,24.000000000010232,277.98099808218495,1.0417695631171313,100.27649712327096,0.37579907734607537,26683.54
USD,2026,6,USD-2026-06,SiM6,2026-05-21,2026-06-18,28,20,LONG_QUARTERLY_SHORT_PERP,0.10643,0.062936434575343,1.6910713280490908,922.0,1647.0,-2569.999999999993,1524.8799999999999,0.0,-0.0,296.80869150684947,15.92,24.000000000010232,265.151308493147,0.9936886503557886,92.74696273971242,0.34758117828336277,26683.54
USD,2026,6,USD-2026-06,SiM6,2026-05-22,2026-06-18,27,19,LONG_QUARTERLY_SHORT_PERP,0.10619,0.0782699147945211,1.356715415862869,1161.0,988.0,-2150.0000000000055,1418.69,0.0,-0.0,286.20838109589056,15.92,24.000000000010232,-69.4383810959062,-0.26022926903966337,-236.54257164386135,-0.8864737274134591,26683.54
USD,2026,6,USD-2026-06,SiM6,2026-05-25,2026-06-18,24,18,LONG_QUARTERLY_SHORT_PERP,0.10682,0.08785152499239023,1.21591514785034,1287.0,522.0,-1810.0000000000023,1311.87,0.0,-0.0,254.40744986301382,15.92,24.000000000010232,-270.45744986302645,-1.013574097975855,-421.66117479454334,-1.5802295152537604,26683.54
USD,2026,6,USD-2026-06,SiM6,2026-05-26,2026-06-18,23,17,LONG_QUARTERLY_SHORT_PERP,0.10733,0.022866302320709714,4.693806567176916,105.0,1584.0,-1689.9999999999977,1204.54,0.0,-0.0,243.8071394520549,15.92,24.000000000010232,814.8128605479371,3.0536160514981785,668.9092908218996,2.5068236479189028,26683.54
USD,2026,6,USD-2026-06,SiM6,2026-05-27,2026-06-18,22,16,LONG_QUARTERLY_SHORT_PERP,0.10751,0.07344542681506915,1.4638079545878773,902.0,1557.0,-2459.9999999999936,1097.03,0.0,-0.0,233.206829041096,15.92,24.000000000010232,-79.0968290410999,-0.2964255456401208,-219.7002435616579,-0.8233549355207663,26683.54
USD,2026,6,USD-2026-06,SiM6,2026-05-28,2026-06-18,21,15,SHORT_QUARTERLY_LONG_PERP,-0.10635,-0.004364898757990178,99.0,-328.0,-1661.0,1989.999999999995,-1203.3799999999999,0.0,0.0,222.6065186301371,15.92,24.000000000010232,-1136.9065186301523,-4.2607034847331064,-1272.2097779452308,-4.767769860915121,26683.54
USD,2026,6,USD-2026-06,SiM6,2026-05-29,2026-06-18,20,14,LONG_QUARTERLY_SHORT_PERP,0.10706,0.057423300587084884,1.864399971883172,552.0,1787.0,-2340.0000000000036,1096.32,0.0,-0.0,212.00620821917818,15.92,24.000000000010232,291.3937917808079,1.0920357335676145,161.39068767120872,0.6048323710842292,26683.54
USD,2026,6,USD-2026-06,SiM6,2026-06-01,2026-06-18,17,13,LONG_QUARTERLY_SHORT_PERP,0.10653,0.08439425207587013,1.262289757651148,877.0,932.0,-1810.0000000000023,989.79,0.0,-0.0,180.20527698630144,15.92,24.000000000010232,-108.33527698631399,-0.4060003919506706,-222.43791547947487,-0.8336147133381661,26683.54
USD,2026,6,USD-2026-06,SiM6,2026-06-02,2026-06-18,16,12,LONG_QUARTERLY_SHORT_PERP,0.10733,0.10937708054794608,0.9812841910051829,1103.0,-304.0,-799.9999999999972,882.46,0.0,-0.0,169.60496657534253,15.92,24.000000000010232,-431.06496657535,-1.6154714351069985,-539.8674498630314,-2.0232227427958636,26683.54
USD,2026,6,USD-2026-06,SiM6,2026-06-03,2026-06-18,15,11,LONG_QUARTERLY_SHORT_PERP,0.01964,0.08808405965130853,0.22296883315491284,770.0,-751.0,-19.99999999999602,862.8199999999999,0.0,-0.0,159.00465616438362,15.92,24.000000000010232,-107.10465616438994,-0.4013884820544423,-210.60698424659194,-0.7892767760446775,26683.54
USD,2026,6,USD-2026-06,SiM6,2026-06-04,2026-06-18,14,10,LONG_QUARTERLY_SHORT_PERP,0.0876,-0.01576756542465651,99.0,-346.0,-595.0,939.9999999999977,775.22,0.0,-0.0,148.4043457534247,15.92,24.000000000010232,931.8956542465629,3.4923988880282106,833.6934813698402,3.1243736077366058,26683.54
USD,2026,6,USD-2026-06,SiM6,2026-06-05,2026-06-18,13,9,LONG_QUARTERLY_SHORT_PERP,0.11145,0.1226360039269418,0.90878695025316,926.0,-1037.0,109.99999999999943,663.77,0.0,-0.0,137.8040353424658,15.92,24.000000000010232,-440.95403534247663,-1.6525319929157698,-533.8560530137197,-2.000694259508745,26683.54
USD,2026,6,USD-2026-06,SiM6,2026-06-08,2026-06-18,10,8,LONG_QUARTERLY_SHORT_PERP,0.0959,0.034990388013699913,2.740752687922521,134.0,-35.0,-99.99999999999432,567.87,0.0,-0.0,106.00310410958906,15.92,24.000000000010232,286.9468958904064,1.0753704189564293,209.94534383560165,0.7867971934593447,26683.54
USD,2026,6,USD-2026-06,SiM6,2026-06-09,2026-06-18,9,7,LONG_QUARTERLY_SHORT_PERP,0.10989,0.10018897052837719,1.096827319618731,566.0,1063.0,-1629.9999999999955,457.98,0.0,-0.0,95.40279369863015,15.92,24.000000000010232,-244.3427936986358,-0.9157060633582943,-316.0441905479611,-1.1844162751567486,26683.54
USD,2026,6,USD-2026-06,SiM6,2026-06-10,2026-06-18,8,6,LONG_QUARTERLY_SHORT_PERP,0.10582,0.13212041388128024,0.8009360316951999,668.0,901.0,-1569.9999999999932,352.16,0.0,-0.0,84.80248328767124,15.92,24.000000000010232,-441.56248328767464,-1.6548122298903167,-507.96372493152046,-1.9036594279901409,26683.54
USD,2026,6,USD-2026-06,SiM6,2026-06-11,2026-06-18,7,5,LONG_QUARTERLY_SHORT_PERP,0.09813,0.1112244345753445,0.8822701627988568,442.0,1007.0,-1450.0000000000027,254.03,0.0,-0.0,74.20217287671232,15.92,24.000000000010232,-303.09217287672533,-1.1358769221652198,-364.19325931509167,-1.3648611065664138,26683.54
USD,2026,9,USD-2026-09,SiU6,2026-06-22,2026-09-17,87,63,LONG_QUARTERLY_SHORT_PERP,0.11016,0.053091155770819874,2.0749218659983755,2408.0,8331.0,-10740.00000000001,706.36,0.0,-0.0,896.8228135616419,15.92,24.000000000010232,-2639.3828135616614,-9.8914267505798,-3111.794220342497,-11.66184929114539,26683.54
USD,2026,9,USD-2026-09,SiU6,2026-06-24,2026-09-17,85,61,LONG_QUARTERLY_SHORT_PERP,0.09607,0.040637831486638354,2.36405330908436,1563.0,8176.0,-9740.00000000001,610.29,0.0,-0.0,875.9877206849296,15.92,24.000000000010232,-1869.617720684949,-7.006633005534307,-2331.611581027428,-8.738014450209485,26683.54
USD,2026,9,USD-2026-09,SiU6,2026-06-25,2026-09-17,84,60,SHORT_QUARTERLY_LONG_PERP,-0.10349,-0.022025163762556935,99.0,-2227.0,-6652.0,8880.00000000001,-713.78,0.0,0.0,865.5701742465735,15.92,24.000000000010232,608.7298257534254,2.281293358202942,151.9447386301243,0.5694324614729691,26683.54
USD,2026,9,USD-2026-09,SiU6,2026-06-26,2026-09-17,83,59,LONG_QUARTERLY_SHORT_PERP,0.11345,0.064662247928953,1.7545013301215888,2920.0,4529.0,-7450.000000000003,600.33,0.0,-0.0,855.1526278082174,15.92,24.000000000010232,-3215.7426278082303,-12.05140932503045,-3667.3189417123535,-13.74374967381522,26683.54
USD,2026,9,USD-2026-09,SiU6,2026-06-29,2026-09-17,80,58,LONG_QUARTERLY_SHORT_PERP,0.11559,0.03404862049126137,3.394851196090789,1111.0,5648.0,-6760.0000000000055,484.74,0.0,-0.0,823.8999884931491,15.92,24.000000000010232,-1491.0799884931648,-5.588014140901712,-1927.0299827397535,-7.221792845850864,26683.54
USD,2026,9,USD-2026-09,SiU6,2026-06-30,2026-09-17,79,57,SHORT_QUARTERLY_LONG_PERP,-0.08267,-0.027484167683249065,99.0,-2420.0,-3819.0,6240.000000000009,-567.41,0.0,0.0,813.482442054793,15.92,24.000000000010232,1000.187557945206,3.748331585483807,569.4463369177957,2.1340734284798635,26683.54
USD,2026,9,USD-2026-09,SiU6,2026-07-07,2026-09-17,72,52,LONG_QUARTERLY_SHORT_PERP,0.11696,0.046355377249736734,2.523116128898816,1630.0,6749.0,-8380.00000000001,450.45,0.0,-0.0,740.5596169863002,15.92,24.000000000010232,-1961.0296169863195,-7.349210850533024,-2355.3094254794833,-8.82682517192053,26683.54
USD,2026,9,USD-2026-09,SiU6,2026-07-10,2026-09-17,69,49,LONG_QUARTERLY_SHORT_PERP,0.05744,0.04516789750349473,1.2716996622558256,1464.0,6385.0,-7850.000000000008,393.01,0.0,-0.0,709.3069776712318,15.92,24.000000000010232,-1821.2169776712503,-6.825244992498185,-2199.8704665068794,-8.244297670050074,26683.54
USD,2026,9,USD-2026-09,SiU6,2026-07-13,2026-09-17,66,48,LONG_QUARTERLY_SHORT_PERP,0.00631,0.04539529871575362,0.1390011780627457,1461.0,6428.0,-7890.000000000001,386.7,0.0,-0.0,678.0543383561635,15.92,24.000000000010232,-1793.2743383561747,-6.720526355784033,-2156.3015075342696,-8.081017389500305,26683.54
USD,2026,9,USD-2026-09,SiU6,2026-07-14,2026-09-17,65,47,SHORT_QUARTERLY_LONG_PERP,-0.11493,-0.019094536342174093,99.0,-1605.0,-5414.0,7020.00000000001,-501.63,0.0,0.0,667.6367919178074,15.92,24.000000000010232,396.81320808219226,1.4871085623653844,38.99481212327562,0.14613807659431852,26683.54
USD,2026,9,USD-2026-09,SiU6,2026-07-15,2026-09-17,64,46,LONG_QUARTERLY_SHORT_PERP,0.11624,0.03419867924955351,3.398961671934088,876.0,5673.0,-6550.000000000011,385.39,0.0,-0.0,657.2192454794513,15.92,24.000000000010232,-1188.7492454794726,-4.454990775135056,-1541.358868219211,-5.776440712960914,26683.54
USD,2026,9,USD-2026-09,SiU6,2026-07-16,2026-09-17,63,45,SHORT_QUARTERLY_LONG_PERP,-0.10007,-0.017428406687975437,99.0,-1471.0,-4718.0,6190.000000000012,-485.46,0.0,0.0,646.8016990410952,15.92,24.000000000010232,299.8183009589064,1.1236076658453351,-47.58254856165392,-0.17832172403531887,26683.54
USD,2026,9,USD-2026-09,SiU6,2026-07-20,2026-09-17,59,43,LONG_QUARTERLY_SHORT_PERP,0.07086,0.05474538402994607,1.2943557024139085,1709.0,4480.0,-6190.000000000012,414.6,0.0,-0.0,605.1315132876707,15.92,24.000000000010232,-1940.451513287693,-7.272091758768487,-2267.0172699315403,-8.495938956868319,26683.54
USD,2026,9,USD-2026-09,SiU6,2026-07-21,2026-09-17,58,42,LONG_QUARTERLY_SHORT_PERP,0.02917,0.04011033254403155,0.7272440328929789,1050.0,4909.0,-5960.000000000008,385.43,0.0,-0.0,594.7139668493146,15.92,24.000000000010232,-1300.203966849333,-4.872681686347962,-1621.5609502740026,-6.077008336502587,26683.54
USD,2026,9,USD-2026-09,SiU6,2026-07-23,2026-09-17,56,40,LONG_QUARTERLY_SHORT_PERP,0.00225,0.043094971849315315,0.05221026731070361,1110.0,4999.0,-6109.999999999999,383.18,0.0,-0.0,573.8788739726024,15.92,24.000000000010232,-1341.6188739726117,-5.0278893803918505,-1652.5583109589247,-6.193174934656064,26683.54
USD,2026,9,USD-2026-09,SiU6,2026-07-27,2026-09-17,52,38,LONG_QUARTERLY_SHORT_PERP,0.0235,0.043450754953136536,0.5408421562604778,1079.0,5410.0,-6490.000000000009,359.68,0.0,-0.0,532.2086882191782,15.92,24.000000000010232,-1292.4486882191975,-4.843617781670638,-1582.5530323287978,-5.930821144154028,26683.54
USD,2026,9,USD-2026-09,SiU6,2026-07-28,2026-09-17,51,37,SHORT_QUARTERLY_LONG_PERP,-0.06545,-0.02021908362828554,99.0,-1310.0,-4499.0,5810.000000000002,-425.13,0.0,0.0,521.9739057534248,15.92,24.000000000010232,323.9760942465668,1.214142105007682,38.98914136984327,0.14611682471607315,26683.54
USD,2026,9,USD-2026-09,SiU6,2026-07-29,2026-09-17,50,36,LONG_QUARTERLY_SHORT_PERP,0.04339,0.05765719786910227,0.7525513136886613,1524.0,3625.0,-5150.0000000000055,381.74,0.0,-0.0,511.7391232876713,15.92,24.000000000010232,-1694.9191232876872,-6.351927530184103,-1974.788684931534,-7.40077472828393,26683.54
USD,2026,9,USD-2026-09,SiU6,2026-07-30,2026-09-17,49,35,LONG_QUARTERLY_SHORT_PERP,0.04808,0.028440695452055086,1.6905353134227175,454.0,4195.0,-4650.0000000000055,333.65999999999997,0.0,-0.0,501.5043408219179,15.92,24.000000000010232,-662.7643408219336,-2.483794657013026,-937.5165112329037,-3.513463772921073,26683.54
USD,2026,9,USD-2026-09,SiU6,2026-08-03,2026-09-17,45,33,SHORT_QUARTERLY_LONG_PERP,-0.01582,-0.026470145122457142,99.0,-1374.0,-3065.0,4440.000000000012,-349.48,0.0,0.0,460.5652109589042,15.92,24.000000000010232,525.0347890410975,1.9676354375809861,270.75218356163424,1.0146786504400622,26683.54
USD,2026,9,USD-2026-09,SiU6,2026-08-04,2026-09-17,44,32,SHORT_QUARTERLY_LONG_PERP,-0.0679,0.0033203258904112806,20.449799881417484,-384.0,-2995.0,3380.0000000000095,-417.38,0.0,0.0,450.33042849315075,15.92,24.000000000010232,-522.6304284931514,-1.9586247870153335,-771.7956427397378,-2.892403491964476,26683.54
USD,2026,9,USD-2026-09,SiU6,2026-08-05,2026-09-17,43,31,LONG_QUARTERLY_SHORT_PERP,0.0478,0.03941985954927121,1.2125867658217904,742.0,2837.0,-3579.999999999998,369.58,0.0,-0.0,440.0956460273973,15.92,24.000000000010232,-853.4356460274057,-3.198359910369485,-1097.4834690411155,-4.112960533126847,26683.54
USD,2026,9,USD-2026-09,SiU6,2026-08-06,2026-09-17,42,30,LONG_QUARTERLY_SHORT_PERP,0.02866,0.04842602878538847,0.591830482879644,983.0,2116.0,-3100.0000000000086,340.92,0.0,-0.0,429.8608635616439,15.92,24.000000000010232,-1112.8608635616627,-4.170589297977939,-1351.7912953424957,-5.06601183854352,26683.54
USD,2026,9,USD-2026-09,SiU6,2026-08-10,2026-09-17,38,28,LONG_QUARTERLY_SHORT_PERP,0.03019,0.02681577620352287,1.125829801489537,322.0,1577.0,-1900.0000000000057,310.73,0.0,-0.0,388.9217336986302,15.92,24.000000000010232,-441.1117336986461,-1.653122987799393,-659.572600547972,-2.4718331995978495,26683.54
USD,2026,9,USD-2026-09,SiU6,2026-08-14,2026-09-17,34,24,SHORT_QUARTERLY_LONG_PERP,-0.12572,-0.00154572484018222,99.0,-425.0,456.0,-30.000000000001137,-436.45,0.0,0.0,347.9826038356165,15.92,24.000000000010232,-398.35260383562786,-1.4928776460530644,-596.3439057534468,-2.2348755290843973,26683.54
USD,2026,9,USD-2026-09,SiU6,2026-08-17,2026-09-17,31,23,LONG_QUARTERLY_SHORT_PERP,0.10443,0.042226011149494196,2.4731201730204373,614.0,-1115.0,500.0,332.02,0.0,-0.0,317.2782564383562,15.92,24.000000000010232,-640.1782564383665,-2.399150399228762,-822.8173846575552,-3.0836140356847523,26683.54
USD,2026,9,USD-2026-09,SiU6,2026-08-20,2026-09-17,28,20,LONG_QUARTERLY_SHORT_PERP,0.03657,0.013024695452055306,2.807743193275911,-66.0,1215.0,-1150.0000000000057,295.45,0.0,-0.0,286.57390904109593,15.92,24.000000000010232,33.95609095888814,0.12725482060809074,-133.3308635616704,-0.4996745692725568,26683.54
USD,2026,9,USD-2026-09,SiU6,2026-08-21,2026-09-17,27,19,LONG_QUARTERLY_SHORT_PERP,0.02163,0.0427504803460712,0.5059592272391347,496.0,1093.0,-1590.0000000000034,273.82,0.0,-0.0,276.3391265753425,15.92,24.000000000010232,-539.4391265753561,-2.0216175461552557,-701.608689863038,-2.6293688538441224,26683.54
USD,2026,9,USD-2026-09,SiU6,2026-08-24,2026-09-17,24,18,LONG_QUARTERLY_SHORT_PERP,0.0523,0.08191970995433848,0.6384299947979758,1189.0,30.0,-1219.9999999999989,221.52,0.0,-0.0,245.63477917808223,15.92,24.000000000010232,-1254.0347791780914,-4.699656714131976,-1400.852168767143,-5.249873775245499,26683.54
USD,2026,9,USD-2026-09,SiU6,2026-08-31,2026-09-17,17,13,LONG_QUARTERLY_SHORT_PERP,0.00082,-0.01900682292939858,99.0,-461.0,-1410.0,1869.9999999999905,220.7,0.0,-0.0,173.99130191780824,15.92,24.000000000010232,466.788698082172,1.749350716142506,355.7930471232576,1.3333802303714484,26683.54
USD,2026,9,USD-2026-09,SiU6,2026-09-02,2026-09-17,15,11,SHORT_QUARTERLY_LONG_PERP,-0.00827,-0.015141660273971671,99.0,-360.0,2851.0,-2489.999999999995,-228.97,0.0,0.0,153.5217369863014,15.92,24.000000000010232,-61.41173698630662,-0.23014838730658158,-162.17260547946756,-0.6077627086940772,26683.54
USD,2026,9,USD-2026-09,SiU6,2026-09-03,2026-09-17,14,10,SHORT_QUARTERLY_LONG_PERP,-0.02739,0.02102069545205582,1.3030016091746985,27.0,2354.0,-2379.9999999999955,-256.36,0.0,0.0,143.28695452054797,15.92,24.000000000010232,-465.5669545205537,-1.7447720749216695,-561.2104317808379,-2.1032083141173845,26683.54
USD,2026,9,USD-2026-09,SiU6,2026-09-07,2026-09-17,10,8,LONG_QUARTERLY_SHORT_PERP,0.01794,0.07778347808219306,0.23064023931975597,480.0,-2161.0,1679.9999999999927,238.42000000000002,0.0,-0.0,102.34782465753426,15.92,24.000000000010232,-384.84782465755177,-1.4422667481809075,-460.02173698632913,-1.723990658609499,26683.54
USD,2026,9,USD-2026-09,SiU6,2026-09-11,2026-09-17,6,4,LONG_QUARTERLY_SHORT_PERP,0.04835,-0.03166782630136731,99.0,-228.0,477.0,-250.0,190.07,0.0,-0.0,61.40869479452056,15.92,24.000000000010232,315.7413052054692,1.183281173358067,261.0369578081987,0.978269591696599,26683.54
EUR,2025,3,EUR-2025-03,EuH5,2025-01-03,2025-03-20,76,54,LONG_QUARTERLY_SHORT_PERP,0.1061,0.060135507437848984,1.7643486273007019,1896.0,-15533.0,13640.0,3979.48,0.0,-0.0,1307.4174016438349,17.9,26.000000000010232,735.162598356155,2.4587205185386827,55.45389753422327,0.18546323766362602,29900.21
EUR,2025,3,EUR-2025-03,EuH5,2025-01-08,2025-03-20,71,51,SHORT_QUARTERLY_LONG_PERP,-0.1061,0.024476531351061162,4.33476453334962,-17.0,13654.0,-13640.0,-4085.58,0.0,0.0,1221.403098904109,17.9,26.000000000010232,-5336.883098904119,-17.84898199345128,-5973.584648356187,-19.97840365788798,29900.21
EUR,2025,3,EUR-2025-03,EuH5,2025-01-09,2025-03-20,70,50,LONG_QUARTERLY_SHORT_PERP,0.1061,0.06170200476712349,1.719555148984932,1837.0,-14464.0,12630.00000000001,3979.48,0.0,-0.0,1204.2002383561637,17.9,26.000000000010232,897.3797616438352,3.0012490268256817,269.2796424657398,0.9005944856766552,29900.21
EUR,2025,3,EUR-2025-03,EuH5,2025-01-10,2025-03-20,69,49,LONG_QUARTERLY_SHORT_PERP,0.10509,0.07212035464914754,1.457147576592542,2303.0,-14890.0,12590.000000000004,3874.39,0.0,-0.0,1186.9973778082185,17.9,26.000000000010232,343.4926221917748,1.1487966880225082,-276.0060667123479,-0.923090729838847,29900.21
EUR,2025,3,EUR-2025-03,EuH5,2025-01-13,2025-03-20,66,48,LONG_QUARTERLY_SHORT_PERP,0.10505,0.07023518325342487,1.49568912806784,2192.0,-14589.0,12400.000000000005,3769.34,0.0,-0.0,1135.388796164383,17.9,26.000000000010232,401.05120383561245,1.3412989535378264,-192.64319424659212,-0.6442870944605142,29900.21
EUR,2025,3,EUR-2025-03,EuH5,2025-01-14,2025-03-20,65,47,LONG_QUARTERLY_SHORT_PERP,0.10486,0.05917204118332869,1.772120716186204,1619.0,-15406.0,13790.000000000005,3664.48,0.0,-0.0,1118.1859356164377,17.9,26.000000000010232,886.3940643835575,2.964507822465319,301.3010965753257,1.00768889775465,29900.21
EUR,2025,3,EUR-2025-03,EuH5,2025-01-15,2025-03-20,64,46,LONG_QUARTERLY_SHORT_PERP,0.10625,0.07584528424061963,1.4008781305759395,2344.0,-15981.0,13640.0,3558.23,0.0,-0.0,1100.9830750684926,17.9,26.000000000010232,72.34692493149723,0.2419612602436479,-504.14461260276187,-1.686090541179349,29900.21
EUR,2025,3,EUR-2025-03,EuH5,2025-01-16,2025-03-20,63,45,LONG_QUARTERLY_SHORT_PERP,0.1061,0.08088178254490128,1.311791069158236,2512.0,-15859.0,13350.00000000001,3452.13,0.0,-0.0,1083.7802145205474,17.9,26.000000000010232,-184.5502145205484,-0.6172204627343701,-752.4403217808348,-2.5165051408696955,29900.21
EUR,2025,3,EUR-2025-03,EuH5,2025-01-17,2025-03-20,62,44,LONG_QUARTERLY_SHORT_PERP,0.10581,0.08635175804483211,1.2253369519710944,2689.0,-15086.0,12400.000000000005,3346.32,0.0,-0.0,1066.5773539726022,17.9,26.000000000010232,-450.15735397260676,-1.5055324159014494,-1009.4460309589205,-3.376049970749104,29900.21
EUR,2025,3,EUR-2025-03,EuH5,2025-01-20,2025-03-20,59,43,LONG_QUARTERLY_SHORT_PERP,0.10486,0.08953183191462272,1.1712035569650152,2791.0,-15378.0,12590.000000000004,3241.46,0.0,-0.0,1014.9687723287665,17.9,26.000000000010232,-605.408772328773,-2.0247642820193335,-1138.8931584931688,-3.8089804670039737,29900.21
EUR,2025,3,EUR-2025-03,EuH5,2025-01-21,2025-03-20,58,42,LONG_QUARTERLY_SHORT_PERP,0.10505,0.09492061694716265,1.1067142563820023,2945.0,-13772.0,10830.000000000013,3136.41,0.0,-0.0,997.7659117808213,17.9,26.000000000010232,-847.2559117808189,-2.8336119103538704,-1372.138867671242,-4.589060972050839,29900.21
EUR,2025,3,EUR-2025-03,EuH5,2025-01-22,2025-03-20,57,41,LONG_QUARTERLY_SHORT_PERP,0.10329,0.08549909881055821,1.2080829089071616,2481.0,-13258.0,10780.000000000002,3033.12,0.0,-0.0,980.5630512328761,17.9,26.000000000010232,-469.3430512328846,-1.5696981768117502,-985.6245768493349,-3.2963801152210466,29900.21
EUR,2025,3,EUR-2025-03,EuH5,2025-01-23,2025-03-20,56,40,LONG_QUARTERLY_SHORT_PERP,0.10324,0.09053150476712353,1.1403764939682253,2614.0,-13811.0,11200.000000000004,2929.88,0.0,-0.0,963.3601906849309,17.9,26.000000000010232,-688.3801906849374,-2.302258715523862,-1196.060286027415,-4.000173530645487,29900.21
EUR,2025,3,EUR-2025-03,EuH5,2025-01-24,2025-03-20,55,39,LONG_QUARTERLY_SHORT_PERP,0.10366,0.11605275205479475,0.8932144922427737,3536.0,-14263.0,10730.000000000004,2826.22,0.0,-0.0,946.1573301369857,17.9,26.000000000010232,-1696.8373301369927,-5.6750013800471395,-2195.9159952054974,-7.344149071881093,29900.21
EUR,2025,3,EUR-2025-03,EuH5,2025-01-27,2025-03-20,52,38,LONG_QUARTERLY_SHORT_PERP,0.10319,0.11640654601297788,0.8864621753186939,3485.0,-13772.0,10290.000000000005,2723.03,0.0,-0.0,894.5487484931501,17.9,26.000000000010232,-1697.4187484931547,-5.676945909387107,-2170.6931227397417,-7.2597922313580465,29900.21
EUR,2025,3,EUR-2025-03,EuH5,2025-01-28,2025-03-20,51,37,LONG_QUARTERLY_SHORT_PERP,0.10275,0.1276012402147355,0.8052429570988945,3800.0,-12937.0,9140.0,2620.28,0.0,-0.0,877.3458879452049,17.9,26.000000000010232,-2097.9658879452154,-7.016559040706455,-2562.638831917829,-8.570638239389721,29900.21
EUR,2025,3,EUR-2025-03,EuH5,2025-01-29,2025-03-20,50,36,LONG_QUARTERLY_SHORT_PERP,0.1016,0.09219563964992417,1.1020043939798574,2415.0,-12352.0,9940.000000000013,2518.68,0.0,-0.0,860.1430273972597,17.9,26.000000000010232,-797.3630273972574,-2.6667472482543015,-1253.4345410958988,-4.192059323649897,29900.21
EUR,2025,3,EUR-2025-03,EuH5,2025-02-03,2025-03-20,45,33,SHORT_QUARTERLY_LONG_PERP,-0.10213,0.00048571892901648516,210.26563697404046,-802.0,10829.0,-10030.000000000002,-2620.81,0.0,0.0,774.1287246575338,17.9,26.000000000010232,-2639.8387246575458,-8.828830047205507,-3052.9030869863236,-10.210306506162745,29900.21
EUR,2025,3,EUR-2025-03,EuH5,2025-02-04,2025-03-20,44,32,SHORT_QUARTERLY_LONG_PERP,-0.0615,-0.0019741917465750367,99.0,-864.0,11091.0,-10230.000000000004,-2682.31,0.0,0.0,756.9258641095886,17.9,26.000000000010232,-2622.135864109602,-8.769623571572248,-3026.5987961644078,-10.122332907241814,29900.21
EUR,2025,3,EUR-2025-03,EuH5,2025-02-05,2025-03-20,43,31,SHORT_QUARTERLY_LONG_PERP,-0.10269,0.05721364527618238,1.7948515516585881,990.0,9467.0,-10460.000000000007,-2785.0,0.0,0.0,739.7230035616434,17.9,26.000000000010232,-4561.62300356166,-15.256157075691643,-4957.484505342492,-16.580099288073537,29900.21
EUR,2025,3,EUR-2025-03,EuH5,2025-02-06,2025-03-20,42,30,LONG_QUARTERLY_SHORT_PERP,0.10292,0.11861400476712361,0.8676884336049875,2792.0,-11009.0,8220.000000000013,2682.08,0.0,-0.0,722.5201430136982,17.9,26.000000000010232,-873.3401430136958,-2.920849529196269,-1260.6002145205555,-4.216024618290492,29900.21
EUR,2025,3,EUR-2025-03,EuH5,2025-02-07,2025-03-20,41,29,LONG_QUARTERLY_SHORT_PERP,0.10068,0.10973163042985391,0.9175112007869037,2433.0,-11190.0,8760.000000000005,2581.4,0.0,-0.0,705.317282465753,17.9,26.000000000010232,-597.8172824657577,-1.9993748621356093,-976.4759236986446,-3.2657828279421603,29900.21
EUR,2025,3,EUR-2025-03,EuH5,2025-02-10,2025-03-20,38,28,LONG_QUARTERLY_SHORT_PERP,0.10122,0.07309316788649742,1.384807950274905,1349.0,-9386.0,8040.000000000006,2480.18,0.0,-0.0,653.7087008219174,17.9,26.000000000010232,436.57129917807856,1.460094424681561,83.71694876710964,0.2799878287380244,29900.21
EUR,2025,3,EUR-2025-03,EuH5,2025-02-11,2025-03-20,37,27,LONG_QUARTERLY_SHORT_PERP,0.1005,0.10486688297311048,0.9583578452100059,2151.0,-8888.0,6740.000000000009,2379.68,0.0,-0.0,636.5058402739722,17.9,26.000000000010232,-448.7258402739735,-1.5007447782941108,-792.9787604109698,-2.6520842509499762,29900.21
EUR,2025,3,EUR-2025-03,EuH5,2025-02-12,2025-03-20,36,26,LONG_QUARTERLY_SHORT_PERP,0.0992,0.07746934537407836,1.2805064960984274,1351.0,-6898.0,5550.000000000011,2280.48,0.0,-0.0,619.302979726027,17.9,26.000000000010232,269.2770202739737,0.9005857158661217,-66.37446958905005,-0.22198663350207257,29900.21
EUR,2025,3,EUR-2025-03,EuH5,2025-02-13,2025-03-20,35,25,LONG_QUARTERLY_SHORT_PERP,0.09801,0.11972000476712369,0.818660174551835,2347.0,-4804.0,2460.000000000008,2182.47,0.0,-0.0,602.1001191780819,17.9,26.000000000010232,-807.5301191780841,-2.7007506608752383,-1134.5801787671353,-3.7945558869557616,29900.21
EUR,2025,3,EUR-2025-03,EuH5,2025-02-14,2025-03-20,34,24,LONG_QUARTERLY_SHORT_PERP,0.09492,0.1706998857762561,0.5560636409822549,3468.0,-5895.0,2430.000000000007,2087.55,0.0,-0.0,584.8972586301367,17.9,26.000000000010232,-2006.2472586301399,-6.709809926519379,-2324.6958879452186,-7.774848029312231,29900.21
EUR,2025,3,EUR-2025-03,EuH5,2025-02-17,2025-03-20,31,23,LONG_QUARTERLY_SHORT_PERP,0.09489,0.05687776856462224,1.6683143940886112,731.0,-4068.0,3340.0000000000036,1992.6599999999999,0.0,-0.0,533.2886769863011,17.9,26.000000000010232,687.4713230136922,2.2992190456645365,394.8269845205315,1.320482312734698,29900.21
EUR,2025,3,EUR-2025-03,EuH5,2025-02-18,2025-03-20,30,22,LONG_QUARTERLY_SHORT_PERP,0.0958,0.090499355292653,1.0585710770005599,1431.0,-4638.0,3210.000000000008,1896.86,0.0,-0.0,516.0858164383559,17.9,26.000000000010232,-91.12581643835804,-0.3047664763503602,-375.16872465754614,-1.254736085992527,29900.21
EUR,2025,3,EUR-2025-03,EuH5,2025-02-19,2025-03-20,29,21,LONG_QUARTERLY_SHORT_PERP,0.09567,0.12960871218525816,0.7381448236539273,2179.0,-3796.0,1620.0000000000045,1801.19,0.0,-0.0,498.8829558904107,17.9,26.000000000010232,-917.5929558904163,-3.068851208370832,-1193.034433835632,-3.9900536947253276,29900.21
EUR,2025,3,EUR-2025-03,EuH5,2025-02-20,2025-03-20,28,20,LONG_QUARTERLY_SHORT_PERP,0.09408,0.08062900476712379,1.1668257629090917,1087.0,-1104.0,20.000000000010232,1707.11,0.0,-0.0,481.6800953424655,17.9,26.000000000010232,97.52990465753439,0.3261846811695784,-169.31014301370854,-0.566250681897246,29900.21
EUR,2025,3,EUR-2025-03,EuH5,2025-02-21,2025-03-20,27,19,LONG_QUARTERLY_SHORT_PERP,0.09248,0.08801985446287004,1.0506720394432305,1164.0,-721.0,-439.9999999999977,1614.6299999999999,0.0,-0.0,464.4772347945203,17.9,26.000000000010232,-54.74723479452839,-0.1830998337286875,-312.9858521917987,-1.0467680735078406,29900.21
EUR,2025,3,EUR-2025-03,EuH5,2025-02-24,2025-03-20,24,18,LONG_QUARTERLY_SHORT_PERP,0.09202,0.03370936961948305,2.7298048298955755,150.0,-207.0,60.000000000002274,1522.61,0.0,-0.0,412.86865315068474,17.9,26.000000000010232,918.8413468493072,3.0730263996450433,686.4070202739547,2.295659529728904,29900.21
EUR,2025,3,EUR-2025-03,EuH5,2025-02-25,2025-03-20,23,17,LONG_QUARTERLY_SHORT_PERP,0.09252,0.0602097525060441,1.5366281399464725,584.0,939.0,-1519.999999999996,1430.09,0.0,-0.0,395.66579260273954,17.9,26.000000000010232,409.52420739725426,1.3696365590651511,185.69131109587428,0.6210368124366829,29900.21
EUR,2025,3,EUR-2025-03,EuH5,2025-02-26,2025-03-20,22,16,LONG_QUARTERLY_SHORT_PERP,0.09094,0.21446018325342528,0.4240414170146315,3009.0,-726.0,-2279.999999999987,1339.1499999999999,0.0,-0.0,378.46293205479435,17.9,26.000000000010232,-2089.212932054792,-6.987285146341087,-2304.444398082199,-7.707117769681881,29900.21
EUR,2025,3,EUR-2025-03,EuH5,2025-02-27,2025-03-20,21,15,LONG_QUARTERLY_SHORT_PERP,0.09018,0.16021067143379064,0.5628838528229262,1998.0,-1575.0,-419.9999999999875,1248.97,0.0,-0.0,361.26007150684916,17.9,26.000000000010232,-1151.190071506847,-3.850106977532422,-1357.8201072602817,-4.5411724775855475,29900.21
EUR,2025,3,EUR-2025-03,EuH5,2025-02-28,2025-03-20,20,14,LONG_QUARTERLY_SHORT_PERP,0.09204,0.18956837221135103,0.4855240298069553,2266.0,-1373.0,-890.0000000000006,1156.93,0.0,-0.0,344.05721095890397,17.9,26.000000000010232,-1494.0272109589148,-4.996711430986321,-1692.055816438377,-5.659009807751775,29900.21
EUR,2025,3,EUR-2025-03,EuH5,2025-03-03,2025-03-20,17,13,LONG_QUARTERLY_SHORT_PERP,0.09157,0.15010374071654453,0.6100447567987031,1615.0,-2002.0,390.00000000000057,1065.36,0.0,-0.0,292.4486293150684,17.9,26.000000000010232,-882.9886293150782,-2.953118487512557,-1055.2129439726227,-3.5291154944149987,29900.21
EUR,2025,3,EUR-2025-03,EuH5,2025-03-04,2025-03-20,16,12,LONG_QUARTERLY_SHORT_PERP,0.09285,0.07442881406392779,1.2475007316420499,574.0,-2011.0,1440.0000000000118,972.51,0.0,-0.0,275.2457687671232,17.9,26.000000000010232,82.36423123287838,0.27546372160221744,-81.25865315069333,-0.2717661620125522,29900.21
EUR,2025,3,EUR-2025-03,EuH5,2025-03-05,2025-03-20,15,11,LONG_QUARTERLY_SHORT_PERP,0.0939,0.12217662801992622,0.7685594333532065,1042.0,-4279.0,3240.000000000009,878.61,0.0,-0.0,258.042908219178,17.9,26.000000000010232,-462.3329082191791,-1.5462530471163216,-617.3543623287782,-2.06471580744342,29900.21
EUR,2025,3,EUR-2025-03,EuH5,2025-03-06,2025-03-20,14,10,LONG_QUARTERLY_SHORT_PERP,0.0957,0.1020740047671243,0.9375550632928901,736.0,-4873.0,4140.000000000001,782.91,0.0,-0.0,240.84004767123278,17.9,26.000000000010232,-234.83004767124214,-0.785379258778591,-381.25007150686866,-1.2750748958180183,29900.21
EUR,2025,3,EUR-2025-03,EuH5,2025-03-10,2025-03-20,10,8,LONG_QUARTERLY_SHORT_PERP,0.09686,-0.08050892431506722,99.0,-860.0,-2117.0,2980.000000000004,686.05,0.0,-0.0,172.028605479452,17.9,26.000000000010232,1333.1213945205418,4.458568667312175,1221.1070917808056,4.083941523423433,29900.21
EUR,2025,3,EUR-2025-03,EuH5,2025-03-11,2025-03-20,9,7,LONG_QUARTERLY_SHORT_PERP,0.09544,0.16910367784735958,0.5643874882848399,985.0,-2182.0,1200.0000000000027,590.61,0.0,-0.0,154.82574493150682,17.9,26.000000000010232,-590.1157449315143,-1.9736173924247165,-693.5286173972778,-2.3194774130257874,29900.21
EUR,2025,3,EUR-2025-03,EuH5,2025-03-12,2025-03-20,8,6,LONG_QUARTERLY_SHORT_PERP,0.09366,0.286587147397262,0.3268115854133897,1538.0,-3045.0,1510.000000000005,496.95,0.0,-0.0,137.62288438356163,17.9,26.000000000010232,-1219.5728843835668,-4.078810431042347,-1314.3843265753578,-4.395903328355747,29900.21
EUR,2025,3,EUR-2025-03,EuH5,2025-03-13,2025-03-20,7,5,LONG_QUARTERLY_SHORT_PERP,0.03984,-0.036735995232874664,99.0,-348.0,-1449.0,1800.0000000000114,457.11,0.0,-0.0,120.42002383561643,17.9,26.000000000010232,643.7899761643847,2.153128610683285,557.5799642465664,1.8648028366575566,29900.21
EUR,2025,3,EUR-2025-03,EuH5,2025-03-14,2025-03-20,6,4,LONG_QUARTERLY_SHORT_PERP,0.09426,-0.12397070917807963,99.0,-643.0,-504.0,1150.0000000000057,362.85,0.0,-0.0,103.21716328767123,17.9,26.000000000010232,861.7328367123242,2.8820293794335363,784.1242550684784,2.622470728695479,29900.21
EUR,2025,6,EUR-2025-06,EuM5,2025-03-21,2025-06-19,90,64,LONG_QUARTERLY_SHORT_PERP,0.09246,0.087546337671233,1.05612641784308,4019.0,-5611.0,1590.0000000000034,5387.69,0.0,-0.0,1540.0656109589024,17.9,26.000000000010232,-217.27561095890943,-0.7266691804469247,-1013.3084164383762,-3.3889675572123945,29900.21
EUR,2025,6,EUR-2025-06,EuM5,2025-03-24,2025-06-19,87,63,LONG_QUARTERLY_SHORT_PERP,0.09143,0.09173582586214406,0.9966662330744845,4247.0,-5939.0,1689.9999999999977,5296.26,0.0,-0.0,1488.4570293150668,17.9,26.000000000010232,-485.09702931507866,-1.6223866966656044,-1255.3255439726277,-4.1983837035680605,29900.21
EUR,2025,6,EUR-2025-06,EuM5,2025-03-25,2025-06-19,86,62,LONG_QUARTERLY_SHORT_PERP,0.02593,0.06414764788334085,0.4042237066455873,2462.0,-4964.0,2500.0,5270.33,0.0,-0.0,1471.2541687671217,17.9,26.000000000010232,1291.175831232868,4.318283487750983,529.5487468492917,1.7710536041361973,29900.21
EUR,2025,6,EUR-2025-06,EuM5,2025-03-27,2025-06-19,84,60,LONG_QUARTERLY_SHORT_PERP,0.092,0.08092914079452068,1.1367969447938198,3375.0,-4077.0,700.0000000000028,5178.33,0.0,-0.0,1436.8484476712313,17.9,26.000000000010232,320.5815523287612,1.0721715744764375,-423.8426715068698,-1.4175240625630048,29900.21
EUR,2025,6,EUR-2025-06,EuM5,2025-03-28,2025-06-19,83,59,LONG_QUARTERLY_SHORT_PERP,0.09054,0.14065331503598807,0.6437103880334004,6835.0,-6657.0,-180.00000000000682,5087.79,0.0,-0.0,1419.645587123286,17.9,26.000000000010232,-3212.7555871233035,-10.744926497584142,-3948.5783806849618,-13.205855011335913,29900.21
EUR,2025,6,EUR-2025-06,EuM5,2025-03-31,2025-06-19,80,58,LONG_QUARTERLY_SHORT_PERP,0.08966,0.08460236216343896,1.0597812839645122,3495.0,-6087.0,2590.0000000000036,4998.13,0.0,-0.0,1368.0370054794505,17.9,26.000000000010232,89.19299452054301,0.2983022344008387,-620.8255082191971,-2.076324909487917,29900.21
EUR,2025,6,EUR-2025-06,EuM5,2025-04-01,2025-06-19,79,57,LONG_QUARTERLY_SHORT_PERP,0.09243,0.06757428324441254,1.3678280488109014,2457.0,-4579.0,2119.9999999999905,4905.7,0.0,-0.0,1350.8341449315053,17.9,26.000000000010232,1051.9658550684746,3.5182557415766467,350.54878260270755,1.1723957209755635,29900.21
EUR,2025,6,EUR-2025-06,EuM5,2025-04-02,2025-06-19,78,56,LONG_QUARTERLY_SHORT_PERP,0.09196,0.09667020150684946,0.9512755592371893,4036.0,-5398.0,1359.9999999999995,4813.74,0.0,-0.0,1333.6312843835601,17.9,26.000000000010232,-601.791284383571,-2.012665745102028,-1294.6069265753656,-4.32975864241544,29900.21
EUR,2025,6,EUR-2025-06,EuM5,2025-04-03,2025-06-19,77,55,LONG_QUARTERLY_SHORT_PERP,0.0912,0.09709688043337499,0.9392680752764118,3980.0,-7302.0,3319.999999999993,4722.54,0.0,-0.0,1316.428423835615,17.9,26.000000000010232,-619.788423835632,-2.0728564242044856,-1304.002635753454,-4.361182198230226,29900.21
EUR,2025,6,EUR-2025-06,EuM5,2025-04-04,2025-06-19,76,54,LONG_QUARTERLY_SHORT_PERP,0.09316,0.13555788080162368,0.6872341132001833,5977.0,-9129.0,3149.9999999999914,4629.38,0.0,-0.0,1299.2255632876697,17.9,26.000000000010232,-2692.745563287689,-9.005774753045845,-3368.3583449315383,-11.265333403783915,29900.21
EUR,2025,6,EUR-2025-06,EuM5,2025-04-07,2025-06-19,73,53,LONG_QUARTERLY_SHORT_PERP,0.09299,0.09306635814422347,0.9991795301143607,3641.0,-8573.0,4929.999999999993,4536.39,0.0,-0.0,1247.6169816438342,17.9,26.000000000010232,-398.1269816438513,-1.3315190148960536,-1047.9354724657824,-3.504776295771108,29900.21
EUR,2025,6,EUR-2025-06,EuM5,2025-04-08,2025-06-19,72,52,LONG_QUARTERLY_SHORT_PERP,0.09477,0.11229450232876728,0.8439415824876236,4565.0,-8507.0,3939.9999999999977,4441.62,0.0,-0.0,1230.414121095889,17.9,26.000000000010232,-1399.6941210959012,-4.6812183630011335,-2040.9011816438594,-6.825708520588517,29900.21
EUR,2025,6,EUR-2025-06,EuM5,2025-04-09,2025-06-19,71,51,LONG_QUARTERLY_SHORT_PERP,0.09378,0.10817865216760691,0.8668993199758274,4260.0,-9512.0,5250.0,4347.84,0.0,-0.0,1213.2112605479438,17.9,26.000000000010232,-1171.271260547954,-3.91726767319679,-1803.8768908219395,-6.032990707496501,29900.21
EUR,2025,6,EUR-2025-06,EuM5,2025-04-10,2025-06-19,70,50,LONG_QUARTERLY_SHORT_PERP,0.09509,0.11527816800000017,0.8248743161844821,4524.0,-9286.0,4759.999999999991,4252.75,0.0,-0.0,1196.0083999999986,17.9,26.000000000010232,-1513.158400000018,-5.0606948914406225,-2137.1626000000306,-7.147650802452661,29900.21
EUR,2025,6,EUR-2025-06,EuM5,2025-04-11,2025-06-19,69,49,LONG_QUARTERLY_SHORT_PERP,0.0946,0.06195317427453192,1.526959693474314,1813.0,-8195.0,6379.999999999995,4158.15,0.0,-0.0,1178.8055394520534,17.9,26.000000000010232,1120.4444605479314,3.747279569434233,505.0416908218914,1.6890907817098657,29900.21
EUR,2025,6,EUR-2025-06,EuM5,2025-04-14,2025-06-19,66,48,LONG_QUARTERLY_SHORT_PERP,0.09622,0.10558535328767141,0.9113006397567744,3897.0,-8219.0,4319.999999999993,4061.93,0.0,-0.0,1127.196957808218,17.9,26.000000000010232,-1008.1669578082357,-3.371772164169535,-1597.7654367123575,-5.343659582030887,29900.21
EUR,2025,6,EUR-2025-06,EuM5,2025-04-15,2025-06-19,65,47,LONG_QUARTERLY_SHORT_PERP,0.09416,0.11155093823958047,0.8440986825029695,4089.0,-7931.0,3840.0000000000036,3967.77,0.0,-0.0,1109.994097260273,17.9,26.000000000010232,-1277.1240972602798,-4.271288052024651,-1858.1211458904286,-6.21440834659833,29900.21
EUR,2025,6,EUR-2025-06,EuM5,2025-04-16,2025-06-19,64,46,LONG_QUARTERLY_SHORT_PERP,0.09368,0.14534111384157256,0.6445526494458741,5549.0,-9051.0,3500.0,3874.09,0.0,-0.0,1092.7912367123279,17.9,26.000000000010232,-2813.6012367123385,-9.409971490876949,-3385.9968550685144,-11.324324662162956,29900.21
EUR,2025,6,EUR-2025-06,EuM5,2025-04-17,2025-06-19,63,45,LONG_QUARTERLY_SHORT_PERP,0.09334,0.09816640835920871,0.9508344204511587,3298.0,-6710.0,3409.9999999999964,3780.75,0.0,-0.0,1075.588376164383,17.9,26.000000000010232,-638.7383761643968,-2.136233746065318,-1202.5325642466,-4.021819794063654,29900.21
EUR,2025,6,EUR-2025-06,EuM5,2025-04-18,2025-06-19,62,44,LONG_QUARTERLY_SHORT_PERP,0.09325,0.1103246708094647,0.845232524292292,3752.0,-6134.0,2379.9999999999955,3687.5,0.0,-0.0,1058.3855156164377,17.9,26.000000000010232,-1168.7855156164526,-3.9089542033867075,-1723.978273424683,-5.765773128097371,29900.21
EUR,2025,6,EUR-2025-06,EuM5,2025-04-21,2025-06-19,59,43,LONG_QUARTERLY_SHORT_PERP,0.13833,0.10731806823192122,1.288972139351782,3564.0,-7396.0,3829.999999999998,3549.17,0.0,-0.0,1006.7769339726025,17.9,26.000000000010232,-1067.5069339726144,-3.5702322290466,-1596.8954009589265,-5.340749783894249,29900.21
EUR,2025,6,EUR-2025-06,EuM5,2025-04-22,2025-06-19,58,42,SHORT_QUARTERLY_LONG_PERP,-0.14051,-0.03720299825179363,99.0,-2596.0,6798.0,-4200.000000000003,-3689.68,0.0,0.0,989.5740734246573,17.9,26.000000000010232,-2125.15407342467,-7.107488788288344,-2645.9411101370097,-8.849239219848322,29900.21
EUR,2025,6,EUR-2025-06,EuM5,2025-04-23,2025-06-19,57,41,LONG_QUARTERLY_SHORT_PERP,0.14106,0.09342124909455421,1.509934852800237,2814.0,-7546.0,4729.99999999999,3548.62,0.0,-0.0,972.3712128767121,17.9,26.000000000010232,-283.6512128767324,-0.9486596009751517,-795.836819315099,-2.6616429092474565,29900.21
EUR,2025,6,EUR-2025-06,EuM5,2025-04-24,2025-06-19,56,40,LONG_QUARTERLY_SHORT_PERP,0.14186,0.07990170880821942,1.7754313658108773,2197.0,-7069.0,4869.99999999999,3406.76,0.0,-0.0,955.1683523287669,17.9,26.000000000010232,208.69164767121308,0.6979604747632645,-294.89252849318075,-0.9862557102213688,29900.21
EUR,2025,6,EUR-2025-06,EuM5,2025-04-28,2025-06-19,52,38,LONG_QUARTERLY_SHORT_PERP,0.14154,0.09463833974044727,1.4955883671267272,2666.0,-6008.0,3340.0000000000036,3265.2200000000003,0.0,-0.0,886.3569101369861,17.9,26.000000000010232,-333.03691013699245,-1.1138279969839424,-802.2153652054955,-2.6829756888178893,29900.21
EUR,2025,6,EUR-2025-06,EuM5,2025-04-29,2025-06-19,51,37,LONG_QUARTERLY_SHORT_PERP,0.13977,0.09478524458348786,1.4745966064041656,2594.0,-5926.0,3329.999999999998,3125.45,0.0,-0.0,869.1540495890409,17.9,26.000000000010232,-383.60404958905315,-1.2829476769195036,-844.1810743835835,-2.8233282454657793,29900.21
EUR,2025,6,EUR-2025-06,EuM5,2025-04-30,2025-06-19,50,36,LONG_QUARTERLY_SHORT_PERP,0.08994,0.06796808858447517,1.3232680493613809,1551.0,-4553.0,3000.0,3035.51,0.0,-0.0,851.9511890410957,17.9,26.000000000010232,586.6588109588943,1.9620558215440436,134.68321643833664,0.45044237628543965,29900.21
EUR,2025,6,EUR-2025-06,EuM5,2025-05-02,2025-06-19,48,34,LONG_QUARTERLY_SHORT_PERP,0.13926,0.12148369023368281,1.146326718690576,3269.0,-6271.0,3000.0,2896.25,0.0,-0.0,817.5454679452054,17.9,26.000000000010232,-1236.1954679452158,-4.1344039655414315,-1670.968201917828,-5.5884831642246935,29900.21
EUR,2025,6,EUR-2025-06,EuM5,2025-05-05,2025-06-19,45,33,LONG_QUARTERLY_SHORT_PERP,0.13926,0.07841929958489031,1.7758383553177304,1778.0,-4850.0,3069.999999999993,2756.9900000000002,0.0,-0.0,765.9368863013698,17.9,26.000000000010232,167.1531136986134,0.5590365876982583,-241.8153294520811,-0.8087412411219892,29900.21
EUR,2025,6,EUR-2025-06,EuM5,2025-05-06,2025-06-19,44,32,LONG_QUARTERLY_SHORT_PERP,0.13937,0.10386356330479483,1.3418565237455704,2531.0,-4613.0,2079.999999999998,2617.62,0.0,-0.0,748.7340257534246,17.9,26.000000000010232,-708.0140257534367,-2.367923254563887,-1108.3810386301589,-3.706933960096464,29900.21
EUR,2025,6,EUR-2025-06,EuM5,2025-05-07,2025-06-19,43,31,LONG_QUARTERLY_SHORT_PERP,0.09919,0.10759455371630611,0.9218868109396472,2560.0,-4862.0,2299.9999999999973,2518.43,0.0,-0.0,731.5311652054794,17.9,26.000000000010232,-819.0011652054925,-2.7391150938588473,-1210.766747808242,-4.049358676103753,29900.21
EUR,2025,6,EUR-2025-06,EuM5,2025-05-08,2025-06-19,42,30,LONG_QUARTERLY_SHORT_PERP,0.13821,0.09947427682191816,1.3894044210789056,2226.0,-4528.0,2299.9999999999973,2380.22,0.0,-0.0,714.3283046575342,17.9,26.000000000010232,-606.0083046575473,-2.026769392782015,-989.1724569863242,-3.3082458517392492,29900.21
EUR,2025,6,EUR-2025-06,EuM5,2025-05-12,2025-06-19,38,28,LONG_QUARTERLY_SHORT_PERP,0.13821,0.07883631651663443,1.7531260478264195,1518.0,-1790.0,269.999999999996,2242.01,0.0,-0.0,645.5168624657534,17.9,26.000000000010232,32.59313753423246,0.10900638334724894,-316.16529369865384,-1.0574015824593,29900.21
EUR,2025,6,EUR-2025-06,EuM5,2025-05-13,2025-06-19,37,27,LONG_QUARTERLY_SHORT_PERP,0.13517,0.10504496303399329,1.2867823082222234,2164.0,-2026.0,-140.00000000000057,2106.84,0.0,-0.0,628.3140019178082,17.9,26.000000000010232,-731.3740019178188,-2.4460497164328237,-1071.5310028767326,-3.583690558951702,29900.21
EUR,2025,6,EUR-2025-06,EuM5,2025-05-15,2025-06-19,35,25,LONG_QUARTERLY_SHORT_PERP,0.05084,0.09179233123287711,0.5538589043023533,1657.0,-1919.0,259.9999999999909,2056.0,0.0,-0.0,593.9082808219179,17.9,26.000000000010232,-240.8082808219372,-0.8053732091578527,-563.7624212329057,-1.885479805101388,29900.21
EUR,2025,6,EUR-2025-06,EuM5,2025-05-19,2025-06-19,31,23,LONG_QUARTERLY_SHORT_PERP,0.13607,0.09186942776652814,1.4811238440039132,1544.0,-2216.0,670.0000000000017,1919.93,0.0,-0.0,525.0968386301371,17.9,26.000000000010232,-195.06683863014544,-0.6523928715890137,-483.61525794522356,-1.617430974381864,29900.21
EUR,2025,6,EUR-2025-06,EuM5,2025-05-20,2025-06-19,30,22,LONG_QUARTERLY_SHORT_PERP,0.13577,0.1582633626401001,0.857873848597219,2930.0,-3062.0,129.99999999999545,1784.16,0.0,-0.0,507.8939780821919,17.9,26.000000000010232,-1699.6339780822066,-5.684354651964673,-1979.5809671233123,-6.620625631469854,29900.21
EUR,2025,6,EUR-2025-06,EuM5,2025-05-21,2025-06-19,29,21,SHORT_QUARTERLY_LONG_PERP,-0.13496,0.020837672263536042,6.476731099959147,-97.0,1559.0,-1459.9999999999936,-1919.12,0.0,0.0,490.6911175342467,17.9,26.000000000010232,-2354.7111175342507,-7.875232707510251,-2626.0566763013835,-8.782736563727758,29900.21
EUR,2025,6,EUR-2025-06,EuM5,2025-05-23,2025-06-19,27,19,LONG_QUARTERLY_SHORT_PERP,0.09912,0.06706238928622982,1.4780266712082788,774.0,-1456.0,679.9999999999926,1820.0,0.0,-0.0,456.2853964383563,17.9,26.000000000010232,543.8146035616262,1.8187651643972607,289.67190534243844,0.9687955547550953,29900.21
EUR,2025,6,EUR-2025-06,EuM5,2025-05-26,2025-06-19,24,18,LONG_QUARTERLY_SHORT_PERP,0.13578,0.12408760082191839,1.0942269743361523,1785.0,-2407.0,619.9999999999903,1684.22,0.0,-0.0,404.6768147945207,17.9,26.000000000010232,-551.3568147945405,-1.8439897739666058,-779.6952221918104,-2.6076580137457577,29900.21
EUR,2025,6,EUR-2025-06,EuM5,2025-05-27,2025-06-19,23,17,LONG_QUARTERLY_SHORT_PERP,0.13569,0.0806690561321521,1.6820576129924287,940.0,-2002.0,1060.0000000000023,1548.53,0.0,-0.0,387.4739542465755,17.9,26.000000000010232,175.15604575341652,0.5858020587595089,-44.58093136988091,-0.14909905773197216,29900.21
EUR,2025,6,EUR-2025-06,EuM5,2025-05-28,2025-06-19,22,16,LONG_QUARTERLY_SHORT_PERP,0.07687,0.04938569335616503,1.5565236564691054,376.0,-878.0,500.0,1471.66,0.0,-0.0,370.27109369863024,17.9,26.000000000010232,679.4889063013596,2.272522187306911,468.35335945203474,1.5663881941031008,29900.21
EUR,2025,6,EUR-2025-06,EuM5,2025-05-30,2025-06-19,20,14,LONG_QUARTERLY_SHORT_PERP,0.13301,0.11005466947162501,1.2085811591510296,1161.0,-573.0,-590.0000000000034,1338.65,0.0,-0.0,335.8653726027398,17.9,26.000000000010232,-204.11537260275335,-0.6826553144702107,-398.04805890413303,-1.331255061098678,29900.21
EUR,2025,6,EUR-2025-06,EuM5,2025-06-02,2025-06-19,17,13,LONG_QUARTERLY_SHORT_PERP,0.13388,0.08793513776607034,1.5224858162632846,815.0,-1357.0,539.999999999992,1204.77,0.0,-0.0,284.2567909589041,17.9,26.000000000010232,59.61320904107768,0.19937388078905693,-108.51518643838446,-0.3629244959763977,29900.21
EUR,2025,6,EUR-2025-06,EuM5,2025-06-03,2025-06-19,16,12,LONG_QUARTERLY_SHORT_PERP,0.13557,0.08349616086758076,1.6236674667593975,691.0,-783.0,90.00000000000341,1069.2,0.0,-0.0,267.0539304109589,17.9,26.000000000010232,65.2460695890343,0.21821274696409926,-94.28089561645524,-0.31531850651368415,29900.21
EUR,2025,6,EUR-2025-06,EuM5,2025-06-04,2025-06-19,15,11,LONG_QUARTERLY_SHORT_PERP,0.1349,0.260341006351184,0.5181665458342286,2570.0,-2042.0,-530.0000000000011,934.3,0.0,-0.0,249.85106986301366,17.9,26.000000000010232,-1931.451069863025,-6.459657205962851,-2082.376604794542,-6.964421336152964,29900.21
EUR,2025,6,EUR-2025-06,EuM5,2025-06-05,2025-06-19,14,10,LONG_QUARTERLY_SHORT_PERP,0.13397,0.10535482093150787,1.2716076854906821,777.0,-1599.0,819.9999999999932,800.33,0.0,-0.0,232.64820931506847,17.9,26.000000000010232,-255.2182093150855,-0.8535666114555233,-397.5423139726299,-1.3295636183579647,29900.21
EUR,2025,6,EUR-2025-06,EuM5,2025-06-06,2025-06-19,13,9,LONG_QUARTERLY_SHORT_PERP,0.13599,0.10170503875190372,1.3371018945455595,656.0,-1218.0,560.0000000000023,664.34,0.0,-0.0,215.44534876712325,17.9,26.000000000010232,-253.00534876713118,-0.846165792036682,-386.72802315070305,-1.2933956756514522,29900.21
EUR,2025,6,EUR-2025-06,EuM5,2025-06-09,2025-06-19,10,8,LONG_QUARTERLY_SHORT_PERP,0.12275,0.08321709589041223,1.4750574829197145,458.0,-990.0,530.0000000000011,541.59,0.0,-0.0,163.83676712328767,17.9,26.000000000010232,-126.14676712329674,-0.4218925790932463,-234.06515068495088,-0.7828210928450031,29900.21
EUR,2025,6,EUR-2025-06,EuM5,2025-06-11,2025-06-19,8,6,LONG_QUARTERLY_SHORT_PERP,0.13469,0.23582823561644006,0.5711360204511936,1240.0,-1412.0,170.0000000000017,406.9,0.0,-0.0,131.06941369863014,17.9,26.000000000010232,-1010.0694136986385,-3.3781348482122318,-1101.604120547964,-3.6842688414160434,29900.21
EUR,2025,6,EUR-2025-06,EuM5,2025-06-13,2025-06-19,6,4,LONG_QUARTERLY_SHORT_PERP,0.13502,0.2203005150684957,0.6128900786183803,739.0,-911.0,170.0000000000017,271.88,0.0,-0.0,98.3020602739726,17.9,26.000000000010232,-611.3220602739812,-2.0445410258790195,-686.4730904109776,-2.2958804985348853,29900.21
EUR,2025,9,EUR-2025-09,EuU5,2025-06-20,2025-09-18,90,64,LONG_QUARTERLY_SHORT_PERP,0.13476,0.08965278490154124,1.503132336022763,4307.0,4530.0,-8840.000000000004,2161.12,0.0,-0.0,1386.8782336986299,17.9,26.000000000010232,-3579.658233698644,-11.97201703164842,-4299.097350547967,-14.378151024852222,29900.21
EUR,2025,9,EUR-2025-09,EuU5,2025-06-23,2025-09-18,87,63,LONG_QUARTERLY_SHORT_PERP,0.13521,0.09394646354859766,1.4392239462005623,4537.0,4600.0,-9140.0,2025.91,0.0,-0.0,1337.7272035616436,17.9,26.000000000010232,-3895.717203561654,-13.029063018492693,-4590.580805342484,-15.353005230874581,29900.21
EUR,2025,9,EUR-2025-09,EuU5,2025-06-24,2025-09-18,86,62,SHORT_QUARTERLY_LONG_PERP,-0.12563,-0.02965736247017218,99.0,-3204.0,-4033.0,7240.000000000009,-2151.54,0.0,0.0,1321.3435268493147,17.9,26.000000000010232,-309.78352684931576,-1.0360580305265943,-996.4552902739832,-3.332602982634514,29900.21
EUR,2025,9,EUR-2025-09,EuU5,2025-06-26,2025-09-18,84,60,LONG_QUARTERLY_SHORT_PERP,0.0715,0.08360793622374445,0.855181974695055,3684.0,3633.0,-7320.000000000007,2080.04,0.0,-0.0,1288.576173424657,17.9,26.000000000010232,-2939.436173424675,-9.830821166221492,-3609.7242601370135,-12.072571597781465,29900.21
EUR,2025,9,EUR-2025-09,EuU5,2025-06-27,2025-09-18,83,59,SHORT_QUARTERLY_LONG_PERP,-0.13749,-0.029117076326909512,99.0,-3034.0,-3663.0,6700.000000000003,-2217.53,0.0,0.0,1272.1924967123284,17.9,26.000000000010232,-496.6224967123361,-1.6609331396412803,-1158.7187450685105,-3.875286310927283,29900.21
EUR,2025,9,EUR-2025-09,EuU5,2025-06-30,2025-09-18,80,58,SHORT_QUARTERLY_LONG_PERP,-0.13842,-0.03158721609352841,99.0,-3099.0,-3608.0,6710.000000000008,-2355.95,0.0,0.0,1223.0414665753422,17.9,26.000000000010232,-520.891466575344,-1.7420996928628394,-1158.4121998630253,-3.874261083326924,29900.21
EUR,2025,9,EUR-2025-09,EuU5,2025-07-01,2025-09-18,79,57,SHORT_QUARTERLY_LONG_PERP,-0.01611,-0.025586705440999585,99.0,-2709.0,-3528.0,6240.000000000009,-2372.06,0.0,0.0,1206.6577898630132,17.9,26.000000000010232,-910.6177898630143,-3.045523057741114,-1539.9466847945314,-5.150287187931227,29900.21
EUR,2025,9,EUR-2025-09,EuU5,2025-07-02,2025-09-18,78,56,LONG_QUARTERLY_SHORT_PERP,0.00611,0.07882453773483382,0.0775139338026196,3180.0,3117.0,-6299.999999999997,2365.95,0.0,-0.0,1190.2741131506846,17.9,26.000000000010232,-2051.2241131506926,-6.860233132645867,-2672.361169726045,-8.937600002562005,29900.21
EUR,2025,9,EUR-2025-09,EuU5,2025-07-03,2025-09-18,77,55,LONG_QUARTERLY_SHORT_PERP,0.0461,0.07719618975342483,0.5971797331869577,3028.0,2819.0,-5850.000000000008,2319.85,0.0,-0.0,1173.8904364383557,17.9,26.000000000010232,-1928.9404364383743,-6.451260497629864,-2541.8856546575626,-8.50123010727203,29900.21
EUR,2025,9,EUR-2025-09,EuU5,2025-07-04,2025-09-18,76,54,LONG_QUARTERLY_SHORT_PERP,0.1397,0.08058160666159327,1.7336462474206744,3150.0,2817.0,-5969.999999999999,2180.15,0.0,-0.0,1157.506759726027,17.9,26.000000000010232,-2174.2567597260368,-7.27171066599879,-2779.01013958906,-9.294283015366982,29900.21
EUR,2025,9,EUR-2025-09,EuU5,2025-07-07,2025-09-18,73,53,LONG_QUARTERLY_SHORT_PERP,0.06744,0.0613444477280953,1.0993659980267942,2099.0,4468.0,-6570.000000000007,2112.71,0.0,-0.0,1108.3557295890405,17.9,26.000000000010232,-1141.545729589058,-3.8178518799334786,-1721.723594383589,-5.758232448479757,29900.21
EUR,2025,9,EUR-2025-09,EuU5,2025-07-09,2025-09-18,71,51,LONG_QUARTERLY_SHORT_PERP,0.13796,0.09071545835616455,1.5207992386297076,3507.0,4050.0,-7560.000000000002,1974.75,0.0,-0.0,1075.588376164383,17.9,26.000000000010232,-2654.738376164395,-8.878661307610866,-3218.5325642465973,-10.7642473556092,29900.21
EUR,2025,9,EUR-2025-09,EuU5,2025-07-10,2025-09-18,70,50,LONG_QUARTERLY_SHORT_PERP,0.13713,0.0822020939890413,1.6682056787784674,3007.0,4470.0,-7480.000000000004,1837.62,0.0,-0.0,1059.2046994520542,17.9,26.000000000010232,-2275.4846994520685,-7.610263270565889,-2831.087049178106,-9.468452058290246,29900.21
EUR,2025,9,EUR-2025-09,EuU5,2025-07-11,2025-09-18,69,49,LONG_QUARTERLY_SHORT_PERP,0.13725,0.11109634740285175,1.2354141536472956,4357.0,3500.0,-7859.999999999999,1700.37,0.0,-0.0,1042.8210227397255,17.9,26.000000000010232,-3746.3510227397355,-12.529514082809905,-4293.761534109608,-14.36030561026029,29900.21
EUR,2025,9,EUR-2025-09,EuU5,2025-07-14,2025-09-18,66,48,LONG_QUARTERLY_SHORT_PERP,0.0835,0.08861604151255728,0.942267320620135,3216.0,3991.0,-7210.000000000008,1616.87,0.0,-0.0,993.6699926027393,17.9,26.000000000010232,-2639.6999926027584,-8.828366063658946,-3162.534988904138,-10.576965810287414,29900.21
EUR,2025,9,EUR-2025-09,EuU5,2025-07-15,2025-09-18,65,47,LONG_QUARTERLY_SHORT_PERP,0.13766,0.08174864501894512,1.6839422839130547,2821.0,5006.0,-7829.999999999998,1479.21,0.0,-0.0,977.2863158904105,17.9,26.000000000010232,-2365.976315890419,-7.912908691579153,-2880.619473835635,-9.634111177933649,29900.21
EUR,2025,9,EUR-2025-09,EuU5,2025-07-16,2025-09-18,64,46,LONG_QUARTERLY_SHORT_PERP,0.13673,0.09495223128648024,1.4399872246021488,3363.0,5054.0,-8420.000000000002,1342.48,0.0,-0.0,960.9026391780818,17.9,26.000000000010232,-3028.3226391780936,-10.12809822799938,-3534.7739587671454,-11.821903454079905,29900.21
EUR,2025,9,EUR-2025-09,EuU5,2025-07-18,2025-09-18,62,44,LONG_QUARTERLY_SHORT_PERP,0.13646,0.09027352922166897,1.5116280616981195,3000.0,4897.0,-7900.0000000000055,1206.02,0.0,-0.0,928.1352857534242,17.9,26.000000000010232,-2769.0152857534404,-9.260855645339749,-3259.0829286301628,-10.899866350872328,29900.21
EUR,2025,9,EUR-2025-09,EuU5,2025-07-21,2025-09-18,59,43,SHORT_QUARTERLY_LONG_PERP,-0.12528,-0.026002691729850036,99.0,-2041.0,-5426.0,7469.999999999999,-1331.3,0.0,0.0,878.984255616438,17.9,26.000000000010232,-210.18425561644906,-0.7029524395194853,-675.6763834246784,-2.259771364230146,29900.21
EUR,2025,9,EUR-2025-09,EuU5,2025-07-23,2025-09-18,57,41,LONG_QUARTERLY_SHORT_PERP,0.13767,0.07883211956565345,1.7463693829181495,2342.0,4845.0,-7189.999999999998,1193.63,0.0,-0.0,846.2169021917805,17.9,26.000000000010232,-2041.4869021917889,-6.827667438428657,-2490.5953532876892,-8.329691842591371,29900.21
EUR,2025,9,EUR-2025-09,EuU5,2025-07-24,2025-09-18,56,40,SHORT_QUARTERLY_LONG_PERP,-0.00298,-0.032456669363013446,99.0,-2172.0,-3465.0,5640.000000000001,-1196.61,0.0,0.0,829.8332254794517,17.9,26.000000000010232,104.65677452053907,0.35002019892348274,-336.25983821919715,-1.1246069449652598,29900.21
EUR,2025,9,EUR-2025-09,EuU5,2025-07-28,2025-09-18,52,38,LONG_QUARTERLY_SHORT_PERP,0.07578,0.11271575049026701,0.6723106546368921,3475.0,2292.0,-5770.00000000001,1120.83,0.0,-0.0,764.2985186301366,17.9,26.000000000010232,-3165.3685186301573,-10.586442431776089,-3573.517777945236,-11.951480534568942,29900.21
EUR,2025,9,EUR-2025-09,EuU5,2025-07-30,2025-09-18,50,36,SHORT_QUARTERLY_LONG_PERP,-0.1425,0.02593633057077653,5.4942236185314615,155.0,-4182.0,4030.000000000001,-1263.33,0.0,0.0,734.8079005479449,17.9,26.000000000010232,-2194.0379005479545,-7.337867862961346,-2587.441850821937,-8.653590897261045,29900.21
EUR,2025,9,EUR-2025-09,EuU5,2025-07-31,2025-09-18,49,35,LONG_QUARTERLY_SHORT_PERP,0.00983,0.0615417883287674,0.15972886500285555,1390.0,5707.0,-7100.000000000008,1253.5,0.0,-0.0,720.062591506849,17.9,26.000000000010232,-903.4625915068674,-3.0215927965284104,-1289.4938872603022,-4.312658296581537,29900.21
EUR,2025,9,EUR-2025-09,EuU5,2025-08-07,2025-09-18,42,30,LONG_QUARTERLY_SHORT_PERP,0.11086,0.0527581809406396,2.1012854883062237,922.0,5395.0,-6320.000000000007,1142.64,0.0,-0.0,616.8454282191778,17.9,26.000000000010232,-443.10542821919523,-1.4819475455831088,-777.5281423287942,-2.6004103059102066,29900.21
EUR,2025,9,EUR-2025-09,EuU5,2025-08-08,2025-09-18,41,29,LONG_QUARTERLY_SHORT_PERP,0.13899,0.06413793514407215,2.167048248244798,1214.0,4883.0,-6100.000000000008,1003.65,0.0,-0.0,602.100119178082,17.9,26.000000000010232,-859.3501191781004,-2.874060480438433,-1186.4001787671514,-3.9678657065189555,29900.21
EUR,2025,9,EUR-2025-09,EuU5,2025-08-13,2025-09-18,36,26,LONG_QUARTERLY_SHORT_PERP,0.13929,0.061510522075869725,2.2644906155762055,1027.0,4560.0,-5590.000000000004,864.36,0.0,-0.0,528.3735739726026,17.9,26.000000000010232,-737.9135739726164,-2.4679210412656514,-1028.1003609589277,-3.4384385961132975,29900.21
EUR,2025,9,EUR-2025-09,EuU5,2025-08-14,2025-09-18,35,25,LONG_QUARTERLY_SHORT_PERP,0.14009,0.05382113059726068,2.602881032884324,788.0,5129.0,-5920.000000000002,724.27,0.0,-0.0,513.6282649315067,17.9,26.000000000010232,-624.2582649315187,-2.0878056205341657,-907.0723973972821,-3.0336656411352365,29900.21
EUR,2025,9,EUR-2025-09,EuU5,2025-08-15,2025-09-18,34,24,LONG_QUARTERLY_SHORT_PERP,0.06701,0.06994928982876755,0.9579797044978899,1136.0,4131.0,-5270.00000000001,657.26,0.0,-0.0,498.8829558904108,17.9,26.000000000010232,-1024.5229558904311,-3.4264741146982955,-1299.9644338356466,-4.3476766010527905,29900.21
EUR,2025,9,EUR-2025-09,EuU5,2025-08-18,2025-09-18,31,23,LONG_QUARTERLY_SHORT_PERP,0.14057,0.07584987081596233,1.8532661755096564,1246.0,3641.0,-4890.000000000001,516.6899999999999,0.0,-0.0,454.6470287671232,17.9,26.000000000010232,-1230.8570287671344,-4.1165497793063475,-1484.180543150706,-4.963779662921117,29900.21
EUR,2025,9,EUR-2025-09,EuU5,2025-08-19,2025-09-18,30,22,LONG_QUARTERLY_SHORT_PERP,0.14114,0.07371825998754716,1.9145866983816766,1138.0,4279.0,-5420.000000000002,375.55,0.0,-0.0,439.9017197260273,17.9,26.000000000010232,-1249.2517197260395,-4.178070052772337,-1495.2025795890631,-5.000642402140531,29900.21
EUR,2025,9,EUR-2025-09,EuU5,2025-08-20,2025-09-18,29,21,LONG_QUARTERLY_SHORT_PERP,0.14034,0.06552649574690199,2.141729057846575,907.0,4590.0,-5500.0,235.21,0.0,-0.0,425.1564106849314,17.9,26.000000000010232,-1143.8464106849417,-3.8255464114965805,-1382.4246160274174,-4.6234612266182,29900.21
EUR,2025,9,EUR-2025-09,EuU5,2025-08-21,2025-09-18,28,20,LONG_QUARTERLY_SHORT_PERP,0.14022,0.0727155550821923,1.928335688856472,1000.0,4477.0,-5480.000000000004,94.99000000000001,0.0,-0.0,410.41110164383554,17.9,26.000000000010232,-1362.3211016438495,-4.556225864781049,-1593.5266524657773,-5.329483145656091,29900.21
EUR,2025,9,EUR-2025-09,EuU5,2025-08-25,2025-09-18,24,18,SHORT_QUARTERLY_LONG_PERP,-0.14045,0.03662943697108124,3.8343477709167244,264.0,-4781.0,4520.00000000001,-235.44,0.0,0.0,351.429865479452,17.9,26.000000000010232,-891.7698654794523,-2.982486964069658,-1093.4847982191884,-3.657114107958401,29900.21
EUR,2025,9,EUR-2025-09,EuU5,2025-08-27,2025-09-18,22,16,SHORT_QUARTERLY_LONG_PERP,-0.09042,-0.0414475470376706,99.0,-1029.0,-4608.0,5640.000000000001,-325.86,0.0,0.0,321.93924739726026,17.9,26.000000000010232,340.3007526027304,1.1381216138707069,153.33112890409026,0.5128095384751152,29900.21
EUR,2025,9,EUR-2025-09,EuU5,2025-08-29,2025-09-18,20,14,SHORT_QUARTERLY_LONG_PERP,-0.02116,-0.03054652647749438,99.0,-764.0,-4163.0,4930.000000000007,-347.02,0.0,0.0,292.4486293150685,17.9,26.000000000010232,83.63137068492856,0.27970161642653535,-88.5929439726157,-0.29629539047590536,29900.21
EUR,2025,9,EUR-2025-09,EuU5,2025-09-01,2025-09-18,17,13,SHORT_QUARTERLY_LONG_PERP,-0.09461,0.022085592476291615,4.2837881800799185,-5.0,-4592.0,4600.000000000008,-441.63,0.0,0.0,248.21270219178078,17.9,26.000000000010232,-725.7427021917828,-2.427216070361321,-875.8490532876833,-2.929240474524036,29900.21
EUR,2025,9,EUR-2025-09,EuU5,2025-09-03,2025-09-18,15,11,SHORT_QUARTERLY_LONG_PERP,-0.00192,-0.02657981053549098,99.0,-555.0,-4172.0,4730.000000000004,-443.55,0.0,0.0,218.72208410958902,17.9,26.000000000010232,-148.17208410959563,-0.49555532924215456,-283.5331261644003,-0.948264664911719,29900.21
EUR,2025,9,EUR-2025-09,EuU5,2025-09-04,2025-09-18,14,10,SHORT_QUARTERLY_LONG_PERP,-0.09242,-0.004312322493149662,99.0,-291.0,-3906.0,4200.000000000003,-535.97,0.0,0.0,203.97677506849314,17.9,26.000000000010232,-489.8467750685006,-1.6382720223988414,-617.8351626027574,-2.066323823821831,29900.21
EUR,2025,9,EUR-2025-09,EuU5,2025-09-05,2025-09-18,13,9,SHORT_QUARTERLY_LONG_PERP,-0.04281,-0.055763170441399175,99.0,-735.0,-2762.0,3500.0,-578.78,0.0,0.0,189.23146602739726,17.9,26.000000000010232,-73.91146602740747,-0.24719380240943953,-194.5271990411163,-0.6505880695858535,29900.21
EUR,2025,9,EUR-2025-09,EuU5,2025-09-08,2025-09-18,10,8,SHORT_QUARTERLY_LONG_PERP,-0.00293,-0.09413805763698503,99.0,-942.0,-1465.0,2410.000000000011,-581.71,0.0,0.0,144.9955389041096,17.9,26.000000000010232,174.39446109589105,0.5832549707707438,75.89669164382599,0.2538333063340558,29900.21
EUR,2025,9,EUR-2025-09,EuU5,2025-09-09,2025-09-18,9,7,LONG_QUARTERLY_SHORT_PERP,0.14486,0.15416431855186058,0.939646744206049,905.0,42.0,-950.0000000000028,436.85,0.0,-0.0,130.25022986301371,17.9,26.000000000010232,-645.3002298630267,-2.1581795909226953,-736.4253447945438,-2.4629437211128073,29900.21
EUR,2025,9,EUR-2025-09,EuU5,2025-09-10,2025-09-18,8,6,SHORT_QUARTERLY_LONG_PERP,-0.14705,-0.002932513196345327,99.0,-177.0,1020.0,-839.9999999999892,-583.9,0.0,0.0,115.5049208219178,17.9,26.000000000010232,-563.3049208219172,-1.8839497141388546,-647.0573812328863,-2.1640563100823917,29900.21
EUR,2025,9,EUR-2025-09,EuU5,2025-09-11,2025-09-18,7,5,LONG_QUARTERLY_SHORT_PERP,0.14973,0.14453192235616644,1.0359649104439645,578.0,-1341.0,759.9999999999909,434.17,0.0,-0.0,100.75961178082191,17.9,26.000000000010232,-291.4896117808412,-0.9748747978052369,-367.8694176712624,-1.2303238595021988,29900.21
EUR,2025,12,EUR-2025-12,EuZ5,2025-09-19,2025-12-18,90,64,SHORT_QUARTERLY_LONG_PERP,-0.0517,-0.03282886736301351,99.0,-3377.0,8005.0,-4629.999999999995,-2552.27,0.0,0.0,1232.052488767125,17.9,26.000000000010232,-453.2224887671306,-1.5157836308411565,-1095.2487331506982,-3.6630135144559124,29900.21
EUR,2025,12,EUR-2025-12,EuZ5,2025-09-24,2025-12-18,85,61,LONG_QUARTERLY_SHORT_PERP,0.14856,0.07003806332360225,2.121132323628036,3066.0,-7414.0,4349.9999999999945,2403.71,0.0,-0.0,1162.4218627397272,17.9,26.000000000010232,-1866.611862739743,-6.2428051934743705,-2473.822794109613,-8.273596720924745,29900.21
EUR,2025,12,EUR-2025-12,EuZ5,2025-09-25,2025-12-18,84,60,LONG_QUARTERLY_SHORT_PERP,0.1479,0.07558992895890429,1.9566098557971694,3343.0,-7241.0,3900.0000000000055,2255.81,0.0,-0.0,1148.4957375342476,17.9,26.000000000010232,-2277.585737534253,-7.617290104431551,-2877.833606301383,-9.624793960649049,29900.21
EUR,2025,12,EUR-2025-12,EuZ5,2025-09-26,2025-12-18,83,59,LONG_QUARTERLY_SHORT_PERP,0.14723,0.06912660359879286,2.129860174449118,2900.0,-6328.0,3430.000000000007,2108.58,0.0,-0.0,1134.569612328768,17.9,26.000000000010232,-1967.8896123287716,-6.581524385042018,-2561.1744184931626,-8.565740570026641,29900.21
EUR,2025,12,EUR-2025-12,EuZ5,2025-09-29,2025-12-18,80,58,LONG_QUARTERLY_SHORT_PERP,0.14652,0.07287398683986791,2.010593990444912,3090.0,-5978.0,2890.0000000000005,1962.06,0.0,-0.0,1092.7912367123292,17.9,26.000000000010232,-2262.631236712339,-7.567275402789275,-2835.026855068512,-9.481628574075271,29900.21
EUR,2025,12,EUR-2025-12,EuZ5,2025-09-30,2025-12-18,79,57,LONG_QUARTERLY_SHORT_PERP,0.14571,0.057259037043980006,2.544751143615668,2141.0,-4749.0,2609.9999999999995,1816.3500000000001,0.0,-0.0,1078.8651115068496,17.9,26.000000000010232,-1445.4151115068603,-4.834130300445583,-2010.8476672602935,-6.725195800498704,29900.21
EUR,2025,12,EUR-2025-12,EuZ5,2025-10-01,2025-12-18,78,56,LONG_QUARTERLY_SHORT_PERP,0.14529,0.05778283904109609,2.514414355734017,2127.0,-3515.0,1390.0000000000005,1671.06,0.0,-0.0,1064.93898630137,17.9,26.000000000010232,-1562.77898630138,-5.226648864009249,-2121.2484794520738,-7.094426692829495,29900.21
EUR,2025,12,EUR-2025-12,EuZ5,2025-10-03,2025-12-18,76,54,LONG_QUARTERLY_SHORT_PERP,0.14301,0.07788864325723001,1.8360828231107378,3125.0,-4923.0,1799.9999999999973,1528.05,0.0,-0.0,1037.0867358904106,17.9,26.000000000010232,-2675.9367358904237,-8.949558333839207,-3220.480103835639,-10.770760820193702,29900.21
EUR,2025,12,EUR-2025-12,EuZ5,2025-10-06,2025-12-18,73,53,LONG_QUARTERLY_SHORT_PERP,0.14408,0.05255110113724495,2.741712293025295,1746.0,-4324.0,2579.999999999998,1383.97,0.0,-0.0,995.3083602739722,17.9,26.000000000010232,-1399.2383602739844,-4.679694090021389,-1922.8925404109805,-6.4310335626772535,29900.21
EUR,2025,12,EUR-2025-12,EuZ5,2025-10-08,2025-12-18,71,51,LONG_QUARTERLY_SHORT_PERP,0.02012,0.05281090411496124,0.38098192669078046,1682.0,-2370.0,689.9999999999977,1363.8500000000001,0.0,-0.0,967.4561098630132,17.9,26.000000000010232,-1327.5061098630256,-4.4397885829665595,-1837.2341647945427,-6.144552713156673,29900.21
EUR,2025,12,EUR-2025-12,EuZ5,2025-10-09,2025-12-18,70,50,LONG_QUARTERLY_SHORT_PERP,0.14241,0.054628599693150884,2.6068762662765965,1734.0,-2182.0,450.00000000000284,1221.44,0.0,-0.0,953.5299846575338,17.9,26.000000000010232,-1507.9899846575413,-5.043409342802413,-2010.7549769863185,-6.7248858017596485,29900.21
EUR,2025,12,EUR-2025-12,EuZ5,2025-10-10,2025-12-18,69,49,LONG_QUARTERLY_SHORT_PERP,0.14205,0.08009191549902173,1.7735872480379753,2941.0,-2739.0,-200.00000000000284,1079.39,0.0,-0.0,939.6038594520543,17.9,26.000000000010232,-2843.113859452067,-9.508675221518736,-3338.915789178105,-11.166864009243097,29900.21
EUR,2025,12,EUR-2025-12,EuZ5,2025-10-13,2025-12-18,66,48,LONG_QUARTERLY_SHORT_PERP,0.07375,0.037619280913242216,1.960430880379735,864.0,-532.0,-329.9999999999983,1005.64,0.0,-0.0,897.825483835616,17.9,26.000000000010232,-798.0854838356245,-2.6691634735529433,-1272.9982257534434,-4.257489247578674,29900.21
EUR,2025,12,EUR-2025-12,EuZ5,2025-10-14,2025-12-18,65,47,SHORT_QUARTERLY_LONG_PERP,-0.09925,-0.013089375348294751,99.0,-1543.0,-29.0,1569.9999999999932,-1104.89,0.0,0.0,883.8993586301365,17.9,26.000000000010232,-491.6893586301536,-1.6444344659457364,-959.6390379452329,-3.2094725687385903,29900.21
EUR,2025,12,EUR-2025-12,EuZ5,2025-10-15,2025-12-18,64,46,LONG_QUARTERLY_SHORT_PERP,0.13902,0.05471463550923191,2.5408192653781527,1603.0,919.0,-2519.999999999996,965.87,0.0,-0.0,869.9732334246571,17.9,26.000000000010232,-1549.0032334246632,-5.180576435498825,-2009.9898501370026,-6.7223268670588014,29900.21
EUR,2025,12,EUR-2025-12,EuZ5,2025-10-16,2025-12-18,63,45,LONG_QUARTERLY_SHORT_PERP,0.1376,0.0930432690715375,1.4788818296378268,3287.0,-1115.0,-2170.000000000002,828.27,0.0,-0.0,856.0471082191776,17.9,26.000000000010232,-3356.67710821919,-11.226265996858183,-3810.70066232879,-12.744728757185284,29900.21
EUR,2025,12,EUR-2025-12,EuZ5,2025-10-17,2025-12-18,62,44,LONG_QUARTERLY_SHORT_PERP,0.13812,0.07272774961394791,1.8991375469908804,2314.0,-2642.0,329.9999999999983,690.15,0.0,-0.0,842.1209830136982,17.9,26.000000000010232,-2507.8709830137104,-8.387469462634913,-2954.93147452057,-9.882644551729136,29900.21
EUR,2025,12,EUR-2025-12,EuZ5,2025-10-20,2025-12-18,59,43,LONG_QUARTERLY_SHORT_PERP,0.14187,0.055726572265052794,2.54582319050995,1552.0,-1680.0,129.99999999999545,548.28,0.0,-0.0,800.3426073972598,17.9,26.000000000010232,-1845.9626073972747,-6.173744623858076,-2272.1339110959157,-7.59905669925367,29900.21
EUR,2025,12,EUR-2025-12,EuZ5,2025-10-21,2025-12-18,58,42,SHORT_QUARTERLY_LONG_PERP,-0.02525,-0.03308770280495737,99.0,-2220.0,2638.0,-420.0000000000017,-573.53,0.0,0.0,786.4164821917803,17.9,26.000000000010232,814.1535178082077,2.7229023401782384,394.9452767123063,1.3208779360155207,29900.21
EUR,2025,12,EUR-2025-12,EuZ5,2025-10-22,2025-12-18,57,41,LONG_QUARTERLY_SHORT_PERP,0.14201,0.05659488675576369,2.509237285213536,1504.0,-2002.0,500.0,431.52000000000004,0.0,-0.0,772.490356986301,17.9,26.000000000010232,-1886.8703569863112,-6.310558878972125,-2299.115535479473,-7.689295611901967,29900.21
EUR,2025,12,EUR-2025-12,EuZ5,2025-10-24,2025-12-18,55,39,SHORT_QUARTERLY_LONG_PERP,-0.01465,0.015295848886547492,0.9577761985400164,-192.0,20.0,170.0000000000017,-446.17,0.0,0.0,744.638106575342,17.9,26.000000000010232,-1044.7081065753505,-3.493982505726048,-1443.027159863033,-4.826143896190136,29900.21
EUR,2025,12,EUR-2025-12,EuZ5,2025-10-27,2025-12-18,52,38,LONG_QUARTERLY_SHORT_PERP,0.00012,0.08683578239365562,0.0013819187976679924,2553.0,-321.0,-2230.000000000004,446.05,0.0,-0.0,702.8597309589037,17.9,26.000000000010232,-2851.709730958918,-9.537423753742592,-3229.139596438381,-10.799722130508052,29900.21
EUR,2025,12,EUR-2025-12,EuZ5,2025-10-28,2025-12-18,51,37,LONG_QUARTERLY_SHORT_PERP,0.13803,0.052141708045168725,2.647209022773649,1196.0,116.0,-1310.0000000000023,308.02000000000004,0.0,-0.0,689.3431976712325,17.9,26.000000000010232,-1619.223197671245,-5.415424164817723,-1989.8947965068728,-6.655119801857154,29900.21
EUR,2025,12,EUR-2025-12,EuZ5,2025-10-29,2025-12-18,50,36,LONG_QUARTERLY_SHORT_PERP,0.13941,0.091131296232877,1.5297708445159341,2561.0,-559.0,-2000.0,168.61000000000004,0.0,-0.0,675.8266643835613,17.9,26.000000000010232,-3110.1166643835713,-10.401654919425555,-3474.029996575364,-11.618747816738958,29900.21
EUR,2025,12,EUR-2025-12,EuZ5,2025-10-30,2025-12-18,49,35,LONG_QUARTERLY_SHORT_PERP,0.13838,0.06303457517416859,2.195303127175001,1500.0,-638.0,-859.9999999999994,30.23000000000004,0.0,-0.0,662.31013109589,17.9,26.000000000010232,-2173.9801310959,-7.270785493131654,-2531.1351966438565,-8.46527565071903,29900.21
EUR,2025,12,EUR-2025-12,EuZ5,2025-10-31,2025-12-18,48,34,LONG_QUARTERLY_SHORT_PERP,0.14009,0.04952039993553615,2.828935149602266,991.0,-129.0,-859.9999999999994,-109.85999999999996,0.0,-0.0,648.7935978082188,17.9,26.000000000010232,-1791.5535978082287,-5.9917759701628475,-2141.950396712349,-7.1636633880241956,29900.21
EUR,2025,12,EUR-2025-12,EuZ5,2025-11-01,2025-12-18,47,34,SHORT_QUARTERLY_LONG_PERP,-0.14009,-0.0183183216317483,99.0,-1302.0,430.0,870.0000000000045,-30.23000000000004,0.0,0.0,635.2770645205476,17.9,26.000000000010232,590.5929354794467,1.975213336225554,246.95440321916158,0.8259286580902327,29900.21
EUR,2025,12,EUR-2025-12,EuZ5,2025-11-03,2025-12-18,45,33,SHORT_QUARTERLY_LONG_PERP,-0.14007,0.022792242361976224,6.145512046400295,100.0,-972.0,870.0000000000045,-170.30000000000004,0.0,0.0,608.2439979452051,17.9,26.000000000010232,-924.4439979452109,-3.091764231572992,-1254.5659969178248,-4.195843430256258,29900.21
EUR,2025,12,EUR-2025-12,EuZ5,2025-11-05,2025-12-18,43,31,SHORT_QUARTERLY_LONG_PERP,-0.14007,-0.031028679633229906,99.0,-1587.0,845.0,739.9999999999949,-310.37,0.0,0.0,581.2109313698627,17.9,26.000000000010232,649.5190686301222,2.1722893204767533,332.9136029451797,1.113415601245542,29900.21
EUR,2025,12,EUR-2025-12,EuZ5,2025-11-10,2025-12-18,38,28,LONG_QUARTERLY_SHORT_PERP,0.10261,0.06473315231898275,1.5851228670955675,1255.0,-933.0,-319.9999999999932,207.76000000000002,0.0,-0.0,513.6282649315066,17.9,26.000000000010232,-1602.76826493151,-5.360391331470615,-1885.5823973972742,-6.306251352071689,29900.21
EUR,2025,12,EUR-2025-12,EuZ5,2025-11-11,2025-12-18,37,27,LONG_QUARTERLY_SHORT_PERP,0.0742,0.05444487894977206,1.3628462663761813,926.0,-874.0,-49.99999999999716,133.56,0.0,-0.0,500.11173164383536,17.9,26.000000000010232,-1334.4517316438428,-4.463017924101011,-1610.5075974657711,-5.386275204976056,29900.21
EUR,2025,12,EUR-2025-12,EuZ5,2025-11-13,2025-12-18,35,25,SHORT_QUARTERLY_LONG_PERP,-0.08342,-0.034680853397259875,99.0,-1384.0,832.0,549.9999999999972,-216.98,0.0,0.0,473.0786650684929,17.9,26.000000000010232,648.0413349314941,2.1673471020153174,385.502002397237,1.2892953005923269,29900.21
EUR,2025,12,EUR-2025-12,EuZ5,2025-11-14,2025-12-18,34,24,SHORT_QUARTERLY_LONG_PERP,-0.14055,0.024394255490867996,5.761602359728297,82.0,766.0,-849.9999999999943,-357.53000000000003,0.0,0.0,459.5621317808217,17.9,26.000000000010232,-944.9921317808263,-3.160486604545006,-1200.7731976712478,-4.015935666241969,29900.21
EUR,2025,12,EUR-2025-12,EuZ5,2025-11-18,2025-12-18,30,22,LONG_QUARTERLY_SHORT_PERP,0.14163,0.0656543635740976,2.1572061975767416,995.0,-673.0,-319.9999999999932,215.9,0.0,-0.0,405.4959986301368,17.9,26.000000000010232,-1226.4959986301403,-4.101964496671229,-1455.2439979452192,-4.867002599464081,29900.21
EUR,2025,12,EUR-2025-12,EuZ5,2025-11-20,2025-12-18,28,20,LONG_QUARTERLY_SHORT_PERP,0.11903,0.026718146602740227,4.455024585717043,112.0,1540.0,-1650.0000000000057,96.87,0.0,-0.0,378.46293205479435,17.9,26.000000000010232,-435.49293205481024,-1.4564878710042848,-650.7243980822177,-2.1763204943450822,29900.21
EUR,2025,12,EUR-2025-12,EuZ5,2025-11-21,2025-12-18,27,19,LONG_QUARTERLY_SHORT_PERP,0.1389,0.0697813894087965,1.9905020690586959,917.0,2775.0,-3689.9999999999977,-42.029999999999994,0.0,-0.0,364.9463987671231,17.9,26.000000000010232,-1365.8763987671311,-4.568116407099252,-1574.349598150703,-5.265346290714022,29900.21
EUR,2025,12,EUR-2025-12,EuZ5,2025-11-24,2025-12-18,24,18,SHORT_QUARTERLY_LONG_PERP,-0.13584,0.04701648882800665,2.8891991594039066,478.0,-3360.0,2879.9999999999955,-93.80999999999997,0.0,0.0,324.39679890410946,17.9,26.000000000010232,-942.1067989041242,-3.150836729588602,-1130.305198356189,-3.7802583940252896,29900.21
EUR,2025,12,EUR-2025-12,EuZ5,2025-11-26,2025-12-18,22,16,SHORT_QUARTERLY_LONG_PERP,-0.13646,0.020328983270548575,6.712583614434626,-16.0,-2736.0,2750.0,-230.26999999999998,0.0,0.0,297.363732328767,17.9,26.000000000010232,-557.5337323287772,-1.8646482159448954,-732.2155984931709,-2.448864400929528,29900.21
EUR,2025,12,EUR-2025-12,EuZ5,2025-11-27,2025-12-18,21,15,LONG_QUARTERLY_SHORT_PERP,0.06265,0.04111647993607374,1.523719931701491,289.0,3173.0,-3459.9999999999936,167.62,0.0,-0.0,283.8471990410958,17.9,26.000000000010232,-447.12719904109963,-1.4953981896484996,-615.0507985616576,-2.057011634907105,29900.21
EUR,2025,12,EUR-2025-12,EuZ5,2025-12-02,2025-12-18,16,12,LONG_QUARTERLY_SHORT_PERP,0.11546,0.0673470443835625,1.7144033722165914,548.0,3854.0,-4400.0000000000055,52.16,0.0,-0.0,216.26453260273968,17.9,26.000000000010232,-754.0045326027554,-2.521736578447962,-888.1367989041354,-2.9703363250764303,29900.21
EUR,2025,12,EUR-2025-12,EuZ5,2025-12-03,2025-12-18,15,11,LONG_QUARTERLY_SHORT_PERP,0.07479,-0.059941090971356484,99.0,-906.0,4568.0,-3659.9999999999964,-22.629999999999995,0.0,-0.0,202.74799931506845,17.9,26.000000000010232,638.722000684925,2.1361789789600976,511.3480010273805,1.710181972057656,29900.21
EUR,2025,12,EUR-2025-12,EuZ5,2025-12-05,2025-12-18,13,9,LONG_QUARTERLY_SHORT_PERP,0.13485,0.06962388141552625,1.9368354256953018,407.0,5145.0,-5549.999999999997,-157.48,0.0,-0.0,175.714932739726,17.9,26.000000000010232,-782.0949327397335,-2.6156837451634405,-895.9523991096067,-2.9964752726138273,29900.21
EUR,2025,12,EUR-2025-12,EuZ5,2025-12-08,2025-12-18,10,8,SHORT_QUARTERLY_LONG_PERP,-0.01335,0.13963316660959035,0.09560765772308347,938.0,-5480.0,4540.000000000006,144.13,0.0,0.0,135.16533287671234,17.9,26.000000000010232,-974.9353328767162,-3.2606303864645643,-1068.5179993150825,-3.5736136947368684,29900.21
EUR,2025,12,EUR-2025-12,EuZ5,2025-12-09,2025-12-18,9,7,LONG_QUARTERLY_SHORT_PERP,0.13457,0.13507839994129306,0.9962362602643056,780.0,4042.0,-4819.999999999993,-278.7,0.0,-0.0,121.64879958904112,17.9,26.000000000010232,-1222.2487995890442,-4.087759917368621,-1309.073199383575,-4.378140485914899,29900.21
EUR,2025,12,EUR-2025-12,EuZ5,2025-12-10,2025-12-18,8,6,SHORT_QUARTERLY_LONG_PERP,-0.13415,-0.06449462228310332,99.0,-539.0,-2333.0,2870.0000000000045,144.55,0.0,0.0,108.13226630136988,17.9,26.000000000010232,529.5177336986244,1.7709498819527503,449.4516005479293,1.5031720531325006,29900.21
EUR,2025,12,EUR-2025-12,EuZ5,2025-12-12,2025-12-18,6,4,LONG_QUARTERLY_SHORT_PERP,0.05638,-0.1000002000684906,99.0,-525.0,1217.0,-689.9999999999977,-200.93,0.0,-0.0,81.09919972602741,17.9,26.000000000010232,201.07080027396464,0.672472869835913,134.5212004109407,0.44990052046771817,29900.21
EUR,2026,3,EUR-2026-03,EuH6,2026-01-05,2026-03-19,73,53,LONG_QUARTERLY_SHORT_PERP,0.13814,0.08496244095373501,1.6258949066119937,3515.0,1311.0,-4829.999999999998,2689.38,0.0,-0.0,944.1093705479462,17.9,26.000000000010232,-1817.6293705479545,-6.07898529992918,-2315.6840558219374,-7.744708334228881,29900.21
EUR,2026,3,EUR-2026-03,EuH6,2026-01-06,2026-03-19,72,52,LONG_QUARTERLY_SHORT_PERP,0.13814,0.07074812363804026,1.9525606178157933,2704.0,2122.0,-4829.999999999998,2551.2400000000002,0.0,-0.0,931.0024291780833,17.9,26.000000000010232,-1131.6624291780915,-3.7847975956626776,-1623.1636437671425,-5.4286028217432,29900.21
EUR,2026,3,EUR-2026-03,EuH6,2026-01-08,2026-03-19,70,50,LONG_QUARTERLY_SHORT_PERP,0.13814,0.06613377092876735,2.0887966625824275,2358.0,2468.0,-4829.999999999998,2413.1,0.0,-0.0,904.7885464383572,17.9,26.000000000010232,-897.5885464383657,-3.001947298826215,-1375.9828196575538,-4.6019169084683815,29900.21
EUR,2026,3,EUR-2026-03,EuH6,2026-01-12,2026-03-19,66,48,LONG_QUARTERLY_SHORT_PERP,0.13814,0.061734599603310736,2.2376430864968593,2067.0,2879.0,-4950.000000000003,2274.96,0.0,-0.0,852.3607809589051,17.9,26.000000000010232,-692.300780958918,-2.315370965484584,-1144.4811714383802,-3.8276693422500383,29900.21
EUR,2026,3,EUR-2026-03,EuH6,2026-01-14,2026-03-19,64,46,SHORT_QUARTERLY_LONG_PERP,-0.1386,-0.0003685456908871886,99.0,-887.0,-3829.0,4719.999999999999,-2413.56,0.0,0.0,826.1468982191791,17.9,26.000000000010232,-2392.60689821919,-8.001973558778316,-2831.680347328789,-9.470436319105415,29900.21
EUR,2026,3,EUR-2026-03,EuH6,2026-01-16,2026-03-19,62,44,LONG_QUARTERLY_SHORT_PERP,0.13772,0.06374620489726052,2.1604423388335467,1961.0,4415.0,-6379.999999999995,2275.84,0.0,-0.0,799.933015479453,17.9,26.000000000010232,-532.9930154794586,-1.7825728163095127,-958.9595232191947,-3.2071999601982553,29900.21
EUR,2026,3,EUR-2026-03,EuH6,2026-01-19,2026-03-19,59,43,LONG_QUARTERLY_SHORT_PERP,0.13581,0.07117470212488079,1.9081217897015181,2256.0,4500.0,-6760.0000000000055,2140.03,0.0,-0.0,760.612191369864,17.9,26.000000000010232,-924.4821913698795,-3.0918919678820966,-1330.7882870548212,-4.4507656871133054,29900.21
EUR,2026,3,EUR-2026-03,EuH6,2026-01-20,2026-03-19,58,42,LONG_QUARTERLY_SHORT_PERP,0.13524,0.0683191726190479,1.9795321696020376,2078.0,3638.0,-5719.999999999999,2004.79,0.0,-0.0,747.505250000001,17.9,26.000000000010232,-868.6152500000103,-2.9050473224101445,-1268.3678750000206,-4.242003233422176,29900.21
EUR,2026,3,EUR-2026-03,EuH6,2026-01-21,2026-03-19,57,41,LONG_QUARTERLY_SHORT_PERP,0.1368,0.039787763625125566,3.438243005787141,853.0,5343.0,-6200.000000000003,1867.99,0.0,-0.0,734.398308630138,17.9,26.000000000010232,232.69169136984908,0.7782276156918265,-160.5074629452296,-0.5368104871010257,29900.21
EUR,2026,3,EUR-2026-03,EuH6,2026-01-22,2026-03-19,56,40,LONG_QUARTERLY_SHORT_PERP,0.13608,0.06427978418150712,2.116995284485559,1806.0,6320.0,-8129.999999999995,1731.91,0.0,-0.0,721.2913672602749,17.9,26.000000000010232,-843.2813672602805,-2.820319212675364,-1229.9270508904278,-4.113439507249039,29900.21
EUR,2026,3,EUR-2026-03,EuH6,2026-01-23,2026-03-19,55,39,LONG_QUARTERLY_SHORT_PERP,0.13319,0.06615601092026725,2.0132713285951245,1828.0,6028.0,-7859.999999999999,1598.72,0.0,-0.0,708.184425890412,17.9,26.000000000010232,-985.3644258904212,-3.295510051235163,-1365.456638835637,-4.56671253758966,29900.21
EUR,2026,3,EUR-2026-03,EuH6,2026-01-26,2026-03-19,52,38,LONG_QUARTERLY_SHORT_PERP,0.13359,0.09199377899423246,1.4521634121408948,2783.0,3843.0,-6629.999999999995,1465.13,0.0,-0.0,668.8636017808228,17.9,26.000000000010232,-2034.6336017808285,-6.804746862248889,-2395.0654026712496,-8.010195923945851,29900.21
EUR,2026,3,EUR-2026-03,EuH6,2026-01-27,2026-03-19,51,37,LONG_QUARTERLY_SHORT_PERP,0.12769,0.06472045028137757,1.9729467184615843,1695.0,4291.0,-5989.9999999999945,1337.44,0.0,-0.0,655.7566604109599,17.9,26.000000000010232,-1061.2166604109646,-3.549194672582449,-1415.0949906164542,-4.732725926060233,29900.21
EUR,2026,3,EUR-2026-03,EuH6,2026-01-28,2026-03-19,50,36,LONG_QUARTERLY_SHORT_PERP,0.1364,0.06232082552891964,2.188674473458384,1557.0,4059.0,-5620.000000000005,1201.04,0.0,-0.0,642.6497190410968,17.9,26.000000000010232,-1046.5097190411116,-3.5000079231587726,-1393.8345785616698,-4.661621368417379,29900.21
EUR,2026,3,EUR-2026-03,EuH6,2026-01-29,2026-03-19,49,35,LONG_QUARTERLY_SHORT_PERP,0.13695,0.02318407936203554,5.907070876588645,138.0,5798.0,-5939.999999999998,1064.0900000000001,0.0,-0.0,629.5427776712337,17.9,26.000000000010232,248.64722232875806,0.831590220699982,-92.12416650686853,-0.30810541633944555,29900.21
EUR,2026,3,EUR-2026-03,EuH6,2026-01-30,2026-03-19,48,34,LONG_QUARTERLY_SHORT_PERP,0.13647,0.06756870106768768,2.01972211754211,1637.0,4809.0,-6450.000000000003,927.6200000000001,0.0,-0.0,616.4358363013707,17.9,26.000000000010232,-1373.7158363013837,-4.594335077584351,-1707.9337544520786,-5.712112906404599,29900.21
EUR,2026,3,EUR-2026-03,EuH6,2026-02-02,2026-03-19,45,33,LONG_QUARTERLY_SHORT_PERP,0.13571,0.0348186367330846,3.89762531601499,528.0,5138.0,-5670.000000000002,791.9100000000001,0.0,-0.0,577.1150121917815,17.9,26.000000000010232,-361.10501219179343,-1.2077005886975156,-675.662518287694,-2.2597249928602308,29900.21
EUR,2026,3,EUR-2026-03,EuH6,2026-02-03,2026-03-19,44,32,LONG_QUARTERLY_SHORT_PERP,0.13688,0.07812212721318527,1.7521284286905299,1892.0,4304.0,-6200.000000000003,655.0300000000001,0.0,-0.0,564.0080708219185,17.9,26.000000000010232,-1848.8780708219313,-6.183495269170121,-2156.8821062329002,-7.213601865113657,29900.21
EUR,2026,3,EUR-2026-03,EuH6,2026-02-04,2026-03-19,43,31,LONG_QUARTERLY_SHORT_PERP,0.13608,0.03496132675651825,3.892300797040805,489.0,5317.0,-5810.000000000002,518.95,0.0,-0.0,550.9011294520554,17.9,26.000000000010232,-568.8511294520674,-1.9024987766041355,-870.3016941781049,-2.9106875643284944,29900.21
EUR,2026,3,EUR-2026-03,EuH6,2026-02-05,2026-03-19,42,30,LONG_QUARTERLY_SHORT_PERP,0.13667,0.07198980626940675,1.8984632280928941,1578.0,5048.0,-6629.999999999995,382.28000000000003,0.0,-0.0,537.7941880821924,17.9,26.000000000010232,-1781.4141880821983,-5.957865139014737,-2076.311282123304,-6.944136118519917,29900.21
EUR,2026,3,EUR-2026-03,EuH6,2026-02-06,2026-03-19,41,29,LONG_QUARTERLY_SHORT_PERP,0.13544,0.06039956023145999,2.2424004327345104,1183.0,4683.0,-5870.000000000005,246.84000000000003,0.0,-0.0,524.6872467123293,17.9,26.000000000010232,-1508.7472467123441,-5.0459419740274205,-1797.0908700685186,-6.010295145313424,29900.21
EUR,2026,3,EUR-2026-03,EuH6,2026-02-09,2026-03-19,38,28,LONG_QUARTERLY_SHORT_PERP,0.01769,0.05504522937866966,0.32137208255244326,1012.0,3894.0,-4909.999999999996,229.15000000000003,0.0,-0.0,485.36642260274016,17.9,26.000000000010232,-1316.1164226027468,-4.401696250971972,-1584.7996339041265,-5.30029599760044,29900.21
EUR,2026,3,EUR-2026-03,EuH6,2026-02-10,2026-03-19,37,27,LONG_QUARTERLY_SHORT_PERP,0.13802,0.04952442523084768,2.786907659334739,821.0,4155.0,-4980.000000000004,91.13000000000002,0.0,-0.0,472.2594812328772,17.9,26.000000000010232,-1250.0294812328912,-4.1806712435561195,-1512.1592218493395,-5.057353181965409,29900.21
EUR,2026,3,EUR-2026-03,EuH6,2026-02-11,2026-03-19,36,26,SHORT_QUARTERLY_LONG_PERP,-0.13791,0.033386636148577856,4.130694670354637,365.0,-4801.0,4439.999999999998,-229.04000000000002,0.0,0.0,459.1525398630141,17.9,26.000000000010232,-1093.0925398630263,-3.6558022163156254,-1348.668809794543,-4.510566346505737,29900.21
EUR,2026,3,EUR-2026-03,EuH6,2026-02-12,2026-03-19,35,25,LONG_QUARTERLY_SHORT_PERP,0.09655,0.04391782393972645,2.1984240415123213,608.0,4598.0,-5210.000000000008,132.49000000000004,0.0,-0.0,446.04559849315103,17.9,26.000000000010232,-969.4555984931694,-3.242303644332831,-1218.4783977397549,-4.075149966303765,29900.21
EUR,2026,3,EUR-2026-03,EuH6,2026-02-16,2026-03-19,31,23,SHORT_QUARTERLY_LONG_PERP,-0.01722,0.00584860143537866,2.9442936384474474,-303.0,-5573.0,5879.999999999995,-149.71000000000004,0.0,0.0,393.61783301369894,17.9,26.000000000010232,-280.22783301371373,-0.937210250408655,-503.0367495205729,-1.6823853395028763,29900.21
EUR,2026,3,EUR-2026-03,EuH6,2026-02-17,2026-03-19,30,22,SHORT_QUARTERLY_LONG_PERP,-0.00093,0.059719112889166114,0.015572903799257794,889.0,-6935.0,6049.999999999997,-150.64000000000001,0.0,0.0,380.9204835616441,17.9,26.000000000010232,-1460.4604835616572,-4.884448917120172,-1676.920725342489,-5.608391129502064,29900.21
EUR,2026,3,EUR-2026-03,EuH6,2026-02-18,2026-03-19,29,21,SHORT_QUARTERLY_LONG_PERP,-0.01996,-0.00942270789954288,99.0,-610.0,-6036.0,6650.0000000000055,-170.60000000000002,0.0,0.0,368.2231341095893,17.9,26.000000000010232,31.276865890405908,0.10460416796539526,-178.83470116439847,-0.5981051677041682,29900.21
EUR,2026,3,EUR-2026-03,EuH6,2026-02-19,2026-03-19,28,20,LONG_QUARTERLY_SHORT_PERP,0.13541,0.0014212892328772351,95.27265588713296,-371.0,7117.0,-6750.0,35.190000000000026,0.0,-0.0,355.5257846575345,17.9,26.000000000010232,2.7642153424553513,0.009244802436020855,-200.9986769863216,-0.6722316565212139,29900.21
EUR,2026,3,EUR-2026-03,EuH6,2026-02-24,2026-03-19,23,17,SHORT_QUARTERLY_LONG_PERP,-0.13542,0.07511406102336887,1.802858188666823,941.0,-7277.0,6340.000000000004,-170.61000000000004,0.0,0.0,292.03903739726036,17.9,26.000000000010232,-1443.5490373972673,-4.827889293744985,-1615.5685560959073,-5.403201369140575,29900.21
EUR,2026,3,EUR-2026-03,EuH6,2026-02-25,2026-03-19,22,16,SHORT_QUARTERLY_LONG_PERP,-0.00631,-0.06135989450342401,99.0,-1305.0,-5291.0,6600.000000000008,-176.92000000000004,0.0,0.0,279.34168794520554,17.9,26.000000000010232,808.8383120547924,2.705125857158837,643.1674680821797,2.151046658475575,29900.21
EUR,2026,3,EUR-2026-03,EuH6,2026-03-02,2026-03-19,17,13,SHORT_QUARTERLY_LONG_PERP,-0.06792,0.016058072360380135,4.229648395879576,-51.0,-6135.0,6189.999999999998,-244.84000000000003,0.0,0.0,215.8549406849315,17.9,26.000000000010232,-449.5949406849436,-1.5036514482170649,-583.5224110274195,-1.9515662633386839,29900.21
EUR,2026,3,EUR-2026-03,EuH6,2026-03-05,2026-03-19,14,10,LONG_QUARTERLY_SHORT_PERP,0.13613,0.13786628923287775,0.987405991395439,1157.0,4969.0,-6129.999999999995,108.71000000000004,0.0,-0.0,177.76289232876712,17.9,26.000000000010232,-1273.9528923287728,-4.260682089954462,-1388.8343384931666,-4.644898274939094,29900.21
EUR,2026,3,EUR-2026-03,EuH6,2026-03-06,2026-03-19,13,9,LONG_QUARTERLY_SHORT_PERP,0.01104,-0.0525593841248086,99.0,-682.0,5758.0,-5079.999999999998,97.67000000000004,0.0,-0.0,165.06554287671233,17.9,26.000000000010232,566.7044571232793,1.8953193209120582,458.1716856849131,1.5323360126397543,29900.21
EUR,2026,3,EUR-2026-03,EuH6,2026-03-09,2026-03-19,10,8,SHORT_QUARTERLY_LONG_PERP,-0.13776,0.2131091868150698,0.6464291946247455,1534.0,-6610.0,5079.999999999998,-235.43000000000004,0.0,0.0,126.97349452054794,17.9,26.000000000010232,-1936.3034945205602,-6.475885936990276,-2025.7902417808443,-6.775170615125595,29900.21
EUR,2026,3,EUR-2026-03,EuH6,2026-03-12,2026-03-19,7,5,LONG_QUARTERLY_SHORT_PERP,0.05993,0.14215628923287874,0.4215782525233434,578.0,4948.0,-5530.000000000001,175.50000000000003,0.0,-0.0,88.88144616438356,17.9,26.000000000010232,-539.2814461643947,-1.8036042093496825,-609.7221692465968,-2.0391902573480145,29900.21
EUR,2026,3,EUR-2026-03,EuH6,2026-03-13,2026-03-19,6,4,LONG_QUARTERLY_SHORT_PERP,0.03878,0.014771024178084749,2.6254103664346125,-61.0,4997.0,-4939.999999999998,136.72000000000003,0.0,-0.0,76.18409671232877,17.9,26.000000000010232,73.63590328766284,0.24627219436807582,9.543854931488234,0.031919023082072784,29900.21
EUR,2026,6,EUR-2026-06,EuM6,2026-03-20,2026-06-18,90,64,SHORT_QUARTERLY_LONG_PERP,-0.14538,0.034730127720462446,4.185990940492407,1093.0,11166.0,-12260.000000000005,-2681.22,0.0,0.0,1085.8281741095866,17.9,26.000000000010232,-4904.9481741096015,-16.40439372870492,-5473.862261164408,-18.30710306437449,29900.21
EUR,2026,6,EUR-2026-06,EuM6,2026-03-23,2026-06-18,87,63,LONG_QUARTERLY_SHORT_PERP,0.14594,0.03194660517068941,4.5682475249012695,921.0,-10620.0,9700.000000000004,2535.2799999999997,0.0,-0.0,1047.7361257534224,17.9,26.000000000010232,523.6438742465708,1.751305005036991,-26.224188630152547,-0.08770570049559032,29900.21
EUR,2026,6,EUR-2026-06,EuM6,2026-03-26,2026-06-18,84,60,SHORT_QUARTERLY_LONG_PERP,-0.09562,0.056196214219178225,1.701538107657215,2317.0,7652.0,-9969.999999999998,-2630.9,0.0,0.0,1010.8728531506829,17.9,26.000000000010232,-6003.672853150691,-20.079032398604195,-6535.109279726044,-21.856399268520338,29900.21
EUR,2026,6,EUR-2026-06,EuM6,2026-03-31,2026-06-18,79,57,LONG_QUARTERLY_SHORT_PERP,0.1085,0.027847966061043172,3.8961552797847543,594.0,-8833.0,8239.999999999995,2522.4,0.0,-0.0,949.4340654794504,17.9,26.000000000010232,936.065934520534,3.130633311674179,435.3489017807966,1.4560061677854323,29900.21
EUR,2026,6,EUR-2026-06,EuM6,2026-04-02,2026-06-18,77,55,SHORT_QUARTERLY_LONG_PERP,-0.05563,0.01666833728019941,3.3374654631019367,-52.0,7751.0,-7700.000000000003,-2578.0299999999997,0.0,0.0,924.8585504109574,17.9,26.000000000010232,-3495.78855041097,-11.691518388703525,-3984.2178256164607,-13.32504964218131,29900.21
EUR,2026,6,EUR-2026-06,EuM6,2026-04-06,2026-06-18,73,53,LONG_QUARTERLY_SHORT_PERP,0.13203,0.026256745665546824,5.028422093193564,472.0,-6441.0,5969.999999999999,2446.0,0.0,-0.0,875.7075202739713,17.9,26.000000000010232,1055.3924797260174,3.5297159442225237,591.5387195890199,1.9783764715666543,29900.21
EUR,2026,6,EUR-2026-06,EuM6,2026-04-07,2026-06-18,72,52,LONG_QUARTERLY_SHORT_PERP,0.01657,0.02285230312961029,0.7250910293820603,281.0,-6280.0,6000.0,2429.43,0.0,-0.0,863.4197627397248,17.9,26.000000000010232,1242.1102372602647,4.154185663780504,784.4003558903904,2.623394136330114,29900.21
EUR,2026,6,EUR-2026-06,EuM6,2026-04-09,2026-06-18,70,50,LONG_QUARTERLY_SHORT_PERP,0.13734,0.02529488495342484,5.429556222646691,382.0,-6231.0,5849.9999999999945,2292.0899999999997,0.0,-0.0,838.8442476712318,17.9,26.000000000010232,1028.3457523287523,3.439259297271666,582.9236284931245,1.9495636602322342,29900.21
EUR,2026,6,EUR-2026-06,EuM6,2026-04-10,2026-06-18,69,49,LONG_QUARTERLY_SHORT_PERP,0.13632,0.03035625490075501,4.49067253011535,617.0,-5596.0,4980.000000000004,2155.77,0.0,-0.0,826.5564901369853,17.9,26.000000000010232,669.3135098630081,2.2384910001067153,230.03526479450363,0.7693433082727634,29900.21
EUR,2026,6,EUR-2026-06,EuM6,2026-04-15,2026-06-18,64,46,LONG_QUARTERLY_SHORT_PERP,0.04852,0.04358734135795137,1.1131672290250572,1196.0,-4895.0,3700.0000000000027,2107.25,0.0,-0.0,765.1177024657527,17.9,26.000000000010232,103.23229753423979,0.34525609530581824,-305.32655369864835,-1.0211518705007367,29900.21
EUR,2026,6,EUR-2026-06,EuM6,2026-04-16,2026-06-18,63,45,LONG_QUARTERLY_SHORT_PERP,0.1331,0.03390510988736704,3.9256619560343244,729.0,-5108.0,4379.999999999995,1974.1499999999999,0.0,-0.0,752.8299449315062,17.9,26.000000000010232,449.42005506847886,1.5030665505977345,47.00508260271394,0.1572065299966587,29900.21
EUR,2026,6,EUR-2026-06,EuM6,2026-04-17,2026-06-18,62,44,LONG_QUARTERLY_SHORT_PERP,0.13412,0.02603277698630159,5.151966694547176,361.0,-4960.0,4599.9999999999945,1840.03,0.0,-0.0,740.5421873972597,17.9,26.000000000010232,695.5878126027246,2.3263643051427554,299.3167189040829,1.0010522297471587,29900.21
EUR,2026,6,EUR-2026-06,EuM6,2026-04-20,2026-06-18,59,43,LONG_QUARTERLY_SHORT_PERP,0.13445,0.036897184064989076,3.6439095125304326,839.0,-4188.0,3349.9999999999945,1705.58,0.0,-0.0,703.6789147945201,17.9,26.000000000010232,120.00108520546414,0.40133860332574295,-257.8383721918077,-0.8623296364534152,29900.21
EUR,2026,6,EUR-2026-06,EuM6,2026-04-21,2026-06-18,58,42,LONG_QUARTERLY_SHORT_PERP,0.03238,0.0248640751728639,1.3022804900195448,309.0,-3048.0,2739.999999999995,1673.1999999999998,0.0,-0.0,691.3911572602735,17.9,26.000000000010232,629.9088427397111,2.106703741343994,258.2132641095624,0.863583446770315,29900.21
EUR,2026,6,EUR-2026-06,EuM6,2026-04-22,2026-06-18,57,41,LONG_QUARTERLY_SHORT_PERP,0.13166,0.023365936578683834,5.63469816656569,235.0,-3174.0,2939.9999999999977,1541.54,0.0,-0.0,679.103399726027,17.9,26.000000000010232,584.5366002739605,1.954958176795282,218.9849004109352,0.7323858274270822,29900.21
EUR,2026,6,EUR-2026-06,EuM6,2026-04-27,2026-06-18,52,38,LONG_QUARTERLY_SHORT_PERP,0.03055,0.021251700317231698,1.4375320348004759,146.0,-2995.0,2849.9999999999945,1510.99,0.0,-0.0,617.6646120547944,17.9,26.000000000010232,704.42538794519,2.355921205721264,369.59308191778155,1.2360885823804635,29900.21
EUR,2026,6,EUR-2026-06,EuM6,2026-04-28,2026-06-18,51,37,LONG_QUARTERLY_SHORT_PERP,0.13182,0.04374828233617206,3.0131468702488524,969.0,-3528.0,2560.0000000000023,1379.1699999999998,0.0,-0.0,605.786446438356,17.9,26.000000000010232,-238.51644643836417,-0.797708265053537,-567.4096696575533,-1.8976778746957073,29900.21
EUR,2026,6,EUR-2026-06,EuM6,2026-04-30,2026-06-18,49,35,SHORT_QUARTERLY_LONG_PERP,-0.13167,0.024855146148728274,5.297494499212067,244.0,3365.0,-3609.9999999999995,-1510.84,0.0,0.0,582.0301152054794,17.9,26.000000000010232,-2381.7701152054897,-7.965730391878484,-2698.7851728082396,-9.025973974123392,29900.21
EUR,2026,6,EUR-2026-06,EuM6,2026-05-04,2026-06-18,45,33,LONG_QUARTERLY_SHORT_PERP,0.13296,0.03313386220423444,4.012813211464613,515.0,-3754.0,3239.999999999995,1377.8799999999999,0.0,-0.0,534.5174527397262,17.9,26.000000000010232,285.4625472602585,0.9547175329546465,-7.796179109615103,-0.026073994495741343,29900.21
EUR,2026,6,EUR-2026-06,EuM6,2026-05-05,2026-06-18,44,32,LONG_QUARTERLY_SHORT_PERP,0.13241,0.04457935272260307,2.9702091195430067,860.0,-4179.0,3319.999999999993,1245.47,0.0,-0.0,522.6392871232879,17.9,26.000000000010232,-180.06928712330492,-0.6022341887341424,-467.3889306849592,-1.5631627024858996,29900.21
EUR,2026,6,EUR-2026-06,EuM6,2026-05-06,2026-06-18,43,31,LONG_QUARTERLY_SHORT_PERP,0.09707,0.018505197467963218,5.245553319171582,19.0,-3048.0,3030.000000000001,1148.3999999999999,0.0,-0.0,510.7611215068496,17.9,26.000000000010232,575.738878493141,1.9255345647844646,294.35831773970597,0.984469064731338,29900.21
EUR,2026,6,EUR-2026-06,EuM6,2026-05-08,2026-06-18,41,29,SHORT_QUARTERLY_LONG_PERP,-0.13184,0.04058292380255115,3.2486570125268353,646.0,2873.0,-3519.999999999996,-1280.24,0.0,0.0,487.00479027397284,17.9,26.000000000010232,-2458.144790273979,-8.221162293756395,-2727.647185410976,-9.122501766412263,29900.21
EUR,2026,6,EUR-2026-06,EuM6,2026-05-11,2026-06-18,38,28,SHORT_QUARTERLY_LONG_PERP,-0.13283,0.07515251047945243,1.7674725588351075,1609.0,1910.0,-3519.999999999996,-1413.07,0.0,0.0,451.37029342465775,17.9,26.000000000010232,-3518.340293424664,-11.766941748652147,-3770.025440137003,-12.608692180212122,29900.21
EUR,2026,6,EUR-2026-06,EuM6,2026-05-12,2026-06-18,37,27,SHORT_QUARTERLY_LONG_PERP,-0.13283,0.03094044917808258,4.293085702650154,352.0,1997.0,-2349.9999999999945,-1545.8999999999999,0.0,0.0,439.4921278082194,17.9,26.000000000010232,-2382.292127808224,-7.967476241164273,-2628.038191712344,-8.78936365902562,29900.21
EUR,2026,6,EUR-2026-06,EuM6,2026-05-13,2026-06-18,36,26,LONG_QUARTERLY_SHORT_PERP,0.13107,0.05021207546891505,2.6103282681701123,834.0,-1703.0,870.0000000000045,1414.83,0.0,-0.0,427.613962191781,17.9,26.000000000010232,110.31603780821322,0.3689473679556539,-129.49094328768732,-0.4330770362070612,29900.21
EUR,2026,6,EUR-2026-06,EuM6,2026-05-14,2026-06-18,35,25,SHORT_QUARTERLY_LONG_PERP,-0.12885,0.023545431863014114,5.472399094212475,129.0,1130.0,-1260.000000000005,-1543.68,0.0,0.0,415.73579657534265,17.9,26.000000000010232,-2133.315796575358,-7.13478532951895,-2367.1836948630394,-7.916946719983035,29900.21
EUR,2026,6,EUR-2026-06,EuM6,2026-05-15,2026-06-18,34,24,LONG_QUARTERLY_SHORT_PERP,0.12944,0.03486490128995477,3.712616276280526,389.0,-538.0,150.00000000000568,1414.24,0.0,-0.0,403.8576309589043,17.9,26.000000000010232,578.4823690410911,1.9347100540133035,350.5535535616291,1.172411677247849,29900.21
EUR,2026,6,EUR-2026-06,EuM6,2026-05-18,2026-06-18,31,23,LONG_QUARTERLY_SHORT_PERP,0.12777,0.05030970148302607,2.539669213563276,745.0,216.0,-960.000000000008,1286.47,0.0,-0.0,368.2231341095892,17.9,26.000000000010232,130.34686589039265,0.43593963350221504,-79.76470116441183,-0.2667697021673488,29900.21
EUR,2026,6,EUR-2026-06,EuM6,2026-05-19,2026-06-18,30,22,LONG_QUARTERLY_SHORT_PERP,0.12611,0.008965680386052775,14.065859429495134,-203.0,2444.0,-2239.999999999995,1160.36,0.0,-0.0,356.3449684931508,17.9,26.000000000010232,964.1150315068438,3.224442341732195,759.9425472602586,2.5415960197612613,29900.21
EUR,2026,6,EUR-2026-06,EuM6,2026-05-20,2026-06-18,29,21,LONG_QUARTERLY_SHORT_PERP,0.12419,0.09073175251793918,1.3687600707971068,1517.0,1534.0,-3049.9999999999973,1036.17,0.0,-0.0,344.46680287671245,17.9,26.000000000010232,-868.1968028767199,-2.9036478435326036,-1066.430204315086,-3.5666311518049074,29900.21
EUR,2026,6,EUR-2026-06,EuM6,2026-05-21,2026-06-18,28,20,SHORT_QUARTERLY_LONG_PERP,-0.12297,0.030724431863014212,4.002352282648069,238.0,-1999.0,1760.000000000005,-1159.1399999999999,0.0,0.0,332.5886372602741,17.9,26.000000000010232,-1774.6286372602792,-5.935171148497885,-1966.9229558904262,-6.578291443071558,29900.21
EUR,2026,6,EUR-2026-06,EuM6,2026-05-22,2026-06-18,27,19,LONG_QUARTERLY_SHORT_PERP,0.12491,0.08571634061283401,1.4572483975278065,1264.0,1227.0,-2489.999999999995,1034.23,0.0,-0.0,320.7104716438357,17.9,26.000000000010232,-593.3804716438409,-1.9845361341737766,-779.7357074657685,-2.6077934150488193,29900.21
EUR,2026,6,EUR-2026-06,EuM6,2026-05-25,2026-06-18,24,18,SHORT_QUARTERLY_LONG_PERP,-0.12381,0.06244310971080727,1.9827648010068872,795.0,-376.0,-420.0000000000017,-1158.04,0.0,0.0,285.0759747945206,17.9,26.000000000010232,-2283.0159747945327,-7.6354513055076625,-2451.553962191803,-8.199119545286814,29900.21
EUR,2026,6,EUR-2026-06,EuM6,2026-05-26,2026-06-18,23,17,LONG_QUARTERLY_SHORT_PERP,0.12818,0.01924104759871132,6.661799433861642,10.0,1721.0,-1730.000000000004,1029.86,0.0,-0.0,273.19780917808225,17.9,26.000000000010232,703.7621908219033,2.3537031707198826,541.1632862328523,1.80989794463936,29900.21
EUR,2026,6,EUR-2026-06,EuM6,2026-05-27,2026-06-18,22,16,LONG_QUARTERLY_SHORT_PERP,0.12495,0.0647012277226034,1.9311843746722086,730.0,1581.0,-2310.0000000000023,904.91,0.0,-0.0,261.3196435616439,17.9,26.000000000010232,-129.30964356165643,-0.4324706868669365,-285.9694653424883,-0.9564128992488291,29900.21
EUR,2026,6,EUR-2026-06,EuM6,2026-05-28,2026-06-18,21,15,SHORT_QUARTERLY_LONG_PERP,-0.12408,0.035822765196347715,3.4637192109516572,244.0,-1585.0,1340.0000000000034,-1028.99,0.0,0.0,249.44147794520555,17.9,26.000000000010232,-1567.3314779452126,-5.241874481634786,-1718.0522169178253,-5.745953680318049,29900.21
EUR,2026,6,EUR-2026-06,EuM6,2026-05-29,2026-06-18,20,14,LONG_QUARTERLY_SHORT_PERP,0.12554,0.07931880802348411,1.5827267596208845,829.0,1562.0,-2390.0000000000005,903.4499999999999,0.0,-0.0,237.56331232876718,17.9,26.000000000010232,-206.01331232877794,-0.6890028943903002,-350.7949684931715,-1.1732190793749324,29900.21
EUR,2026,6,EUR-2026-06,EuM6,2026-06-01,2026-06-18,17,13,SHORT_QUARTERLY_LONG_PERP,-0.12396,0.17752529349842022,0.698266695168726,2062.0,-843.0,-1219.9999999999989,-1027.41,0.0,0.0,201.92881547945208,17.9,26.000000000010232,-3336.2388154794617,-11.157910982830762,-3463.2032232191973,-11.582538126719502,29900.21
EUR,2026,6,EUR-2026-06,EuM6,2026-06-02,2026-06-18,16,12,LONG_QUARTERLY_SHORT_PERP,0.12938,0.11324588748858533,1.142469743221721,1125.0,-704.0,-420.0000000000017,898.03,0.0,-0.0,190.05064986301372,17.9,26.000000000010232,-459.9206498630258,-1.5381853500795672,-580.9459747945427,-1.9429494802696796,29900.21
EUR,2026,6,EUR-2026-06,EuM6,2026-06-03,2026-06-18,15,11,LONG_QUARTERLY_SHORT_PERP,0.12692,0.09700658947696233,1.3083647274306214,845.0,-934.0,90.00000000000341,771.11,0.0,-0.0,178.17248424657535,17.9,26.000000000010232,-294.96248424658216,-0.9864896743085824,-410.04872636987994,-1.3713907908000644,29900.21
EUR,2026,6,EUR-2026-06,EuM6,2026-06-04,2026-06-18,14,10,LONG_QUARTERLY_SHORT_PERP,0.12768,-0.008380568136985277,99.0,-294.0,-945.0,1239.999999999995,643.43,0.0,-0.0,166.29431863013698,17.9,26.000000000010232,728.2356813698477,2.4355537348060357,619.0885220547691,2.0705156320131834,29900.21
EUR,2026,6,EUR-2026-06,EuM6,2026-06-05,2026-06-18,13,9,LONG_QUARTERLY_SHORT_PERP,0.12941,0.05214623922374542,2.481674650490837,271.0,-800.0,530.0000000000011,514.02,0.0,-0.0,154.41615301369862,17.9,26.000000000010232,45.70384698629226,0.15285460197868933,-57.5042295205672,-0.19232048711553265,29900.21
EUR,2026,6,EUR-2026-06,EuM6,2026-06-08,2026-06-18,10,8,SHORT_QUARTERLY_LONG_PERP,-0.12834,0.09583520702054922,1.3391738171179723,604.0,-355.0,-250.0,-642.36,0.0,0.0,118.78165616438353,17.9,26.000000000010232,-1410.041656164394,-4.7158252606399556,-1495.432484246596,-5.001411308638287,29900.21
EUR,2026,6,EUR-2026-06,EuM6,2026-06-09,2026-06-18,9,7,LONG_QUARTERLY_SHORT_PERP,0.12792,0.13211478436399363,0.968248940614879,774.0,1477.0,-2250.0,514.4399999999999,0.0,-0.0,106.90349054794518,17.9,26.000000000010232,-409.36349054795545,-1.3690990482941607,-488.81523582193824,-1.6348220825938624,29900.21
EUR,2026,6,EUR-2026-06,EuM6,2026-06-10,2026-06-18,8,6,LONG_QUARTERLY_SHORT_PERP,0.12417,0.11498755415525284,1.0798559975660433,551.0,1400.0,-1950.0000000000027,390.27,0.0,-0.0,95.02532493150683,17.9,26.000000000010232,-298.6553249315198,-0.9988402253078482,-372.16798739728347,-1.24470024590892,29900.21
EUR,2026,6,EUR-2026-06,EuM6,2026-06-11,2026-06-18,7,5,LONG_QUARTERLY_SHORT_PERP,0.12462,0.10600943186301574,1.1755557765938471,403.0,1658.0,-2060.0000000000023,265.65,0.0,-0.0,83.14715931506848,17.9,26.000000000010232,-263.397159315081,-0.8809207671621069,-330.97073897262544,-1.1069177740645482,29900.21
EUR,2026,9,EUR-2026-09,EuU6,2026-06-19,2026-09-17,90,64,LONG_QUARTERLY_SHORT_PERP,0.12755,0.05055419167487176,2.5230350990539017,2151.0,11177.0,-13329.999999999998,606.0699999999999,0.0,-0.0,1040.5682671917818,17.9,26.000000000010232,-2631.39826719179,-8.800601290732708,-3177.6824007876894,-10.62762569489542,29900.21
EUR,2026,9,EUR-2026-09,EuU6,2026-06-22,2026-09-17,87,63,LONG_QUARTERLY_SHORT_PERP,0.12626,0.05807672651337266,2.174020603088357,2610.0,10298.0,-12909.999999999996,479.81,0.0,-0.0,1004.933770342467,17.9,26.000000000010232,-3181.0237703424737,-10.638800765420958,-3709.490655513715,-12.406236128487777,29900.21
EUR,2026,9,EUR-2026-09,EuU6,2026-06-23,2026-09-17,86,62,LONG_QUARTERLY_SHORT_PERP,0.02147,0.03355097420459585,0.6399218058192484,1043.0,10975.0,-12019.999999999996,458.34,0.0,-0.0,993.2604006849328,17.9,26.000000000010232,-1623.8204006849396,-5.430799317747065,-2146.4506010274135,-7.178714132868677,29900.21
EUR,2026,9,EUR-2026-09,EuU6,2026-06-24,2026-09-17,85,61,LONG_QUARTERLY_SHORT_PERP,0.03875,0.04228667263979359,0.9163643668557306,1554.0,10764.0,-12319.999999999993,419.59,0.0,-0.0,981.5870310273986,17.9,26.000000000010232,-2161.8970310274017,-7.230374071042984,-2678.690546541109,-8.958768338219395,29900.21
EUR,2026,9,EUR-2026-09,EuU6,2026-06-26,2026-09-17,83,59,LONG_QUARTERLY_SHORT_PERP,0.12866,0.08005322528325999,1.60718071688867,3721.0,6377.0,-10099.999999999995,290.93,0.0,-0.0,958.2402917123301,17.9,26.000000000010232,-4434.210291712335,-14.83003059748522,-4939.3304375685075,-16.519383768771213,29900.21
EUR,2026,9,EUR-2026-09,EuU6,2026-06-29,2026-09-17,80,58,LONG_QUARTERLY_SHORT_PERP,0.1311,0.040312416943788586,3.2520997235865345,1371.0,7477.0,-8849.999999999995,159.82999999999998,0.0,-0.0,923.2201827397274,17.9,26.000000000010232,-2180.2901827397327,-7.291889196563278,-2667.9002741096037,-8.922680724013658,29900.21
EUR,2026,9,EUR-2026-09,EuU6,2026-07-01,2026-09-17,78,56,LONG_QUARTERLY_SHORT_PERP,0.12238,0.03488881148972624,3.5077147880499577,1010.0,7308.0,-8319.999999999993,37.44999999999998,0.0,-0.0,899.873443424659,17.9,26.000000000010232,-1918.3234434246622,-6.415752409179275,-2394.260165136999,-8.007502840739242,29900.21
EUR,2026,9,EUR-2026-09,EuU6,2026-07-02,2026-09-17,77,55,LONG_QUARTERLY_SHORT_PERP,0.13377,0.0454927286139479,2.9404699185044403,1570.0,7218.0,-8790.000000000005,-96.32000000000002,0.0,-0.0,888.2000737671246,17.9,26.000000000010232,-2600.420073767141,-8.696996020319393,-3070.5201106507106,-10.269225903934155,29900.21
EUR,2026,9,EUR-2026-09,EuU6,2026-07-03,2026-09-17,76,54,LONG_QUARTERLY_SHORT_PERP,0.13307,0.062193087113140755,2.13962686492666,2438.0,7030.0,-9469.999999999998,-229.39000000000001,0.0,-0.0,876.5267041095905,17.9,26.000000000010232,-3589.8167041095985,-12.005991610458919,-4054.080056164402,-13.55870094612848,29900.21
EUR,2026,9,EUR-2026-09,EuU6,2026-07-07,2026-09-17,72,52,LONG_QUARTERLY_SHORT_PERP,0.13389,0.05520640818229738,2.4252619289753667,1997.0,8601.0,-10599.999999999995,-363.28000000000003,0.0,-0.0,829.8332254794534,17.9,26.000000000010232,-3236.013225479459,-10.822710694939799,-3676.929838219193,-12.297337838828533,29900.21
EUR,2026,9,EUR-2026-09,EuU6,2026-07-09,2026-09-17,70,50,LONG_QUARTERLY_SHORT_PERP,0.13103,0.0598877297232879,2.1879273200942158,2144.0,8764.0,-10909.999999999996,-494.31000000000006,0.0,-0.0,806.4864861643849,17.9,26.000000000010232,-3490.696486164392,-11.674488193107647,-3919.939729246592,-13.110074241105973,29900.21
EUR,2026,9,EUR-2026-09,EuU6,2026-07-10,2026-09-17,69,49,LONG_QUARTERLY_SHORT_PERP,0.03483,0.05209618605116043,0.668571015271552,1714.0,8114.0,-9829.999999999998,-529.14,0.0,-0.0,794.8131165068506,17.9,26.000000000010232,-3083.853116506859,-10.313817583578373,-3507.259674760292,-11.729883083631492,29900.21
EUR,2026,9,EUR-2026-09,EuU6,2026-07-13,2026-09-17,66,48,LONG_QUARTERLY_SHORT_PERP,0.03087,0.04709777099029704,0.6554450317056354,1457.0,8461.0,-9920.000000000002,-560.01,0.0,-0.0,759.7930075342479,17.9,26.000000000010232,-2822.70300753426,-9.440411982170895,-3228.5995113013914,-10.797915838388397,29900.21
EUR,2026,9,EUR-2026-09,EuU6,2026-07-14,2026-09-17,65,47,SHORT_QUARTERLY_LONG_PERP,-0.13137,-0.02063788004517609,99.0,-1762.0,-7206.0,8969.999999999998,428.64000000000004,0.0,0.0,748.1196378767136,17.9,26.000000000010232,1400.6203621232742,4.6843161373223605,1000.5605431849094,3.346332829050062,29900.21
EUR,2026,9,EUR-2026-09,EuU6,2026-07-15,2026-09-17,64,46,LONG_QUARTERLY_SHORT_PERP,0.1328,0.042681440613460644,3.111422625180047,1183.0,7405.0,-8590.000000000004,-561.44,0.0,-0.0,736.4462682191793,17.9,26.000000000010232,-2526.7862682191935,-8.450730841753932,-2921.009402328791,-9.769193602081026,29900.21
EUR,2026,9,EUR-2026-09,EuU6,2026-07-16,2026-09-17,63,45,LONG_QUARTERLY_SHORT_PERP,0.13337,0.059992731079147904,2.2231026592879406,1931.0,6237.0,-8170.000000000002,-694.8100000000001,0.0,-0.0,724.772898561645,17.9,26.000000000010232,-3396.482898561657,-11.359394795426711,-3784.8693478424875,-12.658337007808598,29900.21
EUR,2026,9,EUR-2026-09,EuU6,2026-07-17,2026-09-17,62,44,SHORT_QUARTERLY_LONG_PERP,-0.01675,-0.0069772834339972495,99.0,-1064.0,-6534.0,7599.9999999999945,678.0600000000001,0.0,0.0,713.0995289041108,17.9,26.000000000010232,987.0604710958736,3.3011824033873793,604.5107066438103,2.0217607389506975,29900.21
EUR,2026,9,EUR-2026-09,EuU6,2026-07-20,2026-09-17,59,43,LONG_QUARTERLY_SHORT_PERP,0.13485,0.05653440511468647,2.3852731752716143,1709.0,6239.0,-7950.000000000003,-812.9100000000001,0.0,-0.0,678.0794199315079,17.9,26.000000000010232,-3245.889419931521,-10.85574121362867,-3610.929129897283,-12.076601234229736,29900.21
EUR,2026,9,EUR-2026-09,EuU6,2026-07-21,2026-09-17,58,42,LONG_QUARTERLY_SHORT_PERP,0.03583,0.040483477387475805,0.8850524290950502,990.0,6748.0,-7739.9999999999945,-848.74,0.0,-0.0,666.4060502739736,17.9,26.000000000010232,-2551.046050273979,-8.531866666735715,-2910.2490754109735,-9.733206139391575,29900.21
EUR,2026,9,EUR-2026-09,EuU6,2026-07-23,2026-09-17,56,40,LONG_QUARTERLY_SHORT_PERP,0.02131,0.04092398277397288,0.5207215562985937,950.0,7108.0,-8060.000000000002,-870.0500000000001,0.0,-0.0,643.059310958905,17.9,26.000000000010232,-2509.009310958917,-8.391276552769753,-2856.5389664383783,-9.553574929535205,29900.21
EUR,2026,9,EUR-2026-09,EuU6,2026-07-27,2026-09-17,52,38,LONG_QUARTERLY_SHORT_PERP,0.13334,0.048875416640231005,2.7281608867195484,1217.0,7521.0,-8739.999999999995,-1003.39,0.0,-0.0,596.365832328768,17.9,26.000000000010232,-2862.6558323287727,-9.574032531305877,-3186.838748493165,-10.658248716290505,29900.21
EUR,2026,9,EUR-2026-09,EuU6,2026-07-28,2026-09-17,51,37,SHORT_QUARTERLY_LONG_PERP,-0.13314,-0.022924398415401406,99.0,-1477.0,-6391.0,7870.000000000005,870.25,0.0,0.0,584.8972586301378,17.9,26.000000000010232,1720.4527413698563,5.753982133803931,1402.004112054779,4.688944031011083,29900.21
EUR,2026,9,EUR-2026-09,EuU6,2026-07-29,2026-09-17,50,36,LONG_QUARTERLY_SHORT_PERP,0.09939,0.06439801902587551,1.543370456163636,1701.0,5587.0,-7290.000000000006,-969.64,0.0,-0.0,573.4286849315076,17.9,26.000000000010232,-3289.968684931524,-11.003162469198458,-3602.6830273972864,-12.049022489799526,29900.21
EUR,2026,9,EUR-2026-09,EuU6,2026-07-30,2026-09-17,49,35,LONG_QUARTERLY_SHORT_PERP,0.13532,0.05976743174951108,2.2641093324393506,1486.0,5132.0,-6620.000000000005,-1104.96,0.0,-0.0,561.9601112328775,17.9,26.000000000010232,-3198.8201112328925,-10.698319882144283,-3505.80016684934,-11.725001820553569,29900.21
EUR,2026,9,EUR-2026-09,EuU6,2026-08-04,2026-09-17,44,32,SHORT_QUARTERLY_LONG_PERP,-0.13794,0.012672413835616776,10.885061187972667,-143.0,-3775.0,3920.000000000002,967.02,0.0,0.0,504.61724273972663,17.9,26.000000000010232,563.502757260265,1.884611369820697,285.1941358903928,0.9538198423703138,29900.21
EUR,2026,9,EUR-2026-09,EuU6,2026-08-06,2026-09-17,42,30,SHORT_QUARTERLY_LONG_PERP,-0.05557,-0.00911399682191745,99.0,-799.0,-2639.0,3439.9999999999977,911.45,0.0,0.0,481.6800953424663,17.9,26.000000000010232,1186.8699046575211,3.969436685085226,920.0298569862791,3.0770013220184045,29900.21
EUR,2026,9,EUR-2026-09,EuU6,2026-08-07,2026-09-17,41,29,SHORT_QUARTERLY_LONG_PERP,-0.13004,-0.022582361322625987,99.0,-1169.0,-1489.0,2659.9999999999964,781.41,0.0,0.0,470.21152164383614,17.9,26.000000000010232,1438.2984783561499,4.810329018947191,1177.1927175342225,3.9370717380721496,29900.21
EUR,2026,9,EUR-2026-09,EuU6,2026-08-10,2026-09-17,38,28,LONG_QUARTERLY_SHORT_PERP,0.00625,0.02706092144814128,0.2309603541024022,278.0,1930.0,-2209.9999999999936,-787.66,0.0,-0.0,435.80580054794564,17.9,26.000000000010232,-1547.3658005479494,-5.175100109825147,-1791.2687008219314,-5.990823144124845,29900.21
EUR,2026,9,EUR-2026-09,EuU6,2026-08-11,2026-09-17,37,27,SHORT_QUARTERLY_LONG_PERP,-0.14294,-0.012917139746321272,99.0,-817.0,-1501.0,2319.999999999993,644.72,0.0,0.0,424.33722684931547,17.9,26.000000000010232,995.4827731506674,3.3293504398486413,757.3141597260005,2.532805487740723,29900.21
EUR,2026,9,EUR-2026-09,EuU6,2026-08-12,2026-09-17,36,26,SHORT_QUARTERLY_LONG_PERP,-0.14277,-0.0043165902634347865,99.0,-569.0,-1149.0,1719.9999999999989,501.95,0.0,0.0,412.8686531506853,17.9,26.000000000010232,616.1813468493034,2.0607927063030775,383.7470202739514,1.28342583638694,29900.21
EUR,2026,9,EUR-2026-09,EuU6,2026-08-13,2026-09-17,35,25,SHORT_QUARTERLY_LONG_PERP,-0.08568,-0.009147996821917385,99.0,-674.0,-74.0,750.0,416.27,0.0,0.0,401.40007945205514,17.9,26.000000000010232,646.9699205479346,2.1637638014847878,420.2698808218977,1.4055750137604306,29900.21
EUR,2026,9,EUR-2026-09,EuU6,2026-08-14,2026-09-17,34,24,SHORT_QUARTERLY_LONG_PERP,-0.14513,-0.012882020593606868,99.0,-743.0,755.0,-10.000000000005116,271.14,0.0,0.0,389.931505753425,17.9,26.000000000010232,582.3084942465597,1.9475063695089758,361.34274136983777,1.2084956639763995,29900.21
EUR,2026,9,EUR-2026-09,EuU6,2026-08-17,2026-09-17,31,23,LONG_QUARTERLY_SHORT_PERP,0.10335,0.047235903680762824,2.187954330216192,687.0,-1529.0,840.0000000000034,-374.49,0.0,-0.0,355.5257846575345,17.9,26.000000000010232,-1462.9157846575415,-4.892660568797147,-1666.6786769863184,-5.574137027754382,29900.21
EUR,2026,9,EUR-2026-09,EuU6,2026-08-18,2026-09-17,30,22,SHORT_QUARTERLY_LONG_PERP,-0.0748,0.01604350958904157,4.662321519170078,-35.0,1267.0,-1230.000000000004,299.69,0.0,0.0,344.0572109589043,17.9,26.000000000010232,-51.26721095891863,-0.17146103976834487,-249.29581643838046,-0.8337594165337985,29900.21
EUR,2026,9,EUR-2026-09,EuU6,2026-08-19,2026-09-17,29,21,LONG_QUARTERLY_SHORT_PERP,0.02919,-0.015738636320938842,99.0,-707.0,-345.0,1049.9999999999973,-328.88,0.0,-0.0,332.58863726027414,17.9,26.000000000010232,-0.36863726028709465,-0.0012328918769704115,-192.6629558904339,-0.6443531864506433,29900.21
EUR,2026,9,EUR-2026-09,EuU6,2026-08-20,2026-09-17,28,20,LONG_QUARTERLY_SHORT_PERP,0.14783,0.035551003178082706,4.158251154249779,346.0,422.0,-769.999999999996,-476.71,0.0,-0.0,321.120063561644,17.9,26.000000000010232,-1189.7300635616502,-3.9790023667447496,-1376.290095342482,-4.602944579126642,29900.21
EUR,2026,9,EUR-2026-09,EuU6,2026-08-24,2026-09-17,24,18,SHORT_QUARTERLY_LONG_PERP,-0.0394,-0.04060301284627036,99.0,-1050.0,992.0,60.000000000002274,437.30999999999995,0.0,0.0,275.2457687671233,17.9,26.000000000010232,1170.1642312328686,3.9135652600194732,1006.541346849297,3.366335376404704,29900.21
EUR,2026,9,EUR-2026-09,EuU6,2026-08-27,2026-09-17,21,15,SHORT_QUARTERLY_LONG_PERP,-0.09035,-0.008283996821917125,99.0,-409.0,3211.0,-2799.9999999999973,346.96,0.0,0.0,240.8400476712329,17.9,26.000000000010232,473.21995232875963,1.5826643101461817,326.79992849313317,1.0929686731067545,29900.21
EUR,2026,9,EUR-2026-09,EuU6,2026-08-28,2026-09-17,20,14,SHORT_QUARTERLY_LONG_PERP,-0.00648,-0.07119489471624192,99.0,-1270.0,3452.0,-2180.000000000007,340.47999999999996,0.0,0.0,229.37147397260276,17.9,26.000000000010232,1339.20852602738,4.478926823682443,1198.5227890410688,4.008409268834797,29900.21
EUR,2026,9,EUR-2026-09,EuU6,2026-08-31,2026-09-17,17,13,SHORT_QUARTERLY_LONG_PERP,-0.14952,0.08445121175974789,1.7704896932132115,859.0,2213.0,-3069.999999999993,190.95999999999998,0.0,0.0,194.96575287671234,17.9,26.000000000010232,-904.9057528767157,-3.026419389284275,-1028.388629315082,-3.439402697556579,29900.21
EUR,2026,9,EUR-2026-09,EuU6,2026-09-01,2026-09-17,16,12,SHORT_QUARTERLY_LONG_PERP,-0.02735,-0.00613356840182563,99.0,-301.0,3403.0,-3099.9999999999945,163.60999999999999,0.0,0.0,183.4971791780822,17.9,26.000000000010232,239.21282082191306,0.8000372600122643,121.4642312328618,0.40623203393174095,29900.21
EUR,2026,9,EUR-2026-09,EuU6,2026-09-02,2026-09-17,15,11,SHORT_QUARTERLY_LONG_PERP,-0.08573,-0.012370126774594335,99.0,-352.0,3684.0,-3329.999999999998,77.87999999999998,0.0,0.0,172.02860547945207,17.9,26.000000000010232,215.95139452053954,0.7222403940324819,103.93709178080334,0.3476132501437393,29900.21
EUR,2026,9,EUR-2026-09,EuU6,2026-09-04,2026-09-17,13,9,SHORT_QUARTERLY_LONG_PERP,-0.01588,0.12666571756468914,0.12536936043400979,947.0,2125.0,-3069.999999999993,61.999999999999986,0.0,0.0,149.0914580821918,17.9,26.000000000010232,-1075.9914580821953,-3.5986083645639795,-1176.5371871233015,-3.9348793440691603,29900.21
EUR,2026,9,EUR-2026-09,EuU6,2026-09-07,2026-09-17,10,8,LONG_QUARTERLY_SHORT_PERP,0.03212,0.08407321712328895,0.3820479470043083,514.0,-3186.0,2670.000000000002,-94.11999999999999,0.0,-0.0,114.68573698630138,17.9,26.000000000010232,-768.7057369863097,-2.570904140761251,-852.0486054794707,-2.84964087369109,29900.21
EUR,2026,9,EUR-2026-09,EuU6,2026-09-09,2026-09-17,8,6,LONG_QUARTERLY_SHORT_PERP,0.15075,-0.06289190173515811,99.0,-513.0,-1239.0,1750.0,-244.87,0.0,-0.0,91.7485895890411,17.9,26.000000000010232,130.48141041094865,0.4363896120159312,58.60711561641787,0.19600904346965412,29900.21
IMOEX,2025,3,IMOEX-2025-03,MMH5,2025-01-03,2025-03-20,76,54,LONG_QUARTERLY_SHORT_PERP,3.12257,2.372491646879756,1.3161563726079832,1035.5,2641.2999999999965,-3945.0,2091.9779,13.22,-132.20000000000002,224.48548931506812,6.16,15.0,410.43241068492824,7.994538484019554,283.18966602739323,5.51606214420185,5133.91
IMOEX,2025,3,IMOEX-2025-03,MMH5,2025-01-06,2025-03-20,73,53,LONG_QUARTERLY_SHORT_PERP,2.83263,2.473177773584905,1.1453402299884266,1074.0,2722.7999999999975,-4065.0,2063.6516,13.22,-132.20000000000002,215.62421999999967,6.16,15.0,352.46737999999783,6.8654764107668,229.6552699999972,4.473301440812113,5133.91
IMOEX,2025,3,IMOEX-2025-03,MMH5,2025-01-08,2025-03-20,71,51,LONG_QUARTERLY_SHORT_PERP,2.97189,2.637993543378995,1.1265721280702297,1114.5,2437.3,-3820.0,2033.9327,7.9,-79.0,209.71670712328736,6.16,15.0,341.35599287671283,6.649045130840098,221.49763931506843,4.314404407460755,5133.91
IMOEX,2025,3,IMOEX-2025-03,MMH5,2025-01-09,2025-03-20,70,50,LONG_QUARTERLY_SHORT_PERP,3.0269,2.5848459013698624,1.1710175830581881,1064.5,3167.3,-4500.0,2003.6637,7.9,-79.0,206.7629506849312,6.16,15.0,364.04074931506904,7.090906332893819,245.65927397260265,4.785032732802146,5133.91
IMOEX,2025,3,IMOEX-2025-03,MMH5,2025-01-10,2025-03-20,69,49,LONG_QUARTERLY_SHORT_PERP,3.0048,2.4825901923399494,1.210348775754989,991.5,2725.2999999999975,-3985.0,1973.6157,0.04,-0.4,203.80919424657506,6.16,15.0,488.5465057534224,9.516070709331142,371.6419086301342,7.238964232527143,5133.91
IMOEX,2025,3,IMOEX-2025-03,MMH5,2025-01-13,2025-03-20,66,48,LONG_QUARTERLY_SHORT_PERP,2.962,2.6252248436073056,1.128284309518393,1044.0,2257.7999999999975,-3570.0,1943.9957,0.04,-0.4,194.9479249315066,6.16,15.0,415.2877750684908,8.08911288021198,302.81381260273685,5.898307773270994,5133.91
IMOEX,2025,3,IMOEX-2025-03,MMH5,2025-01-14,2025-03-20,65,47,LONG_QUARTERLY_SHORT_PERP,2.5023,2.745008869134363,0.9115817541198323,1077.0,2289.8,-3635.0,1918.9727,0.04,-0.4,191.99416849315045,6.16,15.0,360.21853150684973,7.016455908008705,249.22144726027392,4.854417924355393,5133.91
IMOEX,2025,3,IMOEX-2025-03,MMH5,2025-01-15,2025-03-20,64,46,LONG_QUARTERLY_SHORT_PERP,3.35233,2.7797835044669443,1.2059680167944762,1068.5,2463.2999999999993,-3800.0,1885.4494,0.04,-0.4,189.0404120547943,6.16,15.0,338.14898794520496,6.586578026206244,228.6287819178072,4.453307165840601,5133.91
IMOEX,2025,3,IMOEX-2025-03,MMH5,2025-01-16,2025-03-20,63,45,LONG_QUARTERLY_SHORT_PERP,3.91196,2.9094370124809736,1.3445762816718076,1102.0,1744.8000000000002,-3115.0,1846.3298,0.0,-0.0,186.08665561643815,6.16,15.0,268.88314438356196,5.237394975439031,160.83981657534238,3.1328912383610614,5133.91
IMOEX,2025,3,IMOEX-2025-03,MMH5,2025-01-17,2025-03-20,62,44,LONG_QUARTERLY_SHORT_PERP,2.20132,2.8381656799501864,0.7756136350851216,1044.5,1462.3000000000002,-2775.0,1824.3166,0.0,-0.0,183.132899178082,6.16,15.0,307.3237008219183,5.986152870266879,200.75725123287677,3.9104162564765796,5133.91
IMOEX,2025,3,IMOEX-2025-03,MMH5,2025-01-20,2025-03-20,59,43,LONG_QUARTERLY_SHORT_PERP,4.41825,2.6498409996814267,1.6673641929954202,944.0,1722.7999999999975,-2935.0,1780.1341,0.0,-0.0,174.27162986301354,6.16,15.0,372.50247013698385,7.255726534687672,270.36665520547666,5.266291290760389,5133.91
IMOEX,2025,3,IMOEX-2025-03,MMH5,2025-01-21,2025-03-20,58,42,LONG_QUARTERLY_SHORT_PERP,4.08013,2.9773282700587083,1.370399777891991,1058.0,1558.7999999999965,-2885.0,1739.3328,0.0,-0.0,171.3178734246574,6.16,15.0,220.65492657533906,4.297989769500032,119.99598986300995,2.3373216488604194,5133.91
IMOEX,2025,3,IMOEX-2025-03,MMH5,2025-01-22,2025-03-20,57,41,LONG_QUARTERLY_SHORT_PERP,3.31651,3.0220100414300033,1.0974516810111725,1049.5,1187.3000000000002,-2505.0,1706.1677,0.0,-0.0,168.36411698630124,6.16,15.0,198.9435830136989,3.875089025980177,99.76152452054788,1.9431880286282361,5133.91
IMOEX,2025,3,IMOEX-2025-03,MMH5,2025-01-23,2025-03-20,56,40,LONG_QUARTERLY_SHORT_PERP,4.45875,2.857675901369863,1.5602714072168373,956.5,1745.2999999999975,-2970.0,1661.5802,0.0,-0.0,165.4103605479451,6.16,15.0,250.30983945205247,4.875617988084179,152.60465917807954,2.9724841140199096,5133.91
IMOEX,2025,3,IMOEX-2025-03,MMH5,2025-01-24,2025-03-20,55,39,LONG_QUARTERLY_SHORT_PERP,4.389,3.082350266947664,1.423913449118248,1018.5,1463.2999999999993,-2750.0,1617.6902,0.0,-0.0,162.45660410958894,6.16,15.0,147.37359589041034,2.87059173009286,51.14529383561552,0.9962249793162623,5133.91
IMOEX,2025,3,IMOEX-2025-03,MMH5,2025-01-27,2025-03-20,52,38,LONG_QUARTERLY_SHORT_PERP,4.422,2.786198249459265,1.5871088860450635,884.0,2162.7999999999975,-3315.0,1573.4702,0.0,-0.0,153.59533479452048,6.16,15.0,246.51486520547695,4.801698222319382,154.71719780821644,3.0136328414057987,5133.91
IMOEX,2025,3,IMOEX-2025-03,MMH5,2025-01-28,2025-03-20,51,37,LONG_QUARTERLY_SHORT_PERP,4.33725,2.919733995557201,1.4854949137831581,908.5,1733.2999999999993,-2910.0,1530.0977,0.0,-0.0,150.64157835616433,6.16,15.0,181.59612164383498,3.5371894256781866,91.27533246575257,1.7778911680522753,5133.91
IMOEX,2025,3,IMOEX-2025-03,MMH5,2025-01-29,2025-03-20,50,36,LONG_QUARTERLY_SHORT_PERP,3.42564,2.6773550608828005,1.279486628445339,795.0,1661.7999999999984,-2725.0,1495.8413,0.0,-0.0,147.68782191780818,6.16,15.0,263.79347808219023,5.138256768860191,174.94956712328593,3.407725634521952,5133.91
IMOEX,2025,3,IMOEX-2025-03,MMH5,2025-01-30,2025-03-20,49,35,LONG_QUARTERLY_SHORT_PERP,2.54858,2.751125901369863,0.926377087552042,797.0,1489.8000000000002,-2555.0,1470.3555,0.0,-0.0,144.73406547945203,6.16,15.0,239.26143452054802,4.660413496156887,151.89440178082185,2.95864948510632,5133.91
IMOEX,2025,3,IMOEX-2025-03,MMH5,2025-01-31,2025-03-20,48,34,LONG_QUARTERLY_SHORT_PERP,2.84755,2.818942085414988,1.0101484577256934,795.5,1686.2999999999965,-2750.0,1441.8799999999999,0.0,-0.0,141.78030904109588,6.16,15.0,215.23969095890055,4.192510015931338,129.34953643835246,2.519513128168442,5133.91
IMOEX,2025,3,IMOEX-2025-03,MMH5,2025-02-03,2025-03-20,45,33,LONG_QUARTERLY_SHORT_PERP,4.31519,2.7366031506849318,1.5768417130265933,749.0,1952.7999999999975,-2970.0,1398.7281,0.0,-0.0,132.91903972602742,6.16,15.0,227.44906027397008,4.430328156784402,145.9895404109563,2.843632638884521,5133.91
IMOEX,2025,3,IMOEX-2025-03,MMH5,2025-02-04,2025-03-20,44,32,LONG_QUARTERLY_SHORT_PERP,3.58816,2.7863290102739726,1.287773262514747,740.5,2046.2999999999965,-3055.0,1362.8464999999999,0.0,-0.0,129.96528328767127,6.16,15.0,203.02121671232516,3.954514526205663,123.03857506848948,2.3965861315934536,5133.91
IMOEX,2025,3,IMOEX-2025-03,MMH5,2025-02-05,2025-03-20,43,31,LONG_QUARTERLY_SHORT_PERP,3.63004,2.9763597640300485,1.219624066912145,774.5,1882.3000000000002,-2925.0,1326.5461,0.0,-0.0,127.01152684931512,6.16,15.0,135.6745731506851,2.6427142889276416,57.16880972602752,1.113553017603104,5133.91
IMOEX,2025,3,IMOEX-2025-03,MMH5,2025-02-06,2025-03-20,42,30,LONG_QUARTERLY_SHORT_PERP,1.68211,3.20739256803653,0.5244478074692733,817.0,1444.8000000000002,-2530.0,1309.725,0.0,-0.0,124.05777041095895,6.16,15.0,79.30722958904114,1.5447724948244348,2.2783443835616595,0.04437834678756853,5133.91
IMOEX,2025,3,IMOEX-2025-03,MMH5,2025-02-07,2025-03-20,41,29,LONG_QUARTERLY_SHORT_PERP,1.50229,3.0095310826641475,0.49917743287439903,730.5,1566.2999999999965,-2565.0,1294.7021,0.0,-0.0,121.10401397260279,6.16,15.0,153.73808602739373,2.994561377729523,78.18607904109234,1.5229343529803276,5133.91
IMOEX,2025,3,IMOEX-2025-03,MMH5,2025-02-10,2025-03-20,38,28,LONG_QUARTERLY_SHORT_PERP,2.25382,3.1210812309197653,0.7221279528619676,740.5,1096.2999999999965,-2105.0,1272.1639,0.0,-0.0,112.24274465753429,6.16,15.0,130.06115534246229,2.5333742769636065,58.93978301369515,1.1480486220774255,5133.91
IMOEX,2025,3,IMOEX-2025-03,MMH5,2025-02-11,2025-03-20,37,27,LONG_QUARTERLY_SHORT_PERP,1.04782,2.8386999563673263,0.3691196731270223,636.0,1145.7999999999993,-2050.0,1261.6857,0.0,-0.0,109.28898821917812,6.16,15.0,227.03671178082115,4.422296296211292,157.39221767123212,3.065737764612783,5133.91
IMOEX,2025,3,IMOEX-2025-03,MMH5,2025-02-12,2025-03-20,36,26,LONG_QUARTERLY_SHORT_PERP,2.40049,3.0057508914646998,0.7986323839465763,654.0,1052.7999999999975,-1975.0,1237.6808,0.0,-0.0,106.33523178082196,6.16,15.0,187.98556821917558,3.6616451830899956,119.81795232876465,2.3338537747791577,5133.91
IMOEX,2025,3,IMOEX-2025-03,MMH5,2025-02-13,2025-03-20,35,25,LONG_QUARTERLY_SHORT_PERP,4.53825,3.230165901369863,1.404958797340842,683.0,-791.2000000000035,-160.0,1192.2983,0.0,-0.0,103.38147534246579,6.16,15.0,116.55682465753068,2.270332449488415,49.86608698629783,0.9713081644652485,5133.91
IMOEX,2025,3,IMOEX-2025-03,MMH5,2025-02-14,2025-03-20,34,24,LONG_QUARTERLY_SHORT_PERP,4.8105,3.4732821621004564,1.3850012108117544,712.0,-600.1999999999998,-380.0,1144.1933,0.0,-0.0,100.42771890410962,6.16,15.0,42.40558109589047,0.8259899588401525,-22.808278356164298,-0.4442672028953429,5133.91
IMOEX,2025,3,IMOEX-2025-03,MMH5,2025-02-17,2025-03-20,31,23,LONG_QUARTERLY_SHORT_PERP,4.25106,3.8140280416914827,1.114585407745114,764.5,-1887.6999999999998,855.0,1101.6827,0.0,-0.0,91.56644958904113,6.16,15.0,-43.743749589040874,-0.8520552481255198,-104.52697438356137,-2.0360110399980007,5133.91
IMOEX,2025,3,IMOEX-2025-03,MMH5,2025-02-18,2025-03-20,30,22,LONG_QUARTERLY_SHORT_PERP,4.96275,3.3944213325031134,1.4620312312085224,637.0,-1265.1999999999998,360.0,1052.0552,0.0,-0.0,88.61269315068496,6.16,15.0,37.08250684931524,0.7223053549695113,-22.22383972602717,-0.43288331361529847,5133.91
IMOEX,2025,3,IMOEX-2025-03,MMH5,2025-02-19,2025-03-20,29,21,LONG_QUARTERLY_SHORT_PERP,4.8885,4.04675684148728,1.2080043826412261,743.0,-1486.2000000000035,475.0,1003.1702,0.0,-0.0,85.6589367123288,6.16,15.0,-114.84873671233223,-2.2370617465505283,-172.67820506849654,-3.3634832918476665,5133.91
IMOEX,2025,3,IMOEX-2025-03,MMH5,2025-02-20,2025-03-20,28,20,LONG_QUARTERLY_SHORT_PERP,4.90575,3.6143259013698628,1.3573070425499472,619.0,-1582.2000000000025,695.0,954.1127,0.0,-0.0,82.70518027397263,6.16,15.0,-36.952480273975155,-0.7197726542532915,-93.30507041096138,-1.8174270762627585,5133.91
IMOEX,2025,3,IMOEX-2025-03,MMH5,2025-02-21,2025-03-20,27,19,LONG_QUARTERLY_SHORT_PERP,4.93875,3.767954862292718,1.3107243001830648,615.0,-1488.2000000000016,605.0,904.7252,0.0,-0.0,79.75142383561646,6.16,15.0,-79.38622383561813,-1.5463111709324497,-134.26193575342626,-2.615198469654245,5133.91
IMOEX,2025,3,IMOEX-2025-03,MMH5,2025-02-24,2025-03-20,24,18,LONG_QUARTERLY_SHORT_PERP,4.92525,4.439167525114155,1.1094985652458216,707.0,-1780.1999999999998,805.0,855.4727,0.0,-0.0,70.89015452054797,6.16,15.0,-211.77745452054776,-4.125071427441225,-262.22253178082167,-5.107657356300007,5133.91
IMOEX,2025,3,IMOEX-2025-03,MMH5,2025-02-25,2025-03-20,23,17,LONG_QUARTERLY_SHORT_PERP,4.95525,4.182919988718775,1.1846389635384322,622.0,-1920.1999999999998,1030.0,805.9202,0.0,-0.0,67.9363980821918,6.16,15.0,-173.3761980821916,-3.3770790310346617,-222.34439712328745,-4.330897836605773,5133.91
IMOEX,2025,3,IMOEX-2025-03,MMH5,2025-02-26,2025-03-20,22,16,LONG_QUARTERLY_SHORT_PERP,4.989,3.3602665102739726,1.4847036640534896,451.5,-1249.7000000000025,530.0,756.0302,0.0,-0.0,64.98264164383563,6.16,15.0,-49.81244164383814,-0.9702632427104905,-97.30376246575591,-1.8953149249939307,5133.91
IMOEX,2025,3,IMOEX-2025-03,MMH5,2025-02-27,2025-03-20,21,15,LONG_QUARTERLY_SHORT_PERP,4.914,4.067925901369863,1.2079866052489363,527.0,-890.1999999999998,95.0,706.8902,0.0,-0.0,62.02888520547947,6.16,15.0,-171.49868520547923,-3.3405082131451316,-217.5131278082189,-4.236792772140901,5133.91
IMOEX,2025,3,IMOEX-2025-03,MMH5,2025-02-28,2025-03-20,20,14,LONG_QUARTERLY_SHORT_PERP,4.63818,3.980250919765166,1.1652983928645513,477.0,-520.1999999999998,-225.0,660.5083999999999,0.0,-0.0,59.0751287671233,6.16,15.0,-164.9267287671232,-3.2124974681504583,-209.4642931506848,-4.080014903858556,5133.91
IMOEX,2025,3,IMOEX-2025-03,MMH5,2025-03-03,2025-03-20,17,13,LONG_QUARTERLY_SHORT_PERP,4.18736,3.995183534246576,1.0481020368916958,448.0,58.799999999996544,-775.0,618.6348,0.0,-0.0,50.213859452054805,6.16,15.0,-168.93905945205822,-3.290650974638399,-209.0459891780856,-4.071867040483483,5133.91
IMOEX,2025,3,IMOEX-2025-03,MMH5,2025-03-04,2025-03-20,16,12,LONG_QUARTERLY_SHORT_PERP,4.71825,5.936834191780822,0.7947417508361821,644.0,-1097.2000000000025,185.0,571.4523,0.0,-0.0,47.26010301369864,6.16,15.0,-409.1678030137012,-7.96990603679654,-447.7978545205505,-8.722354979353952,5133.91
IMOEX,2025,3,IMOEX-2025-03,MMH5,2025-03-05,2025-03-20,15,11,LONG_QUARTERLY_SHORT_PERP,4.86225,5.295148605230386,0.918246183912047,517.0,-1190.1999999999998,405.0,522.8298,0.0,-0.0,44.306346575342474,6.16,15.0,-327.8365465753423,-6.385708876379646,-364.9897198630136,-7.10939069564939,5133.91
IMOEX,2025,3,IMOEX-2025-03,MMH5,2025-03-06,2025-03-20,14,10,LONG_QUARTERLY_SHORT_PERP,4.89525,3.680125901369863,1.330185469518265,305.5,-418.70000000000346,-155.0,473.8773,0.0,-0.0,41.35259013698631,6.16,15.0,-162.33529013698976,-3.1620205678905506,-198.01158520548293,-3.856935263872622,5133.91
IMOEX,2025,3,IMOEX-2025-03,MMH5,2025-03-07,2025-03-20,13,9,LONG_QUARTERLY_SHORT_PERP,4.26238,3.3506537077625573,1.2721040046977161,242.0,49.80000000000018,-560.0,431.2535,0.0,-0.0,38.39883369863014,6.16,15.0,-138.50533369862998,-2.697852780797287,-172.70475054794505,-3.364000353491687,5133.91
IMOEX,2025,3,IMOEX-2025-03,MMH5,2025-03-10,2025-03-20,10,8,LONG_QUARTERLY_SHORT_PERP,4.7505,4.5899695547945205,1.034974185185563,316.5,-364.70000000000255,-220.0,383.7485,0.0,-0.0,29.537564383561644,6.16,15.0,-251.6490643835642,-4.901703855025978,-281.41784657534504,-5.4815500578573655,5133.91
IMOEX,2025,3,IMOEX-2025-03,MMH5,2025-03-11,2025-03-20,9,7,LONG_QUARTERLY_SHORT_PERP,4.72385,3.717768684931507,1.2706142851614846,212.5,-260.70000000000164,-220.0,336.51,0.0,-0.0,26.58380794520548,6.16,15.0,-191.93380794520712,-3.7385503046451363,-220.22571191780986,-4.289629384188851,5133.91
IMOEX,2025,3,IMOEX-2025-03,MMH5,2025-03-12,2025-03-20,8,6,LONG_QUARTERLY_SHORT_PERP,4.8015,4.288167525114155,1.1197090533146041,212.5,-90.70000000000164,-390.0,288.495,0.0,-0.0,23.630051506849313,6.16,15.0,-236.99505150685096,-4.616268136894705,-263.8100772602756,-5.138580093150749,5133.91
IMOEX,2025,3,IMOEX-2025-03,MMH5,2025-03-13,2025-03-20,7,5,LONG_QUARTERLY_SHORT_PERP,4.776,9.926725901369863,0.4811254030234605,454.5,292.3000000000002,-1015.0,240.735,0.0,-0.0,20.676295068493147,6.16,15.0,-523.8012950684929,-10.202775176590412,-549.1394426027395,-10.696320009558786,5133.91
IMOEX,2025,3,IMOEX-2025-03,MMH5,2025-03-14,2025-03-20,6,4,LONG_QUARTERLY_SHORT_PERP,4.68225,4.859563465753425,0.9635124704095341,155.5,-143.70000000000346,-280.0,193.9125,0.0,-0.0,17.722538630136984,6.16,15.0,-268.6700386301404,-5.233244030965491,-292.53130794520894,-5.698021740646193,5133.91
IMOEX,2025,6,IMOEX-2025-06,MMM5,2025-03-21,2025-06-19,90,64,LONG_QUARTERLY_SHORT_PERP,4.8345,2.8509242636986296,1.6957658474336286,1539.0,-5769.100000000003,4075.0,1995.851,65.64,-656.4,264.43152876712287,6.16,15.0,-640.2405287671257,-12.470817150419968,-787.456293150688,-15.338334586128077,5133.91
IMOEX,2025,6,IMOEX-2025-06,MMM5,2025-03-24,2025-06-19,87,63,LONG_QUARTERLY_SHORT_PERP,4.78725,2.867032157860404,1.6697580412117206,1529.5,-5629.6,3945.0,1947.9785,65.64,-656.4,255.57025945205433,6.16,15.0,-669.7517594520547,-13.045646679666273,-812.5368891780827,-15.826862745511368,5133.91
IMOEX,2025,6,IMOEX-2025-06,MMM5,2025-03-25,2025-06-19,86,62,LONG_QUARTERLY_SHORT_PERP,2.08708,2.5343169403446746,0.8235276207071996,1297.5,-5257.600000000002,3805.0,1927.1077,65.64,-656.4,252.61650301369818,6.16,15.0,-455.66880301370037,-8.875667921987343,-596.9770545205502,-11.628116864544765,5133.91
IMOEX,2025,6,IMOEX-2025-06,MMM5,2025-03-26,2025-06-19,85,61,LONG_QUARTERLY_SHORT_PERP,3.1313,2.54479138782843,1.2304741421936598,1281.5,-5061.600000000003,3625.0,1895.7947,65.64,-656.4,249.66274657534203,6.16,15.0,-468.0280465753452,-9.116405363073081,-607.8594198630169,-11.840087182342833,5133.91
IMOEX,2025,6,IMOEX-2025-06,MMM5,2025-03-27,2025-06-19,84,60,LONG_QUARTERLY_SHORT_PERP,4.19731,2.3931149835616434,1.75391071002915,1168.0,-4323.100000000004,3000.0,1853.8216,65.64,-656.4,246.70899013698588,6.16,15.0,-393.5473901369899,-7.665646459267691,-531.9018852054835,-10.360561155249771,5133.91
IMOEX,2025,6,IMOEX-2025-06,MMM5,2025-03-28,2025-06-19,83,59,LONG_QUARTERLY_SHORT_PERP,3.60251,2.4168054808451354,1.4906081720487634,1161.0,-3731.1000000000013,2415.0,1817.7965,65.64,-656.4,243.75523369862972,6.16,15.0,-419.61873369863105,-8.173472727387724,-556.4963505479466,-10.839620300082133,5133.91
IMOEX,2025,6,IMOEX-2025-06,MMM5,2025-03-31,2025-06-19,80,58,LONG_QUARTERLY_SHORT_PERP,3.74443,2.4337137316957955,1.5385663281732425,1155.5,-3605.600000000004,2295.0,1780.3522,65.64,-656.4,234.89396438356127,6.16,15.0,-442.70176438356526,-8.623091647176622,-575.1487465753464,-11.202937850008015,5133.91
IMOEX,2025,6,IMOEX-2025-06,MMM5,2025-04-01,2025-06-19,79,57,LONG_QUARTERLY_SHORT_PERP,3.27585,2.25719334727229,1.451293485318264,1033.5,-2993.6000000000013,1805.0,1747.5937000000001,65.64,-656.4,231.94020794520512,6.16,15.0,-350.50650794520624,-6.8272818951872205,-481.4766119178094,-9.378360974730944,5133.91
IMOEX,2025,6,IMOEX-2025-06,MMM5,2025-04-02,2025-06-19,78,56,LONG_QUARTERLY_SHORT_PERP,2.53233,2.191332949119373,1.1556117024652337,977.0,-2557.1000000000004,1425.0,1722.2704,65.64,-656.4,228.98645150684897,6.16,15.0,-316.37605150684925,-6.162477556226137,-445.86927726027426,-8.684789512482187,5133.91
IMOEX,2025,6,IMOEX-2025-06,MMM5,2025-04-03,2025-06-19,77,55,LONG_QUARTERLY_SHORT_PERP,3.95413,2.2048958092154414,1.7933409748767137,965.5,-1875.600000000004,755.0,1682.7291,65.64,-656.4,226.0326950684928,6.16,15.0,-341.4635950684968,-6.651141041983532,-469.47994260274373,-9.144685874951913,5133.91
IMOEX,2025,6,IMOEX-2025-06,MMM5,2025-04-04,2025-06-19,76,54,LONG_QUARTERLY_SHORT_PERP,3.09233,2.1541461826484016,1.435524675580816,919.0,-1054.100000000003,-20.0,1651.8058,65.64,-656.4,223.07893863013666,6.16,15.0,-322.9331386301397,-6.290198671775308,-449.4726079452085,-8.754976381456016,5133.91
IMOEX,2025,6,IMOEX-2025-06,MMM5,2025-04-07,2025-06-19,73,53,LONG_QUARTERLY_SHORT_PERP,2.96916,1.8780710741793738,1.5809625316216422,760.0,-375.1000000000022,-540.0,1622.1142,65.64,-656.4,214.2176693150682,6.16,15.0,-184.76346931507038,-3.5988840730568,-306.8723039726049,-5.977360412874494,5133.91
IMOEX,2025,6,IMOEX-2025-06,MMM5,2025-04-08,2025-06-19,72,52,LONG_QUARTERLY_SHORT_PERP,2.93842,1.8806229093782925,1.562471660504976,745.5,-525.600000000004,-375.0,1592.73,65.64,-656.4,211.26391287671206,6.16,15.0,-196.693912876716,-3.831269205668117,-317.32586931507245,-6.180978422198138,5133.91
IMOEX,2025,6,IMOEX-2025-06,MMM5,2025-04-09,2025-06-19,71,51,LONG_QUARTERLY_SHORT_PERP,4.1113,1.7195493263497172,2.390917164747768,647.5,532.3999999999978,-1335.0,1551.617,65.64,-656.4,208.3101564383559,6.16,15.0,-136.8531564383581,-2.6656711247053044,-256.0082346575364,-4.986613217947654,5133.91
IMOEX,2025,6,IMOEX-2025-06,MMM5,2025-04-10,2025-06-19,70,50,LONG_QUARTERLY_SHORT_PERP,3.74655,1.6610327999999994,2.255554495973831,604.0,-564.1000000000031,-195.0,1514.1515,65.64,-656.4,205.35639999999975,6.16,15.0,-127.86490000000288,-2.490594887717215,-245.54310000000308,-4.7827698576718936,5133.91
IMOEX,2025,6,IMOEX-2025-06,MMM5,2025-04-11,2025-06-19,69,49,LONG_QUARTERLY_SHORT_PERP,2.93612,1.963393150125803,1.4954315185483202,738.5,-1353.6000000000013,460.0,1484.7903000000001,65.64,-656.4,202.4026435616436,6.16,15.0,-288.77234356164473,-5.624803386924288,-404.97366534246686,-7.888211233591296,5133.91
IMOEX,2025,6,IMOEX-2025-06,MMM5,2025-04-14,2025-06-19,66,48,LONG_QUARTERLY_SHORT_PERP,2.44035,1.509794529680365,1.6163457689283327,510.0,-1020.1000000000022,355.0,1460.3868,65.64,-656.4,193.54137424657515,6.16,15.0,-75.81457424657731,-1.4767413968413414,-187.58526136986515,-3.6538478736453337,5133.91
IMOEX,2025,6,IMOEX-2025-06,MMM5,2025-04-15,2025-06-19,65,47,LONG_QUARTERLY_SHORT_PERP,3.01216,1.7175481229962104,1.7537558101984232,595.5,-965.600000000004,215.0,1430.2652,65.64,-656.4,190.587617808219,6.16,15.0,-188.48241780822292,-3.671322984006789,-298.77622671233274,-5.819662337523111,5133.91
IMOEX,2025,6,IMOEX-2025-06,MMM5,2025-04-16,2025-06-19,64,46,LONG_QUARTERLY_SHORT_PERP,2.73803,1.840856220369267,1.4873676551723112,638.0,-1573.100000000004,780.0,1402.8849,65.64,-656.4,187.63386136986284,6.16,15.0,-255.4089613698668,-4.974940374293021,-364.2258920547985,-7.094512604521672,5133.91
IMOEX,2025,6,IMOEX-2025-06,MMM5,2025-04-17,2025-06-19,63,45,LONG_QUARTERLY_SHORT_PERP,3.4314,1.6718668998477926,2.0524361121763914,546.5,-1516.600000000003,815.0,1368.5709,65.64,-656.4,184.6801049315067,6.16,15.0,-195.26920493150982,-3.8035182722624636,-302.6092573972635,-5.894323379203444,5133.91
IMOEX,2025,6,IMOEX-2025-06,MMM5,2025-04-18,2025-06-19,62,44,LONG_QUARTERLY_SHORT_PERP,3.70273,1.5940598829389785,2.322829926045973,498.5,-1543.6000000000013,890.0,1331.5436,65.64,-656.4,181.72634849315054,6.16,15.0,-181.34274849315182,-3.532254139498975,-287.20592273972744,-5.594292123152284,5133.91
IMOEX,2025,6,IMOEX-2025-06,MMM5,2025-04-21,2025-06-19,59,43,LONG_QUARTERLY_SHORT_PERP,4.3095,1.7291280911118188,2.4922965638878827,549.5,-2089.6000000000004,1385.0,1288.4486,65.64,-656.4,172.86507917808208,6.16,15.0,-266.5764791780825,-5.1924649862986,-368.00901876712385,-7.168201600088896,5133.91
IMOEX,2025,6,IMOEX-2025-06,MMM5,2025-04-22,2025-06-19,58,42,LONG_QUARTERLY_SHORT_PERP,4.21693,1.640646006523157,2.570286328210728,498.0,-2358.100000000004,1705.0,1246.2793000000001,65.64,-656.4,169.91132273972593,6.16,15.0,-254.29202273972976,-4.953184273579587,-354.2476841095931,-6.900153764082212,5133.91
IMOEX,2025,6,IMOEX-2025-06,MMM5,2025-04-23,2025-06-19,57,41,LONG_QUARTERLY_SHORT_PERP,2.8458,1.5588233324423653,1.8256077778494624,451.0,-2196.1000000000013,1590.0,1217.8213,65.64,-656.4,166.95756630136978,6.16,15.0,-232.79626630137096,-4.534482807477556,-331.2750494520562,-6.452685174692509,5133.91
IMOEX,2025,6,IMOEX-2025-06,MMM5,2025-04-24,2025-06-19,56,40,LONG_QUARTERLY_SHORT_PERP,2.68144,1.497909524657534,1.7901214698618433,414.0,-2174.100000000003,1605.0,1191.0069,65.64,-656.4,164.00380986301363,6.16,15.0,-219.6569098630166,-4.278550069304226,-316.6588147945237,-6.167985313231508,5133.91
IMOEX,2025,6,IMOEX-2025-06,MMM5,2025-04-25,2025-06-19,55,39,LONG_QUARTERLY_SHORT_PERP,4.07441,1.5646411626273267,2.6040539500816275,428.0,-2803.100000000004,2220.0,1150.2628,61.71,-617.1,161.05005342465748,6.16,15.0,-232.14725342466153,-4.5218411196273705,-327.67228013699054,-6.38250924026698,5133.91
IMOEX,2025,6,IMOEX-2025-06,MMM5,2025-04-28,2025-06-19,52,38,LONG_QUARTERLY_SHORT_PERP,4.509,1.64433890555155,2.7421354471252237,451.5,-3111.600000000003,2505.0,1105.1728,54.26,-542.6,152.18878410958902,6.16,15.0,-217.37598410959208,-4.234121441739183,-308.4703761643868,-6.008488192515778,5133.91
IMOEX,2025,6,IMOEX-2025-06,MMM5,2025-04-29,2025-06-19,51,37,LONG_QUARTERLY_SHORT_PERP,3.71,1.7010676423546833,2.1809832293702764,459.0,-2349.100000000003,1735.0,1068.0728000000001,54.26,-542.6,149.23502767123287,6.16,15.0,-259.02222767123584,-5.045320772495736,-348.63974150685243,-6.7909203999846595,5133.91
IMOEX,2025,6,IMOEX-2025-06,MMM5,2025-04-30,2025-06-19,50,36,LONG_QUARTERLY_SHORT_PERP,1.8936,1.6692813089802132,1.1343804006029554,433.5,-1933.6000000000013,1345.0,1049.1368,54.26,-542.6,146.28127123287672,6.16,15.0,-249.50447123287802,-4.859930759068196,-337.6451068493165,-6.576763263269447,5133.91
IMOEX,2025,6,IMOEX-2025-06,MMM5,2025-05-02,2025-06-19,48,34,LONG_QUARTERLY_SHORT_PERP,2.72526,1.454511053988719,1.8736605627894642,333.0,-1013.100000000004,525.0,1021.8842000000001,54.26,-542.6,140.37375835616442,6.16,15.0,-170.34955835616836,-3.3181251396336977,-255.53643753425058,-4.977423397259606,5133.91
IMOEX,2025,6,IMOEX-2025-06,MMM5,2025-05-05,2025-06-19,45,33,LONG_QUARTERLY_SHORT_PERP,3.07381,1.4096136031548363,2.1806046657896525,312.5,-17.600000000002183,-450.0,991.1461,53.27,-532.7,131.51248904109596,6.16,15.0,-161.82638904109814,-3.1521080237304147,-242.58263356164605,-4.7251049114933075,5133.91
IMOEX,2025,6,IMOEX-2025-06,MMM5,2025-05-06,2025-06-19,44,32,LONG_QUARTERLY_SHORT_PERP,1.62083,1.3772460393835622,1.1768630685084147,291.0,-806.1000000000013,360.0,974.9378,53.27,-532.7,128.5587326027398,6.16,15.0,-153.5809326027411,-2.9915002912544453,-232.8602989041109,-4.535730055729666,5133.91
IMOEX,2025,6,IMOEX-2025-06,MMM5,2025-05-07,2025-06-19,43,31,LONG_QUARTERLY_SHORT_PERP,4.10658,1.7524676650463986,2.3433128507345518,396.5,-1041.600000000003,490.0,933.8720000000001,53.27,-532.7,125.60497616438366,6.16,15.0,-297.1929761643867,-5.788823258771321,-374.9954642465785,-7.304285899958872,5133.91
IMOEX,2025,6,IMOEX-2025-06,MMM5,2025-05-08,2025-06-19,42,30,LONG_QUARTERLY_SHORT_PERP,2.16087,1.197704065753425,1.8041768929294635,215.5,-1040.600000000004,670.0,912.2633000000001,53.27,-532.7,122.65121972602749,6.16,15.0,-134.84791972603148,-2.626612459626902,-211.17352958904507,-4.113307977526779,5133.91
IMOEX,2025,6,IMOEX-2025-06,MMM5,2025-05-12,2025-06-19,38,28,LONG_QUARTERLY_SHORT_PERP,3.55228,1.5214149784735815,2.3348527852433545,294.0,-1909.100000000003,1460.0,876.7405,53.27,-532.7,110.83619397260283,6.16,15.0,-237.05569397260595,-4.6174493509353685,-307.4737909589073,-5.9890763756845615,5133.91
IMOEX,2025,6,IMOEX-2025-06,MMM5,2025-05-13,2025-06-19,37,27,LONG_QUARTERLY_SHORT_PERP,3.30565,1.3297868056823952,2.4858496007588737,230.0,-1900.1000000000022,1515.0,843.6840000000001,53.27,-532.7,107.88243753424666,6.16,15.0,-203.1584375342488,-3.9571873588405095,-272.09965630137197,-5.300047260302031,5133.91
IMOEX,2025,6,IMOEX-2025-06,MMM5,2025-05-14,2025-06-19,36,26,LONG_QUARTERLY_SHORT_PERP,3.70561,1.6368795426765022,2.2638257143472305,299.5,-1854.6000000000004,1400.0,806.6279000000001,53.27,-532.7,104.9286810958905,6.16,15.0,-306.7607810958909,-5.975188133330948,-374.22512164383596,-7.289280911504798,5133.91
IMOEX,2025,6,IMOEX-2025-06,MMM5,2025-05-15,2025-06-19,35,25,LONG_QUARTERLY_SHORT_PERP,4.386,1.2485396986301374,3.5129039187237665,189.0,-904.1000000000031,560.0,762.7679,53.27,-532.7,101.97492465753433,6.16,15.0,-237.1670246575374,-4.6196178869036935,-303.15448698630445,-5.904943541789873,5133.91
IMOEX,2025,6,IMOEX-2025-06,MMM5,2025-05-16,2025-06-19,34,24,LONG_QUARTERLY_SHORT_PERP,1.97991,1.1799215342465756,1.678001411563564,163.0,-883.100000000004,565.0,742.9688,51.76,-517.6,99.02116821917816,6.16,15.0,-212.91236821918218,-4.147177652494535,-277.42295232877115,-5.4037361840930425,5133.91
IMOEX,2025,6,IMOEX-2025-06,MMM5,2025-05-19,2025-06-19,31,23,LONG_QUARTERLY_SHORT_PERP,2.36249,1.6818256474091726,1.404717548242519,275.5,-1415.600000000004,985.0,719.3439000000001,51.58,-515.8,90.15989890410967,6.16,15.0,-338.3759989041136,-6.590999820879478,-398.4559483561683,-7.761256982614971,5133.91
IMOEX,2025,6,IMOEX-2025-06,MMM5,2025-05-20,2025-06-19,30,22,LONG_QUARTERLY_SHORT_PERP,2.57312,1.0084824657534248,2.5514771821815003,113.5,-663.6000000000013,395.0,693.6127,51.58,-515.8,87.20614246575349,6.16,15.0,-199.1534424657547,-3.8791767379201176,-257.75651369863135,-5.020666776367941,5133.91
IMOEX,2025,6,IMOEX-2025-06,MMM5,2025-05-21,2025-06-19,29,21,LONG_QUARTERLY_SHORT_PERP,2.71208,1.2305351715590351,2.2039841385142296,153.0,-563.100000000004,255.0,666.4919,51.58,-515.8,84.25238602739732,6.16,15.0,-262.82048602740133,-5.119304507235252,-319.9466790410999,-6.232027422395404,5133.91
IMOEX,2025,6,IMOEX-2025-06,MMM5,2025-05-22,2025-06-19,28,20,LONG_QUARTERLY_SHORT_PERP,2.80703,0.5297931479452057,5.2983508957921055,3.5,-238.60000000000127,80.0,638.4216,51.58,-515.8,81.29862958904114,6.16,15.0,-138.43702958904237,-2.6965223307195174,-194.08634438356287,-3.780478122591999,5133.91
IMOEX,2025,6,IMOEX-2025-06,MMM5,2025-05-23,2025-06-19,27,19,LONG_QUARTERLY_SHORT_PERP,2.35768,0.4158151218457104,5.6700198625167495,-20.5,5.399999999999636,-140.0,614.8448000000001,51.58,-515.8,78.34487315068498,6.16,15.0,-135.0600731506852,-2.630744854325168,-189.23250972602764,-3.685933522909978,5133.91
IMOEX,2025,6,IMOEX-2025-06,MMM5,2025-05-26,2025-06-19,24,18,LONG_QUARTERLY_SHORT_PERP,2.311,0.47857557686453583,4.8289133664966455,-4.5,689.399999999996,-840.0,591.7348000000001,51.58,-515.8,69.48360383561645,6.16,15.0,-165.30880383562035,-3.2199396529276973,-215.05060575342858,-4.188826951649495,5133.91
IMOEX,2025,6,IMOEX-2025-06,MMM5,2025-05-27,2025-06-19,23,17,LONG_QUARTERLY_SHORT_PERP,1.91591,0.012881455278001585,148.7339713294593,-85.5,400.39999999999964,-470.0,572.5757,51.58,-515.8,66.52984739726027,6.16,15.0,-100.5141473972606,-1.957847866387619,-148.77907109589077,-2.8979680418217453,5133.91
IMOEX,2025,6,IMOEX-2025-06,MMM5,2025-05-28,2025-06-19,22,16,LONG_QUARTERLY_SHORT_PERP,1.66971,0.3796005684931506,4.398597206079073,-24.0,-141.10000000000127,10.0,555.8786,51.58,-515.8,63.5760909589041,6.16,15.0,-175.75749095890532,-3.4234626426818022,-222.5455364383574,-4.334815694828258,5133.91
IMOEX,2025,6,IMOEX-2025-06,MMM5,2025-05-29,2025-06-19,21,15,LONG_QUARTERLY_SHORT_PERP,4.1775,0.1552155634703196,26.914182486595966,-58.5,-356.6000000000031,260.0,514.1036,51.58,-515.8,60.62233452054794,6.16,15.0,-180.07873452055097,-3.507633256534512,-225.38990178082494,-4.3902191853932955,5133.91
IMOEX,2025,6,IMOEX-2025-06,MMM5,2025-05-30,2025-06-19,20,14,LONG_QUARTERLY_SHORT_PERP,3.58932,-0.22979587084148737,99.0,-111.0,-494.1000000000031,450.0,478.21040000000005,51.58,-515.8,57.66857808219177,6.16,15.0,-160.51817808219477,-3.1266262572229504,-204.35246712329067,-3.980445062794063,5133.91
IMOEX,2025,6,IMOEX-2025-06,MMM5,2025-06-02,2025-06-19,17,13,LONG_QUARTERLY_SHORT_PERP,4.2435,0.11897929820864057,35.66586846527412,-54.5,-555.600000000004,455.0,435.7754,38.769999999999996,-387.69999999999993,48.807308767123274,6.16,15.0,-122.49190876712721,-2.385937984248404,-161.8955631506889,-3.153455419956503,5133.91
IMOEX,2025,6,IMOEX-2025-06,MMM5,2025-06-03,2025-06-19,16,12,LONG_QUARTERLY_SHORT_PERP,2.74515,2.8667796027397263,0.9575727402889684,277.0,-932.1000000000004,500.0,408.32390000000004,3.98,-39.8,45.853552328767115,6.16,15.0,-130.58965232876744,-2.5436685163699293,-168.516428493151,-3.2824188287903575,5133.91
IMOEX,2025,6,IMOEX-2025-06,MMM5,2025-06-04,2025-06-19,15,11,LONG_QUARTERLY_SHORT_PERP,3.05382,3.109634508094645,0.982051103449825,278.0,-958.100000000004,525.0,377.7857,3.98,-39.8,42.89979589041095,6.16,15.0,-159.17409589041492,-3.100445778956291,-195.62399383562044,-3.8104289680890484,5133.91
IMOEX,2025,6,IMOEX-2025-06,MMM5,2025-06-05,2025-06-19,14,10,LONG_QUARTERLY_SHORT_PERP,2.68169,2.2660603945205477,1.1834150609950496,165.5,-1045.600000000004,725.0,350.9688,3.98,-39.8,39.946039452054784,6.16,15.0,-70.5372394520588,-1.373947721172728,-105.51025917808622,-2.055163787017813,5133.91
IMOEX,2025,6,IMOEX-2025-06,MMM5,2025-06-06,2025-06-19,13,9,LONG_QUARTERLY_SHORT_PERP,4.28475,2.5239142557077625,1.697660683325575,169.0,-344.1000000000031,20.0,308.1213,3.98,-39.8,36.992283013698625,6.16,15.0,-113.93098301370169,-2.219185435928984,-147.42712452055105,-2.8716343784863985,5133.91
IMOEX,2025,6,IMOEX-2025-06,MMM5,2025-06-09,2025-06-19,10,8,LONG_QUARTERLY_SHORT_PERP,4.179,3.5911376712328766,1.163698076371799,238.0,66.899999999996,-460.0,266.3313,0.0,-0.0,28.13101369863013,6.16,15.0,-176.05971369863414,-3.429349437341795,-205.12522054794923,-3.9954970100361953,5133.91
IMOEX,2025,6,IMOEX-2025-06,MMM5,2025-06-10,2025-06-19,9,7,LONG_QUARTERLY_SHORT_PERP,4.107,3.4639701761252444,1.1856337644898667,196.0,263.8999999999987,-615.0,225.2613,0.0,-0.0,25.317912328767118,6.16,15.0,-172.31661232876837,-3.3564400686566063,-199.97556849315197,-3.8951903810770343,5133.91
IMOEX,2025,6,IMOEX-2025-06,MMM5,2025-06-11,2025-06-19,8,6,LONG_QUARTERLY_SHORT_PERP,4.08375,3.5110801826484015,1.1631035999068626,167.0,187.89999999999964,-510.0,184.4238,0.0,-0.0,22.504810958904105,6.16,15.0,-181.34101095890446,-3.532220295231207,-207.59341643835654,-4.043573347377662,5133.91
IMOEX,2025,6,IMOEX-2025-06,MMM5,2025-06-13,2025-06-19,6,4,LONG_QUARTERLY_SHORT_PERP,3.25633,3.813465205479452,0.8539031627510535,114.5,65.39999999999964,-335.0,151.8605,0.0,-0.0,16.87860821917808,6.16,15.0,-155.77810821917845,-3.034297605902294,-179.2174123287675,-3.4908561375008036,5133.91
IMOEX,2025,9,IMOEX-2025-09,MMU5,2025-06-20,2025-09-18,90,64,LONG_QUARTERLY_SHORT_PERP,4.176,1.1746703608732878,3.5550398980829203,492.5,-149.20000000000073,-425.0,1741.7305,93.47999999999999,-934.8,238.12903095890425,6.16,15.0,-26.558530958905042,-0.5173158656638905,-160.62304643835702,-3.128668917810344,5133.91
IMOEX,2025,9,IMOEX-2025-09,MMU5,2025-06-23,2025-09-18,87,63,LONG_QUARTERLY_SHORT_PERP,2.15835,1.3259519473798653,1.6277739206650639,584.5,-326.1999999999989,-340.0,1720.147,93.47999999999999,-934.8,229.6897268493152,6.16,15.0,-131.70272684931413,-2.565349350676466,-261.54759027397154,-5.094510622001,5133.91
IMOEX,2025,9,IMOEX-2025-09,MMU5,2025-06-24,2025-09-18,86,62,LONG_QUARTERLY_SHORT_PERP,2.2879,1.1960268152894389,1.9129169770715613,493.5,-90.19999999999982,-485.0,1697.268,93.47999999999999,-934.8,226.87662547945217,6.16,15.0,-60.76862547945191,-1.1836714215763797,-189.20693821917777,-3.6854354326269405,5133.91
IMOEX,2025,9,IMOEX-2025-09,MMU5,2025-06-25,2025-09-18,85,61,LONG_QUARTERLY_SHORT_PERP,1.2241,1.1438090559173593,1.0701961080542814,452.5,-509.2000000000007,-25.0,1685.027,93.47999999999999,-934.8,224.06352410958917,6.16,15.0,-29.196524109589806,-0.5686995703000209,-156.22828616438412,-3.0430663210766085,5133.91
IMOEX,2025,9,IMOEX-2025-09,MMU5,2025-06-26,2025-09-18,84,60,LONG_QUARTERLY_SHORT_PERP,2.69244,1.1290173712328768,2.384764015685498,435.0,-556.7000000000007,40.0,1658.1026,93.47999999999999,-934.8,221.25042273972613,6.16,15.0,-35.80782273972687,-0.697476635541466,-161.43303410958967,-3.144446126044081,5133.91
IMOEX,2025,9,IMOEX-2025-09,MMU5,2025-06-27,2025-09-18,83,59,LONG_QUARTERLY_SHORT_PERP,1.64517,1.1145717311353613,1.4760557387581896,418.0,-624.7000000000025,125.0,1641.6508999999999,93.47999999999999,-934.8,218.43732136986313,6.16,15.0,-32.44642136986576,-0.6320021459251479,-156.665082054797,-3.0515743761537895,5133.91
IMOEX,2025,9,IMOEX-2025-09,MMU5,2025-06-30,2025-09-18,80,58,LONG_QUARTERLY_SHORT_PERP,2.06519,1.1606172711384035,1.7793893399279994,442.0,-1063.699999999999,540.0,1620.999,93.47999999999999,-934.8,209.99801726027405,6.16,15.0,-68.65901726027289,-1.3373630870091782,-188.65802589040956,-3.6747435364159005,5133.91
IMOEX,2025,9,IMOEX-2025-09,MMU5,2025-07-01,2025-09-18,79,57,LONG_QUARTERLY_SHORT_PERP,1.84,1.1523595015621246,1.5967239368493238,428.5,-1060.1999999999998,550.0,1602.599,93.47999999999999,-934.8,207.18491589041105,6.16,15.0,-70.74591589041088,-1.3780123899797794,-189.338373835616,-3.687995579112529,5133.91
IMOEX,2025,9,IMOEX-2025-09,MMU5,2025-07-02,2025-09-18,78,56,LONG_QUARTERLY_SHORT_PERP,2.346,1.10809252592955,2.117151722535085,395.0,-696.7000000000007,220.0,1579.139,93.47999999999999,-934.8,204.371814520548,6.16,15.0,-57.8928145205488,-1.1276554228755236,-175.07872178082246,-3.4102413517343013,5133.91
IMOEX,2025,9,IMOEX-2025-09,MMU5,2025-07-03,2025-09-18,77,55,LONG_QUARTERLY_SHORT_PERP,4.22325,1.2013067511830635,3.5155467126451136,438.0,-819.7000000000025,300.0,1536.9065,93.47999999999999,-934.8,201.558713150685,6.16,15.0,-140.31221315068746,-2.733047777438394,-256.09156972602955,-4.988236446023198,5133.91
IMOEX,2025,9,IMOEX-2025-09,MMU5,2025-07-04,2025-09-18,76,54,LONG_QUARTERLY_SHORT_PERP,2.9806,1.1692696514459666,2.549112598889459,411.5,-573.2000000000016,80.0,1507.1005,93.47999999999999,-934.8,198.74561178082197,6.16,15.0,-140.80511178082355,-2.742648620268442,-255.17791767123416,-4.970440028579273,5133.91
IMOEX,2025,9,IMOEX-2025-09,MMU5,2025-07-07,2025-09-18,73,53,LONG_QUARTERLY_SHORT_PERP,3.60572,1.1933326559834583,3.0215547876953277,421.0,-127.69999999999982,-375.0,1471.0433,88.17999999999999,-881.8,190.30630767123293,6.16,15.0,-124.92300767123265,-2.4332917341993268,-235.0761615068487,-4.57889136168824,5133.91
IMOEX,2025,9,IMOEX-2025-09,MMU5,2025-07-08,2025-09-18,72,52,LONG_QUARTERLY_SHORT_PERP,3.56391,1.1551023198103267,3.085363035705106,392.0,-93.69999999999891,-380.0,1435.4042,87.67999999999999,-876.8,187.49320630136992,6.16,15.0,-123.74900630136884,-2.4104241465348797,-232.49560945205334,-4.52862651374982,5133.91
IMOEX,2025,9,IMOEX-2025-09,MMU5,2025-07-09,2025-09-18,71,51,LONG_QUARTERLY_SHORT_PERP,3.33826,0.9085100096696214,3.674433924194137,257.5,630.7999999999993,-970.0,1402.0216,87.67999999999999,-876.8,184.68010493150692,6.16,15.0,-19.818504931507565,-0.3860314055273187,-127.15855739726052,-2.4768365124682847,5133.91
IMOEX,2025,9,IMOEX-2025-09,MMU5,2025-07-10,2025-09-18,70,50,LONG_QUARTERLY_SHORT_PERP,4.04475,1.2810540071232877,3.1573610304555535,437.5,90.79999999999927,-610.0,1361.5741,82.36999999999999,-823.6999999999999,181.86700356164388,6.16,15.0,-184.3529035616445,-3.5908869372786922,-290.28640534246597,-5.654294783945686,5133.91
IMOEX,2025,9,IMOEX-2025-09,MMU5,2025-07-11,2025-09-18,69,49,LONG_QUARTERLY_SHORT_PERP,4.09875,1.0912528616158794,3.756003896228735,334.5,1098.800000000001,-1515.0,1320.5866,71.59,-715.9000000000001,179.05390219178088,6.16,15.0,-11.727302191779788,-0.2284282777021761,-116.25425328766974,-2.2644388640951973,5133.91
IMOEX,2025,9,IMOEX-2025-09,MMU5,2025-07-14,2025-09-18,66,48,LONG_QUARTERLY_SHORT_PERP,2.41151,1.1891137460045662,2.027989339205519,379.0,334.29999999999836,-795.0,1296.4714999999999,71.59,-715.9000000000001,170.61459808219183,6.16,15.0,-71.90309808219368,-1.4005523681208607,-172.21039712328923,-3.354371173691966,5133.91
IMOEX,2025,9,IMOEX-2025-09,MMU5,2025-07-15,2025-09-18,65,47,LONG_QUARTERLY_SHORT_PERP,2.41791,1.1967265887496357,2.020436432791455,373.5,-90.19999999999982,-365.0,1272.2924,71.14999999999999,-711.4999999999999,167.80149671232883,6.16,15.0,-83.36909671232848,-1.6238908884715253,-182.26984506849251,-3.5503124337686582,5133.91
IMOEX,2025,9,IMOEX-2025-09,MMU5,2025-07-16,2025-09-18,64,46,LONG_QUARTERLY_SHORT_PERP,4.01282,1.2372791203097082,3.2432617136507846,383.0,-299.70000000000255,-165.0,1232.1642,71.14999999999999,-711.4999999999999,164.98839534246582,6.16,15.0,-130.1841953424683,-2.5357708908506056,-227.67839301370086,-4.434795175873766,5133.91
IMOEX,2025,9,IMOEX-2025-09,MMU5,2025-07-17,2025-09-18,63,45,LONG_QUARTERLY_SHORT_PERP,4.1655,1.4996339866057837,2.7776777781810873,491.5,-253.20000000000164,-320.0,1190.5092,53.809999999999995,-538.0999999999999,162.1752939726028,6.16,15.0,-104.12609397260437,-2.028202558529549,-200.21374095890542,-3.8998295832787377,5133.91
IMOEX,2025,9,IMOEX-2025-09,MMU5,2025-07-18,2025-09-18,62,44,LONG_QUARTERLY_SHORT_PERP,3.38078,2.688686801369863,1.257409378540305,1002.5,-994.2000000000007,-90.0,1156.7014,0.83,-8.299999999999999,159.36219260273978,6.16,15.0,-116.32079260274058,-2.265734938920639,-211.00188890411013,-4.109964703395855,5133.91
IMOEX,2025,9,IMOEX-2025-09,MMU5,2025-07-21,2025-09-18,59,43,LONG_QUARTERLY_SHORT_PERP,3.51775,2.6501927639375604,1.327356276821711,967.5,-1334.2000000000007,285.0,1121.5239,0.83,-8.299999999999999,150.92288849315074,6.16,15.0,-108.05898849315155,-2.104808781087934,-198.5204327397266,-3.8668467647412323,5133.91
IMOEX,2025,9,IMOEX-2025-09,MMU5,2025-07-22,2025-09-18,58,42,LONG_QUARTERLY_SHORT_PERP,2.20159,2.7565947312459236,0.7986629209745776,988.5,-1390.1999999999998,320.0,1099.508,0.83,-8.299999999999999,148.10978712328773,6.16,15.0,-148.26178712328752,-2.8878922132115195,-237.31668068493107,-4.622532936590846,5133.91
IMOEX,2025,9,IMOEX-2025-09,MMU5,2025-07-23,2025-09-18,57,41,LONG_QUARTERLY_SHORT_PERP,2.60618,2.824284599398597,0.922775275747692,991.5,-1548.2000000000016,475.0,1073.4462,0.83,-8.299999999999999,145.29668575342473,6.16,15.0,-174.51048575342628,-3.3991730621188583,-262.1588286301384,-5.106416525224213,5133.91
IMOEX,2025,9,IMOEX-2025-09,MMU5,2025-07-24,2025-09-18,56,40,LONG_QUARTERLY_SHORT_PERP,3.49514,2.7366089609589044,1.2771791841152589,931.0,-1152.6999999999998,140.0,1038.4948,0.83,-8.299999999999999,142.48358438356172,6.16,15.0,-146.1487843835616,-2.846734445745282,-232.39057657534218,-4.5265806485766635,5133.91
IMOEX,2025,9,IMOEX-2025-09,MMU5,2025-07-25,2025-09-18,55,39,LONG_QUARTERLY_SHORT_PERP,1.93864,2.5111038025992274,0.7720270257220455,818.5,-690.1999999999998,-210.0,1019.1084,0.83,-8.299999999999999,139.67048301369869,6.16,15.0,-50.22208301369854,-0.978242373039234,-135.05732452054764,-2.6306913155966436,5133.91
IMOEX,2025,9,IMOEX-2025-09,MMU5,2025-07-28,2025-09-18,52,38,LONG_QUARTERLY_SHORT_PERP,2.33185,2.481292576063446,0.9397722874339408,790.5,-247.20000000000255,-625.0,995.7899,0.83,-8.299999999999999,131.23117890410964,6.16,15.0,-37.10127890411219,-0.7226710032725971,-117.71686835616681,-2.2929281650080897,5133.91
IMOEX,2025,9,IMOEX-2025-09,MMU5,2025-07-29,2025-09-18,51,37,LONG_QUARTERLY_SHORT_PERP,2.00416,2.546917263976305,0.786896389744149,792.5,-524.2000000000007,-350.0,975.7483,0.83,-8.299999999999999,128.69938767123293,6.16,15.0,-56.611087671233676,-1.1026895226296074,-135.96078150684997,-2.6482891501185253,5133.91
IMOEX,2025,9,IMOEX-2025-09,MMU5,2025-07-30,2025-09-18,50,36,LONG_QUARTERLY_SHORT_PERP,2.09605,2.491187767884323,0.8413857947689349,749.5,-156.1999999999989,-675.0,954.7878,0.83,-8.299999999999999,126.16759643835623,6.16,15.0,-32.03979643835518,-0.6240817707820195,-110.1235946575331,-2.145023864024362,5133.91
IMOEX,2025,9,IMOEX-2025-09,MMU5,2025-07-31,2025-09-18,49,35,LONG_QUARTERLY_SHORT_PERP,2.68285,2.5879880148727987,1.0366547235080081,761.0,-227.69999999999982,-615.0,927.9593,0.83,-8.299999999999999,123.63580520547951,6.16,15.0,-67.83650520547934,-1.3213419246827338,-144.65440780821893,-2.8176264836785014,5133.91
IMOEX,2025,9,IMOEX-2025-09,MMU5,2025-08-01,2025-09-18,48,34,LONG_QUARTERLY_SHORT_PERP,0.41492,2.514011805801773,0.16504297992652944,712.5,-139.20000000000073,-655.0,923.8101,0.83,-8.299999999999999,121.1040139726028,6.16,15.0,-20.95391397260349,-0.4081472790252165,-96.50592095890472,-1.8797743037744084,5133.91
IMOEX,2025,9,IMOEX-2025-09,MMU5,2025-08-04,2025-09-18,45,33,LONG_QUARTERLY_SHORT_PERP,0.58516,2.4626322432544625,0.23761566575880155,678.0,-564.7000000000025,-195.0,917.9585,0.83,-8.299999999999999,113.50864027397266,6.16,15.0,15.28985972602474,0.2978209537374972,-56.464460410961465,-1.0998334682719695,5133.91
IMOEX,2025,9,IMOEX-2025-09,MMU5,2025-08-05,2025-09-18,44,32,LONG_QUARTERLY_SHORT_PERP,1.40545,2.469177653253425,0.5691976023467402,658.0,-669.7000000000025,-70.0,903.904,0.83,-8.299999999999999,110.97684904109595,6.16,15.0,23.767150958901496,0.46294444115501626,-46.72127356164637,-0.9100524466078752,5133.91
IMOEX,2025,9,IMOEX-2025-09,MMU5,2025-08-06,2025-09-18,43,31,LONG_QUARTERLY_SHORT_PERP,1.51632,2.419693734865223,0.6266578196039586,620.5,-412.20000000000255,-290.0,888.7408,0.83,-8.299999999999999,108.44505780821923,6.16,15.0,48.63574219177825,0.9473431009070717,-20.58678671233128,-0.4009962526092448,5133.91
IMOEX,2025,9,IMOEX-2025-09,MMU5,2025-08-07,2025-09-18,42,30,LONG_QUARTERLY_SHORT_PERP,2.98937,2.8885775552511417,1.0348934528573166,739.5,-1651.199999999999,830.0,858.8471,0.83,-8.299999999999999,105.91326657534252,6.16,15.0,-97.72616657534147,-1.9035426521957235,-165.68279986301266,-3.2272244714654654,5133.91
IMOEX,2025,9,IMOEX-2025-09,MMU5,2025-08-08,2025-09-18,41,29,LONG_QUARTERLY_SHORT_PERP,2.1799,2.6932464666981577,0.809394916861246,656.5,-2048.2000000000016,1310.0,837.0481,0.83,-8.299999999999999,103.3814753424658,6.16,15.0,-33.99337534246746,-0.6621342279562256,-100.6841130137003,-1.961158512979392,5133.91
IMOEX,2025,9,IMOEX-2025-09,MMU5,2025-08-11,2025-09-18,38,28,LONG_QUARTERLY_SHORT_PERP,2.55781,2.9873075058708416,0.8562258806544801,719.5,-2506.199999999999,1705.0,811.47,0.83,-8.299999999999999,95.78610164383566,6.16,15.0,-114.97610164383454,-2.239542602886193,-177.86915246575236,-3.4645942851696345,5133.91
IMOEX,2025,9,IMOEX-2025-09,MMU5,2025-08-12,2025-09-18,37,27,LONG_QUARTERLY_SHORT_PERP,3.28167,3.1015344830035514,1.0580794822638901,723.0,-2639.7000000000025,1835.0,778.6533,0.83,-8.299999999999999,93.25431041095895,6.16,15.0,-148.76101041096155,-2.897616249816642,-210.388165616441,-4.098010397853508,5133.91
IMOEX,2025,9,IMOEX-2025-09,MMU5,2025-08-13,2025-09-18,36,26,LONG_QUARTERLY_SHORT_PERP,2.94133,3.166855842992624,0.9287855670817317,711.5,-2588.2000000000016,1795.0,749.24,0.0,-0.0,90.72251917808224,6.16,15.0,-155.84251917808385,-3.0355522239011563,-216.203778767125,-4.2112888376914475,5133.91
IMOEX,2025,9,IMOEX-2025-09,MMU5,2025-08-14,2025-09-18,35,25,LONG_QUARTERLY_SHORT_PERP,3.35058,2.929402911780822,1.1437757457416942,623.0,-2544.7000000000025,1840.0,715.7342,0.0,-0.0,88.19072794520552,6.16,15.0,-98.31652794520808,-1.915041906562602,-157.41189191781083,-3.0661209861063172,5133.91
IMOEX,2025,9,IMOEX-2025-09,MMU5,2025-08-15,2025-09-18,34,24,LONG_QUARTERLY_SHORT_PERP,2.08831,3.49716223630137,0.5971441582900698,732.5,-2999.2000000000007,2185.0,694.8511,0.0,-0.0,85.65893671232881,6.16,15.0,-226.16783671232955,-4.405372059742565,-283.9973050684939,-5.531793605039705,5133.91
IMOEX,2025,9,IMOEX-2025-09,MMU5,2025-08-18,2025-09-18,31,23,LONG_QUARTERLY_SHORT_PERP,1.32028,3.0683633174508635,0.43028802765666707,606.5,-2268.2000000000016,1580.0,681.6483,0.0,-0.0,78.06356301369867,6.16,15.0,-105.77526301370035,-2.060325619531709,-159.80704452054965,-3.1127745620891223,5133.91
IMOEX,2025,9,IMOEX-2025-09,MMU5,2025-08-19,2025-09-18,30,22,LONG_QUARTERLY_SHORT_PERP,1.65841,2.978144417185554,0.5568601678380838,558.5,-2360.2,1720.0,665.0642,0.0,-0.0,75.53177178082196,6.16,15.0,-71.82757178082174,-1.3990812417985852,-124.59345767123268,-2.426872650109423,5133.91
IMOEX,2025,9,IMOEX-2025-09,MMU5,2025-08-20,2025-09-18,29,21,LONG_QUARTERLY_SHORT_PERP,2.64572,2.7007618121330723,0.9796198939551799,473.0,-2029.7000000000025,1475.0,638.607,0.0,-0.0,72.99998054794524,6.16,15.0,-10.252980547947818,-0.19971095223616733,-61.7529708219204,-1.2028448263004299,5133.91
IMOEX,2025,9,IMOEX-2025-09,MMU5,2025-08-21,2025-09-18,28,20,LONG_QUARTERLY_SHORT_PERP,3.95407,2.870640946575343,1.377417125160561,482.5,-1464.2000000000007,900.0,599.0663,0.0,-0.0,70.46818931506853,6.16,15.0,-56.7618893150693,-1.1056268870133934,-106.99598397260353,-2.084103226831081,5133.91
IMOEX,2025,9,IMOEX-2025-09,MMU5,2025-08-22,2025-09-18,27,19,LONG_QUARTERLY_SHORT_PERP,2.45977,3.0373494635904827,0.8098409582058035,488.0,-1604.7000000000025,1035.0,574.4686,0.0,-0.0,67.9363980821918,6.16,15.0,-84.3277980821943,-1.6425647914005956,-133.2959971232902,-2.5963835969717075,5133.91
IMOEX,2025,9,IMOEX-2025-09,MMU5,2025-08-25,2025-09-18,24,18,LONG_QUARTERLY_SHORT_PERP,2.23035,2.863894579908676,0.7787821575719878,434.0,-1450.7000000000016,935.0,552.1651,0.0,-0.0,60.34102438356165,6.16,15.0,-45.03592438356324,-0.8772246569099038,-90.20643657534406,-1.75707085974129,5133.91
IMOEX,2025,9,IMOEX-2025-09,MMU5,2025-08-26,2025-09-18,23,17,LONG_QUARTERLY_SHORT_PERP,3.15254,3.102760195004029,1.0160437165192866,448.5,-1455.1999999999998,925.0,520.6397,0.0,-0.0,57.80923315068494,6.16,15.0,-88.52953315068481,-1.724407579226843,-132.43414972602727,-2.579596247811654,5133.91
IMOEX,2025,9,IMOEX-2025-09,MMU5,2025-08-27,2025-09-18,22,16,LONG_QUARTERLY_SHORT_PERP,1.75033,3.3558590119863014,0.5215743551049828,460.5,-1722.2000000000025,1180.0,503.1364,0.0,-0.0,55.277441917808225,6.16,15.0,-115.5010419178108,-2.249767563471327,-158.1397628767149,-3.0802986978095626,5133.91
IMOEX,2025,9,IMOEX-2025-09,MMU5,2025-08-28,2025-09-18,21,15,LONG_QUARTERLY_SHORT_PERP,3.32913,3.1327043378995434,1.0627016280228216,396.0,-1667.6999999999998,1190.0,469.8451,0.0,-0.0,52.74565068493151,6.16,15.0,-81.76055068493133,-1.5925590959898273,-123.13337602739708,-2.3984326960814872,5133.91
IMOEX,2025,9,IMOEX-2025-09,MMU5,2025-08-29,2025-09-18,20,14,LONG_QUARTERLY_SHORT_PERP,1.8017,3.049098996086106,0.5908958686853736,355.5,-1497.2000000000025,1060.0,451.8281,0.0,-0.0,50.2138594520548,6.16,15.0,-56.74575945205734,-1.1053127041973339,-96.85268917808473,-1.8865287700424185,5133.91
IMOEX,2025,9,IMOEX-2025-09,MMU5,2025-09-01,2025-09-18,17,13,LONG_QUARTERLY_SHORT_PERP,2.90288,3.2752191211801898,0.8863162715519256,362.0,-1378.699999999999,935.0,422.7993,0.0,-0.0,42.61848575342466,6.16,15.0,-84.67918575342355,-1.6494092368861852,-120.9884286301359,-2.3566526999915447,5133.91
IMOEX,2025,9,IMOEX-2025-09,MMU5,2025-09-02,2025-09-18,16,12,LONG_QUARTERLY_SHORT_PERP,3.11719,2.814555787671233,1.107524680681198,276.5,-878.2000000000016,520.0,391.6274,0.0,-0.0,40.086694520547944,6.16,15.0,-27.81929452054956,-0.5418734360467862,-62.86264178082355,-1.2244593649055702,5133.91
IMOEX,2025,9,IMOEX-2025-09,MMU5,2025-09-03,2025-09-18,15,11,LONG_QUARTERLY_SHORT_PERP,2.94432,2.9928627571606476,0.983780493427403,270.5,-1092.2000000000025,740.0,362.1842,0.0,-0.0,37.55490328767124,6.16,15.0,-48.730703287673805,-0.949192784596415,-82.50815493150944,-1.6071211792086235,5133.91
IMOEX,2025,9,IMOEX-2025-09,MMU5,2025-09-04,2025-09-18,14,10,LONG_QUARTERLY_SHORT_PERP,2.87461,2.9668311205479454,0.9689159521385522,240.5,-1122.2000000000025,800.0,333.4381,0.0,-0.0,35.023112054794524,6.16,15.0,-44.94501205479705,-0.8754538364481858,-77.45656808219432,-1.5087246968138188,5133.91
IMOEX,2025,9,IMOEX-2025-09,MMU5,2025-09-05,2025-09-18,13,9,LONG_QUARTERLY_SHORT_PERP,1.81432,3.4739035646879763,0.5222712623466164,259.0,-1420.7000000000016,1080.0,315.2949,0.0,-0.0,32.49132082191781,6.16,15.0,-79.05642082191946,-1.539887158557892,-110.30208123287838,-2.1485004846769495,5133.91
IMOEX,2025,9,IMOEX-2025-09,MMU5,2025-09-08,2025-09-18,10,8,LONG_QUARTERLY_SHORT_PERP,1.44878,2.9131993390410957,0.4973157794539656,187.0,-1548.699999999999,1280.0,300.8071,0.0,-0.0,24.895947123287666,6.16,15.0,-13.948847123286583,-0.2717002659432398,-41.39682068493043,-0.8063409893225716,5133.91
IMOEX,2025,9,IMOEX-2025-09,MMU5,2025-09-09,2025-09-18,9,7,LONG_QUARTERLY_SHORT_PERP,2.31087,3.014630798434442,0.7665515794504856,167.5,-1674.2000000000007,1425.0,277.6984,0.0,-0.0,22.364155890410956,6.16,15.0,-15.025755890411691,-0.29267665172182006,-41.20783383561718,-0.8026598408545764,5133.91
IMOEX,2025,9,IMOEX-2025-09,MMU5,2025-09-10,2025-09-18,8,6,LONG_QUARTERLY_SHORT_PERP,2.5519,3.4248727442922373,0.7451079764212843,164.5,-1456.199999999999,1210.0,252.1794,0.0,-0.0,19.832364657534246,6.16,15.0,-35.01296465753317,-0.681994126455921,-59.929146986300296,-1.1673197813421017,5133.91
IMOEX,2025,9,IMOEX-2025-09,MMU5,2025-09-11,2025-09-18,7,5,LONG_QUARTERLY_SHORT_PERP,4.37175,3.9592114684931503,1.1041971450097507,159.5,-1386.199999999999,1145.0,208.4619,0.0,-0.0,17.300573424657536,6.16,15.0,-71.19867342465643,-1.386831351244109,-94.8489601369852,-1.8474994718837143,5133.91
IMOEX,2025,9,IMOEX-2025-09,MMU5,2025-09-12,2025-09-18,6,4,LONG_QUARTERLY_SHORT_PERP,4.362,2.1482195547945206,2.0305187103732654,50.0,-591.7000000000007,460.0,164.8419,0.0,-0.0,14.768782191780824,6.16,15.0,-2.7868821917815403,-0.054283814710065825,-25.171273287671955,-0.490294401103096,5133.91
IMOEX,2025,12,IMOEX-2025-12,MMZ5,2025-09-19,2025-12-18,90,64,LONG_QUARTERLY_SHORT_PERP,2.99219,1.867508160958904,1.6022366394712884,962.5,-798.6000000000013,-50.0,1424.1058,19.46,-194.60000000000002,211.54522301369838,6.16,15.0,148.20057698630038,2.8866999418825103,27.42796547945133,0.5342509993251018,5133.91
IMOEX,2025,12,IMOEX-2025-12,MMZ5,2025-09-22,2025-12-18,87,63,LONG_QUARTERLY_SHORT_PERP,2.54826,1.7913203405088058,1.4225596295502307,903.0,-669.1000000000031,-120.0,1398.6232,19.46,-194.60000000000002,204.37181452054767,6.16,15.0,189.3913854794492,3.689028157475476,72.20547821917549,1.4064422286166973,5133.91
IMOEX,2025,12,IMOEX-2025-12,MMZ5,2025-09-23,2025-12-18,86,62,LONG_QUARTERLY_SHORT_PERP,1.66103,1.7671623844454263,0.9399419174040801,872.5,-813.6000000000013,55.0,1382.0129,19.46,-194.60000000000002,201.9806783561641,6.16,15.0,205.67222164383455,4.006151678619893,89.68188246575258,1.7468534209939905,5133.91
IMOEX,2025,12,IMOEX-2025-12,MMZ5,2025-09-24,2025-12-18,85,61,LONG_QUARTERLY_SHORT_PERP,1.87083,1.7864746593307879,1.047218884538117,869.0,-460.1000000000022,-295.0,1363.3046,19.46,-194.60000000000002,199.58954219178054,6.16,15.0,192.8550578082172,3.756494714714851,78.06028671232698,1.5204841283218247,5133.91
IMOEX,2025,12,IMOEX-2025-12,MMZ5,2025-09-25,2025-12-18,84,60,LONG_QUARTERLY_SHORT_PERP,3.3025,1.6522640100456614,1.9987725810893464,773.0,-214.1000000000031,-445.0,1330.2796,19.46,-194.60000000000002,197.19840602739697,6.16,15.0,258.22119397259996,5.029717972706962,144.62199095890153,2.816995057546812,5133.91
IMOEX,2025,12,IMOEX-2025-12,MMZ5,2025-09-26,2025-12-18,83,59,LONG_QUARTERLY_SHORT_PERP,3.10137,1.8804529997678197,1.649267490537082,893.5,-509.60000000000036,-270.0,1299.2659,17.44,-174.4,194.8072698630134,6.16,15.0,129.29863013698636,2.5185215583636325,16.89499520547966,0.32908631443635866,5133.91
IMOEX,2025,12,IMOEX-2025-12,MMZ5,2025-09-29,2025-12-18,80,58,LONG_QUARTERLY_SHORT_PERP,3.19511,1.615161829948039,1.9781980608734353,728.0,75.89999999999691,-690.0,1267.3148,15.120000000000001,-151.20000000000002,187.6338613698627,6.16,15.0,293.22093863013424,5.711454595622718,184.40400794520284,3.5918823653940732,5133.91
IMOEX,2025,12,IMOEX-2025-12,MMZ5,2025-09-30,2025-12-18,79,57,LONG_QUARTERLY_SHORT_PERP,3.38698,1.7954433775534722,1.8864309742895962,817.0,-18.099999999999454,-685.0,1233.445,15.120000000000001,-151.20000000000002,185.24272520547913,6.16,15.0,172.7422747945213,3.364731263199419,65.12091219178163,1.2684467042036505,5133.91
IMOEX,2025,12,IMOEX-2025-12,MMZ5,2025-10-01,2025-12-18,78,56,LONG_QUARTERLY_SHORT_PERP,3.24807,1.786627837573385,1.817989136680843,796.5,372.3999999999978,-1055.0,1200.9643,14.32,-143.2,182.85158904109556,6.16,15.0,171.15271095890236,3.3337692121385527,64.72691643835444,1.2607723243756597,5133.91
IMOEX,2025,12,IMOEX-2025-12,MMZ5,2025-10-02,2025-12-18,77,55,LONG_QUARTERLY_SHORT_PERP,3.97125,1.9102190052303856,2.0789501042164744,849.0,474.8999999999978,-1210.0,1161.2518,14.32,-143.2,180.46045287671203,6.16,15.0,81.33134712328581,1.584198926807946,-23.898879315070335,-0.46551028972207026,5133.91
IMOEX,2025,12,IMOEX-2025-12,MMZ5,2025-10-03,2025-12-18,76,54,LONG_QUARTERLY_SHORT_PERP,2.8306,1.7726468828006083,1.5968211308548543,758.0,840.8999999999969,-1485.0,1132.9458,14.32,-143.2,178.06931671232846,6.16,15.0,146.41648328766843,2.8519487736962357,42.38182493150404,0.8255272283990962,5133.91
IMOEX,2025,12,IMOEX-2025-12,MMZ5,2025-10-06,2025-12-18,73,53,LONG_QUARTERLY_SHORT_PERP,2.01418,1.8746337890927882,1.0744391847192427,801.5,357.3999999999978,-1045.0,1112.804,8.200000000000001,-82.00000000000001,170.8959082191778,6.16,15.0,151.1480917808201,2.944112611651161,50.70013767123103,0.9875540800526507,5133.91
IMOEX,2025,12,IMOEX-2025-12,MMZ5,2025-10-07,2025-12-18,72,52,LONG_QUARTERLY_SHORT_PERP,1.75364,1.824355330874604,0.9612381811383736,759.0,199.89999999999782,-845.0,1095.2676,8.200000000000001,-82.00000000000001,168.50477205479424,6.16,15.0,178.50282794520348,3.4769372261142775,79.25044191780617,1.5436663657486434,5133.91
IMOEX,2025,12,IMOEX-2025-12,MMZ5,2025-10-08,2025-12-18,71,51,LONG_QUARTERLY_SHORT_PERP,2.57418,1.8044581095890406,1.4265667827480135,733.0,1285.899999999997,-1905.0,1069.5258000000001,8.200000000000001,-82.00000000000001,166.1136358904107,6.16,15.0,181.15216410958632,3.528541873729503,83.0953461643808,1.6185586845967461,5133.91
IMOEX,2025,12,IMOEX-2025-12,MMZ5,2025-10-09,2025-12-18,70,50,LONG_QUARTERLY_SHORT_PERP,3.35703,2.053764999452054,1.6345735762833906,842.0,416.90000000000055,-1145.0,1035.9555,8.200000000000001,-82.00000000000001,163.72249972602717,6.16,15.0,40.97300027397341,0.7980856749334018,-55.88824958904033,-1.0886098429664783,5133.91
IMOEX,2025,12,IMOEX-2025-12,MMZ5,2025-10-10,2025-12-18,69,49,LONG_QUARTERLY_SHORT_PERP,1.75758,1.7050844154319256,1.0307876748464542,653.0,1105.899999999997,-1645.0,1018.3797,8.200000000000001,-82.00000000000001,161.3313635616436,6.16,15.0,214.78833643835327,4.1837183830326845,119.12265465753129,2.32031053636568,5133.91
IMOEX,2025,12,IMOEX-2025-12,MMZ5,2025-10-13,2025-12-18,66,48,LONG_QUARTERLY_SHORT_PERP,2.02422,1.8787874063926935,1.0774076902540772,726.5,1152.3999999999978,-1765.0,998.1375,4.49,-44.900000000000006,154.15795506849295,6.16,15.0,165.31954493150494,3.2201488715521878,73.2405673972583,1.4266040385838143,5133.91
IMOEX,2025,12,IMOEX-2025-12,MMZ5,2025-10-14,2025-12-18,65,47,LONG_QUARTERLY_SHORT_PERP,2.24506,1.765801742349169,1.271411136458185,657.0,1571.9000000000005,-2115.0,975.6869,0.34,-3.4000000000000004,151.76681890410939,6.16,15.0,256.26008109589117,4.991518766318287,165.37667164383637,3.221261604582791,5133.91
IMOEX,2025,12,IMOEX-2025-12,MMZ5,2025-10-15,2025-12-18,64,46,LONG_QUARTERLY_SHORT_PERP,1.44271,1.8315993103037516,0.7876777370923674,672.0,1521.9000000000005,-2080.0,961.2598,0.34,-3.4000000000000004,149.37568273972582,6.16,15.0,229.2241172602748,4.46490330489383,139.53627589041173,2.717933814391209,5133.91
IMOEX,2025,12,IMOEX-2025-12,MMZ5,2025-10-16,2025-12-18,63,45,LONG_QUARTERLY_SHORT_PERP,2.67815,1.9669878812785384,1.3615488054045395,717.0,846.9000000000005,-1450.0,934.4783,0.34,-3.4000000000000004,146.98454657534228,6.16,15.0,159.83375342465828,3.1132948069728195,71.341480136987,1.3896129877030763,5133.91
IMOEX,2025,12,IMOEX-2025-12,MMZ5,2025-10-17,2025-12-18,62,44,LONG_QUARTERLY_SHORT_PERP,3.5175,2.1335304782067244,1.6486757681364506,773.0,-339.1000000000031,-320.0,899.3033,0.34,-3.4000000000000004,144.5934104109587,6.16,15.0,71.04988958903823,1.383933290397343,-16.24681561644127,-0.31646085763952375,5133.91
IMOEX,2025,12,IMOEX-2025-12,MMZ5,2025-10-20,2025-12-18,59,43,LONG_QUARTERLY_SHORT_PERP,3.45613,2.0711162835297863,1.6687281286349342,732.0,-538.0999999999995,-80.0,864.742,0.0,-0.0,137.42000191780807,6.16,15.0,88.06199808219245,1.7153007762542087,4.3519971232882995,0.08476964191597242,5133.91
IMOEX,2025,12,IMOEX-2025-12,MMZ5,2025-10-21,2025-12-18,58,42,LONG_QUARTERLY_SHORT_PERP,3.84774,2.040925870841487,1.885291403755665,701.0,617.8999999999996,-1205.0,826.2646,0.0,-0.0,135.0288657534245,6.16,15.0,82.97573424657512,1.616228844030673,0.46130136986274906,0.008985380925313242,5133.91
IMOEX,2025,12,IMOEX-2025-12,MMZ5,2025-10-22,2025-12-18,57,41,LONG_QUARTERLY_SHORT_PERP,2.58352,2.056823730704978,1.256072633465045,689.5,424.40000000000055,-1000.0,800.4294,0.0,-0.0,132.63772958904096,6.16,15.0,71.03167041095958,1.3835784112101612,-10.287194383561005,-0.20037738066232177,5133.91
IMOEX,2025,12,IMOEX-2025-12,MMZ5,2025-10-23,2025-12-18,56,40,LONG_QUARTERLY_SHORT_PERP,2.88969,1.9885164835616433,1.4531888590756157,644.0,1294.8999999999978,-1825.0,771.5325,0.0,-0.0,130.2465934246574,6.16,15.0,90.02590657534046,1.7535544365861588,9.902609863011662,0.19288631594655267,5133.91
IMOEX,2025,12,IMOEX-2025-12,MMZ5,2025-10-24,2025-12-18,55,39,LONG_QUARTERLY_SHORT_PERP,2.03237,1.9308088647699329,1.0526003050240649,604.0,1599.8999999999978,-2090.0,751.2088,0.0,-0.0,127.85545726027382,6.16,15.0,112.093342739724,2.183391269806522,33.165614109586954,0.6460108203997919,5133.91
IMOEX,2025,12,IMOEX-2025-12,MMZ5,2025-10-27,2025-12-18,52,38,LONG_QUARTERLY_SHORT_PERP,2.30826,1.7009001283345346,1.3570814426712827,504.5,2369.4000000000005,-2760.0,728.1262,0.0,-0.0,120.68204876712316,6.16,15.0,195.68415123287744,3.811600733804789,120.34312684931572,2.344083298096689,5133.91
IMOEX,2025,12,IMOEX-2025-12,MMZ5,2025-10-28,2025-12-18,51,37,LONG_QUARTERLY_SHORT_PERP,2.00211,1.9081655138837466,1.0492328812321137,566.5,2127.399999999998,-2580.0,708.1051,0.0,-0.0,118.36124013698618,6.16,15.0,115.98385986301165,2.259172051380169,41.80323979451842,0.8142573553980965,5133.91
IMOEX,2025,12,IMOEX-2025-12,MMZ5,2025-10-29,2025-12-18,50,36,LONG_QUARTERLY_SHORT_PERP,1.26775,1.7769456430745811,0.7134433205320004,502.5,1906.3999999999987,-2295.0,695.4276,0.0,-0.0,116.0404315068492,6.16,15.0,169.62716849314953,3.3040541905321583,96.60695273972479,1.881742234276113,5133.91
IMOEX,2025,12,IMOEX-2025-12,MMZ5,2025-10-30,2025-12-18,49,35,LONG_QUARTERLY_SHORT_PERP,1.39588,1.9639417796477492,0.710754266987672,552.5,1516.3999999999987,-1955.0,681.4688,0.0,-0.0,113.71962287671222,6.16,15.0,107.98917712328651,2.1034489720950797,36.129365684930264,0.7037397555650619,5133.91
IMOEX,2025,12,IMOEX-2025-12,MMZ5,2025-10-31,2025-12-18,48,34,LONG_QUARTERLY_SHORT_PERP,1.24734,1.681055336019339,0.741998180115619,439.0,1954.8999999999978,-2280.0,668.9954,0.0,-0.0,111.39881424657524,6.16,15.0,211.3365857534226,4.116484039521975,140.63717863013485,2.739377562717984,5133.91
IMOEX,2025,12,IMOEX-2025-12,MMZ5,2025-11-01,2025-12-18,47,34,LONG_QUARTERLY_SHORT_PERP,2.02753,1.6654058988718772,1.2174389446881513,436.0,1882.8999999999996,-2205.0,648.7201,0.0,-0.0,109.07800561643826,6.16,15.0,196.3820943835614,3.825195501743533,126.84309157534213,2.470691764665569,5133.91
IMOEX,2025,12,IMOEX-2025-12,MMZ5,2025-11-03,2025-12-18,45,33,LONG_QUARTERLY_SHORT_PERP,2.06625,1.8639284495641342,1.1085457708868478,489.5,1444.4000000000005,-1820.0,628.0576,0.0,-0.0,104.4363883561643,6.16,15.0,126.86121164383624,2.4710447133634257,59.64301746575396,1.161746455737517,5133.91
IMOEX,2025,12,IMOEX-2025-12,MMZ5,2025-11-05,2025-12-18,43,31,LONG_QUARTERLY_SHORT_PERP,1.7918,1.7611444228899689,1.017406623052371,425.0,1753.8999999999987,-2065.0,610.1396,0.0,-0.0,99.79477109589034,6.16,15.0,178.08482890410838,3.4687953022960745,113.18744335616307,2.2047025241222205,5133.91
IMOEX,2025,12,IMOEX-2025-12,MMZ5,2025-11-06,2025-12-18,42,30,LONG_QUARTERLY_SHORT_PERP,2.70558,1.8537798748858445,1.459493673792639,437.5,1781.3999999999987,-2105.0,583.0838,0.0,-0.0,97.47396246575336,6.16,15.0,140.84983753424538,2.74351980331259,77.11285630136857,1.5020297648647631,5133.91
IMOEX,2025,12,IMOEX-2025-12,MMZ5,2025-11-07,2025-12-18,41,29,LONG_QUARTERLY_SHORT_PERP,2.00951,2.1734936339159185,0.9245529725244817,514.0,1464.8999999999978,-1865.0,562.9887,0.0,-0.0,95.15315383561638,6.16,15.0,46.575546164381436,0.9072139200800449,-16.00103075342688,-0.31167337864175415,5133.91
IMOEX,2025,12,IMOEX-2025-12,MMZ5,2025-11-10,2025-12-18,38,28,LONG_QUARTERLY_SHORT_PERP,1.80286,1.9423240283757337,0.9281973417729067,434.5,1624.4000000000005,-1945.0,544.9601,0.0,-0.0,88.19072794520544,6.16,15.0,115.00937205479514,2.2401906549743793,55.91400808219228,1.0891115754306617,5133.91
IMOEX,2025,12,IMOEX-2025-12,MMZ5,2025-11-11,2025-12-18,37,27,LONG_QUARTERLY_SHORT_PERP,0.88926,2.1352959974632166,0.41645748460937615,469.5,1514.4000000000005,-1870.0,536.0675,0.0,-0.0,85.86991931506846,6.16,15.0,73.43758068493209,1.4304415286775984,15.502621027397737,0.30196518885990864,5133.91
IMOEX,2025,12,IMOEX-2025-12,MMZ5,2025-11-12,2025-12-18,36,26,LONG_QUARTERLY_SHORT_PERP,1.25835,1.8200350410958903,0.6913877873704646,368.5,1915.3999999999996,-2170.0,523.484,0.0,-0.0,83.54911068493148,6.16,15.0,164.1748893150682,3.1978528901961316,107.40033397260234,2.091979290104469,5133.91
IMOEX,2025,12,IMOEX-2025-12,MMZ5,2025-11-13,2025-12-18,35,25,LONG_QUARTERLY_SHORT_PERP,2.05527,2.105553208219178,0.9761187663066915,424.0,1784.8999999999978,-2095.0,502.9313,0.0,-0.0,81.2283020547945,6.16,15.0,90.44299794520335,1.7616786804833615,34.828846917806004,0.6784078201177272,5133.91
IMOEX,2025,12,IMOEX-2025-12,MMZ5,2025-11-14,2025-12-18,34,24,LONG_QUARTERLY_SHORT_PERP,1.35675,1.9252812226027396,0.7047022450911579,362.0,2026.9000000000005,-2275.0,489.36379999999997,0.0,-0.0,78.90749342465752,6.16,15.0,141.19630657534302,2.750268442090785,86.74255986301416,1.6896003214511779,5133.91
IMOEX,2025,12,IMOEX-2025-12,MMZ5,2025-11-17,2025-12-18,31,23,LONG_QUARTERLY_SHORT_PERP,1.11471,2.0982829023228113,0.531248669455396,389.5,2149.4000000000005,-2425.0,478.2167,0.0,-0.0,71.94506753424658,6.16,15.0,109.51163246575399,2.1331038616912643,58.53909869863065,1.14024396022974,5133.91
IMOEX,2025,12,IMOEX-2025-12,MMZ5,2025-11-18,2025-12-18,30,22,LONG_QUARTERLY_SHORT_PERP,1.95301,2.3217466313823163,0.8411813647543536,420.0,1593.8999999999987,-1900.0,458.6866,0.0,-0.0,69.6242589041096,6.16,15.0,61.80234109588913,1.203806476854661,11.990211643834314,0.23354931511916482,5133.91
IMOEX,2025,12,IMOEX-2025-12,MMZ5,2025-11-19,2025-12-18,29,21,LONG_QUARTERLY_SHORT_PERP,1.99906,2.502206906066536,0.7989187445503929,437.0,746.9000000000005,-1070.0,438.696,0.0,-0.0,67.30345027397262,6.16,15.0,27.13254972602796,0.5284967933997277,-21.519175410958358,-0.4191576286097411,5133.91
IMOEX,2025,12,IMOEX-2025-12,MMZ5,2025-11-20,2025-12-18,28,20,LONG_QUARTERLY_SHORT_PERP,2.70987,2.2407132082191783,1.209378330997427,362.0,996.9000000000005,-1245.0,411.5973,0.0,-0.0,64.98264164383563,6.16,15.0,77.35465835616493,1.5067396654044372,29.863337534247123,0.581687983120996,5133.91
IMOEX,2025,12,IMOEX-2025-12,MMZ5,2025-11-21,2025-12-18,27,19,LONG_QUARTERLY_SHORT_PERP,1.92017,1.9095885948089404,1.005541196265952,279.0,514.8999999999978,-680.0,392.3956,0.0,-0.0,62.66183301369865,6.16,15.0,143.47376698629918,2.7946295705670567,97.14285047944986,1.8921806280096432,5133.91
IMOEX,2025,12,IMOEX-2025-12,MMZ5,2025-11-24,2025-12-18,24,18,LONG_QUARTERLY_SHORT_PERP,1.79397,2.121441150684932,0.8456374099374833,305.0,788.8999999999987,-980.0,374.4559,0.0,-0.0,55.699407123287685,6.16,15.0,106.49649287671103,2.074373973768746,63.64678931506721,1.239733250389415,5133.91
IMOEX,2025,12,IMOEX-2025-12,MMZ5,2025-11-25,2025-12-18,23,17,LONG_QUARTERLY_SHORT_PERP,1.82264,2.035521167606769,0.8954168735778559,271.5,512.3999999999978,-670.0,356.2295,0.0,-0.0,53.3785984931507,6.16,15.0,124.0909015068471,2.41708369462743,82.40160226027177,1.6050457109741265,5133.91
IMOEX,2025,12,IMOEX-2025-12,MMZ5,2025-11-26,2025-12-18,22,16,LONG_QUARTERLY_SHORT_PERP,1.44973,2.1419861866438357,0.6768157558809961,270.5,688.3999999999969,-845.0,341.7322,0.0,-0.0,51.05778986301371,6.16,15.0,112.91441013698318,2.1993842926148526,72.38551520547635,1.4099490486875765,5133.91
IMOEX,2025,12,IMOEX-2025-12,MMZ5,2025-11-27,2025-12-18,21,15,LONG_QUARTERLY_SHORT_PERP,2.53443,2.2026465415525114,1.1506294596924456,260.5,1168.399999999997,-1315.0,316.3879,0.0,-0.0,48.73698123287672,6.16,15.0,99.89091876712018,1.9457084126352078,60.52242815068186,1.178875908433959,5133.91
IMOEX,2025,12,IMOEX-2025-12,MMZ5,2025-11-28,2025-12-18,20,14,LONG_QUARTERLY_SHORT_PERP,1.32903,2.021972661448141,0.6572937534418224,215.5,663.3999999999969,-765.0,303.0976,0.0,-0.0,46.416172602739735,6.16,15.0,133.9214273972572,2.6085659350720443,95.71334109588733,1.8643361705968227,5133.91
IMOEX,2025,12,IMOEX-2025-12,MMZ5,2025-12-01,2025-12-18,17,13,LONG_QUARTERLY_SHORT_PERP,1.69776,2.1777980516332986,0.7795764160624162,222.5,551.3999999999987,-660.0,286.12,0.0,-0.0,39.45374671232877,6.16,15.0,116.90625328766995,2.2771387361225646,82.17937993150561,1.6007171908254256,5133.91
IMOEX,2025,12,IMOEX-2025-12,MMZ5,2025-12-02,2025-12-18,16,12,LONG_QUARTERLY_SHORT_PERP,1.68457,2.4816078173515987,0.6788220073378851,239.5,734.4000000000005,-860.0,269.2743,0.0,-0.0,37.132938082191785,6.16,15.0,85.38136191780875,1.6630864568683272,51.81489287671289,1.0092676512972159,5133.91
IMOEX,2025,12,IMOEX-2025-12,MMZ5,2025-12-03,2025-12-18,15,11,LONG_QUARTERLY_SHORT_PERP,1.63095,1.6361102677459527,0.9968460146924804,124.0,1004.8999999999978,-1015.0,252.9648,0.0,-0.0,34.8121294520548,6.16,15.0,186.89267054794303,3.640357360139602,154.48660582191565,3.0091412942945173,5133.91
IMOEX,2025,12,IMOEX-2025-12,MMZ5,2025-12-04,2025-12-18,14,10,LONG_QUARTERLY_SHORT_PERP,2.70449,2.416513208219178,1.1191703777166784,188.0,885.8999999999969,-960.0,225.91989999999998,0.0,-0.0,32.49132082191781,6.16,15.0,98.16857917807909,1.9121601114565523,66.9229187671202,1.3035467853374951,5133.91
IMOEX,2025,12,IMOEX-2025-12,MMZ5,2025-12-05,2025-12-18,13,9,LONG_QUARTERLY_SHORT_PERP,2.2081,2.8814501354642315,0.7663155342593677,208.0,320.8999999999969,-415.0,203.8389,0.0,-0.0,30.170512191780826,6.16,15.0,58.40838780821608,1.137697930197765,28.32313171232569,0.5516873438047354,5133.91
IMOEX,2025,12,IMOEX-2025-12,MMZ5,2025-12-08,2025-12-18,10,8,LONG_QUARTERLY_SHORT_PERP,2.07792,2.104601078767123,0.9873225006694605,124.0,469.8999999999978,-480.0,183.0597,0.0,-0.0,23.208086301369864,6.16,15.0,128.59161369862795,2.5047500579213104,101.98757054794302,1.9865476907063626,5133.91
IMOEX,2025,12,IMOEX-2025-12,MMZ5,2025-12-09,2025-12-18,9,7,LONG_QUARTERLY_SHORT_PERP,2.33633,2.264961109589041,1.0315099849215108,116.5,502.3999999999978,-505.0,159.69639999999998,0.0,-0.0,20.887277671232876,6.16,15.0,115.04912232876492,2.240964923981233,89.6054834931485,1.7453652964923128,5133.91
IMOEX,2025,12,IMOEX-2025-12,MMZ5,2025-12-10,2025-12-18,8,6,LONG_QUARTERLY_SHORT_PERP,2.09022,2.7621078173515983,0.7567481569217573,126.0,312.89999999999964,-325.0,138.7942,0.0,-0.0,18.56646904109589,6.16,15.0,86.96773095890374,1.6939862786629245,62.68449643835581,1.2209893909000316,5133.91
IMOEX,2025,12,IMOEX-2025-12,MMZ5,2025-12-11,2025-12-18,7,5,LONG_QUARTERLY_SHORT_PERP,2.66635,3.1981132082191777,0.8337259585268771,122.5,31.399999999998727,-40.0,112.13069999999999,0.0,-0.0,16.2456604109589,6.16,15.0,66.12503958903982,1.2880054303452888,43.00220938356037,0.8376112823084233,5133.91
IMOEX,2025,12,IMOEX-2025-12,MMZ5,2025-12-12,2025-12-18,6,4,LONG_QUARTERLY_SHORT_PERP,1.59373,1.177121294520548,1.3539216454742165,12.0,236.90000000000055,-135.0,96.1934,0.0,-0.0,13.924851780821916,6.16,15.0,163.00854821917864,3.175134511886236,141.04612232876767,2.747343103575397,5133.91
IMOEX,2026,3,IMOEX-2026-03,MMH6,2026-01-05,2026-03-19,73,53,LONG_QUARTERLY_SHORT_PERP,1.80323,1.344839559317653,1.3408513956229293,529.5,648.100000000004,-1120.0,816.132,45.37,-453.7,162.10496643835603,6.16,15.0,-292.7329664383521,-5.701949711591206,-388.7854496575307,-7.572891804833562,5133.91
IMOEX,2026,3,IMOEX-2026-03,MMH6,2026-01-06,2026-03-19,72,52,LONG_QUARTERLY_SHORT_PERP,2.165,1.5086817025816646,1.435027677670671,603.5,689.1000000000031,-1235.0,794.482,34.3,-343.0,159.85448534246564,6.16,15.0,-275.4324853424626,-5.364965208631679,-370.35972801369604,-7.213989493654857,5133.91
IMOEX,2026,3,IMOEX-2026-03,MMH6,2026-01-08,2026-03-19,70,50,LONG_QUARTERLY_SHORT_PERP,3.13494,1.5890270463013696,1.9728676156248617,618.0,944.6000000000004,-1505.0,763.1326,32.85,-328.5,155.35352315068482,6.16,15.0,-302.2809231506845,-5.887927975961489,-394.9576847260275,-7.69311664454631,5133.91
IMOEX,2026,3,IMOEX-2026-03,MMH6,2026-01-09,2026-03-19,69,49,LONG_QUARTERLY_SHORT_PERP,1.94677,1.568904167458764,1.24084698121064,594.5,903.100000000004,-1440.0,743.6649,30.8,-308.0,153.1030420547944,6.16,15.0,-275.49814205479043,-5.3662440918284595,-367.04966308218826,-7.149514952194103,5133.91
IMOEX,2026,3,IMOEX-2026-03,MMH6,2026-01-12,2026-03-19,66,48,LONG_QUARTERLY_SHORT_PERP,1.83817,2.1083574974315065,0.871849296070206,844.5,883.100000000004,-1670.0,725.2832,0.0,-0.0,146.3515987671232,6.16,15.0,-229.12839876711922,-4.463038868369707,-317.3041981506814,-6.1805563040778155,5133.91
IMOEX,2026,3,IMOEX-2026-03,MMH6,2026-01-13,2026-03-19,65,47,LONG_QUARTERLY_SHORT_PERP,1.25044,2.0175768461090056,0.6197731711738931,783.0,994.6000000000004,-1720.0,712.7788,0.0,-0.0,144.10111767123277,6.16,15.0,-177.88231767123236,-3.464850721404005,-264.93287650684925,-5.160450348892934,5133.91
IMOEX,2026,3,IMOEX-2026-03,MMH6,2026-01-14,2026-03-19,64,46,LONG_QUARTERLY_SHORT_PERP,1.46417,2.110892688207266,0.693625975484091,808.0,914.6000000000004,-1665.0,698.1371,0.0,-0.0,141.85063657534238,6.16,15.0,-215.27353657534198,-4.1931692720624625,-301.19885486301365,-5.866851091332214,5133.91
IMOEX,2026,3,IMOEX-2026-03,MMH6,2026-01-15,2026-03-19,63,45,LONG_QUARTERLY_SHORT_PERP,2.2787,2.1472447899543377,1.0612204116925383,805.5,927.1000000000004,-1675.0,675.3501,0.0,-0.0,139.60015547945196,6.16,15.0,-233.3100554794516,-4.544490563322139,-318.11013321917807,-6.196254574372712,5133.91
IMOEX,2026,3,IMOEX-2026-03,MMH6,2026-01-16,2026-03-19,62,44,LONG_QUARTERLY_SHORT_PERP,1.31493,2.276158350871731,0.5776970655386975,843.0,564.6000000000004,-1350.0,662.2008,0.0,-0.0,137.34967438356156,6.16,15.0,-281.7088743835613,-5.4872187939321355,-365.3837115753425,-7.1170649967635295,5133.91
IMOEX,2026,3,IMOEX-2026-03,MMH6,2026-01-19,2026-03-19,59,43,LONG_QUARTERLY_SHORT_PERP,1.59034,2.13664704906021,0.7443157262213712,767.0,475.600000000004,-1185.0,646.2974,0.0,-0.0,130.59823109589033,6.16,15.0,-214.86083109588628,-4.185130457991789,-295.15994664383186,-5.749223236165649,5133.91
IMOEX,2026,3,IMOEX-2026-03,MMH6,2026-01-20,2026-03-19,58,42,LONG_QUARTERLY_SHORT_PERP,1.49806,2.216685119047619,0.675810915644902,781.5,586.1000000000013,-1310.0,631.3168,0.0,-0.0,128.34774999999993,6.16,15.0,-242.0909499999987,-4.715527736169873,-321.26482499999906,-6.257702706124553,5133.91
IMOEX,2026,3,IMOEX-2026-03,MMH6,2026-01-21,2026-03-19,57,41,LONG_QUARTERLY_SHORT_PERP,1.59889,2.2969689485466085,0.6960869022681768,794.5,248.100000000004,-985.0,615.3279,0.0,-0.0,126.09726890410951,6.16,15.0,-268.82936890410554,-5.236347518832733,-346.8780033561606,-6.756604680568234,5133.91
IMOEX,2026,3,IMOEX-2026-03,MMH6,2026-01-22,2026-03-19,56,40,LONG_QUARTERLY_SHORT_PERP,1.86866,2.1775169695205476,0.858160935669515,726.0,341.6000000000031,-1010.0,596.6413,0.0,-0.0,123.8467878082191,6.16,15.0,-216.76548780821602,-4.222229992505051,-293.6888817123259,-5.720569346021374,5133.91
IMOEX,2026,3,IMOEX-2026-03,MMH6,2026-01-23,2026-03-19,55,39,LONG_QUARTERLY_SHORT_PERP,1.51039,2.2096315556726376,0.6835483481951902,719.0,253.60000000000127,-915.0,581.5374,0.0,-0.0,121.5963067123287,6.16,15.0,-222.61890671232737,-4.3362448253344406,-298.41706006849205,-5.812666370631586,5133.91
IMOEX,2026,3,IMOEX-2026-03,MMH6,2026-01-26,2026-03-19,52,38,LONG_QUARTERLY_SHORT_PERP,1.45031,2.0329075353280457,0.713416608869998,636.5,431.1000000000013,-1010.0,567.0343,0.0,-0.0,114.84486342465748,6.16,15.0,-147.87056342465618,-2.8802718283853084,-220.29299513698516,-4.290939949024917,5133.91
IMOEX,2026,3,IMOEX-2026-03,MMH6,2026-01-27,2026-03-19,51,37,LONG_QUARTERLY_SHORT_PERP,1.64219,2.179065898185857,0.7536210820274764,672.5,260.1000000000022,-875.0,550.6124,0.0,-0.0,112.59438232876707,6.16,15.0,-198.0419823287649,-3.857527349111397,-269.3391734931487,-5.2462776615318285,5133.91
IMOEX,2026,3,IMOEX-2026-03,MMH6,2026-01-28,2026-03-19,50,36,LONG_QUARTERLY_SHORT_PERP,1.74739,2.1500108367579904,0.8127354384105785,642.5,225.10000000000218,-810.0,533.1385,0.0,-0.0,110.34390123287666,6.16,15.0,-183.26540123287444,-3.5697042065964233,-253.437351849313,-4.936536710797677,5133.91
IMOEX,2026,3,IMOEX-2026-03,MMH6,2026-01-29,2026-03-19,49,35,LONG_QUARTERLY_SHORT_PERP,2.02061,2.283581200391389,0.8848426321138404,670.0,97.60000000000218,-710.0,512.9324,0.0,-0.0,108.09342013698625,6.16,15.0,-228.72102013698404,-4.455103812435046,-297.7677302054774,-5.8000185084171205,5133.91
IMOEX,2026,3,IMOEX-2026-03,MMH6,2026-01-30,2026-03-19,48,34,LONG_QUARTERLY_SHORT_PERP,1.57079,2.2073615854149877,0.711614268536203,623.5,299.1000000000031,-865.0,497.2245,0.0,-0.0,105.84293904109585,6.16,15.0,-195.6784390410928,-3.811489469840585,-263.59990856164086,-5.134486357603481,5133.91
IMOEX,2026,3,IMOEX-2026-03,MMH6,2026-02-02,2026-03-19,45,33,LONG_QUARTERLY_SHORT_PERP,1.76146,2.200762108343711,0.8003863722125202,606.0,456.6000000000031,-1005.0,479.6099,0.0,-0.0,99.09149575342462,6.16,15.0,-189.04159575342155,-3.6822148372959704,-253.58734363013397,-4.939458300401331,5133.91
IMOEX,2026,3,IMOEX-2026-03,MMH6,2026-02-03,2026-03-19,44,32,LONG_QUARTERLY_SHORT_PERP,1.24805,2.323440670804794,0.5371559582658507,625.5,262.10000000000036,-830.0,467.1294,0.0,-0.0,96.84101465753422,6.16,15.0,-218.7716146575339,-4.261305995966698,-282.19212198630106,-5.49663165085288,5133.91
IMOEX,2026,3,IMOEX-2026-03,MMH6,2026-02-04,2026-03-19,43,31,LONG_QUARTERLY_SHORT_PERP,1.39941,2.1056468824569157,0.6645986141641838,537.0,445.600000000004,-925.0,453.13530000000003,0.0,-0.0,94.5905335616438,6.16,15.0,-142.01523356163977,-2.7662197732652065,-204.31050034246175,-3.9796276199322107,5133.91
IMOEX,2026,3,IMOEX-2026-03,MMH6,2026-02-05,2026-03-19,42,30,LONG_QUARTERLY_SHORT_PERP,2.67641,1.9550001748858445,1.3690075501687768,473.0,904.6000000000004,-1320.0,426.3712,0.0,-0.0,92.34005246575339,6.16,15.0,-102.52885246575303,-1.9970909592445727,-163.69887869862978,-3.188580997692398,5133.91
IMOEX,2026,3,IMOEX-2026-03,MMH6,2026-02-06,2026-03-19,41,29,LONG_QUARTERLY_SHORT_PERP,1.32549,2.102584728861596,0.6304097912466343,498.5,894.1000000000031,-1335.0,413.1163,0.0,-0.0,90.08957136986298,6.16,15.0,-139.03327136985985,-2.708136125679255,-199.0780570547914,-3.877708355907903,5133.91
IMOEX,2026,3,IMOEX-2026-03,MMH6,2026-02-09,2026-03-19,38,28,LONG_QUARTERLY_SHORT_PERP,1.36524,1.9642790288649703,0.6950336382651725,445.5,1047.1000000000004,-1435.0,399.4639,0.0,-0.0,83.33812808219174,6.16,15.0,-92.93422808219135,-1.8102036865116715,-149.60329212328725,-2.914022492082784,5133.91
IMOEX,2026,3,IMOEX-2026-03,MMH6,2026-02-10,2026-03-19,37,27,LONG_QUARTERLY_SHORT_PERP,1.49154,2.1009172110603753,0.7099470612871935,465.0,1112.6000000000022,-1520.0,384.5485,0.0,-0.0,81.08764698630134,6.16,15.0,-125.09914698629916,-2.436722634138486,-180.64297047944982,-3.5186236314904202,5133.91
IMOEX,2026,3,IMOEX-2026-03,MMH6,2026-02-11,2026-03-19,36,26,LONG_QUARTERLY_SHORT_PERP,1.66252,2.3730660226554265,0.7005789068353286,517.0,650.600000000004,-1110.0,367.9233,0.0,-0.0,78.83716589041093,6.16,15.0,-191.47386589040693,-3.7295914009089937,-245.89244883561238,-4.78957459004175,5133.91
IMOEX,2026,3,IMOEX-2026-03,MMH6,2026-02-12,2026-03-19,35,25,LONG_QUARTERLY_SHORT_PERP,2.46339,2.350986739178082,1.0478110994625238,490.0,602.6000000000022,-1035.0,343.2894,0.0,-0.0,76.58668479452052,6.16,15.0,-186.85728479451834,-3.6396681047100228,-240.15062719177857,-4.6777334856236,5133.91
IMOEX,2026,3,IMOEX-2026-03,MMH6,2026-02-13,2026-03-19,34,24,LONG_QUARTERLY_SHORT_PERP,1.86301,2.302067515410959,0.8092768728667893,457.0,525.600000000004,-925.0,324.6593,0.0,-0.0,74.33620369863011,6.16,15.0,-170.23690369862615,-3.315930814888188,-222.40500554794116,-4.332078387582587,5133.91
IMOEX,2026,3,IMOEX-2026-03,MMH6,2026-02-16,2026-03-19,31,23,LONG_QUARTERLY_SHORT_PERP,1.15253,2.029325045265039,0.5679376020559952,378.0,544.6000000000004,-865.0,313.134,0.0,-0.0,67.58476041095888,6.16,15.0,-96.0107604109585,-1.8701294025598132,-144.80314061643793,-2.8205235505966786,5133.91
IMOEX,2026,3,IMOEX-2026-03,MMH6,2026-02-17,2026-03-19,30,22,LONG_QUARTERLY_SHORT_PERP,1.69695,2.2093845765877957,0.7680645633096584,399.5,693.100000000004,-1035.0,296.1645,0.0,-0.0,65.40460684931504,6.16,15.0,-132.30010684931108,-2.5769853162465073,-180.0024102739686,-3.506146587571044,5133.91
IMOEX,2026,3,IMOEX-2026-03,MMH6,2026-02-18,2026-03-19,29,21,LONG_QUARTERLY_SHORT_PERP,1.32191,2.2399259680365295,0.5901578975660332,386.0,571.6000000000031,-900.0,282.9454,0.0,-0.0,63.22445328767121,6.16,15.0,-129.8390532876681,-2.5290480995511824,-176.4512799315037,-3.43697649416339,5133.91
IMOEX,2026,3,IMOEX-2026-03,MMH6,2026-02-19,2026-03-19,28,20,LONG_QUARTERLY_SHORT_PERP,2.24833,2.093521498630137,1.073946458859467,336.5,681.1000000000013,-960.0,260.4621,0.0,-0.0,61.044299726027376,6.16,15.0,-100.64219972602608,-1.960342112074931,-146.16434958903977,-2.8470376299748104,5133.91
IMOEX,2026,3,IMOEX-2026-03,MMH6,2026-02-20,2026-03-19,27,19,LONG_QUARTERLY_SHORT_PERP,1.46688,2.2053902429704397,0.6651339846431258,339.0,603.6000000000013,-885.0,245.7933,0.0,-0.0,58.86414616438354,6.16,15.0,-115.63084616438228,-2.2522959335941275,-160.06291924657404,-3.117758574781678,5133.91
IMOEX,2026,3,IMOEX-2026-03,MMH6,2026-02-24,2026-03-19,23,17,LONG_QUARTERLY_SHORT_PERP,1.27559,2.1047266583400486,0.6060596966097391,286.5,686.1000000000013,-915.0,233.0374,0.0,-0.0,50.143531917808204,6.16,15.0,-67.16613191780694,-1.3082841716704605,-107.23789787671103,-2.088815306008696,5133.91
IMOEX,2026,3,IMOEX-2026-03,MMH6,2026-02-25,2026-03-19,22,16,LONG_QUARTERLY_SHORT_PERP,1.47454,2.2851461147260275,0.6452716482756669,296.5,496.1000000000013,-735.0,218.292,0.0,-0.0,47.96337835616437,6.16,15.0,-89.73137835616309,-1.7478175183468954,-128.71306753424528,-2.507115775972802,5133.91
IMOEX,2026,3,IMOEX-2026-03,MMH6,2026-02-26,2026-03-19,21,15,LONG_QUARTERLY_SHORT_PERP,1.93998,2.1362881652968038,0.908107825299154,253.5,639.1000000000031,-835.0,198.8922,0.0,-0.0,45.783224794520535,6.16,15.0,-63.95102479451744,-1.2456592498605825,-101.8426371917777,-1.9837246307741605,5133.91
IMOEX,2026,3,IMOEX-2026-03,MMH6,2026-02-27,2026-03-19,20,14,LONG_QUARTERLY_SHORT_PERP,1.5466,2.616164794520548,0.5911707103617064,301.5,456.1000000000013,-700.0,183.4262,0.0,-0.0,43.6030712328767,6.16,15.0,-125.23687123287543,-2.439405272645516,-162.0384068493138,-3.156237776846766,5133.91
IMOEX,2026,3,IMOEX-2026-03,MMH6,2026-03-02,2026-03-19,17,13,LONG_QUARTERLY_SHORT_PERP,0.49678,1.9440200811380401,0.2555426277845763,194.5,198.100000000004,-335.0,178.45839999999998,0.0,-0.0,37.0626105479452,6.16,15.0,-16.664210547941213,-0.3245910144108723,-50.1955158219138,-0.977724888475135,5133.91
IMOEX,2026,3,IMOEX-2026-03,MMH6,2026-03-03,2026-03-19,16,12,LONG_QUARTERLY_SHORT_PERP,0.5146,1.9378538082191779,0.2655515074549922,176.5,321.1000000000013,-440.0,173.3124,0.0,-0.0,34.882456986301364,6.16,15.0,-1.6300569863000938,-0.031750790066442415,-34.071285479450765,-0.6636517874183764,5133.91
IMOEX,2026,3,IMOEX-2026-03,MMH6,2026-03-04,2026-03-19,15,11,LONG_QUARTERLY_SHORT_PERP,0.65031,2.1487482129514324,0.3026459759595383,182.5,465.1000000000022,-590.0,166.8093,0.0,-0.0,32.70230342465753,6.16,15.0,-11.95300342465534,-0.2328245610977859,-43.30415513698409,-0.843492681737391,5133.91
IMOEX,2026,3,IMOEX-2026-03,MMH6,2026-03-05,2026-03-19,14,10,LONG_QUARTERLY_SHORT_PERP,2.41346,2.596821498630137,0.9293900259502385,208.0,289.60000000000036,-440.0,142.6747,0.0,-0.0,30.52214986301369,6.16,15.0,-59.407449863013326,-1.1571579919206478,-89.66852479452017,-1.7465932358479244,5133.91
IMOEX,2026,3,IMOEX-2026-03,MMH6,2026-03-06,2026-03-19,13,9,LONG_QUARTERLY_SHORT_PERP,0.73899,2.283355514459665,0.3236421114978564,156.0,51.60000000000309,-150.0,135.2848,0.0,-0.0,28.341996301369857,6.16,15.0,-12.617196301366775,-0.24576193001760402,-41.7881944520517,-0.8139642972325518,5133.91
IMOEX,2026,3,IMOEX-2026-03,MMH6,2026-03-09,2026-03-19,10,8,LONG_QUARTERLY_SHORT_PERP,0.52689,2.055769195205479,0.2562982270718071,121.5,-258.8999999999987,195.0,130.0159,0.0,-0.0,21.801535616438354,6.16,15.0,23.154364383562907,0.4510083812058043,-2.746403424656261,-0.053495355872157105,5133.91
IMOEX,2026,3,IMOEX-2026-03,MMH6,2026-03-10,2026-03-19,9,7,LONG_QUARTERLY_SHORT_PERP,1.15909,2.361162600782779,0.4908980006780284,124.5,83.100000000004,-150.0,118.425,0.0,-0.0,19.62138205479452,6.16,15.0,10.743617945209479,0.20926775002307169,-14.067073082187772,-0.274003110342561,5133.91
IMOEX,2026,3,IMOEX-2026-03,MMH6,2026-03-11,2026-03-19,8,6,LONG_QUARTERLY_SHORT_PERP,1.49996,2.4516871415525117,0.6118072630793185,108.5,99.10000000000309,-150.0,103.4254,0.0,-0.0,17.441228493150685,6.16,15.0,13.9241715068524,0.2712196261105551,-9.79644273972293,-0.19081835754274873,5133.91
IMOEX,2026,3,IMOEX-2026-03,MMH6,2026-03-12,2026-03-19,7,5,LONG_QUARTERLY_SHORT_PERP,2.1882,2.8884214986301373,0.7575764136355362,108.0,-80.39999999999964,30.0,81.54339999999999,0.0,-0.0,15.261074931506851,6.16,15.0,-5.277674931506496,-0.10280030096956308,-27.908212397259913,-0.5436054079105382,5133.91
IMOEX,2026,3,IMOEX-2026-03,MMH6,2026-03-13,2026-03-19,6,4,LONG_QUARTERLY_SHORT_PERP,1.16919,1.6560230342465754,0.706022788222831,32.0,-4.399999999995998,30.0,69.85149999999999,0.0,-0.0,13.080921369863015,6.16,15.0,61.21057863014097,1.1922799314779762,39.67011794520948,0.7727077012493301,5133.91
IMOEX,2026,6,IMOEX-2026-06,MMM6,2026-03-20,2026-06-18,90,64,LONG_QUARTERLY_SHORT_PERP,1.41846,1.4462473332619865,0.9807865967162667,718.0,-5062.7,4240.0,981.6345,42.22,-422.2,186.43829328767143,6.16,15.0,-470.8637932876713,-9.17164097710461,-579.0829399315065,-11.279569371716812,5133.91
IMOEX,2026,6,IMOEX-2026-06,MMM6,2026-03-23,2026-06-18,87,63,LONG_QUARTERLY_SHORT_PERP,1.28475,1.4072346549249841,0.9129607457460509,685.5,-4715.2,3925.0,968.787,42.22,-422.2,179.89783260273992,6.16,15.0,-444.6708326027397,-8.661445810361688,-549.6197489041094,-10.705675574836906,5133.91
IMOEX,2026,6,IMOEX-2026-06,MMM6,2026-03-24,2026-06-18,86,62,LONG_QUARTERLY_SHORT_PERP,1.50352,1.4458838815731334,1.0398622041239978,697.5,-4767.199999999998,3965.0,953.7518,42.22,-422.2,177.78800657534265,6.16,15.0,-469.59620657534066,-9.146950503131935,-573.4902098630117,-11.170632322401673,5133.91
IMOEX,2026,6,IMOEX-2026-06,MMM6,2026-03-25,2026-06-18,85,61,LONG_QUARTERLY_SHORT_PERP,1.16043,1.4325216074556482,0.8100610796796849,677.0,-4771.699999999996,3990.0,942.1475,42.22,-422.2,175.6781805479454,6.16,15.0,-458.59068054794153,-8.932581220705886,-561.4297708219141,-10.935715094770147,5133.91
IMOEX,2026,6,IMOEX-2026-06,MMM6,2026-03-26,2026-06-18,84,60,LONG_QUARTERLY_SHORT_PERP,2.26858,1.3628805908675803,1.6645478813047525,623.0,-4527.7,3800.0,919.4617,42.22,-422.2,173.56835452054813,6.16,15.0,-425.166654520548,-8.281536967351357,-526.950831780822,-10.26412289621014,5133.91
IMOEX,2026,6,IMOEX-2026-06,MMM6,2026-03-27,2026-06-18,83,59,LONG_QUARTERLY_SHORT_PERP,1.95936,1.2281669974460183,1.5953530782658243,532.0,-4126.699999999996,3490.0,899.8681,42.22,-422.2,171.45852849315088,6.16,15.0,-351.65042849314705,-6.8495635586355625,-452.37969273972243,-8.81160154228887,5133.91
IMOEX,2026,6,IMOEX-2026-06,MMM6,2026-03-30,2026-06-18,80,58,LONG_QUARTERLY_SHORT_PERP,2.32408,1.3677397420878603,1.699212158924535,607.0,-4306.699999999996,3595.0,876.6273,42.22,-422.2,165.12905041095908,6.16,15.0,-443.5617504109553,-8.639842739957563,-541.1262756164349,-10.54023688799443,5133.91
IMOEX,2026,6,IMOEX-2026-06,MMM6,2026-03-31,2026-06-18,79,57,LONG_QUARTERLY_SHORT_PERP,2.2783,1.2468056568132662,1.8273096432872704,526.5,-3976.199999999999,3345.0,853.8443,42.22,-422.2,163.01922438356183,6.16,15.0,-383.7349243835608,-7.474516000155063,-480.24453657534167,-9.35436220298645,5133.91
IMOEX,2026,6,IMOEX-2026-06,MMM6,2026-04-01,2026-06-18,78,56,LONG_QUARTERLY_SHORT_PERP,2.57355,1.3670882113502938,1.8825047123024092,583.5,-4028.199999999997,3340.0,828.1088,42.22,-422.2,160.90939835616456,6.16,15.0,-464.3605983561617,-9.044969591523063,-559.8152975342439,-10.90426784914897,5133.91
IMOEX,2026,6,IMOEX-2026-06,MMM6,2026-04-02,2026-06-18,77,55,LONG_QUARTERLY_SHORT_PERP,3.48831,1.2717446769613951,2.7429326524367204,519.5,-3959.199999999996,3335.0,793.2257,42.22,-422.2,158.7995723287673,6.16,15.0,-433.1338723287635,-8.436725075600538,-527.5336584931472,-10.275475388020967,5133.91
IMOEX,2026,6,IMOEX-2026-06,MMM6,2026-04-03,2026-06-18,76,54,LONG_QUARTERLY_SHORT_PERP,2.09223,1.2052773079655001,1.7358909739466262,473.0,-3772.7,3195.0,772.3034,42.22,-422.2,156.68974630137004,6.16,15.0,-405.44634630136983,-7.897418269922336,-498.7912194520549,-9.715620637137286,5133.91
IMOEX,2026,6,IMOEX-2026-06,MMM6,2026-04-06,2026-06-18,73,53,LONG_QUARTERLY_SHORT_PERP,1.42741,1.2594722041871287,1.1333398190563955,496.0,-4040.699999999997,3440.0,758.0293,42.22,-422.2,150.36026821917827,6.16,15.0,-436.39096821917536,-8.500167868528576,-526.5711023287645,-10.256726400127086,5133.91
IMOEX,2026,6,IMOEX-2026-06,MMM6,2026-04-07,2026-06-18,72,52,LONG_QUARTERLY_SHORT_PERP,1.18176,1.2440585426765018,0.9499231422482167,477.5,-4142.199999999998,3560.0,746.2117,42.22,-422.2,148.250442191781,6.16,15.0,-427.5987421917791,-8.328909976835961,-516.7239632876696,-10.064920563228991,5133.91
IMOEX,2026,6,IMOEX-2026-06,MMM6,2026-04-08,2026-06-18,71,51,LONG_QUARTERLY_SHORT_PERP,1.3586,1.2456874826752622,1.090642732543354,468.0,-3812.7,3240.0,732.6257,42.22,-422.2,146.14061616438374,6.16,15.0,-429.5749161643835,-8.367402548240689,-517.6452242465755,-10.082865189428244,5133.91
IMOEX,2026,6,IMOEX-2026-06,MMM6,2026-04-09,2026-06-18,70,50,LONG_QUARTERLY_SHORT_PERP,2.70231,1.207381580273973,2.2381573846660854,438.5,-3468.199999999997,2925.0,705.6025999999999,42.22,-422.2,144.03079013698647,6.16,15.0,-424.98819013698363,-8.27806077895763,-512.0035852054768,-9.972975474939702,5133.91
IMOEX,2026,6,IMOEX-2026-06,MMM6,2026-04-10,2026-06-18,69,49,LONG_QUARTERLY_SHORT_PERP,1.25021,1.1328182941012024,1.1036280103438285,392.0,-3341.699999999996,2845.0,693.1005,42.22,-422.2,141.92096410958922,6.16,15.0,-388.8804641095854,-7.574742527811851,-474.84094616438,-9.249109278588445,5133.91
IMOEX,2026,6,IMOEX-2026-06,MMM6,2026-04-13,2026-06-18,66,48,LONG_QUARTERLY_SHORT_PERP,1.47708,1.096357262557078,1.3472615637670398,369.5,-3289.199999999996,2815.0,678.3297,37.65,-376.5,135.59148602739742,6.16,15.0,-329.1217860273936,-6.410743196265491,-411.91752904109234,-8.023466111425645,5133.91
IMOEX,2026,6,IMOEX-2026-06,MMM6,2026-04-14,2026-06-18,65,47,LONG_QUARTERLY_SHORT_PERP,1.69146,1.1790248085106385,1.4346263011519471,399.5,-3349.199999999996,2845.0,661.4150999999999,37.65,-376.5,133.48166000000018,6.16,15.0,-373.9265599999964,-7.283465428883569,-455.6673899999965,-8.875640398838245,5133.91
IMOEX,2026,6,IMOEX-2026-06,MMM6,2026-04-15,2026-06-18,64,46,LONG_QUARTERLY_SHORT_PERP,1.70448,1.2522431173317452,1.361141440035919,423.5,-3523.199999999997,2995.0,644.3703,37.65,-376.5,131.3718339726029,6.16,15.0,-412.86153397259994,-8.041853752258998,-493.5474509589014,-9.613480777008194,5133.91
IMOEX,2026,6,IMOEX-2026-06,MMM6,2026-04-16,2026-06-18,63,45,LONG_QUARTERLY_SHORT_PERP,2.10294,1.1209377954337902,1.876054147309919,354.0,-3458.699999999999,3000.0,623.3409,37.65,-376.5,129.26200794520562,6.16,15.0,-362.2811079452045,-7.056631455269073,-441.9121119178073,-8.60771053481279,5133.91
IMOEX,2026,6,IMOEX-2026-06,MMM6,2026-04-17,2026-06-18,62,44,LONG_QUARTERLY_SHORT_PERP,0.95,1.0063913225404737,0.9439668036901164,294.5,-3229.199999999996,2830.0,613.8409,37.65,-376.5,127.15218191780838,6.16,15.0,-310.17128191780455,-6.041618998342483,-388.74737287670865,-7.572150132680719,5133.91
IMOEX,2026,6,IMOEX-2026-06,MMM6,2026-04-20,2026-06-18,59,43,LONG_QUARTERLY_SHORT_PERP,0.58739,1.1232155903153875,0.5229539235963301,341.0,-3570.699999999997,3125.0,607.967,37.65,-376.5,120.82270383561658,6.16,15.0,-356.21570383561374,-6.938487504370232,-431.627055753422,-8.40737480309203,5133.91
IMOEX,2026,6,IMOEX-2026-06,MMM6,2026-04-21,2026-06-18,58,42,LONG_QUARTERLY_SHORT_PERP,1.01019,1.106840185257665,0.9126791866206361,325.0,-3594.699999999998,3165.0,597.8651,37.65,-376.5,118.71287780821932,6.16,15.0,-348.2077778082174,-6.782506467939979,-422.564216712327,-8.230845821456297,5133.91
IMOEX,2026,6,IMOEX-2026-06,MMM6,2026-04-22,2026-06-18,57,41,LONG_QUARTERLY_SHORT_PERP,1.05497,1.231129394587371,0.8569123640765534,367.0,-3676.699999999996,3205.0,587.3154,37.65,-376.5,116.60305178082206,6.16,15.0,-398.6476517808183,-7.764991045437461,-471.9491776712293,-9.192782453748299,5133.91
IMOEX,2026,6,IMOEX-2026-06,MMM6,2026-04-23,2026-06-18,56,40,LONG_QUARTERLY_SHORT_PERP,2.41028,1.1641330643835621,2.070450598597424,330.0,-3739.699999999998,3305.0,563.2126,37.65,-376.5,114.4932257534248,6.16,15.0,-383.64062575342285,-7.472679220193242,-455.8872386301352,-8.8799226832986,5133.91
IMOEX,2026,6,IMOEX-2026-06,MMM6,2026-04-24,2026-06-18,55,39,LONG_QUARTERLY_SHORT_PERP,0.98371,1.0360087172462245,0.9495190374601888,270.5,-3295.2,2920.0,553.3755,37.65,-376.5,112.38339972602752,6.16,15.0,-331.86789972602736,-6.464232908758186,-403.05959958904106,-7.850928426658064,5133.91
IMOEX,2026,6,IMOEX-2026-06,MMM6,2026-04-27,2026-06-18,52,38,LONG_QUARTERLY_SHORT_PERP,1.00897,1.1624050569574624,0.8680020737701614,314.5,-3334.199999999996,2915.0,543.2858,33.37,-333.7,106.05392164383574,6.16,15.0,-336.82812164383193,-6.560849754745057,-404.8550824657497,-7.885901437028497,5133.91
IMOEX,2026,6,IMOEX-2026-06,MMM6,2026-04-28,2026-06-18,51,37,LONG_QUARTERLY_SHORT_PERP,1.6169,1.1991200625694192,1.3484054270056838,318.5,-2978.199999999997,2555.0,527.1168,33.37,-333.7,104.01442315068505,6.16,15.0,-354.95762315068214,-6.913982191948868,-421.9648347260246,-8.21917086053368,5133.91
IMOEX,2026,6,IMOEX-2026-06,MMM6,2026-04-29,2026-06-18,50,36,LONG_QUARTERLY_SHORT_PERP,2.61105,0.9614859018264844,2.715640442610677,223.0,-2317.7,1990.0,501.0063,33.37,-333.7,101.97492465753436,6.16,15.0,-283.5286246575342,-5.522664492707005,-349.51608698630133,-6.807990147593186,5133.91
IMOEX,2026,6,IMOEX-2026-06,MMM6,2026-04-30,2026-06-18,49,35,LONG_QUARTERLY_SHORT_PERP,0.9382,0.948844074755382,0.9887820612062882,211.0,-2485.699999999997,2170.0,491.6243,33.37,-333.7,99.93542616438367,6.16,15.0,-278.87112616438077,-5.4319441938869355,-343.83883924657255,-6.697406835074486,5133.91
IMOEX,2026,6,IMOEX-2026-06,MMM6,2026-05-04,2026-06-18,45,33,LONG_QUARTERLY_SHORT_PERP,1.34264,1.4952649460357,0.8979278244699412,380.5,-2285.2,1800.0,478.1979,11.05,-110.5,91.77743219178092,6.16,15.0,-230.43953219178073,-4.4885775596335105,-291.32824828767116,-5.674588146026541,5133.91
IMOEX,2026,6,IMOEX-2026-06,MMM6,2026-05-05,2026-06-18,44,32,LONG_QUARTERLY_SHORT_PERP,0.72619,1.4981185428082195,0.48473467168943696,368.5,-2508.199999999997,2035.0,470.936,11.05,-110.5,89.73793369863023,6.16,15.0,-223.66193369862734,-4.3565612505600475,-283.5309005479424,-5.5227088232544475,5133.91
IMOEX,2026,6,IMOEX-2026-06,MMM6,2026-05-06,2026-06-18,43,31,LONG_QUARTERLY_SHORT_PERP,0.87064,1.6140594684047729,0.5394101128507252,391.5,-2411.199999999999,1915.0,462.2296,11.05,-110.5,87.69843520547954,6.16,15.0,-253.32883520547844,-4.934422987654214,-312.1780528082182,-6.080707546649984,5133.91
IMOEX,2026,6,IMOEX-2026-06,MMM6,2026-05-07,2026-06-18,42,30,LONG_QUARTERLY_SHORT_PERP,2.01456,1.5393964557077628,1.3086687269744122,355.0,-2204.699999999998,1745.0,442.084,11.05,-110.5,85.65893671232885,6.16,15.0,-234.93493671232685,-4.576140538348488,-292.76440506849127,-5.7025620836456286,5133.91
IMOEX,2026,6,IMOEX-2026-06,MMM6,2026-05-08,2026-06-18,41,29,LONG_QUARTERLY_SHORT_PERP,0.7521,1.5854463386868214,0.47437745551384747,355.0,-2029.699999999998,1570.0,434.563,11.05,-110.5,83.61943821917816,6.16,15.0,-240.41643821917617,-4.682911040886501,-297.2261573287652,-5.789469572485011,5133.91
IMOEX,2026,6,IMOEX-2026-06,MMM6,2026-05-11,2026-06-18,38,28,LONG_QUARTERLY_SHORT_PERP,0.48071,1.507717652641879,0.3188329055892409,323.5,-2588.199999999997,2160.0,429.7559,11.05,-110.5,77.5009427397261,6.16,15.0,-207.6050427397232,-4.043799808327829,-261.35551410958624,-5.090769298830447,5133.91
IMOEX,2026,6,IMOEX-2026-06,MMM6,2026-05-12,2026-06-18,37,27,LONG_QUARTERLY_SHORT_PERP,0.5431,1.687486830542872,0.3218395487123786,359.0,-2953.699999999999,2490.0,424.3249,8.55,-85.5,75.46144424657541,6.16,15.0,-221.4965442465743,-4.3143830773537974,-274.2272663698619,-5.341489554157785,5133.91
IMOEX,2026,6,IMOEX-2026-06,MMM6,2026-05-13,2026-06-18,36,26,LONG_QUARTERLY_SHORT_PERP,0.18706,1.638776714436249,0.11414611786472081,331.5,-2971.199999999999,2535.0,422.4543,8.55,-85.5,73.42194575342472,6.16,15.0,-193.82764575342364,-3.7754391049594487,-245.53861863013597,-4.782682568064808,5133.91
IMOEX,2026,6,IMOEX-2026-06,MMM6,2026-05-14,2026-06-18,35,25,LONG_QUARTERLY_SHORT_PERP,1.56043,1.4581697890410963,1.070129152124425,272.0,-2556.699999999996,2180.0,406.85,8.55,-85.5,71.38244726027403,6.16,15.0,-147.8924472602702,-2.880698088986176,-198.58367089040715,-3.868078538392904,5133.91
IMOEX,2026,6,IMOEX-2026-06,MMM6,2026-05-15,2026-06-18,34,24,LONG_QUARTERLY_SHORT_PERP,0.59906,1.5270956198630141,0.39228715753486204,276.0,-2310.699999999997,1930.0,400.8594,8.370000000000001,-83.70000000000002,69.34294876712335,6.16,15.0,-154.04354876712046,-3.0005112821829845,-203.71502315068207,-3.9680287178910825,5133.91
IMOEX,2026,6,IMOEX-2026-06,MMM6,2026-05-18,2026-06-18,31,23,LONG_QUARTERLY_SHORT_PERP,1.24339,1.8103671882072665,0.6868164691115943,332.0,-2706.699999999996,2270.0,388.4255,5.79,-57.9,63.22445328767128,6.16,15.0,-190.55895328766746,-3.711770430094557,-237.17117993150308,-4.619698824706766,5133.91
IMOEX,2026,6,IMOEX-2026-06,MMM6,2026-05-19,2026-06-18,30,22,LONG_QUARTERLY_SHORT_PERP,0.88429,1.7038407036114573,0.5189980484241635,292.5,-2622.199999999998,2225.0,379.5826,5.79,-57.9,61.18495479452059,6.16,15.0,-157.86235479451858,-3.0748952512708363,-203.45483219177882,-3.962960632184413,5133.91
IMOEX,2026,6,IMOEX-2026-06,MMM6,2026-05-20,2026-06-18,29,21,LONG_QUARTERLY_SHORT_PERP,0.86363,1.5228831252446187,0.5671019566004294,239.5,-2339.199999999996,1995.0,370.9463,5.79,-57.9,59.145456301369904,6.16,15.0,-111.45915630136608,-2.1710383762349963,-156.03188445205097,-3.0392407434499433,5133.91
IMOEX,2026,6,IMOEX-2026-06,MMM6,2026-05-21,2026-06-18,28,20,LONG_QUARTERLY_SHORT_PERP,2.01882,1.9188297890410961,1.0521099951282662,305.5,-2645.2,2235.0,350.7581,5.79,-57.9,57.105957808219216,6.16,15.0,-195.60785780821902,-3.8101146652009685,-239.16083671232857,-4.658454018717285,5133.91
IMOEX,2026,6,IMOEX-2026-06,MMM6,2026-05-22,2026-06-18,27,19,LONG_QUARTERLY_SHORT_PERP,0.985,1.4617182069214134,0.6738644940836785,201.5,-2151.199999999999,1845.0,340.9081,5.79,-57.9,55.06645931506853,6.16,15.0,-99.41835931506745,-1.936503743054854,-141.95158897260166,-2.764980082872541,5133.91
IMOEX,2026,6,IMOEX-2026-06,MMM6,2026-05-25,2026-06-18,24,18,LONG_QUARTERLY_SHORT_PERP,1.3736,1.4894886879756473,0.9221956575359087,198.0,-1872.6999999999998,1570.0,327.1721,3.99,-39.900000000000006,48.94796383561646,6.16,15.0,-85.53586383561628,-1.6660958964145514,-125.00984575342447,-2.434983195136348,5133.91
IMOEX,2026,6,IMOEX-2026-06,MMM6,2026-05-26,2026-06-18,23,17,LONG_QUARTERLY_SHORT_PERP,1.72962,1.8886380314262694,0.9158028013943034,253.0,-1752.6999999999998,1395.0,309.8759,2.85,-28.5,46.908465342465774,6.16,15.0,-144.3925653424656,-2.8125262293742117,-182.84679801369842,-3.5615505143973776,5133.91
IMOEX,2026,6,IMOEX-2026-06,MMM6,2026-05-27,2026-06-18,22,16,LONG_QUARTERLY_SHORT_PERP,1.99353,1.8345560428082195,1.0866552743455216,227.5,-1822.199999999998,1490.0,289.9406,2.85,-28.5,44.868966849315086,6.16,15.0,-136.78836684931306,-2.6644091316231306,-174.22285027397058,-3.3935704029476677,5133.91
IMOEX,2026,6,IMOEX-2026-06,MMM6,2026-05-28,2026-06-18,21,15,LONG_QUARTERLY_SHORT_PERP,2.3438,1.699929789041096,1.3787628260353628,191.0,-1725.699999999997,1430.0,266.5026,2.85,-28.5,42.8294683561644,6.16,15.0,-121.68686835616151,-2.3702571403893233,-158.10160253424368,-3.07955539801523,5133.91
IMOEX,2026,6,IMOEX-2026-06,MMM6,2026-05-29,2026-06-18,20,14,LONG_QUARTERLY_SHORT_PERP,1.5941,1.6460712133072408,0.9684271173160112,168.5,-1518.199999999997,1245.0,250.5616,2.85,-28.5,40.78996986301371,6.16,15.0,-113.0883698630108,-2.2027727377965487,-148.4833547945176,-2.8922079817238244,5133.91
IMOEX,2026,6,IMOEX-2026-06,MMM6,2026-06-01,2026-06-18,17,13,LONG_QUARTERLY_SHORT_PERP,1.12749,1.656395956796628,0.6806886936505805,159.5,-1554.1999999999962,1290.0,239.2867,2.85,-28.5,34.671474383561645,6.16,15.0,-109.24477438355783,-2.127905911548076,-141.58051157533862,-2.7577521143794614,5133.91
IMOEX,2026,6,IMOEX-2026-06,MMM6,2026-06-02,2026-06-18,16,12,LONG_QUARTERLY_SHORT_PERP,1.83405,2.0440997990867578,0.8972409276784814,191.5,-2091.199999999999,1795.0,220.9462,2.85,-28.5,32.631975890410956,6.16,15.0,-157.54577589040986,-3.0687288224844194,-188.86176383561533,-3.678712011617176,5133.91
IMOEX,2026,6,IMOEX-2026-06,MMM6,2026-06-03,2026-06-18,15,11,LONG_QUARTERLY_SHORT_PERP,1.65114,1.675022521793275,0.9857419697451552,132.5,-1842.199999999998,1605.0,204.4348,2.85,-28.5,30.59247739726027,6.16,15.0,-113.01767739725827,-2.201395766526064,-143.3139160958884,-2.7915159419601903,5133.91
IMOEX,2026,6,IMOEX-2026-06,MMM6,2026-06-04,2026-06-18,14,10,LONG_QUARTERLY_SHORT_PERP,2.37447,1.4221297890410958,1.6696577332797746,92.5,-1587.199999999998,1390.0,180.6901,2.85,-28.5,28.552978904109587,6.16,15.0,-94.72287890410757,-1.8450436198551898,-123.99936835616236,-2.4153007815906857,5133.91
IMOEX,2026,6,IMOEX-2026-06,MMM6,2026-06-05,2026-06-18,13,9,LONG_QUARTERLY_SHORT_PERP,1.51618,1.9463720045662098,0.7789775009314897,127.5,-1432.199999999998,1200.0,165.5283,2.85,-28.5,26.513480410958902,6.16,15.0,-142.8451804109569,-2.7823857529827545,-171.10192061643633,-3.332779901019619,5133.91
IMOEX,2026,6,IMOEX-2026-06,MMM6,2026-06-08,2026-06-18,10,8,LONG_QUARTERLY_SHORT_PERP,1.82202,1.5194373116438356,1.1991412781806765,80.0,-949.699999999998,765.0,147.3081,2.85,-28.5,20.394984931506848,6.16,15.0,-107.44688493150485,-2.0928860251057158,-132.64437739725827,-2.583691132046691,5133.91
IMOEX,2026,6,IMOEX-2026-06,MMM6,2026-06-09,2026-06-18,9,7,LONG_QUARTERLY_SHORT_PERP,1.44661,1.5073640919765166,0.959695144457864,66.0,-990.6999999999971,820.0,132.84199999999998,0.0,-0.0,18.355486438356163,6.16,15.0,-77.37348643835327,-1.507106405027616,-101.55122965753134,-1.9780484982699607,5133.91
IMOEX,2026,6,IMOEX-2026-06,MMM6,2026-06-10,2026-06-18,8,6,LONG_QUARTERLY_SHORT_PERP,2.84208,2.082933132420091,1.3644605080038654,87.5,-992.199999999998,800.0,104.4212,0.0,-0.0,16.315987945205478,6.16,15.0,-125.25478794520347,-2.439754260304592,-148.41278191780623,-2.8908333398483075,5133.91
IMOEX,2026,6,IMOEX-2026-06,MMM6,2026-06-11,2026-06-18,7,5,LONG_QUARTERLY_SHORT_PERP,1.06064,1.3287297890410956,0.7982360362112692,31.0,-880.6999999999971,745.0,93.81479999999999,0.0,-0.0,14.276489452054793,6.16,15.0,-77.32168945205188,-1.5060974861665257,-99.4599341780793,-1.937313552011611,5133.91
IMOEX,2026,9,IMOEX-2026-09,MMU6,2026-06-19,2026-09-17,90,64,LONG_QUARTERLY_SHORT_PERP,1.47845,0.40363609492722585,3.6628290149981737,58.5,-1684.2000000000007,1715.0,653.1945000000001,89.28,-892.8,178.66710075342453,6.16,15.0,-408.63260075342515,-7.95948118984215,-512.966151130137,-9.9917246529475,5133.91
IMOEX,2026,9,IMOEX-2026-09,MMU6,2026-06-22,2026-09-17,87,63,LONG_QUARTERLY_SHORT_PERP,2.06753,0.26858508773646433,7.697858497746012,-24.5,-581.2000000000035,695.0,632.5192,88.64,-886.4,172.54860527397253,6.16,15.0,-333.789405273976,-6.501660630474161,-435.0637079109618,-8.47431505248362,5133.91
IMOEX,2026,9,IMOEX-2026-09,MMU6,2026-06-23,2026-09-17,86,62,LONG_QUARTERLY_SHORT_PERP,1.39676,0.23097462991604056,6.047244238502398,-48.5,-732.2000000000025,870.0,618.5516,88.64,-886.4,170.54427054794516,6.16,15.0,-321.75267054794773,-6.267205123345515,-422.02480582191976,-8.220338997409767,5133.91
IMOEX,2026,9,IMOEX-2026-09,MMU6,2026-06-24,2026-09-17,85,61,LONG_QUARTERLY_SHORT_PERP,1.29364,0.09213104233101273,14.041304290818175,-133.5,277.79999999999745,-55.0,605.6152,88.64,-886.4,168.53993582191777,6.16,15.0,-247.68473582192033,-4.824485349800062,-346.9547037328787,-6.7580986759191095,5133.91
IMOEX,2026,9,IMOEX-2026-09,MMU6,2026-06-25,2026-09-17,84,60,LONG_QUARTERLY_SHORT_PERP,1.92728,0.056159335159817324,34.318070086039626,-154.0,163.29999999999927,80.0,586.3424,88.64,-886.4,166.5356010958904,6.16,15.0,-244.4532010958911,-4.761540445701057,-342.7210016438358,-6.675633223874898,5133.91
IMOEX,2026,9,IMOEX-2026-09,MMU6,2026-06-26,2026-09-17,83,59,LONG_QUARTERLY_SHORT_PERP,1.14691,0.19184960401671694,5.978172359949533,-72.5,-203.20000000000164,365.0,574.8733,88.64,-886.4,164.531266369863,6.16,15.0,-335.4179663698647,-6.5333822830915365,-432.68359955479565,-8.427954513320172,5133.91
IMOEX,2026,9,IMOEX-2026-09,MMU6,2026-06-29,2026-09-17,80,58,LONG_QUARTERLY_SHORT_PERP,1.4166,0.32616941757203594,4.343141703918755,9.5,-930.1999999999998,1010.0,560.7073,88.64,-886.4,158.51826219178085,6.16,15.0,-425.57096219178067,-8.289412206131013,-519.8300932876705,-10.125422792524033,5133.91
IMOEX,2026,9,IMOEX-2026-09,MMU6,2026-06-30,2026-09-17,79,57,LONG_QUARTERLY_SHORT_PERP,1.20098,0.19855074993991834,6.048730616043595,-64.5,-836.2000000000035,990.0,548.6975,88.64,-886.4,156.51392746575345,6.16,15.0,-361.5764274657569,-7.042905455408391,-454.83339119863314,-8.859395493856207,5133.91
IMOEX,2026,9,IMOEX-2026-09,MMU6,2026-07-01,2026-09-17,78,56,LONG_QUARTERLY_SHORT_PERP,1.16826,0.12976712989236797,9.002742073196684,-103.0,-762.6999999999998,955.0,537.0149,88.64,-886.4,154.50959273972606,6.16,15.0,-332.75469273972584,-6.48150615690041,-425.0094891095884,-8.27847564740302,5133.91
IMOEX,2026,9,IMOEX-2026-09,MMU6,2026-07-02,2026-09-17,77,55,LONG_QUARTERLY_SHORT_PERP,2.25511,0.009391378206724846,240.12556521099242,-168.5,187.79999999999745,70.0,514.4638,88.64,-886.4,152.50525801369866,6.16,15.0,-287.8014580137012,-5.605892156537633,-379.05408702055007,-7.383341099095038,5133.91
IMOEX,2026,9,IMOEX-2026-09,MMU6,2026-07-03,2026-09-17,76,54,LONG_QUARTERLY_SHORT_PERP,0.96097,-0.05896125317097908,99.0,-203.5,352.79999999999745,-60.0,504.8541,88.64,-886.4,150.5009232876713,6.16,15.0,-260.4068232876738,-5.072290384671211,-350.65728493150897,-6.8302187792834115,5133.91
IMOEX,2026,9,IMOEX-2026-09,MMU6,2026-07-06,2026-09-17,73,53,LONG_QUARTERLY_SHORT_PERP,1.54841,0.00027909265960210296,5548.014061736838,-165.5,804.8000000000002,-550.0,489.37,88.64,-886.4,144.48791910958911,6.16,15.0,-307.87791910958896,-5.996948117703446,-395.121878664383,-7.696314868480028,5133.91
IMOEX,2026,9,IMOEX-2026-09,MMU6,2026-07-07,2026-09-17,72,52,LONG_QUARTERLY_SHORT_PERP,1.12732,0.08873766227608028,12.7039632449713,-117.5,791.7999999999984,-585.0,478.09680000000003,81.16,-811.5999999999999,142.48358438356175,6.16,15.0,-290.34678438356326,-5.655470866913586,-376.58857657534367,-7.3353170697449634,5133.91
IMOEX,2026,9,IMOEX-2026-09,MMU6,2026-07-08,2026-09-17,71,51,LONG_QUARTERLY_SHORT_PERP,1.65411,0.07968480325006735,20.758161312252494,-121.0,490.29999999999745,-280.0,461.5557,81.16,-811.5999999999999,140.47924965753435,6.16,15.0,-301.38354965753683,-5.87044863773492,-386.6231744863035,-7.530774292621093,5133.91
IMOEX,2026,9,IMOEX-2026-09,MMU6,2026-07-09,2026-09-17,70,50,LONG_QUARTERLY_SHORT_PERP,2.40448,0.1752698298630139,13.718733006583482,-72.0,781.2999999999965,-620.0,437.5109,73.14,-731.4,138.47491493150696,6.16,15.0,-292.22401493151045,-5.692036185509884,-376.46147239726344,-7.33284129245085,5133.91
IMOEX,2026,9,IMOEX-2026-09,MMU6,2026-07-10,2026-09-17,69,49,LONG_QUARTERLY_SHORT_PERP,2.01715,-0.0007539179480008895,99.0,-158.0,1282.3000000000002,-1035.0,417.3394,73.14,-731.4,136.47058020547956,6.16,15.0,-224.3911802054793,-4.370765755641982,-307.62647030821864,-5.992050314637745,5133.91
IMOEX,2026,9,IMOEX-2026-09,MMU6,2026-07-13,2026-09-17,66,48,LONG_QUARTERLY_SHORT_PERP,1.48043,0.056494950057077935,26.20464304339225,-124.5,1058.7999999999965,-845.0,402.5351,71.39,-713.9,130.4575760273974,6.16,15.0,-249.18247602740078,-4.853658829769138,-329.41126404109906,-6.416381744929285,5133.91
IMOEX,2026,9,IMOEX-2026-09,MMU6,2026-07-14,2026-09-17,65,47,LONG_QUARTERLY_SHORT_PERP,1.74246,0.06726221553482982,25.90548030785154,-118.0,987.3000000000002,-780.0,385.1105,70.42999999999999,-704.3,128.45324130137,6.16,15.0,-261.5027413013698,-5.093637038852839,-340.7293619520544,-6.6368394060677804,5133.91
IMOEX,2026,9,IMOEX-2026-09,MMU6,2026-07-15,2026-09-17,64,46,LONG_QUARTERLY_SHORT_PERP,1.88932,0.06654110125074482,28.393278206811345,-117.0,1576.2999999999965,-1370.0,366.2173,67.45,-674.5,126.44890657534262,6.16,15.0,-249.59160657534605,-4.861628010139368,-327.81605986301696,-6.385309829409105,5133.91
IMOEX,2026,9,IMOEX-2026-09,MMU6,2026-07-16,2026-09-17,63,45,LONG_QUARTERLY_SHORT_PERP,3.15709,0.17245460410958935,18.306788712893805,-68.0,2422.299999999998,-2265.0,334.6464,63.96,-639.6,124.44457184931521,6.16,15.0,-293.2581718493173,-5.712179836602459,-370.4804577739745,-7.216341107926989,5133.91
IMOEX,2026,9,IMOEX-2026-09,MMU6,2026-07-17,2026-09-17,62,44,LONG_QUARTERLY_SHORT_PERP,2.08334,0.11840962982565412,17.594346026311392,-91.5,3085.7999999999993,-2905.0,313.813,62.33,-623.3,122.44023712328782,6.16,15.0,-272.28723712328855,-5.303701021702533,-348.50735568493207,-6.788341745081859,5133.91
IMOEX,2026,9,IMOEX-2026-09,MMU6,2026-07-20,2026-09-17,59,43,LONG_QUARTERLY_SHORT_PERP,0.61006,1.26299356498885,0.48302700576735386,405.5,2168.799999999999,-2485.0,307.7124,3.1799999999999997,-31.799999999999997,116.4272329452056,6.16,15.0,-177.87483294520678,-3.4647049314305622,-251.08844941780924,-4.890784010974272,5133.91
IMOEX,2026,9,IMOEX-2026-09,MMU6,2026-07-21,2026-09-17,58,42,LONG_QUARTERLY_SHORT_PERP,0.63358,1.2085307100456624,0.5242564336458287,372.0,1417.3000000000002,-1700.0,301.3766,3.1799999999999997,-31.799999999999997,114.4228982191782,6.16,15.0,-148.70629821917802,-2.8965505476172746,-220.9177473287668,-4.303109079215779,5133.91
IMOEX,2026,9,IMOEX-2026-09,MMU6,2026-07-22,2026-09-17,57,41,LONG_QUARTERLY_SHORT_PERP,0.67189,1.1794599109589046,0.5696590394952478,350.0,869.2999999999984,-1130.0,294.6577,3.1799999999999997,-31.799999999999997,112.4185634931508,6.16,15.0,-131.42086349315247,-2.559859122835275,-202.63014523972757,-3.9468971064885747,5133.91
IMOEX,2026,9,IMOEX-2026-09,MMU6,2026-07-23,2026-09-17,56,40,LONG_QUARTERLY_SHORT_PERP,1.22604,1.2451855719178087,0.9846243223905004,366.5,762.7999999999975,-1040.0,282.39730000000003,3.1799999999999997,-31.799999999999997,110.41422876712339,6.16,15.0,-158.1769287671259,-3.0810226273371737,-228.38404315068735,-4.448540063045268,5133.91
IMOEX,2026,9,IMOEX-2026-09,MMU6,2026-07-24,2026-09-17,55,39,LONG_QUARTERLY_SHORT_PERP,0.7378,1.3809484462592203,0.5342704877930731,409.0,515.2999999999975,-835.0,275.0193,3.1799999999999997,-31.799999999999997,108.409894041096,6.16,15.0,-206.05059404109855,-4.013521741540046,-275.25554106164634,-5.361518629302936,5133.91
IMOEX,2026,9,IMOEX-2026-09,MMU6,2026-07-27,2026-09-17,52,38,LONG_QUARTERLY_SHORT_PERP,0.5539,1.3106760259552994,0.42260634133159214,374.5,34.80000000000018,-320.0,269.4803,3.1799999999999997,-31.799999999999997,102.39688986301378,6.16,15.0,-171.0765898630136,-3.332286500211605,-237.27503479452028,-4.6217217441388785,5133.91
IMOEX,2026,9,IMOEX-2026-09,MMU6,2026-07-28,2026-09-17,51,37,LONG_QUARTERLY_SHORT_PERP,0.46529,1.367804645686783,0.34017284666142883,384.5,284.8000000000002,-580.0,264.8274,3.1799999999999997,-31.799999999999997,100.42771890410967,6.16,15.0,-183.76031890410948,-3.5793443769779656,-248.97417835616412,-4.849601538713459,5133.91
IMOEX,2026,9,IMOEX-2026-09,MMU6,2026-07-29,2026-09-17,50,36,LONG_QUARTERLY_SHORT_PERP,0.08214,1.4628292998477934,0.05615145937297443,407.0,-197.69999999999982,-120.0,264.00600000000003,3.1799999999999997,-31.799999999999997,98.45854794520555,6.16,15.0,-205.11254794520534,-3.995250168881132,-269.3418219178079,-5.2463292484248445,5133.91
IMOEX,2026,9,IMOEX-2026-09,MMU6,2026-07-30,2026-09-17,49,35,LONG_QUARTERLY_SHORT_PERP,1.68021,1.3461410771037183,1.2481678395960145,353.5,125.79999999999927,-390.0,247.2039,3.1799999999999997,-31.799999999999997,96.48937698630144,6.16,15.0,-166.44547698630217,-3.2420801491709472,-229.69016547945276,-4.473981146522879,5133.91
IMOEX,2026,9,IMOEX-2026-09,MMU6,2026-07-31,2026-09-17,48,34,LONG_QUARTERLY_SHORT_PERP,0.41478,1.2637653118452863,0.32820967319822947,314.0,0.2999999999974534,-225.0,243.05610000000001,3.1799999999999997,-31.799999999999997,94.52020602739732,6.16,15.0,-129.12410602739985,-2.515122119931979,-191.3842090410984,-3.7278450350921304,5133.91
IMOEX,2026,9,IMOEX-2026-09,MMU6,2026-08-03,2026-09-17,45,33,LONG_QUARTERLY_SHORT_PERP,0.43837,1.375068767123288,0.318798601554373,344.0,-394.70000000000255,140.0,238.6724,3.1799999999999997,-31.799999999999997,88.61269315068498,6.16,15.0,-157.60029315068752,-3.069790727743329,-216.90663972602997,-4.2249793963281395,5133.91
IMOEX,2026,9,IMOEX-2026-09,MMU6,2026-08-04,2026-09-17,44,32,LONG_QUARTERLY_SHORT_PERP,0.48488,1.2759485068493153,0.38001533556969985,300.5,-411.20000000000346,200.0,233.8236,3.1799999999999997,-31.799999999999997,86.64352219178086,6.16,15.0,-116.97992219178431,-2.2785736834456447,-175.3016832876747,-3.4145842698386746,5133.91
IMOEX,2026,9,IMOEX-2026-09,MMU6,2026-08-05,2026-09-17,43,31,SHORT_QUARTERLY_LONG_PERP,-0.07011,-0.5779537057003976,99.0,-285.0,720.7000000000016,-525.0,-234.5247,3.1799999999999997,31.799999999999997,84.67435123287675,6.16,15.0,-112.8590512328751,-2.1983059935385527,-170.1962268493135,-3.3151384977398024,5133.91
IMOEX,2026,9,IMOEX-2026-09,MMU6,2026-08-06,2026-09-17,42,30,LONG_QUARTERLY_SHORT_PERP,1.73811,1.4695506009132422,1.182749337736219,337.0,-617.6999999999998,370.0,217.1436,1.95,-19.5,82.70518027397263,6.16,15.0,-153.92158027397247,-2.998135539461589,-210.27417041095876,-4.095789961471057,5133.91
IMOEX,2026,9,IMOEX-2026-09,MMU6,2026-08-07,2026-09-17,41,29,LONG_QUARTERLY_SHORT_PERP,0.81638,1.3237793424657536,0.6167039882034719,282.0,-517.6999999999998,325.0,208.9798,1.95,-19.5,80.73600931506851,6.16,15.0,-105.11620931506832,-2.0474883532252868,-160.4842139726026,-3.1259646930429748,5133.91
IMOEX,2026,9,IMOEX-2026-09,MMU6,2026-08-10,2026-09-17,38,28,LONG_QUARTERLY_SHORT_PERP,0.9985,1.460673201565558,0.6835889088194417,313.0,-668.7000000000035,445.0,198.9948,0.0,-0.0,74.82849643835617,6.16,15.0,-120.69369643835962,-2.3509118087064174,-173.10794465753773,-3.3718539019487634,5133.91
IMOEX,2026,9,IMOEX-2026-09,MMU6,2026-08-11,2026-09-17,37,27,LONG_QUARTERLY_SHORT_PERP,0.84306,1.5167382425164893,0.5558375046977394,315.5,-976.2000000000035,750.0,190.5642,0.0,-0.0,72.85932547945205,6.16,15.0,-129.6551254794555,-2.5254654927619593,-181.08478821918158,-3.5272295038125248,5133.91
IMOEX,2026,9,IMOEX-2026-09,MMU6,2026-08-12,2026-09-17,36,26,LONG_QUARTERLY_SHORT_PERP,1.12066,1.411731363540569,0.7938195813610225,275.0,-710.7000000000016,525.0,179.3576,0.0,-0.0,70.89015452054794,6.16,15.0,-98.39255452054958,-1.9165227773870128,-148.83763178082359,-2.899108706245797,5133.91
IMOEX,2026,9,IMOEX-2026-09,MMU6,2026-08-13,2026-09-17,35,25,LONG_QUARTERLY_SHORT_PERP,1.5646,1.6523239342465754,0.9469087553424712,323.0,-63.700000000003456,-170.0,163.7116,0.0,-0.0,68.92098356164382,6.16,15.0,-160.06938356164727,-3.117884488852498,-209.52987534246924,-4.081292335519501,5133.91
IMOEX,2026,9,IMOEX-2026-09,MMU6,2026-08-14,2026-09-17,34,24,LONG_QUARTERLY_SHORT_PERP,0.93708,1.3483825525114157,0.694965978501169,235.5,978.7999999999965,-1125.0,154.3408,0.0,-0.0,66.95181260273971,6.16,15.0,-79.97101260274316,-1.5577018802967555,-128.4469189041131,-2.501931644771979,5133.91
IMOEX,2026,9,IMOEX-2026-09,MMU6,2026-08-17,2026-09-17,31,23,LONG_QUARTERLY_SHORT_PERP,0.45495,1.2248013031566407,0.37144800452732385,199.5,1449.8000000000002,-1560.0,149.7913,0.0,-0.0,61.04429972602737,6.16,15.0,-42.612999726027184,-0.8300301276420348,-88.13514958904094,-1.7167256455419153,5133.91
IMOEX,2026,9,IMOEX-2026-09,MMU6,2026-08-18,2026-09-17,30,22,LONG_QUARTERLY_SHORT_PERP,0.3366,1.7169778580323787,0.19604213206670976,297.5,801.7999999999984,-1010.0,146.4253,0.0,-0.0,59.07512876712326,6.16,15.0,-142.0098287671249,-2.766114496886874,-186.5473931506866,-3.633631932594973,5133.91
IMOEX,2026,9,IMOEX-2026-09,MMU6,2026-08-19,2026-09-17,29,21,LONG_QUARTERLY_SHORT_PERP,0.50281,1.4226950371819962,0.35342078720956327,220.5,633.7999999999965,-765.0,141.3972,0.0,-0.0,57.10595780821915,6.16,15.0,-68.06875780822261,-1.3258658178312945,-111.62173671233225,-2.1742051713476136,5133.91
IMOEX,2026,9,IMOEX-2026-09,MMU6,2026-08-20,2026-09-17,28,20,LONG_QUARTERLY_SHORT_PERP,0.9663,1.2289839342465754,0.7862592610638048,169.5,1194.8000000000002,-1275.0,131.7342,0.0,-0.0,55.136786849315044,6.16,15.0,-24.762586849314875,-0.48233387124657184,-67.33098027397246,-1.3114951425711099,5133.91
IMOEX,2026,9,IMOEX-2026-09,MMU6,2026-08-21,2026-09-17,27,19,LONG_QUARTERLY_SHORT_PERP,0.27351,1.385934820475847,0.1973469429868953,189.0,1040.2999999999975,-1140.0,128.9991,0.0,-0.0,53.167615890410936,6.16,15.0,-45.02851589041349,-0.8770803518256746,-86.61232383561901,-1.6870635409584316,5133.91
IMOEX,2026,9,IMOEX-2026-09,MMU6,2026-08-24,2026-09-17,24,18,LONG_QUARTERLY_SHORT_PERP,0.29979,1.1412227945205478,0.26269191383085566,137.0,1732.3000000000002,-1780.0,126.0012,0.0,-0.0,47.26010301369861,6.16,15.0,9.881096986301568,0.1924672810061253,-28.748954520547787,-0.5599816615512891,5133.91
IMOEX,2026,9,IMOEX-2026-09,MMU6,2026-08-25,2026-09-17,23,17,LONG_QUARTERLY_SHORT_PERP,0.4476,1.6644172473811443,0.26892295228511387,216.5,1192.7999999999975,-1320.0,121.5252,0.0,-0.0,45.2909320547945,6.16,15.0,-72.12573205479706,-1.4048889064046128,-109.77119808219435,-2.1381597667702463,5133.91
IMOEX,2026,9,IMOEX-2026-09,MMU6,2026-08-26,2026-09-17,22,16,LONG_QUARTERLY_SHORT_PERP,0.69972,0.828011006849315,0.8450612301188143,68.0,1796.2999999999965,-1775.0,114.528,0.0,-0.0,43.321761095890395,6.16,15.0,71.34623890410617,1.3897056805457473,34.68535835616093,0.6756129023718945,5133.91
IMOEX,2026,9,IMOEX-2026-09,MMU6,2026-08-27,2026-09-17,21,15,LONG_QUARTERLY_SHORT_PERP,1.14302,1.3834172675799086,0.8262293863076833,145.0,1499.2999999999984,-1555.0,103.0978,0.0,-0.0,41.35259013698629,6.16,15.0,-15.114790136987917,-0.29441089027637646,-50.79108520548111,-0.9893255862584485,5133.91
IMOEX,2026,9,IMOEX-2026-09,MMU6,2026-08-28,2026-09-17,20,14,LONG_QUARTERLY_SHORT_PERP,0.24637,1.2253101369863013,0.20106746248419746,111.0,1318.2999999999993,-1340.0,100.6341,0.0,-0.0,39.38341917808218,6.16,15.0,18.3906808219171,0.35821977443930847,-16.301028767124034,-0.3175168393509827,5133.91
IMOEX,2026,9,IMOEX-2026-09,MMU6,2026-08-31,2026-09-17,17,13,LONG_QUARTERLY_SHORT_PERP,0.5475,1.385660817702845,0.39511833848895866,125.5,663.7999999999965,-700.0,95.1591,0.0,-0.0,33.475906301369854,6.16,15.0,4.323193698626685,0.08420859926696583,-27.414759452058274,-0.5339937679479826,5133.91
IMOEX,2026,9,IMOEX-2026-09,MMU6,2026-09-01,2026-09-17,16,12,LONG_QUARTERLY_SHORT_PERP,0.38311,1.1513894611872146,0.3327371084367662,85.5,618.7999999999965,-615.0,91.328,0.0,-0.0,31.506735342465745,6.16,15.0,42.461264657530805,0.8270745817034347,11.707896986297897,0.22805029668026702,5133.91
IMOEX,2026,9,IMOEX-2026-09,MMU6,2026-09-02,2026-09-17,15,11,LONG_QUARTERLY_SHORT_PERP,0.66096,1.574523312577833,0.41978419418755153,122.5,606.7999999999984,-640.0,84.7184,0.0,-0.0,29.537564383561637,6.16,15.0,0.8208356164367281,0.015988508104675152,-28.947946575344115,-0.5638576947267115,5133.91
IMOEX,2026,9,IMOEX-2026-09,MMU6,2026-09-03,2026-09-17,14,10,LONG_QUARTERLY_SHORT_PERP,0.82987,1.5022839342465752,0.5524055613469607,101.5,327.79999999999745,-340.0,76.4197,0.0,-0.0,27.56839342465753,6.16,15.0,15.49130657533993,0.30174480221390576,-13.292890136988856,-0.2589233184257,5133.91
IMOEX,2026,9,IMOEX-2026-09,MMU6,2026-09-04,2026-09-17,13,9,LONG_QUARTERLY_SHORT_PERP,0.60142,1.4584358051750381,0.4123733097239881,84.5,-40.19999999999982,45.0,70.4055,0.0,-0.0,25.59922246575342,6.16,15.0,28.44627753424676,0.5540860189260576,0.6466663013700362,0.012595980478232696,5133.91
IMOEX,2026,9,IMOEX-2026-09,MMU6,2026-09-07,2026-09-17,10,8,LONG_QUARTERLY_SHORT_PERP,0.72214,1.5293963698630137,0.47217321436736587,81.5,-157.20000000000255,165.0,63.1841,0.0,-0.0,19.691709589041096,6.16,15.0,30.13239041095636,0.586928684198912,5.286535616435799,0.10297289232642955,5133.91
IMOEX,2026,9,IMOEX-2026-09,MMU6,2026-09-08,2026-09-17,9,7,LONG_QUARTERLY_SHORT_PERP,0.69174,1.8126076947162428,0.3816269797465962,88.0,-248.70000000000346,250.0,56.2667,0.0,-0.0,17.722538630136988,6.16,15.0,18.684161369859552,0.36393628579113296,-5.177107945208942,-0.1008414238895684,5133.91
IMOEX,2026,9,IMOEX-2026-09,MMU6,2026-09-09,2026-09-17,8,6,LONG_QUARTERLY_SHORT_PERP,0.76218,1.990222794520548,0.382962149814796,82.5,-143.20000000000164,150.0,48.6449,0.0,-0.0,15.753367671232878,6.16,15.0,18.53153232876548,0.36096332675807485,-4.345151506850957,-0.08463630073084565,5133.91
IMOEX,2026,9,IMOEX-2026-09,MMU6,2026-09-10,2026-09-17,7,5,LONG_QUARTERLY_SHORT_PERP,0.91248,1.8288839342465752,0.49892723256705956,56.5,-567.2000000000025,600.0,39.5201,0.0,-0.0,13.784196712328768,6.16,15.0,37.37590328766869,0.7280202280068931,15.483804931504295,0.30159868270975326,5133.91
IMOEX,2026,9,IMOEX-2026-09,MMU6,2026-09-11,2026-09-17,6,4,LONG_QUARTERLY_SHORT_PERP,0.15529,1.8493756438356166,0.08396887918234264,41.0,-271.7000000000007,320.0,37.9672,0.0,-0.0,11.815025753424658,6.16,15.0,53.292174246574604,1.0380426272874788,32.38466136986227,0.6307991641821199,5133.91
