name,direction,n_obs,start,end,calendar_days,entry_swaprate,quarter_pnl_rub,perp_pnl_rub,funding_rub,margin_cost_rub,roundtrip_fee_rub,spread_buffer_rub,screen_net_rub,screen_return_on_current_im_pct
USD,SHORT_QUARTERLY_LONG_PERP,10,2026-02-25,2026-03-19,22,-0.02199,-3376.0,8370.000000000004,276.76,223.14355287671233,15.879999999999999,23.99999999999602,5007.736447123295,18.937165413664577
USD,SHORT_QUARTERLY_LONG_PERP,3,2026-03-16,2026-03-19,3,-0.12035,-387.0,3790.0000000000064,242.58,30.42866630136987,15.879999999999999,23.99999999999602,3575.2713336986403,13.520181295458928
USD,SHORT_QUARTERLY_LONG_PERP,5,2026-03-09,2026-03-19,10,-0.11873,-2591.0,5689.999999999998,412.77000000000004,101.42888767123289,15.879999999999999,23.99999999999602,3370.461112328769,12.745674673266672
USD,SHORT_QUARTERLY_LONG_PERP,3,2026-03-17,2026-03-20,3,-0.03977,850.0,2090.0000000000036,330.07000000000005,30.42866630136987,15.879999999999999,23.99999999999602,3199.761333698638,12.100159483294627
USD,SHORT_QUARTERLY_LONG_PERP,5,2026-03-13,2026-03-20,7,-0.04984,-1016.0,3769.999999999996,490.19,71.00022136986303,15.879999999999999,23.99999999999602,3133.309778630137,11.848867486678005
USD,SHORT_QUARTERLY_LONG_PERP,5,2026-03-17,2026-03-24,7,-0.03977,3430.0,-950.0000000000028,326.89,71.00022136986303,15.879999999999999,23.99999999999602,2696.009778630138,10.195181730081798
USD,LONG_QUARTERLY_SHORT_PERP,40,2026-04-27,2026-06-30,64,0.07614,4010.0,-3459.9999999999936,2756.15,649.1448810958905,15.879999999999999,23.99999999999602,2617.12511890412,9.896872930166738
USD,LONG_QUARTERLY_SHORT_PERP,40,2026-04-20,2026-06-22,63,0.11408,-1226.0,1469.9999999999989,3024.9199999999996,639.0019923287672,15.879999999999999,23.99999999999602,2590.038007671235,9.794440801117666
USD,LONG_QUARTERLY_SHORT_PERP,20,2026-05-26,2026-06-26,31,0.10733,6849.0,-5390.000000000001,1420.73,314.42955178082195,15.879999999999999,23.99999999999602,2525.4204482191813,9.55008420909418
USD,LONG_QUARTERLY_SHORT_PERP,20,2026-05-19,2026-06-17,29,0.01274,2681.0,-1459.9999999999936,1629.12,294.1437742465754,15.879999999999999,23.99999999999602,2516.0962257534347,9.514823898362556
USD,LONG_QUARTERLY_SHORT_PERP,40,2026-04-16,2026-06-17,62,0.11285,-3275.0,3340.0000000000036,3033.8500000000004,628.8591035616439,15.879999999999999,23.99999999999602,2430.1108964383643,9.189663334986003
USD,LONG_QUARTERLY_SHORT_PERP,40,2026-04-22,2026-06-25,64,0.08724,883.0,-629.9999999999955,2817.4,649.1448810958905,15.879999999999999,23.99999999999602,2381.375118904118,9.00536500170216
USD,LONG_QUARTERLY_SHORT_PERP,40,2026-04-09,2026-06-11,63,0.11745,-6040.0,5930.000000000007,3162.21,639.0019923287672,15.879999999999999,23.99999999999602,2373.328007671244,8.974934191668888
USD,LONG_QUARTERLY_SHORT_PERP,10,2026-06-04,2026-06-22,18,0.0876,992.0,530.0000000000011,885.38,182.57199780821918,15.879999999999999,23.99999999999602,2184.9280021917857,8.262484144552426
USD,SHORT_QUARTERLY_LONG_PERP,10,2026-02-19,2026-03-18,27,-0.00894,-4354.0,6489.9999999999945,174.05,273.8579967123288,15.879999999999999,23.99999999999602,1996.31200328767,7.549217300614848
USD,LONG_QUARTERLY_SHORT_PERP,40,2026-04-06,2026-06-09,64,0.1196,-7505.0,7000.0,3143.57,649.1448810958905,15.879999999999999,23.99999999999602,1949.5451189041137,7.372364497995436
USD,SHORT_QUARTERLY_LONG_PERP,20,2026-02-11,2026-04-08,56,-0.02432,1610.0,840.0000000000034,72.76000000000002,568.0017709589042,15.879999999999999,23.99999999999602,1914.8782290411036,7.2412688154160865
USD,LONG_QUARTERLY_SHORT_PERP,10,2026-05-19,2026-06-02,14,0.01274,2485.0,-1269.999999999996,855.79,142.00044273972605,15.879999999999999,23.99999999999602,1888.9095572602819,7.143066156734021
USD,LONG_QUARTERLY_SHORT_PERP,40,2026-04-17,2026-06-18,62,0.11414,-3197.0,2689.9999999999977,3028.84,628.8591035616439,15.879999999999999,23.99999999999602,1853.1008964383577,7.007652773784099
USD,LONG_QUARTERLY_SHORT_PERP,10,2026-04-06,2026-04-23,17,0.1196,-2838.0,3900.0000000000055,989.38,172.4291090410959,15.879999999999999,23.99999999999602,1839.0708909589134,6.954597159271582
USD,LONG_QUARTERLY_SHORT_PERP,20,2026-05-18,2026-06-16,29,0.08662,428.0,209.99999999999375,1533.6499999999999,294.1437742465754,15.879999999999999,23.99999999999602,1837.6262257534222,6.94913403950627
USD,LONG_QUARTERLY_SHORT_PERP,40,2026-04-08,2026-06-10,63,0.06786,-7189.0,6509.999999999991,3181.5299999999997,639.0019923287672,15.879999999999999,23.99999999999602,1823.6480076712273,6.89627426327686
USD,LONG_QUARTERLY_SHORT_PERP,40,2026-04-15,2026-06-16,62,0.11378,-3689.0,3090.0000000000036,3038.49,628.8591035616439,15.879999999999999,23.99999999999602,1770.7508964383633,6.6962395058771955
USD,LONG_QUARTERLY_SHORT_PERP,20,2026-05-21,2026-06-22,32,0.10643,3476.0,-2979.99999999999,1635.04,324.57244054794523,15.879999999999999,23.99999999999602,1766.5875594520685,6.680495506164993
USD,SHORT_QUARTERLY_LONG_PERP,3,2026-03-13,2026-03-18,5,-0.04984,-1329.0,2899.9999999999914,238.23,50.71444383561644,15.879999999999999,23.99999999999602,1718.6355561643786,6.4991610793707855
USD,LONG_QUARTERLY_SHORT_PERP,40,2026-04-23,2026-06-26,64,0.10249,1771.0,-2230.000000000004,2828.36,649.1448810958905,15.879999999999999,23.99999999999602,1680.3351189041095,6.354324839789917
USD,LONG_QUARTERLY_SHORT_PERP,40,2026-04-10,2026-06-15,66,0.04663,-5337.0,4519.999999999996,3144.6,669.430658630137,15.879999999999999,23.99999999999602,1618.289341369863,6.119693651668899
USD,SHORT_QUARTERLY_LONG_PERP,5,2026-02-25,2026-03-09,12,-0.02199,-785.0,2680.000000000007,-136.01,121.71466520547948,15.879999999999999,23.99999999999602,1597.3953347945312,6.040681254980462
USD,SHORT_QUARTERLY_LONG_PERP,20,2026-02-25,2026-04-15,49,-0.02199,3497.0,-1239.999999999995,-144.03,497.0015495890412,15.879999999999999,23.99999999999602,1576.0884504109677,5.960107527053315
USD,LONG_QUARTERLY_SHORT_PERP,10,2026-06-09,2026-06-26,17,0.10989,6438.0,-5329.999999999998,674.17,172.4291090410959,15.879999999999999,23.99999999999602,1569.8608909589097,5.936557501066065
USD,LONG_QUARTERLY_SHORT_PERP,40,2026-04-24,2026-06-29,66,0.02899,1583.0,-2219.999999999999,2914.9599999999996,669.430658630137,15.879999999999999,23.99999999999602,1568.6493413698672,5.931975927092112
USD,SHORT_QUARTERLY_LONG_PERP,10,2026-08-03,2026-08-31,28,-0.01582,-4303.0,6310.000000000002,-128.78,284.0008854794521,15.879999999999999,23.99999999999602,1554.3391145205537,5.877860632524605
USD,SHORT_QUARTERLY_LONG_PERP,10,2026-03-03,2026-03-23,20,-0.00168,-2778.0,4269.999999999996,299.64000000000004,202.85777534246577,15.879999999999999,23.99999999999602,1548.9022246575346,5.857300588329186
USD,LONG_QUARTERLY_SHORT_PERP,20,2026-04-24,2026-05-27,33,0.02899,-4236.0,4629.999999999995,1486.15,334.7153293150685,15.879999999999999,23.99999999999602,1505.554670684931,5.693378263637258
USD,SHORT_QUARTERLY_LONG_PERP,10,2026-03-17,2026-04-09,23,-0.03977,5886.0,-4069.999999999993,-57.569999999999986,233.28644164383562,15.879999999999999,23.99999999999602,1485.263558356175,5.616645760907879
USD,LONG_QUARTERLY_SHORT_PERP,40,2026-04-21,2026-06-24,64,0.11286,-662.0,-179.9999999999926,3008.13,649.1448810958905,15.879999999999999,23.99999999999602,1477.105118904121,5.585793954098104
USD,SHORT_QUARTERLY_LONG_PERP,20,2026-02-19,2026-04-10,50,-0.00894,1690.0,329.9999999999983,-8.259999999999978,507.14443835616447,15.879999999999999,23.99999999999602,1464.7155616438376,5.5389418288480154
USD,SHORT_QUARTERLY_LONG_PERP,5,2026-06-30,2026-07-15,15,-0.08267,2125.0,-310.0000000000023,-182.01999999999998,152.14333150684934,15.879999999999999,23.99999999999602,1440.9566684931524,5.449095628994873
USD,LONG_QUARTERLY_SHORT_PERP,3,2026-03-02,2026-03-05,3,0.0233,2272.0,-1019.999999999996,231.44,30.42866630136987,15.879999999999999,23.99999999999602,1413.1313336986382,5.3438718471009565
USD,SHORT_QUARTERLY_LONG_PERP,10,2026-03-13,2026-04-06,24,-0.04984,2908.0,-1500.0,287.86,243.42933041095895,15.879999999999999,23.99999999999602,1412.550669589045,5.341676018225126
USD,LONG_QUARTERLY_SHORT_PERP,40,2026-03-23,2026-06-03,72,0.126,-9176.0,8539.999999999993,2815.06,730.2879912328767,15.879999999999999,23.99999999999602,1408.89200876712,5.327840492751918
USD,SHORT_QUARTERLY_LONG_PERP,20,2026-06-30,2026-08-17,48,-0.08267,-4588.0,6740.000000000009,-235.39,486.8586608219179,15.879999999999999,23.99999999999602,1389.8713391780952,5.255912273268056
USD,LONG_QUARTERLY_SHORT_PERP,20,2026-04-22,2026-05-25,33,0.08724,-3092.0,3450.0000000000027,1402.79,334.7153293150685,15.879999999999999,23.99999999999602,1386.194670684938,5.242008650311595
USD,LONG_QUARTERLY_SHORT_PERP,10,2026-06-08,2026-06-25,17,0.0959,3287.0,-2369.9999999999905,670.61,172.4291090410959,15.879999999999999,23.99999999999602,1375.3008909589175,5.200812930283201
USD,SHORT_QUARTERLY_LONG_PERP,20,2026-07-14,2026-08-31,48,-0.11493,-6708.0,8890.0,-280.93,486.8586608219179,15.879999999999999,23.99999999999602,1374.3313391780857,5.1971464908360385
USD,LONG_QUARTERLY_SHORT_PERP,5,2026-04-16,2026-04-23,7,0.11285,-307.0,1260.000000000005,530.8100000000001,71.00022136986303,15.879999999999999,23.99999999999602,1372.9297786301458,5.191846374862713
USD,LONG_QUARTERLY_SHORT_PERP,3,2026-05-19,2026-05-22,3,0.01274,1012.0,80.0000000000125,319.56,30.42866630136987,15.879999999999999,23.99999999999602,1341.2513336986462,5.072051741488968
USD,LONG_QUARTERLY_SHORT_PERP,40,2026-03-31,2026-06-08,69,0.12195,-9087.0,7989.9999999999945,3153.28,699.8593249315069,15.879999999999999,23.99999999999602,1316.540675068492,4.978606362543628
USD,LONG_QUARTERLY_SHORT_PERP,20,2026-05-07,2026-06-05,29,0.11283,-919.0,1150.0000000000057,1401.88,294.1437742465754,15.879999999999999,23.99999999999602,1298.8562257534345,4.9117311694369326
USD,LONG_QUARTERLY_SHORT_PERP,5,2026-06-04,2026-06-11,7,0.0876,-1510.0,2390.0000000000005,521.19,71.00022136986303,15.879999999999999,23.99999999999602,1290.3097786301414,4.87941207984788
USD,LONG_QUARTERLY_SHORT_PERP,40,2026-04-29,2026-07-10,72,0.10387,1102.0,-1780.0000000000011,2714.46,730.2879912328767,15.879999999999999,23.99999999999602,1266.292008767126,4.788586916509955
USD,LONG_QUARTERLY_SHORT_PERP,20,2026-05-12,2026-06-10,29,0.08705,-2049.0,2000.0,1625.96,294.1437742465754,15.879999999999999,23.99999999999602,1242.9362257534285,4.700265110646925
USD,LONG_QUARTERLY_SHORT_PERP,20,2026-05-13,2026-06-11,29,0.0305,-1550.0,1430.0000000000068,1693.59,294.1437742465754,15.879999999999999,23.99999999999602,1239.5662257534354,4.687521179707712
USD,LONG_QUARTERLY_SHORT_PERP,5,2026-05-26,2026-06-02,7,0.10733,1914.0,-890.0000000000006,322.08,71.00022136986303,15.879999999999999,23.99999999999602,1235.1997786301404,4.671009102381566
USD,LONG_QUARTERLY_SHORT_PERP,3,2026-04-20,2026-04-23,3,0.11408,586.0,409.9999999999966,302.59000000000003,30.42866630136987,15.879999999999999,23.99999999999602,1228.2813336986305,4.64484643638332
USD,SHORT_QUARTERLY_LONG_PERP,5,2026-03-16,2026-03-23,7,-0.12035,247.0,829.9999999999983,243.84,71.00022136986303,15.879999999999999,23.99999999999602,1209.9597786301388,4.575561975703105
USD,LONG_QUARTERLY_SHORT_PERP,5,2026-04-24,2026-05-05,11,0.02899,602.0,189.99999999999773,517.71,111.57177643835617,15.879999999999999,23.99999999999602,1158.2582235616455,4.380048311832439
USD,LONG_QUARTERLY_SHORT_PERP,10,2026-04-10,2026-04-28,18,0.04663,-1883.0,2280.000000000001,974.7900000000001,182.57199780821918,15.879999999999999,23.99999999999602,1149.3380021917856,4.346315764324956
USD,LONG_QUARTERLY_SHORT_PERP,20,2026-04-29,2026-06-01,33,0.10387,-3109.0,3329.999999999998,1301.16,334.7153293150685,15.879999999999999,23.99999999999602,1147.5646706849338,4.339609766029497
USD,SHORT_QUARTERLY_LONG_PERP,10,2026-07-28,2026-08-20,23,-0.06545,-3119.0,4659.999999999996,-129.67999999999998,233.28644164383562,15.879999999999999,23.99999999999602,1138.1535583561645,4.304020874166216
USD,LONG_QUARTERLY_SHORT_PERP,5,2026-06-08,2026-06-16,8,0.0959,-238.0,1120.0000000000045,350.53000000000003,81.14311013698631,15.879999999999999,23.99999999999602,1111.506889863022,4.2032543154014075
USD,LONG_QUARTERLY_SHORT_PERP,20,2026-03-23,2026-05-05,43,0.126,-6565.0,6539.999999999992,1612.41,436.1442169863014,15.879999999999999,23.99999999999602,1111.3857830136944,4.202796339934316
USD,LONG_QUARTERLY_SHORT_PERP,40,2026-04-28,2026-07-07,70,0.11222,537.0,-1439.9999999999977,2760.89,710.0022136986302,15.879999999999999,23.99999999999602,1108.0077863013757,4.190022168772664
USD,LONG_QUARTERLY_SHORT_PERP,5,2026-05-18,2026-05-25,7,0.08662,-22.0,799.9999999999972,439.12,71.00022136986303,15.879999999999999,23.99999999999602,1106.239778630138,4.1833363029975015
USD,LONG_QUARTERLY_SHORT_PERP,20,2026-04-09,2026-05-13,34,0.11745,-4490.0,4500.0,1468.6200000000001,344.8582180821918,15.879999999999999,23.99999999999602,1093.881781917812,4.136603526543725
USD,LONG_QUARTERLY_SHORT_PERP,10,2026-05-18,2026-06-01,14,0.08662,-290.0,799.9999999999972,761.1999999999999,142.00044273972605,15.879999999999999,23.99999999999602,1089.319557260275,4.119351100441367
USD,LONG_QUARTERLY_SHORT_PERP,3,2026-09-11,2026-09-18,7,0.04835,925.0,60.000000000002274,212.25,71.00022136986303,15.879999999999999,23.99999999999602,1086.3697786301432,4.108196271020464
USD,LONG_QUARTERLY_SHORT_PERP,40,2026-05-08,2026-07-20,73,0.11193,3512.0,-4019.999999999996,2355.6400000000003,740.43088,15.879999999999999,23.99999999999602,1067.3291200000085,4.036192461340921
USD,LONG_QUARTERLY_SHORT_PERP,20,2026-04-30,2026-06-02,33,0.11232,-2104.0,2239.999999999995,1296.17,334.7153293150685,15.879999999999999,23.99999999999602,1057.5746706849304,3.9993052125511097
USD,SHORT_QUARTERLY_LONG_PERP,10,2026-02-11,2026-03-16,33,-0.02432,-2132.0,3590.0000000000036,-26.88999999999999,334.7153293150685,15.879999999999999,23.99999999999602,1056.5146706849391,3.995296735757198
USD,LONG_QUARTERLY_SHORT_PERP,40,2026-05-18,2026-07-29,72,0.08662,6631.0,-7010.0000000000055,2185.77,730.2879912328767,15.879999999999999,23.99999999999602,1036.6020087671218,3.9199953742447113
USD,SHORT_QUARTERLY_LONG_PERP,5,2026-08-03,2026-08-14,11,-0.01582,-3391.0,4470.000000000013,86.97,111.57177643835617,15.879999999999999,23.99999999999602,1014.5182235616604,3.83648373224608
USD,SHORT_QUARTERLY_LONG_PERP,40,2026-02-25,2026-05-18,82,-0.02199,7614.0,-4120.000000000005,-1648.8700000000001,831.7168789041096,15.879999999999999,23.99999999999602,973.5331210958897,3.681495211367321
USD,SHORT_QUARTERLY_LONG_PERP,10,2026-06-30,2026-07-27,27,-0.08267,1743.0,-250.0,-207.73,273.8579967123288,15.879999999999999,23.99999999999602,971.5320032876751,3.6739278205218704
USD,LONG_QUARTERLY_SHORT_PERP,20,2026-05-20,2026-06-18,29,0.10694,2084.0,-2409.9999999999964,1631.31,294.1437742465754,15.879999999999999,23.99999999999602,971.2862257534322,3.6729983926516003
USD,LONG_QUARTERLY_SHORT_PERP,10,2026-04-17,2026-05-05,18,0.11414,-484.0,709.9999999999937,963.37,182.57199780821918,15.879999999999999,23.99999999999602,966.9180021917786,3.656479597578345
USD,LONG_QUARTERLY_SHORT_PERP,20,2026-05-25,2026-06-25,31,0.10682,3975.0,-4079.999999999998,1414.61,314.42955178082195,15.879999999999999,23.99999999999602,955.3004482191837,3.6125468659731137
USD,SHORT_QUARTERLY_LONG_PERP,10,2026-03-09,2026-03-31,22,-0.11873,-1354.0,2099.9999999999945,457.30000000000007,223.14355287671233,15.879999999999999,23.99999999999602,940.2764471232864,3.5557323756475445
USD,LONG_QUARTERLY_SHORT_PERP,3,2026-06-04,2026-06-09,5,0.0876,-1863.0,2569.999999999993,317.23999999999995,50.71444383561644,15.879999999999999,23.99999999999602,933.6455561643808,3.5306571185419307
USD,LONG_QUARTERLY_SHORT_PERP,20,2026-05-29,2026-07-07,39,0.10706,5014.0,-5109.999999999999,1462.39,395.57266191780826,15.879999999999999,23.99999999999602,930.9373380821967,3.5204157701123306
USD,LONG_QUARTERLY_SHORT_PERP,10,2026-05-26,2026-06-09,14,0.10733,411.0,-60.000000000002274,746.56,142.00044273972605,15.879999999999999,23.99999999999602,915.6795572602756,3.4627172226106664
USD,LONG_QUARTERLY_SHORT_PERP,5,2026-06-09,2026-06-17,8,0.10989,1699.0,-1019.999999999996,348.84999999999997,81.14311013698631,15.879999999999999,23.99999999999602,906.8268898630217,3.4292401359819853
USD,SHORT_QUARTERLY_LONG_PERP,20,2026-03-03,2026-04-17,45,-0.00168,3303.0,-1560.0000000000023,-349.4,456.42999452054795,15.879999999999999,23.99999999999602,897.2900054794536,3.3931756267951307
USD,LONG_QUARTERLY_SHORT_PERP,20,2026-04-10,2026-05-14,34,0.04663,-4080.0,3829.999999999998,1532.0,344.8582180821918,15.879999999999999,23.99999999999602,897.2617819178104,3.393068897085801
USD,LONG_QUARTERLY_SHORT_PERP,10,2026-05-08,2026-05-25,17,0.11193,-2289.0,2750.0,641.85,172.4291090410959,15.879999999999999,23.99999999999602,890.540890958908,3.3676532976109024
USD,SHORT_QUARTERLY_LONG_PERP,20,2026-07-16,2026-09-03,49,-0.10007,-6942.0,8570.000000000007,-229.1,497.0015495890412,15.879999999999999,23.99999999999602,862.0184504109702,3.2597933532306445
USD,LONG_QUARTERLY_SHORT_PERP,20,2026-04-21,2026-05-22,31,0.11286,-3549.0,3380.0000000000095,1383.21,314.42955178082195,15.879999999999999,23.99999999999602,859.9004482191916,3.251783954518127
USD,LONG_QUARTERLY_SHORT_PERP,5,2026-06-11,2026-06-22,11,0.09813,2502.0,-1859.9999999999995,364.19,111.57177643835617,15.879999999999999,23.99999999999602,854.7382235616483,3.232262579287097
USD,LONG_QUARTERLY_SHORT_PERP,3,2026-01-29,2026-02-03,5,0.11441,1547.0,-950.0000000000028,343.18,50.71444383561644,15.879999999999999,23.99999999999602,849.5855561643847,3.2127773456183744
USD,LONG_QUARTERLY_SHORT_PERP,3,2026-01-27,2026-01-30,3,0.08043,-246.0,819.9999999999932,343.28999999999996,30.42866630136987,15.879999999999999,23.99999999999602,846.9813336986273,3.2029292651275654
USD,LONG_QUARTERLY_SHORT_PERP,20,2026-04-17,2026-05-20,33,0.11414,-5281.0,5099.9999999999945,1397.53,334.7153293150685,15.879999999999999,23.99999999999602,841.93467068493,3.1838448957150516
USD,LONG_QUARTERLY_SHORT_PERP,10,2026-08-31,2026-09-28,28,0.00082,-1222.0,1969.9999999999989,416.93,284.0008854794521,15.879999999999999,23.99999999999602,841.0491145205508,3.1804960925691574
USD,LONG_QUARTERLY_SHORT_PERP,40,2026-04-30,2026-07-13,74,0.11232,822.0,-1820.0000000000073,2608.45,750.5737687671233,15.879999999999999,23.99999999999602,819.9962312328732,3.100882890583987
USD,SHORT_QUARTERLY_LONG_PERP,10,2026-03-16,2026-04-08,23,-0.12035,3742.0,-2750.0,99.65000000000002,233.28644164383562,15.879999999999999,23.99999999999602,818.4835583561685,3.0951625942414394
USD,LONG_QUARTERLY_SHORT_PERP,10,2026-05-12,2026-05-27,15,0.08705,-2768.0,2890.0000000000005,881.0899999999999,152.14333150684934,15.879999999999999,23.99999999999602,811.066668493155,3.0671150179215028
USD,LONG_QUARTERLY_SHORT_PERP,20,2026-03-31,2026-05-08,38,0.12195,-7486.0,6950.000000000003,1767.43,385.429773150685,15.879999999999999,23.99999999999602,806.1202268493219,3.048409643825365
USD,SHORT_QUARTERLY_LONG_PERP,3,2026-06-30,2026-07-13,13,-0.08267,2808.0,-1649.9999999999914,-180.70999999999998,131.85755397260277,15.879999999999999,23.99999999999602,805.5524460274098,3.0462625341567975
USD,LONG_QUARTERLY_SHORT_PERP,10,2026-06-11,2026-06-30,19,0.09813,6884.0,-6359.999999999999,503.14000000000004,192.7148865753425,15.879999999999999,23.99999999999602,794.5451134246625,3.004637404627229
USD,LONG_QUARTERLY_SHORT_PERP,5,2026-05-29,2026-06-05,7,0.10706,2921.0,-2450.0000000000027,432.55,71.00022136986303,15.879999999999999,23.99999999999602,792.6697786301381,2.9975456725472966
USD,LONG_QUARTERLY_SHORT_PERP,10,2026-01-15,2026-01-30,15,0.02338,-2742.0,2799.9999999999973,924.29,152.14333150684934,15.879999999999999,23.99999999999602,790.2666684931519,2.9884581147950304
USD,LONG_QUARTERLY_SHORT_PERP,20,2026-04-20,2026-05-21,31,0.11408,-4702.0,4449.999999999989,1389.88,314.42955178082195,15.879999999999999,23.99999999999602,783.5704482191712,2.963135809535226
USD,SHORT_QUARTERLY_LONG_PERP,20,2026-06-25,2026-08-06,42,-0.10349,-4166.0,5780.000000000001,-372.85999999999996,426.0013282191781,15.879999999999999,23.99999999999602,775.258671780827,2.9317041463563966
USD,LONG_QUARTERLY_SHORT_PERP,5,2026-01-15,2026-01-23,8,0.02338,-2102.0,2609.9999999999995,386.69,81.14311013698631,15.879999999999999,23.99999999999602,773.6668898630173,2.925684692697377
USD,LONG_QUARTERLY_SHORT_PERP,40,2026-05-07,2026-07-16,70,0.11283,2826.0,-3699.9999999999886,2396.71,710.0022136986302,15.879999999999999,23.99999999999602,772.8277863013852,2.9225115538723596
USD,LONG_QUARTERLY_SHORT_PERP,3,2026-01-15,2026-01-20,5,0.02338,-159.0,710.000000000008,279.12,50.71444383561644,15.879999999999999,23.99999999999602,739.5255561643955,2.7965764437867686
USD,SHORT_QUARTERLY_LONG_PERP,5,2026-02-11,2026-03-03,20,-0.02432,893.0,150.00000000000568,-82.69,202.85777534246577,15.879999999999999,23.99999999999602,717.5722246575439,2.713558123131119
USD,LONG_QUARTERLY_SHORT_PERP,10,2026-05-07,2026-05-22,15,0.11283,-3148.0,3410.000000000011,646.96,152.14333150684934,15.879999999999999,23.99999999999602,716.9366684931656,2.7111547154554976
USD,LONG_QUARTERLY_SHORT_PERP,10,2026-06-01,2026-06-16,15,0.10653,718.0,-590.0000000000034,772.4499999999999,152.14333150684934,15.879999999999999,23.99999999999602,708.4266684931512,2.678973453647454
USD,LONG_QUARTERLY_SHORT_PERP,10,2026-04-16,2026-04-30,14,0.11285,-1367.0,1290.0000000000064,964.35,142.00044273972605,15.879999999999999,23.99999999999602,705.4695572602843,2.6677908953889067
USD,LONG_QUARTERLY_SHORT_PERP,3,2026-06-08,2026-06-11,3,0.0959,-889.0,1350.0000000000086,313.84000000000003,30.42866630136987,15.879999999999999,23.99999999999602,704.5313336986428,2.6642429261678013
USD,LONG_QUARTERLY_SHORT_PERP,20,2026-05-14,2026-06-15,32,0.11001,-1257.0,689.9999999999977,1612.6000000000001,324.57244054794523,15.879999999999999,23.99999999999602,681.1475594520566,2.5758152691656493
USD,LONG_QUARTERLY_SHORT_PERP,5,2026-01-29,2026-02-05,7,0.11441,823.0,-519.999999999996,486.03000000000003,71.00022136986303,15.879999999999999,23.99999999999602,678.149778630145,2.5644789155260597
USD,LONG_QUARTERLY_SHORT_PERP,5,2026-04-10,2026-04-21,11,0.04663,-2119.0,2379.9999999999955,567.71,111.57177643835617,15.879999999999999,23.99999999999602,677.2582235616433,2.5611074270330287
USD,LONG_QUARTERLY_SHORT_PERP,3,2026-08-31,2026-09-07,7,0.00082,615.0,189.99999999999773,-17.72,71.00022136986303,15.879999999999999,23.99999999999602,676.3997786301386,2.5578611472341457
USD,SHORT_QUARTERLY_LONG_PERP,3,2026-09-02,2026-09-11,9,-0.00827,3574.0,-2739.999999999995,-38.9,91.28599890410959,15.879999999999999,23.99999999999602,663.9340010958995,2.510720788777095
USD,LONG_QUARTERLY_SHORT_PERP,5,2026-08-10,2026-08-24,14,0.03019,1433.0,-680.0000000000068,89.21,142.00044273972605,15.879999999999999,23.99999999999602,660.3295572602711,2.497090289276913
USD,LONG_QUARTERLY_SHORT_PERP,5,2026-03-31,2026-04-15,15,0.12195,-5636.0,6019.999999999996,465.32,152.14333150684934,15.879999999999999,23.99999999999602,657.296668493151,2.4856211720678405
USD,LONG_QUARTERLY_SHORT_PERP,10,2026-04-24,2026-05-12,18,0.02899,-1468.0,1739.999999999995,605.0600000000001,182.57199780821918,15.879999999999999,23.99999999999602,654.6080021917799,2.475453760298306
USD,LONG_QUARTERLY_SHORT_PERP,3,2026-04-27,2026-04-30,3,0.07614,380.0,10.000000000005116,328.40999999999997,30.42866630136987,15.879999999999999,23.99999999999602,648.1013336986392,2.4508482606184523
USD,SHORT_QUARTERLY_LONG_PERP,40,2026-02-11,2026-05-12,90,-0.02432,6750.0,-3669.9999999999873,-1482.81,912.8599890410959,15.879999999999999,23.99999999999602,644.4500109589209,2.4370404847039584
USD,LONG_QUARTERLY_SHORT_PERP,5,2026-05-14,2026-05-22,8,0.11001,-1588.0,1930.0000000000068,418.92,81.14311013698631,15.879999999999999,23.99999999999602,639.8968898630246,2.419822484465355
USD,LONG_QUARTERLY_SHORT_PERP,10,2026-06-15,2026-07-07,22,0.02902,3991.0,-3679.9999999999927,591.08,223.14355287671233,15.879999999999999,23.99999999999602,639.056447123299,2.4166442814287232
USD,LONG_QUARTERLY_SHORT_PERP,5,2026-04-09,2026-04-20,11,0.11745,-2312.0,2600.0000000000086,501.48,111.57177643835617,15.879999999999999,23.99999999999602,638.0282235616564,2.4127559698383165
USD,LONG_QUARTERLY_SHORT_PERP,40,2026-05-14,2026-07-28,75,0.11001,4767.0,-5560.000000000002,2229.0,760.7166575342466,15.879999999999999,23.99999999999602,635.4033424657556,2.4028297670460685
USD,LONG_QUARTERLY_SHORT_PERP,5,2026-06-17,2026-06-26,9,0.10821,4739.0,-4310.000000000002,325.32,91.28599890410959,15.879999999999999,23.99999999999602,623.1540010958925,2.3565078796666326
USD,LONG_QUARTERLY_SHORT_PERP,5,2026-05-19,2026-05-26,7,0.01274,571.0,-379.99999999999545,533.71,71.00022136986303,15.879999999999999,23.99999999999602,613.8297786301455,2.3212475689350063
USD,LONG_QUARTERLY_SHORT_PERP,3,2026-05-20,2026-05-25,5,0.10694,984.0,-599.9999999999943,319.44,50.71444383561644,15.879999999999999,23.99999999999602,612.8455561643933,2.3175256510915663
USD,LONG_QUARTERLY_SHORT_PERP,20,2026-04-27,2026-05-28,31,0.07614,-3779.0,3439.9999999999977,1303.66,314.42955178082195,15.879999999999999,23.99999999999602,610.3504482191798,2.308090196094609
USD,SHORT_QUARTERLY_LONG_PERP,20,2026-03-16,2026-04-24,39,-0.12035,7414.0,-5519.999999999996,-850.8599999999999,395.57266191780826,15.879999999999999,23.99999999999602,607.6873380821994,2.2980194270532834
USD,LONG_QUARTERLY_SHORT_PERP,3,2026-06-18,2026-06-25,7,0.10913,2875.0,-2269.999999999996,102.74,71.00022136986303,15.879999999999999,23.99999999999602,596.859778630145,2.2570741244130796
USD,LONG_QUARTERLY_SHORT_PERP,10,2026-06-02,2026-06-17,15,0.10733,196.0,-189.99999999999773,773.3299999999999,152.14333150684934,15.879999999999999,23.99999999999602,587.3066684931568,2.220948256211085
USD,LONG_QUARTERLY_SHORT_PERP,40,2026-05-19,2026-07-30,72,0.01274,7700.0,-8569.999999999993,2221.11,730.2879912328767,15.879999999999999,23.99999999999602,580.9420087671347,2.196879774311921
USD,LONG_QUARTERLY_SHORT_PERP,20,2026-05-22,2026-06-24,33,0.10619,2887.0,-3560.0000000000023,1624.9199999999998,334.7153293150685,15.879999999999999,23.99999999999602,577.324670684933,2.183200514162527
USD,LONG_QUARTERLY_SHORT_PERP,40,2026-05-12,2026-07-23,72,0.08705,3539.0,-4609.999999999999,2411.46,730.2879912328767,15.879999999999999,23.99999999999602,570.2920087671282,2.1566059272783966
USD,LONG_QUARTERLY_SHORT_PERP,20,2026-06-08,2026-07-20,42,0.0959,5113.0,-5059.999999999988,969.79,426.0013282191781,15.879999999999999,23.99999999999602,556.9086717808377,2.105995742622655
USD,LONG_QUARTERLY_SHORT_PERP,5,2026-09-11,2026-09-24,13,0.04835,1051.0,-649.9999999999915,323.79,131.85755397260277,15.879999999999999,23.99999999999602,553.0524460274098,2.091413109184138
USD,LONG_QUARTERLY_SHORT_PERP,10,2026-04-09,2026-04-27,18,0.11745,-3166.0,3030.000000000001,909.2,182.57199780821918,15.879999999999999,23.99999999999602,550.7480021917858,2.0826986661293763
USD,LONG_QUARTERLY_SHORT_PERP,3,2026-06-11,2026-06-17,6,0.09813,1346.0,-840.0000000000034,144.9,60.85733260273974,15.879999999999999,23.99999999999602,550.1626673972609,2.080485174676035
USD,SHORT_QUARTERLY_LONG_PERP,5,2026-06-25,2026-07-10,15,-0.10349,32.0,1030.0000000000011,-320.77,152.14333150684934,15.879999999999999,23.99999999999602,549.2066684931558,2.0768699865419396
USD,LONG_QUARTERLY_SHORT_PERP,10,2026-06-03,2026-06-18,15,0.01964,-102.0,-19.99999999999602,862.82,152.14333150684934,15.879999999999999,23.99999999999602,548.7966684931587,2.0753195379707075
USD,LONG_QUARTERLY_SHORT_PERP,10,2026-05-22,2026-06-05,14,0.10619,2229.0,-2260.000000000005,754.92,142.00044273972605,15.879999999999999,23.99999999999602,542.0395572602729,2.0497669685639854
USD,LONG_QUARTERLY_SHORT_PERP,20,2026-04-08,2026-05-12,34,0.06786,-5140.0,4509.999999999991,1555.5700000000002,344.8582180821918,15.879999999999999,23.99999999999602,540.8317819178033,2.0451996672124872
USD,LONG_QUARTERLY_SHORT_PERP,3,2026-06-15,2026-06-18,3,0.02902,1293.0,-909.9999999999966,225.01000000000002,30.42866630136987,15.879999999999999,23.99999999999602,537.7013336986375,2.0333616209472316
USD,LONG_QUARTERLY_SHORT_PERP,5,2026-06-15,2026-06-24,9,0.02902,2556.0,-2319.999999999993,431.24,91.28599890410959,15.879999999999999,23.99999999999602,536.0740010959012,2.0272077294622335
USD,SHORT_QUARTERLY_LONG_PERP,20,2026-03-17,2026-04-27,41,-0.03977,9052.0,-7099.9999999999945,-966.77,415.8584394520548,15.879999999999999,23.99999999999602,529.4915605479546,2.002315691552833
USD,LONG_QUARTERLY_SHORT_PERP,3,2026-05-18,2026-05-21,3,0.08662,-1197.0,1559.9999999999882,226.10999999999999,30.42866630136987,15.879999999999999,23.99999999999602,518.8013336986223,1.9618897233947652
USD,LONG_QUARTERLY_SHORT_PERP,40,2026-05-13,2026-07-27,75,0.0305,3591.0,-4679.999999999993,2404.46,760.7166575342466,15.879999999999999,23.99999999999602,514.8633424657647,1.9469978871007396
USD,LONG_QUARTERLY_SHORT_PERP,3,2026-08-17,2026-08-24,7,0.10443,-1207.0,1719.9999999999989,110.5,71.00022136986303,15.879999999999999,23.99999999999602,512.6197786301398,1.9385136667508942
USD,SHORT_QUARTERLY_LONG_PERP,3,2026-03-03,2026-03-09,6,-0.00168,-821.0,1540.0000000000064,-114.38999999999999,60.85733260273974,15.879999999999999,23.99999999999602,503.8726673972707,1.9054357494008867
USD,LONG_QUARTERLY_SHORT_PERP,10,2026-04-27,2026-05-13,16,0.07614,-1324.0,1469.9999999999989,559.4200000000001,162.28622027397262,15.879999999999999,23.99999999999602,503.2537797260303,1.9030953749969004
USD,SHORT_QUARTERLY_LONG_PERP,5,2026-08-14,2026-08-31,17,-0.12572,-912.0,1839.999999999989,-215.75,172.4291090410959,15.879999999999999,23.99999999999602,499.94089095889717,1.8905674148610767
USD,LONG_QUARTERLY_SHORT_PERP,3,2026-04-09,2026-04-16,7,0.11745,-1419.0,1750.0,273.26,71.00022136986303,15.879999999999999,23.99999999999602,493.3797786301409,1.8657560313589223
USD,LONG_QUARTERLY_SHORT_PERP,3,2026-04-08,2026-04-15,7,0.06786,-2744.0,3069.999999999993,277.86,71.00022136986303,15.879999999999999,23.99999999999602,492.9797786301342,1.8642433986064653
USD,LONG_QUARTERLY_SHORT_PERP,5,2026-08-31,2026-09-15,15,0.00082,-1599.0,2140.0000000000005,141.81,152.14333150684934,15.879999999999999,23.99999999999602,490.78666849315505,1.8559499730492524
USD,LONG_QUARTERLY_SHORT_PERP,3,2026-04-24,2026-04-29,5,0.02899,-370.0,650.0000000000057,292.23,50.71444383561644,15.879999999999999,23.99999999999602,481.6355561643933,1.8213442924750805
USD,LONG_QUARTERLY_SHORT_PERP,10,2026-08-20,2026-09-18,29,0.03657,1333.0,-840.0000000000034,317.63,294.1437742465754,15.879999999999999,23.99999999999602,476.6062257534252,1.8023254677189997
USD,LONG_QUARTERLY_SHORT_PERP,20,2026-05-08,2026-06-08,31,0.11193,-1601.0,1039.999999999992,1385.8500000000001,314.42955178082195,15.879999999999999,23.99999999999602,470.5404482191742,1.7793872333008152
USD,LONG_QUARTERLY_SHORT_PERP,5,2026-01-27,2026-02-03,7,0.08043,437.0,-430.0000000000068,572.4200000000001,71.00022136986303,15.879999999999999,23.99999999999602,468.5397786301342,1.771821537432874
USD,LONG_QUARTERLY_SHORT_PERP,3,2026-09-15,2026-09-22,7,0.11118,300.0,170.0000000000017,101.76,71.00022136986303,15.879999999999999,23.99999999999602,460.87977863014265,1.7428546202238344
USD,LONG_QUARTERLY_SHORT_PERP,10,2026-04-22,2026-05-08,16,0.08724,-803.0,700.0000000000028,760.9399999999999,162.28622027397262,15.879999999999999,23.99999999999602,455.77377972603415,1.7235458672832442
USD,SHORT_QUARTERLY_LONG_PERP,5,2026-07-28,2026-08-05,8,-0.06545,-1601.0,2230.000000000004,-55.55,81.14311013698631,15.879999999999999,23.99999999999602,452.4268898630218,1.7108893292193068
USD,LONG_QUARTERLY_SHORT_PERP,3,2026-06-16,2026-06-22,6,0.00767,1851.0,-1629.9999999999955,327.5,60.85733260273974,15.879999999999999,23.99999999999602,447.7626673972688,1.6932511900534897
USD,LONG_QUARTERLY_SHORT_PERP,40,2026-05-05,2026-07-14,70,0.11316,966.0,-2149.9999999999914,2380.36,710.0022136986302,15.879999999999999,23.99999999999602,446.4777863013826,1.6883923069819444
USD,SHORT_QUARTERLY_LONG_PERP,3,2026-02-25,2026-03-04,7,-0.02199,-639.0,1329.9999999999982,-138.04,71.00022136986303,15.879999999999999,23.99999999999602,442.0797786301392,1.6717608808595203
USD,LONG_QUARTERLY_SHORT_PERP,5,2026-06-03,2026-06-10,7,0.01964,-1508.0,1549.9999999999973,510.66,71.00022136986303,15.879999999999999,23.99999999999602,441.7797786301383,1.670626406295193
USD,LONG_QUARTERLY_SHORT_PERP,3,2026-06-10,2026-06-16,6,0.10582,756.0,-349.9999999999943,134.82,60.85733260273974,15.879999999999999,23.99999999999602,440.08266739726986,1.6642086412068005
USD,LONG_QUARTERLY_SHORT_PERP,3,2026-05-26,2026-05-29,3,0.10733,-251.0,650.0000000000057,108.22,30.42866630136987,15.879999999999999,23.99999999999602,436.91133369863985,1.6522159831532035
USD,LONG_QUARTERLY_SHORT_PERP,5,2026-05-20,2026-05-27,7,0.10694,-41.0,49.99999999999716,534.28,71.00022136986303,15.879999999999999,23.99999999999602,432.3997786301381,1.6351551682506633
USD,LONG_QUARTERLY_SHORT_PERP,5,2026-04-21,2026-04-28,7,0.11286,236.0,-99.99999999999432,407.08,71.00022136986303,15.879999999999999,23.99999999999602,432.19977863014657,1.6343988518744794
USD,LONG_QUARTERLY_SHORT_PERP,5,2026-04-06,2026-04-16,10,0.1196,-2531.0,2640.0000000000005,458.57000000000005,101.42888767123289,15.879999999999999,23.99999999999602,426.2611123287716,1.6119412989914206
USD,LONG_QUARTERLY_SHORT_PERP,10,2026-05-27,2026-06-10,14,0.10751,719.0,-890.0000000000006,744.87,142.00044273972605,15.879999999999999,23.99999999999602,391.98955726027737,1.4823406073079728
USD,LONG_QUARTERLY_SHORT_PERP,10,2026-05-14,2026-05-29,15,0.11001,-2280.0,2120.0000000000045,741.29,152.14333150684934,15.879999999999999,23.99999999999602,389.26666849315916,1.4720437804820428
USD,LONG_QUARTERLY_SHORT_PERP,10,2026-05-20,2026-06-03,14,0.10694,2186.0,-2390.0000000000005,768.49,142.00044273972605,15.879999999999999,23.99999999999602,382.6095572602775,1.4468693692634442
USD,LONG_QUARTERLY_SHORT_PERP,3,2026-04-16,2026-04-21,5,0.11285,-1395.0,1500.0,341.08,50.71444383561644,15.879999999999999,23.99999999999602,355.4855561643875,1.344297738176837
USD,LONG_QUARTERLY_SHORT_PERP,40,2026-05-20,2026-08-03,75,0.10694,8168.0,-9119.99999999999,2098.35,760.7166575342466,15.879999999999999,23.99999999999602,345.7533424657664,1.3074945751913345
USD,LONG_QUARTERLY_SHORT_PERP,20,2026-06-04,2026-07-15,41,0.0876,3249.0,-3659.9999999999964,1206.3500000000001,415.8584394520548,15.879999999999999,23.99999999999602,339.61156054795293,1.2842689239733873
USD,LONG_QUARTERLY_SHORT_PERP,5,2026-05-12,2026-05-20,8,0.08705,-2727.0,2840.0000000000036,346.81,81.14311013698631,15.879999999999999,23.99999999999602,338.7868898630213,1.2811503642533921
USD,LONG_QUARTERLY_SHORT_PERP,3,2026-02-04,2026-02-10,6,0.11547,470.0,-299.99999999999716,258.69,60.85733260273974,15.879999999999999,23.99999999999602,327.9526673972671,1.2401798648813078
USD,LONG_QUARTERLY_SHORT_PERP,5,2026-05-13,2026-05-21,8,0.0305,-2524.0,2549.9999999999973,422.74,81.14311013698631,15.879999999999999,23.99999999999602,327.71688986301496,1.2392882528298144
USD,LONG_QUARTERLY_SHORT_PERP,3,2026-06-22,2026-06-26,4,0.11016,3583.0,-3290.0000000000064,106.03,40.571555068493154,15.879999999999999,23.99999999999602,318.57844493150446,1.2047304750555683
USD,LONG_QUARTERLY_SHORT_PERP,3,2026-07-23,2026-07-29,6,0.00225,1371.0,-959.9999999999937,1.4400000000000037,60.85733260273974,15.879999999999999,23.99999999999602,311.7026673972705,1.1787291593137734
USD,LONG_QUARTERLY_SHORT_PERP,10,2026-03-31,2026-04-22,22,0.12195,-6683.0,6250.0,1006.4900000000001,223.14355287671233,15.879999999999999,23.99999999999602,310.4664471232918,1.174054291124672
USD,LONG_QUARTERLY_SHORT_PERP,5,2026-09-15,2026-09-28,13,0.11118,377.0,-170.0000000000017,275.11999999999995,131.85755397260277,15.879999999999999,23.99999999999602,310.38244602739945,1.1737366341024547
USD,SHORT_QUARTERLY_LONG_PERP,3,2026-08-03,2026-08-06,3,-0.01582,-957.0,1340.0000000000034,-8.560000000000002,30.42866630136987,15.879999999999999,23.99999999999602,304.13133369863755,1.150097540983414
USD,LONG_QUARTERLY_SHORT_PERP,3,2026-04-10,2026-04-17,7,0.04663,-847.0,920.0000000000017,340.77000000000004,71.00022136986303,15.879999999999999,23.99999999999602,302.8897786301427,1.145402498832031
USD,LONG_QUARTERLY_SHORT_PERP,20,2026-01-21,2026-03-05,43,0.04033,-52.0,-670.0000000000017,1499.62,436.1442169863014,15.879999999999999,23.99999999999602,301.5957830137008,1.1405091484546974
USD,SHORT_QUARTERLY_LONG_PERP,5,2026-03-03,2026-03-16,13,-0.00168,-3025.0,3439.9999999999977,55.80000000000001,131.85755397260277,15.879999999999999,23.99999999999602,299.06244602739895,1.130929127208629
USD,LONG_QUARTERLY_SHORT_PERP,10,2026-07-30,2026-08-24,25,0.04808,3900.0,-3430.000000000007,112.13999999999999,253.57221917808224,15.879999999999999,23.99999999999602,288.6877808219149,1.0916964812453012
USD,LONG_QUARTERLY_SHORT_PERP,5,2026-09-07,2026-09-22,15,0.01794,-1914.0,2120.0000000000045,261.29,152.14333150684934,15.879999999999999,23.99999999999602,275.2666684931592,1.0409434460389413
USD,SHORT_QUARTERLY_LONG_PERP,10,2026-06-25,2026-07-20,25,-0.10349,-1826.0,2689.9999999999977,-299.18,253.57221917808224,15.879999999999999,23.99999999999602,271.3677808219194,1.0261994830650152
USD,SHORT_QUARTERLY_LONG_PERP,10,2026-07-16,2026-08-05,20,-0.10007,-1982.0,2610.0000000000136,-115.88000000000001,202.85777534246577,15.879999999999999,23.99999999999602,269.3822246575519,1.0186909398499766
USD,LONG_QUARTERLY_SHORT_PERP,5,2026-02-04,2026-02-12,8,0.11547,333.0,-280.00000000000114,326.37,81.14311013698631,15.879999999999999,23.99999999999602,258.34688986301654,0.976959917739312
USD,LONG_QUARTERLY_SHORT_PERP,20,2026-05-05,2026-06-03,29,0.11316,-2611.0,2000.0,1202.65,294.1437742465754,15.879999999999999,23.99999999999602,257.6262257534287,0.97423466740015
USD,LONG_QUARTERLY_SHORT_PERP,10,2026-05-29,2026-06-15,17,0.10706,1023.0,-1430.0000000000068,871.3100000000001,172.4291090410959,15.879999999999999,23.99999999999602,252.00089095890132,0.9529620032661574
USD,LONG_QUARTERLY_SHORT_PERP,3,2026-05-14,2026-05-20,6,0.11001,-2048.0,2189.9999999999977,206.29999999999998,60.85733260273974,15.879999999999999,23.99999999999602,247.56266739726192,0.9361784974612801
USD,LONG_QUARTERLY_SHORT_PERP,3,2026-05-29,2026-06-03,5,0.10706,2418.0,-2320.0000000000073,233.49999999999997,50.71444383561644,15.879999999999999,23.99999999999602,240.90555616438024,0.9110040862426817
USD,LONG_QUARTERLY_SHORT_PERP,5,2026-04-29,2026-05-08,9,0.10387,-552.0,579.9999999999983,337.23,91.28599890410959,15.879999999999999,23.99999999999602,234.0640010958927,0.8851321855572793
USD,LONG_QUARTERLY_SHORT_PERP,3,2026-02-02,2026-02-05,3,0.1136,-429.0,469.99999999999886,258.38,30.42866630136987,15.879999999999999,23.99999999999602,229.071333698633,0.866252004989544
USD,LONG_QUARTERLY_SHORT_PERP,5,2026-06-16,2026-06-25,9,0.00767,3525.0,-3489.999999999995,320.08000000000004,91.28599890410959,15.879999999999999,23.99999999999602,223.91400109589944,0.8467491294643444
USD,LONG_QUARTERLY_SHORT_PERP,10,2026-01-21,2026-02-05,15,0.04033,-1560.0,969.9999999999989,976.82,152.14333150684934,15.879999999999999,23.99999999999602,194.79666849315356,0.7366395520684254
USD,LONG_QUARTERLY_SHORT_PERP,3,2026-01-19,2026-01-23,4,0.11675,-1793.0,1840.0000000000034,224.20999999999998,40.571555068493154,15.879999999999999,23.99999999999602,190.75844493151422,0.7213686790159803
USD,LONG_QUARTERLY_SHORT_PERP,5,2026-07-15,2026-07-27,12,0.11624,382.0,-60.000000000002274,25.71,121.71466520547948,15.879999999999999,23.99999999999602,186.1153347945222,0.7038103778500732
USD,LONG_QUARTERLY_SHORT_PERP,5,2026-04-22,2026-04-29,7,0.08724,-251.0,120.00000000000455,423.71,71.00022136986303,15.879999999999999,23.99999999999602,181.82977863014548,0.6876041963085161
USD,LONG_QUARTERLY_SHORT_PERP,3,2026-06-29,2026-07-10,11,0.11559,-851.0,1090.0000000000034,91.73,111.57177643835617,15.879999999999999,23.99999999999602,179.27822356165126,0.677955281892921
USD,LONG_QUARTERLY_SHORT_PERP,3,2026-01-20,2026-01-26,6,0.11664,-1756.0,1809.9999999999882,221.45,60.85733260273974,15.879999999999999,23.99999999999602,174.7126673972524,0.6606902574245779
USD,LONG_QUARTERLY_SHORT_PERP,5,2026-01-16,2026-01-26,10,0.04573,-1965.0,1819.9999999999932,454.84,101.42888767123289,15.879999999999999,23.99999999999602,168.53111232876427,0.6373142007806859
USD,SHORT_QUARTERLY_LONG_PERP,5,2026-07-14,2026-07-23,9,-0.11493,-503.0,910.0000000000108,-118.45,91.28599890410959,15.879999999999999,23.99999999999602,157.3840010959052,0.5951604869161246
USD,LONG_QUARTERLY_SHORT_PERP,20,2026-06-03,2026-07-14,41,0.01964,3577.0,-4149.999999999992,1177.71,415.8584394520548,15.879999999999999,23.99999999999602,148.97156054795738,0.5633481541643437
USD,SHORT_QUARTERLY_LONG_PERP,20,2026-03-09,2026-04-22,44,-0.11873,5329.0,-4150.0000000000055,-549.1899999999999,446.28710575342467,15.879999999999999,23.99999999999602,143.64289424657392,0.5431973662287113
USD,LONG_QUARTERLY_SHORT_PERP,3,2026-07-21,2026-07-28,7,0.02917,444.0,-150.00000000000568,-39.699999999999996,71.00022136986303,15.879999999999999,23.99999999999602,143.41977863013528,0.5423536362562009
USD,LONG_QUARTERLY_SHORT_PERP,3,2026-07-15,2026-07-21,6,0.11624,829.0,-590.0000000000034,-0.03999999999999837,60.85733260273974,15.879999999999999,23.99999999999602,138.22266739726084,0.5227003345840064
USD,LONG_QUARTERLY_SHORT_PERP,20,2026-04-28,2026-05-29,31,0.11222,-4477.0,3670.000000000002,1298.5,314.42955178082195,15.879999999999999,23.99999999999602,137.19044821918385,0.5187969132428873
USD,SHORT_QUARTERLY_LONG_PERP,5,2026-03-18,2026-03-27,9,-0.07811,1963.0,-1989.999999999995,291.18,91.28599890410959,15.879999999999999,23.99999999999602,133.0140010958994,0.5030033364741869
USD,LONG_QUARTERLY_SHORT_PERP,3,2026-05-27,2026-06-01,5,0.10751,757.0,-649.9999999999915,107.24000000000001,50.71444383561644,15.879999999999999,23.99999999999602,123.64555616439608,0.4675757948673197
USD,LONG_QUARTERLY_SHORT_PERP,3,2026-04-28,2026-05-05,7,0.11222,552.0,-650.0000000000057,329.35,71.00022136986303,15.879999999999999,23.99999999999602,120.4697786301353,0.45556633208541875
USD,LONG_QUARTERLY_SHORT_PERP,5,2026-07-23,2026-08-03,11,0.00225,1902.0,-1669.9999999999875,33.7,111.57177643835617,15.879999999999999,23.99999999999602,114.24822356166032,0.43203901216633334
USD,SHORT_QUARTERLY_LONG_PERP,3,2026-05-06,2026-05-11,5,-0.11301,1232.0,-920.0000000000017,-113.31,50.71444383561644,15.879999999999999,23.99999999999602,108.09555616438584,0.40877219661648956
USD,SHORT_QUARTERLY_LONG_PERP,20,2026-08-03,2026-09-28,56,-0.01582,-3081.0,4340.000000000004,-545.71,568.0017709589042,15.879999999999999,23.99999999999602,105.40822904110337,0.3986098490585501
USD,LONG_QUARTERLY_SHORT_PERP,10,2026-03-23,2026-04-17,25,0.126,-6081.0,5829.999999999998,649.0400000000001,253.57221917808224,15.879999999999999,23.99999999999602,104.58778082192,0.39550725693852207
USD,LONG_QUARTERLY_SHORT_PERP,3,2026-04-06,2026-04-10,4,0.1196,-1807.0,1760.000000000005,231.94,40.571555068493154,15.879999999999999,23.99999999999602,104.48844493151583,0.39513161013522874
USD,LONG_QUARTERLY_SHORT_PERP,10,2026-04-21,2026-05-07,16,0.11286,-401.0,-30.000000000001137,736.25,162.28622027397262,15.879999999999999,23.99999999999602,103.08377972603023,0.38981975364518107
USD,LONG_QUARTERLY_SHORT_PERP,3,2026-09-07,2026-09-16,9,0.01794,-2030.0,2019.999999999996,238.42,91.28599890410959,15.879999999999999,23.99999999999602,97.25400109589029,0.36777396840673743
USD,LONG_QUARTERLY_SHORT_PERP,20,2026-06-01,2026-07-10,39,0.10653,4211.0,-5109.999999999999,1413.3,395.57266191780826,15.879999999999999,23.99999999999602,78.84733808219659,0.29816766506301096
USD,LONG_QUARTERLY_SHORT_PERP,3,2026-04-17,2026-04-22,5,0.11414,-1205.0,1049.9999999999973,314.18,50.71444383561644,15.879999999999999,23.99999999999602,68.58555616438483,0.2593618964950213
USD,SHORT_QUARTERLY_LONG_PERP,10,2026-09-02,2026-09-29,27,-0.00827,3503.0,-2569.999999999993,-551.8199999999999,273.8579967123288,15.879999999999999,23.99999999999602,67.44200328768204,0.2550374576564253
USD,LONG_QUARTERLY_SHORT_PERP,10,2026-05-13,2026-05-28,15,0.0305,-2455.0,1969.9999999999989,744.24,152.14333150684934,15.879999999999999,23.99999999999602,67.21666849315352,0.2541853356802594
USD,LONG_QUARTERLY_SHORT_PERP,5,2026-06-10,2026-06-18,8,0.10582,1406.0,-1569.9999999999932,352.16,81.14311013698631,15.879999999999999,23.99999999999602,67.13688986302452,0.2538836462580662
USD,LONG_QUARTERLY_SHORT_PERP,10,2026-02-05,2026-03-05,28,0.02738,1508.0,-1640.0000000000005,522.8000000000001,284.0008854794521,15.879999999999999,23.99999999999602,66.91911452055149,0.25306011096882425
USD,LONG_QUARTERLY_SHORT_PERP,5,2026-06-24,2026-07-07,13,0.09607,1435.0,-1359.9999999999995,159.83999999999997,131.85755397260277,15.879999999999999,23.99999999999602,63.10244602740164,0.23862706654904048
USD,LONG_QUARTERLY_SHORT_PERP,3,2026-07-30,2026-08-05,6,0.04808,1268.0,-1070.0000000000073,-35.92,60.85733260273974,15.879999999999999,23.99999999999602,61.342667397256946,0.2319723195665738
USD,SHORT_QUARTERLY_LONG_PERP,3,2026-02-19,2026-03-03,12,-0.00894,-766.0,969.9999999999989,0.36999999999999794,121.71466520547948,15.879999999999999,23.99999999999602,42.775334794523374,0.16175843101609355
USD,LONG_QUARTERLY_SHORT_PERP,3,2026-05-22,2026-05-27,5,0.10619,-501.0,309.99999999998806,321.66,50.71444383561644,15.879999999999999,23.99999999999602,40.065556164375636,0.15151118124658952
USD,LONG_QUARTERLY_SHORT_PERP,3,2026-02-06,2026-02-12,6,0.11483,95.0,-140.00000000000057,184.16,60.85733260273974,15.879999999999999,23.99999999999602,38.422667397263666,0.14529846285224932
USD,LONG_QUARTERLY_SHORT_PERP,5,2026-04-08,2026-04-17,9,0.06786,-2586.0,2250.0,504.85,91.28599890410959,15.879999999999999,23.99999999999602,37.684001095894416,0.1425051357508271
USD,LONG_QUARTERLY_SHORT_PERP,5,2026-05-07,2026-05-14,7,0.11283,-1560.0,1480.000000000004,228.04000000000002,71.00022136986303,15.879999999999999,23.99999999999602,37.15977863014507,0.14052274557269437
USD,LONG_QUARTERLY_SHORT_PERP,5,2026-06-29,2026-07-14,15,0.11559,-15.0,260.0000000000051,-16.890000000000004,152.14333150684934,15.879999999999999,23.99999999999602,36.08666849315975,0.13646469172226758
USD,LONG_QUARTERLY_SHORT_PERP,5,2026-07-10,2026-07-20,10,0.05744,1858.0,-1659.9999999999966,-21.590000000000007,101.42888767123289,15.879999999999999,23.99999999999602,35.101112328774505,0.1327377303882418
USD,SHORT_QUARTERLY_LONG_PERP,3,2026-07-16,2026-07-23,7,-0.10007,168.0,80.0000000000125,-102.28000000000002,71.00022136986303,15.879999999999999,23.99999999999602,34.83977863015343,0.13174947560862077
USD,SHORT_QUARTERLY_LONG_PERP,20,2026-07-28,2026-09-18,52,-0.06545,-4452.0,5500.0,-447.31,527.4302158904111,15.879999999999999,23.99999999999602,33.37978410959295,0.1262283867831934
USD,LONG_QUARTERLY_SHORT_PERP,5,2026-03-23,2026-04-08,16,0.126,-3495.0,3579.999999999998,144.19000000000003,162.28622027397262,15.879999999999999,23.99999999999602,27.023779726029574,0.10219263577024612
USD,LONG_QUARTERLY_SHORT_PERP,20,2026-05-27,2026-06-29,33,0.10751,5819.0,-6849.9999999999945,1428.81,334.7153293150685,15.879999999999999,23.99999999999602,23.21467068494087,0.08778817803740767
USD,LONG_QUARTERLY_SHORT_PERP,10,2026-04-29,2026-05-18,19,0.10387,-2819.0,2530.000000000001,539.96,192.7148865753425,15.879999999999999,23.99999999999602,18.36511342466244,0.06944918017067958
USD,LONG_QUARTERLY_SHORT_PERP,3,2026-01-13,2026-01-16,3,0.11768,-1103.0,1019.999999999996,158.67999999999998,30.42866630136987,15.879999999999999,23.99999999999602,5.371333698630107,0.020312138191973163
USD,LONG_QUARTERLY_SHORT_PERP,3,2026-01-14,2026-01-19,5,0.08957,-902.0,809.9999999999881,185.85999999999999,50.71444383561644,15.879999999999999,23.99999999999602,3.2655561643755853,0.012348968022851287
USD,LONG_QUARTERLY_SHORT_PERP,5,2026-01-13,2026-01-20,7,0.11768,-1312.0,1030.0000000000011,392.07,71.00022136986303,15.879999999999999,23.99999999999602,-0.810221369857917,-0.0030639184519183856
USD,LONG_QUARTERLY_SHORT_PERP,10,2026-06-05,2026-06-24,19,0.11145,658.0,-1299.9999999999973,870.0,192.7148865753425,15.879999999999999,23.99999999999602,-4.5948865753357815,-0.017375939818906783
USD,LONG_QUARTERLY_SHORT_PERP,3,2026-06-02,2026-06-05,3,0.10733,756.0,-909.9999999999966,218.69,30.42866630136987,15.879999999999999,23.99999999999602,-5.6186663013624845,-0.02124744668106624
USD,LONG_QUARTERLY_SHORT_PERP,5,2026-02-02,2026-02-10,8,0.1136,-199.0,-189.99999999999773,489.69,81.14311013698631,15.879999999999999,23.99999999999602,-20.333110136980057,-0.07689132088000457
USD,LONG_QUARTERLY_SHORT_PERP,5,2026-01-23,2026-01-30,7,0.06724,-640.0,189.99999999999773,537.6,71.00022136986303,15.879999999999999,23.99999999999602,-23.280221369861298,-0.08803606331979513
USD,SHORT_QUARTERLY_LONG_PERP,5,2026-05-28,2026-06-04,7,-0.10635,-2415.0,2929.9999999999927,-428.15999999999997,71.00022136986303,15.879999999999999,23.99999999999602,-24.04022136986629,-0.0909100655494347
USD,LONG_QUARTERLY_SHORT_PERP,20,2026-04-06,2026-05-11,35,0.1196,-5608.0,4430.000000000007,1536.38,355.0011068493151,15.879999999999999,23.99999999999602,-36.50110684930371,-0.13803192430068612
USD,LONG_QUARTERLY_SHORT_PERP,10,2026-08-21,2026-09-22,32,0.02163,1169.0,-1149.9999999999914,296.69,324.57244054794523,15.879999999999999,23.99999999999602,-48.76244054793261,-0.18439916165329479
USD,LONG_QUARTERLY_SHORT_PERP,3,2026-05-07,2026-05-12,5,0.11283,-881.0,829.9999999999983,87.53000000000002,50.71444383561644,15.879999999999999,23.99999999999602,-54.064443835614156,-0.20444912121941705
USD,LONG_QUARTERLY_SHORT_PERP,5,2026-05-25,2026-06-01,7,0.10682,-268.0,0.0,322.08,71.00022136986303,15.879999999999999,23.99999999999602,-56.80022136985906,-0.21479468797358284
USD,LONG_QUARTERLY_SHORT_PERP,3,2026-05-08,2026-05-13,5,0.11193,-940.0,959.9999999999937,6.1000000000000085,50.71444383561644,15.879999999999999,23.99999999999602,-64.49444383561871,-0.24389102023909698
USD,SHORT_QUARTERLY_LONG_PERP,3,2026-08-04,2026-08-10,6,-0.0679,-1351.0,1480.000000000004,-106.65,60.85733260273974,15.879999999999999,23.99999999999602,-78.38733260273168,-0.296428116676669
USD,LONG_QUARTERLY_SHORT_PERP,20,2026-06-15,2026-07-28,43,0.02902,6024.0,-6250.0,616.4,436.1442169863014,15.879999999999999,23.99999999999602,-85.62421698629743,-0.3237949875370309
USD,LONG_QUARTERLY_SHORT_PERP,5,2026-05-27,2026-06-03,7,0.10751,2227.0,-2439.9999999999977,234.21,71.00022136986303,15.879999999999999,23.99999999999602,-89.67022136985676,-0.33909528440466846
USD,LONG_QUARTERLY_SHORT_PERP,5,2026-06-22,2026-06-30,8,0.11016,4382.0,-4500.0,138.95000000000002,81.14311013698631,15.879999999999999,23.99999999999602,-100.07311013698231,-0.3784346600773194
USD,LONG_QUARTERLY_SHORT_PERP,20,2026-04-15,2026-05-18,33,0.11378,-4117.0,2880.0000000000095,1504.84,334.7153293150685,15.879999999999999,23.99999999999602,-106.75532931505506,-0.40370401904652353
USD,LONG_QUARTERLY_SHORT_PERP,3,2026-06-05,2026-06-10,5,0.11145,-2011.0,1679.9999999999927,311.61,50.71444383561644,15.879999999999999,23.99999999999602,-109.98444383561971,-0.41591518000942257
USD,LONG_QUARTERLY_SHORT_PERP,3,2026-04-22,2026-04-27,5,0.08724,-419.0,189.99999999999773,207.62,50.71444383561644,15.879999999999999,23.99999999999602,-111.97444383561472,-0.4234405279527526
USD,LONG_QUARTERLY_SHORT_PERP,20,2026-04-16,2026-05-19,33,0.11285,-5956.0,4799.999999999997,1404.73,334.7153293150685,15.879999999999999,23.99999999999602,-125.86532931506724,-0.47597004879400534
USD,LONG_QUARTERLY_SHORT_PERP,5,2026-04-20,2026-04-27,7,0.11408,-854.0,429.9999999999926,407.71999999999997,71.00022136986303,15.879999999999999,23.99999999999602,-127.16022136986646,-0.4808667891263883
USD,LONG_QUARTERLY_SHORT_PERP,3,2026-03-23,2026-03-31,8,0.126,-603.0,629.9999999999955,-43.269999999999996,81.14311013698631,15.879999999999999,23.99999999999602,-137.29311013698685,-0.5191851376911282
USD,LONG_QUARTERLY_SHORT_PERP,3,2026-01-21,2026-01-27,6,0.04033,-1273.0,969.9999999999989,261.55,60.85733260273974,15.879999999999999,23.99999999999602,-142.1873326027369,-0.5376930406895823
USD,LONG_QUARTERLY_SHORT_PERP,10,2026-04-08,2026-04-24,16,0.06786,-3672.0,2769.999999999996,950.51,162.28622027397262,15.879999999999999,23.99999999999602,-153.65622027397274,-0.5810635785032678
USD,LONG_QUARTERLY_SHORT_PERP,3,2026-05-12,2026-05-18,6,0.08705,-1721.0,1440.0000000000118,227.13,60.85733260273974,15.879999999999999,23.99999999999602,-154.60733260272394,-0.5846602876525451
USD,SHORT_QUARTERLY_LONG_PERP,3,2026-07-28,2026-08-03,6,-0.06545,-1353.0,1369.9999999999905,-75.64999999999999,60.85733260273974,15.879999999999999,23.99999999999602,-159.3873326027453,-0.6027362490441874
USD,LONG_QUARTERLY_SHORT_PERP,10,2026-01-09,2026-01-26,17,0.11735,-3018.0,2219.999999999999,848.5500000000001,172.4291090410959,15.879999999999999,23.99999999999602,-161.75910904109276,-0.6117053158494142
USD,SHORT_QUARTERLY_LONG_PERP,40,2026-02-19,2026-05-14,84,-0.00894,5770.0,-3500.0,-1540.26,852.0026564383562,15.879999999999999,23.99999999999602,-162.14265643835222,-0.613155731737426
USD,LONG_QUARTERLY_SHORT_PERP,10,2026-05-05,2026-05-20,15,0.11316,-4797.0,4390.000000000001,434.15999999999997,152.14333150684934,15.879999999999999,23.99999999999602,-164.86333150684447,-0.6234441872807419
USD,LONG_QUARTERLY_SHORT_PERP,10,2026-04-15,2026-04-29,14,0.11378,-1298.0,350.0000000000085,964.88,142.00044273972605,15.879999999999999,23.99999999999602,-165.00044273971355,-0.6239626846346521
USD,LONG_QUARTERLY_SHORT_PERP,10,2026-01-19,2026-02-03,15,0.11675,-1750.0,780.0000000000011,990.9399999999999,152.14333150684934,15.879999999999999,23.99999999999602,-171.08333150684427,-0.6469656265810577
USD,LONG_QUARTERLY_SHORT_PERP,3,2026-09-18,2026-09-28,10,0.02218,-18.0,-209.99999999999375,174.05,101.42888767123289,15.879999999999999,23.99999999999602,-195.25888767122262,-0.7383874717372989
USD,SHORT_QUARTERLY_LONG_PERP,20,2026-08-04,2026-09-29,56,-0.0679,-2149.0,3300.0000000000114,-740.23,568.0017709589042,15.879999999999999,23.99999999999602,-197.11177095888888,-0.7453943016056933
USD,LONG_QUARTERLY_SHORT_PERP,10,2026-07-10,2026-07-29,19,0.05744,2710.0,-2700.0000000000027,11.269999999999998,192.7148865753425,15.879999999999999,23.99999999999602,-211.32488657534122,-0.7991423620945624
USD,SHORT_QUARTERLY_LONG_PERP,10,2026-07-14,2026-08-03,20,-0.11493,-2405.0,2579.999999999998,-152.15,202.85777534246577,15.879999999999999,23.99999999999602,-219.8877753424636,-0.8315236271060145
USD,SHORT_QUARTERLY_LONG_PERP,5,2026-07-16,2026-07-28,12,-0.10007,-381.0,380.00000000000966,-60.33000000000001,121.71466520547948,15.879999999999999,23.99999999999602,-222.92466520546583,-0.8430078747867787
USD,LONG_QUARTERLY_SHORT_PERP,3,2026-06-09,2026-06-15,6,0.10989,361.0,-719.9999999999989,232.96999999999997,60.85733260273974,15.879999999999999,23.99999999999602,-226.76733260273465,-0.8575392361913067
USD,LONG_QUARTERLY_SHORT_PERP,3,2026-06-03,2026-06-08,5,0.01964,-514.0,79.9999999999983,294.95,50.71444383561644,15.879999999999999,23.99999999999602,-229.64444383561417,-0.8684192678994151
USD,LONG_QUARTERLY_SHORT_PERP,5,2026-08-20,2026-09-03,14,0.03657,3442.0,-3530.000000000001,39.089999999999996,142.00044273972605,15.879999999999999,23.99999999999602,-230.79044273972298,-0.8727529565909303
USD,LONG_QUARTERLY_SHORT_PERP,5,2026-04-17,2026-04-24,7,0.11414,-1086.0,519.999999999996,445.66,71.00022136986303,15.879999999999999,23.99999999999602,-231.220221369863,-0.8743781996715432
USD,LONG_QUARTERLY_SHORT_PERP,3,2026-04-30,2026-05-07,7,0.11232,-429.0,179.9999999999926,112.98,71.00022136986303,15.879999999999999,23.99999999999602,-246.90022136986641,-0.933673403566888
USD,LONG_QUARTERLY_SHORT_PERP,5,2026-05-08,2026-05-18,10,0.11193,-2267.0,1950.0000000000027,202.73000000000002,101.42888767123289,15.879999999999999,23.99999999999602,-255.57888767122614,-0.9664924908040482
USD,LONG_QUARTERLY_SHORT_PERP,5,2026-01-12,2026-01-19,7,0.11735,-1578.0,1030.0000000000011,393.11,71.00022136986303,15.879999999999999,23.99999999999602,-265.7702213698579,-1.0050318536628322
USD,LONG_QUARTERLY_SHORT_PERP,20,2026-06-02,2026-07-13,41,0.10733,2926.0,-4060.0000000000023,1312.28,415.8584394520548,15.879999999999999,23.99999999999602,-277.45843945205314,-1.0492318073845717
USD,LONG_QUARTERLY_SHORT_PERP,3,2026-08-21,2026-09-02,12,0.02163,3913.0,-4079.999999999998,44.85,121.71466520547948,15.879999999999999,23.99999999999602,-283.74466520547367,-1.073003684794084
USD,LONG_QUARTERLY_SHORT_PERP,5,2026-07-20,2026-07-29,9,0.07086,852.0,-1040.0000000000064,32.86000000000001,91.28599890410959,15.879999999999999,23.99999999999602,-286.30599890411196,-1.0826895779002539
USD,LONG_QUARTERLY_SHORT_PERP,5,2026-05-22,2026-05-29,7,0.10619,-692.0,189.99999999999773,322.37,71.00022136986303,15.879999999999999,23.99999999999602,-290.5102213698613,-1.0985881894007603
USD,LONG_QUARTERLY_SHORT_PERP,10,2026-04-28,2026-05-14,16,0.11222,-2197.0,1549.9999999999973,557.21,162.28622027397262,15.879999999999999,23.99999999999602,-291.9562202739713,-1.104056352656604
USD,LONG_QUARTERLY_SHORT_PERP,3,2026-07-13,2026-07-16,3,0.00631,1575.0,-1699.9999999999886,-98.76000000000002,30.42866630136987,15.879999999999999,23.99999999999602,-294.06866630135454,-1.1120447402785156
USD,LONG_QUARTERLY_SHORT_PERP,5,2026-05-21,2026-05-28,7,0.10643,69.0,-579.9999999999983,321.5,71.00022136986303,15.879999999999999,23.99999999999602,-300.38022136985734,-1.1359124025670033
USD,SHORT_QUARTERLY_LONG_PERP,10,2026-08-04,2026-09-02,29,-0.0679,-5652.0,5870.000000000005,-188.41,294.1437742465754,15.879999999999999,23.99999999999602,-304.4337742465668,-1.1512412446795672
USD,SHORT_QUARTERLY_LONG_PERP,3,2026-06-25,2026-06-30,5,-0.10349,-2708.0,2640.0000000000005,-146.37,50.71444383561644,15.879999999999999,23.99999999999602,-304.96444383561203,-1.1532480151823403
USD,LONG_QUARTERLY_SHORT_PERP,5,2026-04-27,2026-05-06,9,0.07614,-98.0,-409.9999999999966,328.56,91.28599890410959,15.879999999999999,23.99999999999602,-310.6059989041022,-1.174582017610457
USD,LONG_QUARTERLY_SHORT_PERP,10,2026-01-13,2026-01-28,15,0.11768,-3523.0,2579.999999999998,808.78,152.14333150684934,15.879999999999999,23.99999999999602,-326.2433315068472,-1.2337158712494165
USD,SHORT_QUARTERLY_LONG_PERP,10,2026-08-14,2026-09-15,32,-0.12572,687.0,-300.00000000001137,-357.56,324.57244054794523,15.879999999999999,23.99999999999602,-335.0124405479526,-1.2668769751124742
USD,SHORT_QUARTERLY_LONG_PERP,3,2026-08-14,2026-08-21,7,-0.12572,1556.0,-1620.0000000000045,-162.63,71.00022136986303,15.879999999999999,23.99999999999602,-337.5102213698636,-1.2763225378115215
USD,LONG_QUARTERLY_SHORT_PERP,10,2026-06-29,2026-07-23,24,0.11559,488.0,-650.0000000000057,101.56,243.42933041095895,15.879999999999999,23.99999999999602,-343.7493304109606,-1.2999162395154154
USD,LONG_QUARTERLY_SHORT_PERP,3,2026-03-31,2026-04-09,9,0.12195,-3936.0,3409.9999999999964,304.91,91.28599890410959,15.879999999999999,23.99999999999602,-352.2559989041092,-1.3320849029574588
USD,LONG_QUARTERLY_SHORT_PERP,5,2026-06-02,2026-06-09,7,0.10733,-1503.0,829.9999999999983,424.47999999999996,71.00022136986303,15.879999999999999,23.99999999999602,-359.4002213698608,-1.3591013651883486
USD,LONG_QUARTERLY_SHORT_PERP,5,2026-08-21,2026-09-07,17,0.02163,3083.0,-3269.999999999996,35.4,172.4291090410959,15.879999999999999,23.99999999999602,-363.90910904108785,-1.376152093109685
USD,LONG_QUARTERLY_SHORT_PERP,5,2026-01-20,2026-01-28,8,0.11664,-2211.0,1549.9999999999973,416.71,81.14311013698631,15.879999999999999,23.99999999999602,-365.3131101369851,-1.3814614382149462
USD,SHORT_QUARTERLY_LONG_PERP,5,2026-08-04,2026-08-17,13,-0.0679,-3991.0,3880.0000000000095,-85.36,131.85755397260277,15.879999999999999,23.99999999999602,-368.09755397258925,-1.3919910405725515
USD,LONG_QUARTERLY_SHORT_PERP,5,2026-04-28,2026-05-07,9,0.11222,-637.0,69.99999999999318,329.17,91.28599890410959,15.879999999999999,23.99999999999602,-368.9959989041124,-1.3953885836467474
USD,LONG_QUARTERLY_SHORT_PERP,5,2026-01-09,2026-01-16,7,0.11735,-1053.0,400.0000000000057,393.71,71.00022136986303,15.879999999999999,23.99999999999602,-370.1702213698534,-1.3998290020475503
USD,LONG_QUARTERLY_SHORT_PERP,10,2026-08-17,2026-09-16,30,0.10443,-1199.0,840.0000000000034,332.02,304.28666301369867,15.879999999999999,23.99999999999602,-371.1466630136913,-1.4035214960758196
USD,LONG_QUARTERLY_SHORT_PERP,3,2026-04-15,2026-04-20,5,0.11378,-612.0,-9.999999999990905,341.07,50.71444383561644,15.879999999999999,23.99999999999602,-371.5244438356034,-1.4049501051869817
USD,SHORT_QUARTERLY_LONG_PERP,3,2026-02-11,2026-02-25,14,-0.02432,857.0,-989.9999999999949,-61.07,142.00044273972605,15.879999999999999,23.99999999999602,-375.95044273971695,-1.4216873824484568
USD,SHORT_QUARTERLY_LONG_PERP,3,2026-07-14,2026-07-20,6,-0.11493,-1022.0,829.9999999999983,-87.03,60.85733260273974,15.879999999999999,23.99999999999602,-379.76733260273744,-1.4361212639965326
USD,SHORT_QUARTERLY_LONG_PERP,5,2026-09-02,2026-09-16,14,-0.00827,2860.0,-2829.999999999998,-228.97,142.00044273972605,15.879999999999999,23.99999999999602,-380.8504427397203,-1.4402171336657605
USD,LONG_QUARTERLY_SHORT_PERP,5,2026-04-15,2026-04-22,7,0.11378,-1047.0,230.00000000000398,541.1700000000001,71.00022136986303,15.879999999999999,23.99999999999602,-386.710221369855,-1.462376366360617
USD,LONG_QUARTERLY_SHORT_PERP,3,2026-09-16,2026-09-24,8,0.07889,337.0,-739.9999999999949,133.72,81.14311013698631,15.879999999999999,23.99999999999602,-390.3031101369772,-1.4759631694231015
USD,LONG_QUARTERLY_SHORT_PERP,10,2026-04-20,2026-05-06,16,0.11408,-952.0,19.99999999999602,736.2800000000001,162.28622027397262,15.879999999999999,23.99999999999602,-397.8862202739725,-1.5046393213193958
USD,LONG_QUARTERLY_SHORT_PERP,3,2026-01-23,2026-01-28,5,0.06724,-268.0,-349.9999999999943,309.14,50.71444383561644,15.879999999999999,23.99999999999602,-399.4544438356068,-1.5105696871255547
USD,LONG_QUARTERLY_SHORT_PERP,5,2026-02-06,2026-02-25,19,0.11483,-901.0,579.9999999999983,153.23000000000002,192.7148865753425,15.879999999999999,23.99999999999602,-400.36488657534017,-1.514012600893891
USD,SHORT_QUARTERLY_LONG_PERP,3,2026-03-18,2026-03-23,5,-0.07811,810.0,-1250.0,125.96000000000002,50.71444383561644,15.879999999999999,23.99999999999602,-404.63444383561244,-1.5301582812695695
USD,LONG_QUARTERLY_SHORT_PERP,10,2026-06-10,2026-06-29,19,0.10582,5100.0,-5959.999999999994,683.9399999999999,192.7148865753425,15.879999999999999,23.99999999999602,-408.65488657533217,-1.5453619146880127
USD,LONG_QUARTERLY_SHORT_PERP,5,2026-07-30,2026-08-10,11,0.04808,2467.0,-2750.0,22.930000000000003,111.57177643835617,15.879999999999999,23.99999999999602,-411.52177643835216,-1.5562032934490604
USD,LONG_QUARTERLY_SHORT_PERP,5,2026-08-17,2026-09-02,16,0.10443,1661.0,-1989.999999999995,103.05,162.28622027397262,15.879999999999999,23.99999999999602,-428.1162202739636,-1.6189565415844056
USD,LONG_QUARTERLY_SHORT_PERP,10,2026-06-18,2026-07-14,26,0.10913,3679.0,-4129.999999999995,314.89,263.71510794520555,15.879999999999999,23.99999999999602,-439.705107945197,-1.6627808692238115
USD,LONG_QUARTERLY_SHORT_PERP,3,2026-05-21,2026-05-26,5,0.10643,210.0,-879.9999999999955,320.34000000000003,50.71444383561644,15.879999999999999,23.99999999999602,-440.2544438356079,-1.6648582278736161
USD,LONG_QUARTERLY_SHORT_PERP,3,2026-05-05,2026-05-08,3,0.11316,-1524.0,1040.0000000000064,111.75,30.42866630136987,15.879999999999999,23.99999999999602,-442.5586663013595,-1.6735718338000793
USD,LONG_QUARTERLY_SHORT_PERP,5,2026-06-01,2026-06-08,7,0.10653,956.0,-1710.000000000008,421.91999999999996,71.00022136986303,15.879999999999999,23.99999999999602,-442.96022136986704,-1.6750903471714034
USD,LONG_QUARTERLY_SHORT_PERP,40,2026-05-26,2026-08-10,76,0.10733,9596.0,-10939.999999999998,1710.33,770.85954630137,15.879999999999999,23.99999999999602,-444.40954630136423,-1.6805710880721505
USD,SHORT_QUARTERLY_LONG_PERP,3,2026-03-09,2026-03-17,8,-0.11873,-3304.0,2759.999999999991,209.96,81.14311013698631,15.879999999999999,23.99999999999602,-455.0631101369914,-1.7208584120418855
USD,LONG_QUARTERLY_SHORT_PERP,20,2026-06-09,2026-07-21,42,0.10989,5941.0,-6819.999999999993,889.07,426.0013282191781,15.879999999999999,23.99999999999602,-455.8113282191668,-1.7236878599845364
USD,LONG_QUARTERLY_SHORT_PERP,10,2026-05-21,2026-06-04,14,0.10643,2484.0,-3509.999999999991,749.66,142.00044273972605,15.879999999999999,23.99999999999602,-458.220442739713,-1.7327981238048802
USD,LONG_QUARTERLY_SHORT_PERP,10,2026-05-25,2026-06-08,14,0.10682,688.0,-1710.000000000008,744.0,142.00044273972605,15.879999999999999,23.99999999999602,-459.88044273973003,-1.7390755497275372
USD,LONG_QUARTERLY_SHORT_PERP,3,2026-01-28,2026-02-02,5,0.11483,16.0,-750.0,342.06000000000006,50.71444383561644,15.879999999999999,23.99999999999602,-482.5344438356124,-1.8247435098056888
USD,SHORT_QUARTERLY_LONG_PERP,3,2026-09-03,2026-09-15,12,-0.02739,2504.0,-2650.0000000000055,-177.47,121.71466520547948,15.879999999999999,23.99999999999602,-485.064665205481,-1.834311749093105
USD,LONG_QUARTERLY_SHORT_PERP,10,2026-01-27,2026-02-11,15,0.08043,-333.0,-909.9999999999966,922.26,152.14333150684934,15.879999999999999,23.99999999999602,-512.763331506842,-1.939056523708408
USD,LONG_QUARTERLY_SHORT_PERP,3,2026-06-24,2026-06-29,5,0.09607,2431.0,-2980.000000000004,125.55,50.71444383561644,15.879999999999999,23.99999999999602,-514.0444438356166,-1.94390115487853
USD,LONG_QUARTERLY_SHORT_PERP,5,2026-06-18,2026-06-29,11,0.10913,3694.0,-4390.000000000001,331.78,111.57177643835617,15.879999999999999,23.99999999999602,-515.6717764383532,-1.9500550463635296
USD,LONG_QUARTERLY_SHORT_PERP,20,2026-01-15,2026-02-25,41,0.02338,-3686.0,2060.0000000000023,1564.33,415.8584394520548,15.879999999999999,23.99999999999602,-517.4084394520487,-1.9566223797496622
USD,LONG_QUARTERLY_SHORT_PERP,5,2026-01-21,2026-01-29,8,0.04033,-2383.0,1489.999999999995,490.79,81.14311013698631,15.879999999999999,23.99999999999602,-523.2331101369873,-1.9786488488750826
USD,LONG_QUARTERLY_SHORT_PERP,10,2026-01-28,2026-02-12,15,0.11483,-320.0,-920.0000000000017,899.43,152.14333150684934,15.879999999999999,23.99999999999602,-532.5933315068472,-2.014045292410241
USD,LONG_QUARTERLY_SHORT_PERP,5,2026-01-14,2026-01-21,7,0.08957,-1816.0,1049.9999999999973,342.83000000000004,71.00022136986303,15.879999999999999,23.99999999999602,-534.0502213698617,-2.0195546407189457
USD,LONG_QUARTERLY_SHORT_PERP,5,2026-07-13,2026-07-21,8,0.00631,1512.0,-1929.9999999999927,1.2699999999999934,81.14311013698631,15.879999999999999,23.99999999999602,-537.7531101369751,-2.033557417788316
USD,LONG_QUARTERLY_SHORT_PERP,3,2026-07-07,2026-07-14,7,0.11696,981.0,-1359.9999999999995,-51.18000000000001,71.00022136986303,15.879999999999999,23.99999999999602,-541.0602213698586,-2.046063529705304
USD,LONG_QUARTERLY_SHORT_PERP,5,2026-05-05,2026-05-12,7,0.11316,-2070.0,1549.9999999999973,87.35000000000001,71.00022136986303,15.879999999999999,23.99999999999602,-543.5302213698618,-2.055404036951583
USD,LONG_QUARTERLY_SHORT_PERP,3,2026-08-10,2026-08-20,10,0.03019,319.0,-750.0,15.279999999999996,101.42888767123289,15.879999999999999,23.99999999999602,-557.028887671229,-2.106450348855576
USD,LONG_QUARTERLY_SHORT_PERP,3,2026-08-20,2026-08-31,11,0.03657,2537.0,-3019.999999999996,74.75,111.57177643835617,15.879999999999999,23.99999999999602,-559.7017764383481,-2.1165580965874558
USD,LONG_QUARTERLY_SHORT_PERP,20,2026-06-05,2026-07-16,41,0.11145,3745.0,-4849.9999999999945,994.83,415.8584394520548,15.879999999999999,23.99999999999602,-565.9084394520453,-2.140029100982021
USD,SHORT_QUARTERLY_LONG_PERP,10,2026-03-18,2026-04-10,23,-0.07811,6044.0,-6159.999999999996,-182.30999999999997,233.28644164383562,15.879999999999999,23.99999999999602,-571.4764416438279,-2.161084957184279
USD,SHORT_QUARTERLY_LONG_PERP,5,2026-05-11,2026-05-19,8,-0.11145,2879.0,-3009.999999999991,-326.92,81.14311013698631,15.879999999999999,23.99999999999602,-578.9431101369732,-2.1893207754699873
USD,LONG_QUARTERLY_SHORT_PERP,5,2026-06-05,2026-06-15,10,0.11145,-1898.0,1019.999999999996,438.76,101.42888767123289,15.879999999999999,23.99999999999602,-580.5488876712329,-2.195393154698589
USD,LONG_QUARTERLY_SHORT_PERP,3,2026-04-23,2026-04-28,5,0.10249,-852.0,140.00000000000057,217.35,50.71444383561644,15.879999999999999,23.99999999999602,-585.2444438356118,-2.213149784811397
USD,LONG_QUARTERLY_SHORT_PERP,3,2026-06-17,2026-06-24,7,0.10821,1218.0,-2019.999999999996,315.35999999999996,71.00022136986303,15.879999999999999,23.99999999999602,-597.520221369855,-2.259571642711058
USD,LONG_QUARTERLY_SHORT_PERP,10,2026-06-24,2026-07-16,22,0.09607,3087.0,-3549.9999999999973,124.82999999999998,223.14355287671233,15.879999999999999,23.99999999999602,-601.1935528767057,-2.2734626465805636
USD,LONG_QUARTERLY_SHORT_PERP,3,2026-04-29,2026-05-06,7,0.10387,-266.0,-340.0000000000034,112.47,71.00022136986303,15.879999999999999,23.99999999999602,-604.4102213698625,-2.285626741871726
USD,LONG_QUARTERLY_SHORT_PERP,3,2026-04-21,2026-04-24,3,0.11286,186.0,-939.9999999999977,218.72,30.42866630136987,15.879999999999999,23.99999999999602,-605.5886663013636,-2.290083127872541
USD,LONG_QUARTERLY_SHORT_PERP,3,2026-02-03,2026-02-06,3,0.11553,-726.0,-69.99999999999318,257.68,30.42866630136987,15.879999999999999,23.99999999999602,-608.628666301359,-2.3015791367910063
USD,LONG_QUARTERLY_SHORT_PERP,5,2026-07-21,2026-07-30,9,0.02917,777.0,-1310.0000000000023,51.77,91.28599890410959,15.879999999999999,23.99999999999602,-612.395998904108,-2.315825613501563
USD,LONG_QUARTERLY_SHORT_PERP,3,2026-08-06,2026-08-17,11,0.02866,3130.0,-3600.0000000000086,8.899999999999999,111.57177643835617,15.879999999999999,23.99999999999602,-612.5517764383609,-2.3164146990025736
USD,LONG_QUARTERLY_SHORT_PERP,3,2026-01-09,2026-01-14,5,0.11735,-510.0,-339.9999999999892,324.6,50.71444383561644,15.879999999999999,23.99999999999602,-615.9944438356016,-2.329433427654563
USD,LONG_QUARTERLY_SHORT_PERP,3,2026-07-20,2026-07-27,7,0.07086,-861.0,299.99999999999716,54.92,71.00022136986303,15.879999999999999,23.99999999999602,-616.9602213698619,-2.333085594479276
USD,SHORT_QUARTERLY_LONG_PERP,40,2026-03-13,2026-05-26,74,-0.04984,10824.0,-8560.000000000002,-2109.15,750.5737687671233,15.879999999999999,23.99999999999602,-635.6037687671212,-2.403587695515805
USD,LONG_QUARTERLY_SHORT_PERP,5,2026-07-29,2026-08-06,8,0.04339,1488.0,-2049.9999999999973,40.81999999999999,81.14311013698631,15.879999999999999,23.99999999999602,-642.2031101369796,-2.428543645267122
USD,SHORT_QUARTERLY_LONG_PERP,40,2026-03-03,2026-05-20,78,-0.00168,8584.0,-6659.999999999996,-1746.93,791.1453238356165,15.879999999999999,23.99999999999602,-653.955323835609,-2.4729856036524374
USD,LONG_QUARTERLY_SHORT_PERP,3,2026-07-27,2026-07-30,3,0.0235,1224.0,-1840.0000000000034,26.020000000000003,30.42866630136987,15.879999999999999,23.99999999999602,-660.2886663013693,-2.4969356567676297
USD,LONG_QUARTERLY_SHORT_PERP,3,2026-08-05,2026-08-14,9,0.0478,3143.0,-3609.9999999999995,-66.87,91.28599890410959,15.879999999999999,23.99999999999602,-665.0359989041051,-2.514888083721595
USD,LONG_QUARTERLY_SHORT_PERP,20,2026-06-18,2026-08-03,46,0.10913,6084.0,-6709.999999999994,467.04,466.57288328767123,15.879999999999999,23.99999999999602,-665.4128832876609,-2.5163133028777116
USD,LONG_QUARTERLY_SHORT_PERP,40,2026-06-04,2026-09-02,90,0.0876,11623.0,-12700.000000000004,1362.77,912.8599890410959,15.879999999999999,23.99999999999602,-666.9699890410956,-2.5222016257818254
USD,LONG_QUARTERLY_SHORT_PERP,10,2026-06-16,2026-07-10,24,0.00767,3493.0,-4519.999999999996,640.85,243.42933041095895,15.879999999999999,23.99999999999602,-669.4593304109513,-2.5316152740018945
USD,LONG_QUARTERLY_SHORT_PERP,5,2026-01-19,2026-01-27,8,0.11675,-2187.0,1210.000000000008,418.52,81.14311013698631,15.879999999999999,23.99999999999602,-679.5031101369743,-2.56959664943138
USD,LONG_QUARTERLY_SHORT_PERP,40,2026-05-22,2026-08-05,75,0.10619,7956.0,-9720.000000000013,1865.6299999999999,760.7166575342466,15.879999999999999,23.99999999999602,-698.9666575342554,-2.643199647610477
USD,LONG_QUARTERLY_SHORT_PERP,3,2026-01-06,2026-01-12,6,0.11735,-395.0,-560.0000000000023,352.04999999999995,60.85733260273974,15.879999999999999,23.99999999999602,-703.687332602738,-2.6610512669159156
USD,LONG_QUARTERLY_SHORT_PERP,5,2026-07-07,2026-07-16,9,0.11696,1652.0,-2189.9999999999977,-35.01000000000001,91.28599890410959,15.879999999999999,23.99999999999602,-704.1759989041034,-2.662899198547054
USD,LONG_QUARTERLY_SHORT_PERP,5,2026-04-23,2026-04-30,7,0.10249,-1060.0,30.000000000001137,433.53999999999996,71.00022136986303,15.879999999999999,23.99999999999602,-707.340221369858,-2.674864964891257
USD,LONG_QUARTERLY_SHORT_PERP,40,2026-05-25,2026-08-06,73,0.10682,8141.0,-9860.0,1787.4699999999998,740.43088,15.879999999999999,23.99999999999602,-711.8408799999962,-2.6918845740199133
USD,LONG_QUARTERLY_SHORT_PERP,20,2026-06-10,2026-07-23,43,0.10582,5588.0,-6609.999999999999,785.5,436.1442169863014,15.879999999999999,23.99999999999602,-712.5242169862966,-2.6944686687859782
USD,LONG_QUARTERLY_SHORT_PERP,10,2026-07-15,2026-08-04,20,0.11624,2722.0,-3170.000000000002,-31.99,202.85777534246577,15.879999999999999,23.99999999999602,-722.7277753424636,-2.7330542601882
USD,LONG_QUARTERLY_SHORT_PERP,3,2026-05-13,2026-05-19,6,0.0305,-2885.0,2049.9999999999973,209.37,60.85733260273974,15.879999999999999,23.99999999999602,-726.3673326027384,-2.7468175439788083
USD,SHORT_QUARTERLY_LONG_PERP,5,2026-03-27,2026-04-10,14,-0.0424,4081.0,-4170.000000000002,-473.49,142.00044273972605,15.879999999999999,23.99999999999602,-744.3704427397239,-2.8148977790759173
USD,SHORT_QUARTERLY_LONG_PERP,40,2026-03-17,2026-05-28,72,-0.03977,12831.0,-10539.999999999993,-2270.4300000000003,730.2879912328767,15.879999999999999,23.99999999999602,-749.5979912328658,-2.8346661817400487
USD,LONG_QUARTERLY_SHORT_PERP,5,2026-09-16,2026-09-29,13,0.07889,-643.0,-260.0000000000051,322.85,131.85755397260277,15.879999999999999,23.99999999999602,-751.8875539726039,-2.843324350712238
USD,LONG_QUARTERLY_SHORT_PERP,5,2026-08-06,2026-08-21,15,0.02866,878.0,-1510.000000000005,67.1,152.14333150684934,15.879999999999999,23.99999999999602,-756.9233315068503,-2.8623675557928934
USD,LONG_QUARTERLY_SHORT_PERP,40,2026-05-21,2026-08-04,75,0.10643,8455.0,-10339.999999999989,1924.02,760.7166575342466,15.879999999999999,23.99999999999602,-761.5766575342317,-2.8799644891847955
USD,LONG_QUARTERLY_SHORT_PERP,10,2026-07-07,2026-07-28,21,0.11696,2033.0,-2570.0000000000073,25.319999999999997,213.00066410958905,15.879999999999999,23.99999999999602,-764.5606641095924,-2.891248754383203
USD,LONG_QUARTERLY_SHORT_PERP,20,2026-06-11,2026-07-27,46,0.09813,5141.0,-6109.999999999999,710.87,466.57288328767123,15.879999999999999,23.99999999999602,-764.5828832876664,-2.8913327780244202
USD,LONG_QUARTERLY_SHORT_PERP,3,2026-07-10,2026-07-15,5,0.05744,615.0,-1299.9999999999973,7.619999999999991,50.71444383561644,15.879999999999999,23.99999999999602,-767.9744438356097,-2.9041582419411074
USD,LONG_QUARTERLY_SHORT_PERP,3,2026-01-16,2026-01-21,5,0.04573,-1273.0,310.0000000000023,273.72,50.71444383561644,15.879999999999999,23.99999999999602,-779.8744438356101,-2.9491590663259593
USD,LONG_QUARTERLY_SHORT_PERP,20,2026-07-13,2026-08-24,42,0.00631,6189.0,-6670.000000000002,165.18,426.0013282191781,15.879999999999999,23.99999999999602,-781.7013282191759,-2.9560675792096798
USD,LONG_QUARTERLY_SHORT_PERP,10,2026-02-04,2026-03-04,28,0.11547,-24.0,-890.0000000000006,433.47999999999996,284.0008854794521,15.879999999999999,23.99999999999602,-804.4008854794488,-3.041907813653662
USD,SHORT_QUARTERLY_LONG_PERP,20,2026-03-13,2026-04-23,41,-0.04984,5746.0,-5400.0000000000055,-701.52,415.8584394520548,15.879999999999999,23.99999999999602,-811.2584394520563,-3.0678402155050013
USD,LONG_QUARTERLY_SHORT_PERP,10,2026-01-16,2026-02-02,17,0.04573,-2404.0,810.0000000000023,992.1600000000001,172.4291090410959,15.879999999999999,23.99999999999602,-814.1491090410896,-3.078771519247078
USD,LONG_QUARTERLY_SHORT_PERP,20,2026-01-13,2026-02-12,30,0.11768,-3843.0,1659.9999999999966,1708.21,304.28666301369867,15.879999999999999,23.99999999999602,-818.9566630136983,-3.0969516782422084
USD,LONG_QUARTERLY_SHORT_PERP,3,2026-01-05,2026-01-09,4,0.11735,-1092.0,0.0,352.04999999999995,40.571555068493154,15.879999999999999,23.99999999999602,-820.4015550684892,-3.102415655856722
USD,LONG_QUARTERLY_SHORT_PERP,5,2026-01-28,2026-02-04,7,0.11483,-653.0,-640.0000000000006,573.0600000000001,71.00022136986303,15.879999999999999,23.99999999999602,-830.8202213698594,-3.141814695567001
USD,LONG_QUARTERLY_SHORT_PERP,20,2026-06-16,2026-07-29,43,0.00767,6203.0,-7219.999999999999,652.12,436.1442169863014,15.879999999999999,23.99999999999602,-840.9042169862964,-3.1799481506790075
USD,LONG_QUARTERLY_SHORT_PERP,3,2026-01-12,2026-01-15,3,0.11735,-1269.0,260.0000000000051,230.63,30.42866630136987,15.879999999999999,23.99999999999602,-848.6786663013607,-3.209347867344228
USD,LONG_QUARTERLY_SHORT_PERP,3,2026-02-05,2026-02-11,6,0.02738,-46.0,-909.9999999999966,206.99,60.85733260273974,15.879999999999999,23.99999999999602,-849.7473326027323,-3.2133891164664155
USD,LONG_QUARTERLY_SHORT_PERP,10,2026-04-30,2026-05-19,19,0.11232,-4589.0,3509.999999999991,440.38,192.7148865753425,15.879999999999999,23.99999999999602,-871.2148865753476,-3.294570429600361
USD,LONG_QUARTERLY_SHORT_PERP,10,2026-07-27,2026-08-17,21,0.0235,6331.0,-6990.000000000009,27.66,213.00066410958905,15.879999999999999,23.99999999999602,-884.2206641095942,-3.343752842273223
USD,LONG_QUARTERLY_SHORT_PERP,20,2026-04-23,2026-05-26,33,0.10249,-5078.0,3159.9999999999964,1407.6299999999999,334.7153293150685,15.879999999999999,23.99999999999602,-884.9653293150683,-3.3465688547217147
USD,LONG_QUARTERLY_SHORT_PERP,3,2026-05-25,2026-05-28,3,0.10682,-1106.0,179.9999999999926,108.49,30.42866630136987,15.879999999999999,23.99999999999602,-887.8186663013732,-3.3573589821697407
USD,LONG_QUARTERLY_SHORT_PERP,10,2026-07-20,2026-08-06,17,0.07086,2340.0,-3090.0000000000036,73.68,172.4291090410959,15.879999999999999,23.99999999999602,-888.6291090410955,-3.360423737749927
USD,LONG_QUARTERLY_SHORT_PERP,10,2026-06-17,2026-07-13,26,0.10821,2730.0,-3870.0000000000045,538.95,263.71510794520555,15.879999999999999,23.99999999999602,-904.6451079452061,-3.4209895490131057
USD,LONG_QUARTERLY_SHORT_PERP,10,2026-01-12,2026-01-27,15,0.11735,-3765.0,2240.000000000009,811.63,152.14333150684934,15.879999999999999,23.99999999999602,-905.3933315068363,-3.4238190176767636
USD,LONG_QUARTERLY_SHORT_PERP,10,2026-01-08,2026-01-23,15,0.11735,-3885.0,2310.0000000000023,852.02,152.14333150684934,15.879999999999999,23.99999999999602,-915.0033315068431,-3.4601600195539666
USD,LONG_QUARTERLY_SHORT_PERP,3,2026-09-22,2026-09-29,7,0.00069,-759.0,-360.00000000001364,299.98,71.00022136986303,15.879999999999999,23.99999999999602,-929.9002213698727,-3.5164938283444416
USD,LONG_QUARTERLY_SHORT_PERP,20,2026-07-30,2026-09-24,56,0.04808,4245.0,-5049.999999999997,467.38,568.0017709589042,15.879999999999999,23.99999999999602,-945.5017709588975,-3.5754923655870665
USD,LONG_QUARTERLY_SHORT_PERP,5,2026-07-27,2026-08-04,8,0.0235,2340.0,-3109.9999999999995,-57.7,81.14311013698631,15.879999999999999,23.99999999999602,-948.7231101369819,-3.5876741234557223
USD,LONG_QUARTERLY_SHORT_PERP,10,2026-01-29,2026-02-19,21,0.11441,-882.0,-609.9999999999994,776.08,213.00066410958905,15.879999999999999,23.99999999999602,-968.8006641095845,-3.6635990377749192
USD,SHORT_QUARTERLY_LONG_PERP,3,2026-03-27,2026-04-08,12,-0.0424,2342.0,-2840.0000000000036,-309.41,121.71466520547948,15.879999999999999,23.99999999999602,-969.0046652054792,-3.664370484622875
USD,LONG_QUARTERLY_SHORT_PERP,10,2026-01-23,2026-02-06,14,0.06724,-683.0,-1129.9999999999955,1024.41,142.00044273972605,15.879999999999999,23.99999999999602,-970.4704427397174,-3.6699134423880446
USD,LONG_QUARTERLY_SHORT_PERP,5,2026-01-06,2026-01-14,8,0.11735,-1071.0,-339.9999999999892,559.3000000000001,81.14311013698631,15.879999999999999,23.99999999999602,-972.7231101369714,-3.6784320886015993
USD,LONG_QUARTERLY_SHORT_PERP,10,2026-07-21,2026-08-10,20,0.02917,3244.0,-4060.0000000000023,74.7,202.85777534246577,15.879999999999999,23.99999999999602,-984.037775342464,-3.721219421533174
USD,LONG_QUARTERLY_SHORT_PERP,5,2026-01-30,2026-02-06,7,0.11405,-43.0,-1319.9999999999932,486.81,71.00022136986303,15.879999999999999,23.99999999999602,-987.0702213698523,-3.7326868644856988
USD,LONG_QUARTERLY_SHORT_PERP,3,2026-01-08,2026-01-13,5,0.11735,-630.0,-619.9999999999903,352.38000000000005,50.71444383561644,15.879999999999999,23.99999999999602,-988.2144438356028,-3.7370138354301052
USD,SHORT_QUARTERLY_LONG_PERP,5,2026-05-06,2026-05-13,7,-0.11301,1226.0,-1879.9999999999955,-230.86,71.00022136986303,15.879999999999999,23.99999999999602,-995.7402213698545,-3.765473179394669
USD,LONG_QUARTERLY_SHORT_PERP,10,2026-01-26,2026-02-10,15,0.11388,-638.0,-1199.9999999999886,1027.01,152.14333150684934,15.879999999999999,23.99999999999602,-1003.013331506834,-3.792977040907769
USD,LONG_QUARTERLY_SHORT_PERP,10,2026-01-14,2026-01-29,15,0.08957,-4199.0,2539.999999999992,833.62,152.14333150684934,15.879999999999999,23.99999999999602,-1017.4033315068535,-3.8473940041765817
USD,LONG_QUARTERLY_SHORT_PERP,40,2026-06-02,2026-08-24,83,0.10733,9115.0,-10730.000000000004,1477.46,841.8597676712329,15.879999999999999,23.99999999999602,-1019.2797676712325,-3.8544899011768003
USD,LONG_QUARTERLY_SHORT_PERP,5,2026-02-03,2026-02-11,8,0.11553,-770.0,-479.99999999998977,349.84,81.14311013698631,15.879999999999999,23.99999999999602,-1021.1831101369721,-3.8616875465587306
USD,LONG_QUARTERLY_SHORT_PERP,5,2026-01-26,2026-02-02,7,0.11388,-439.0,-1009.9999999999909,537.32,71.00022136986303,15.879999999999999,23.99999999999602,-1022.5602213698498,-3.866895205445213
USD,LONG_QUARTERLY_SHORT_PERP,3,2026-06-01,2026-06-04,3,0.10653,1577.0,-2750.0,214.57,30.42866630136987,15.879999999999999,23.99999999999602,-1028.7386663013658,-3.8902595008514833
USD,LONG_QUARTERLY_SHORT_PERP,3,2026-03-04,2026-03-13,9,0.11642,1584.0,-2430.000000000007,-51.870000000000005,91.28599890410959,15.879999999999999,23.99999999999602,-1029.0359989041124,-3.891383888434684
USD,LONG_QUARTERLY_SHORT_PERP,5,2026-08-05,2026-08-20,15,0.0478,1518.0,-2429.9999999999927,74.13,152.14333150684934,15.879999999999999,23.99999999999602,-1029.893331506838,-3.89462596187121
USD,LONG_QUARTERLY_SHORT_PERP,5,2026-03-04,2026-03-17,13,0.11642,3450.0,-4109.999999999999,-211.99,131.85755397260277,15.879999999999999,23.99999999999602,-1043.727553972598,-3.9469412068865553
USD,LONG_QUARTERLY_SHORT_PERP,20,2026-07-15,2026-09-02,49,0.11624,8374.0,-9040.000000000005,156.42000000000002,497.0015495890412,15.879999999999999,23.99999999999602,-1046.4615495890425,-3.957280035172654
USD,SHORT_QUARTERLY_LONG_PERP,5,2026-09-03,2026-09-18,15,-0.02739,2109.0,-2689.9999999999977,-278.54,152.14333150684934,15.879999999999999,23.99999999999602,-1051.563331506843,-3.9765728412342294
USD,LONG_QUARTERLY_SHORT_PERP,5,2026-03-02,2026-03-13,11,0.0233,2084.0,-3060.0000000000023,62.87,111.57177643835617,15.879999999999999,23.99999999999602,-1064.5817764383546,-4.0258031567070685
USD,LONG_QUARTERLY_SHORT_PERP,3,2026-02-12,2026-03-02,18,0.092,-857.0,19.99999999999602,-7.629999999999998,182.57199780821918,15.879999999999999,23.99999999999602,-1067.081997808219,-4.035257948538037
USD,LONG_QUARTERLY_SHORT_PERP,10,2026-08-06,2026-09-07,32,0.02866,3961.0,-4780.000000000001,102.5,324.57244054794523,15.879999999999999,23.99999999999602,-1080.9524405479424,-4.08771016348513
USD,LONG_QUARTERLY_SHORT_PERP,5,2026-02-12,2026-03-04,20,0.092,-357.0,-609.9999999999994,107.11,202.85777534246577,15.879999999999999,23.99999999999602,-1102.6277753424615,-4.169677216810423
USD,LONG_QUARTERLY_SHORT_PERP,10,2026-07-13,2026-07-30,17,0.00631,2289.0,-3239.999999999995,53.04,172.4291090410959,15.879999999999999,23.99999999999602,-1110.2691090410872,-4.1985735458724305
USD,LONG_QUARTERLY_SHORT_PERP,10,2026-02-02,2026-03-02,28,0.1136,-1193.0,-150.00000000000568,549.74,284.0008854794521,15.879999999999999,23.99999999999602,-1117.140885479454,-4.22455973114259
USD,LONG_QUARTERLY_SHORT_PERP,20,2026-01-09,2026-02-10,32,0.11735,-3656.0,1020.0000000000102,1875.56,324.57244054794523,15.879999999999999,23.99999999999602,-1124.8924405479315,-4.253872871339738
USD,SHORT_QUARTERLY_LONG_PERP,3,2026-03-19,2026-03-24,5,-0.1247,2717.0,-3880.0000000000095,124.08000000000001,50.71444383561644,15.879999999999999,23.99999999999602,-1129.5144438356224,-4.27135135522676
USD,LONG_QUARTERLY_SHORT_PERP,5,2026-02-10,2026-03-02,20,0.11648,-994.0,39.99999999999204,60.05,202.85777534246577,15.879999999999999,23.99999999999602,-1136.68777534247,-4.298477895680035
USD,LONG_QUARTERLY_SHORT_PERP,10,2026-01-20,2026-02-04,15,0.11664,-2864.0,909.9999999999966,989.77,152.14333150684934,15.879999999999999,23.99999999999602,-1156.253331506849,-4.3724666483645
USD,LONG_QUARTERLY_SHORT_PERP,10,2026-01-05,2026-01-20,15,0.11735,-2354.0,410.0000000000108,979.15,152.14333150684934,15.879999999999999,23.99999999999602,-1156.8733315068343,-4.374811229130715
USD,LONG_QUARTERLY_SHORT_PERP,3,2026-06-26,2026-07-07,11,0.11345,-2086.0,930.0000000000068,149.88000000000002,111.57177643835617,15.879999999999999,23.99999999999602,-1157.5717764383453,-4.3774524558286485
USD,LONG_QUARTERLY_SHORT_PERP,10,2026-07-23,2026-08-14,22,0.00225,5293.0,-6140.000000000001,-53.269999999999996,223.14355287671233,15.879999999999999,23.99999999999602,-1163.2935528767093,-4.399089821935555
USD,LONG_QUARTERLY_SHORT_PERP,10,2026-08-10,2026-09-11,32,0.03019,727.0,-1650.0000000000057,120.66,324.57244054794523,15.879999999999999,23.99999999999602,-1166.792440547947,-4.412321152157041
USD,SHORT_QUARTERLY_LONG_PERP,3,2026-05-11,2026-05-14,3,-0.11145,279.0,-1159.9999999999966,-227.55999999999997,30.42866630136987,15.879999999999999,23.99999999999602,-1178.8686663013627,-4.457988388657987
USD,LONG_QUARTERLY_SHORT_PERP,5,2026-01-05,2026-01-13,8,0.11735,-1042.0,-619.9999999999903,587.08,81.14311013698631,15.879999999999999,23.99999999999602,-1195.9431101369728,-4.522556796096246
USD,LONG_QUARTERLY_SHORT_PERP,3,2026-01-30,2026-02-04,5,0.11405,-281.0,-1179.9999999999927,344.6,50.71444383561644,15.879999999999999,23.99999999999602,-1206.9944438356056,-4.564348319372763
USD,LONG_QUARTERLY_SHORT_PERP,40,2026-06-15,2026-09-18,95,0.02902,10476.0,-11750.0,1063.71,963.5744328767123,15.879999999999999,23.99999999999602,-1213.7444328767083,-4.589873955628084
USD,LONG_QUARTERLY_SHORT_PERP,20,2026-07-27,2026-09-16,51,0.0235,5132.0,-6150.0000000000055,359.68,517.2873271232877,15.879999999999999,23.99999999999602,-1215.487327123289,-4.596464852931593
USD,LONG_QUARTERLY_SHORT_PERP,10,2026-08-05,2026-09-03,29,0.0478,4960.0,-5959.999999999994,113.22,294.1437742465754,15.879999999999999,23.99999999999602,-1220.803774246565,-4.616569433044691
USD,LONG_QUARTERLY_SHORT_PERP,20,2026-01-06,2026-02-05,30,0.11735,-4447.0,1680.0000000000068,1878.9499999999998,304.28666301369867,15.879999999999999,23.99999999999602,-1232.216663013688,-4.659728206417224
USD,LONG_QUARTERLY_SHORT_PERP,5,2026-04-30,2026-05-11,11,0.11232,-1710.0,500.0,113.46000000000001,111.57177643835617,15.879999999999999,23.99999999999602,-1247.9917764383522,-4.7193830895159135
USD,SHORT_QUARTERLY_LONG_PERP,5,2026-03-24,2026-04-09,16,-0.12282,2456.0,-3119.9999999999905,-384.46000000000004,162.28622027397262,15.879999999999999,23.99999999999602,-1250.626220273959,-4.729345454591366
USD,SHORT_QUARTERLY_LONG_PERP,3,2026-03-24,2026-04-06,13,-0.12282,1344.0,-2229.99999999999,-199.15,131.85755397260277,15.879999999999999,23.99999999999602,-1256.887553972589,-4.7530232006575
USD,LONG_QUARTERLY_SHORT_PERP,10,2026-08-24,2026-09-24,31,0.0523,345.0,-1619.9999999999905,355.24,314.42955178082195,15.879999999999999,23.99999999999602,-1274.0695517808085,-4.817998332249816
USD,SHORT_QUARTERLY_LONG_PERP,3,2026-05-28,2026-06-02,5,-0.10635,-2055.0,1189.9999999999977,-320.91999999999996,50.71444383561644,15.879999999999999,23.99999999999602,-1276.514443835615,-4.827243891745469
USD,LONG_QUARTERLY_SHORT_PERP,3,2026-07-29,2026-08-04,6,0.04339,627.0,-1769.999999999996,-35.64000000000001,60.85733260273974,15.879999999999999,23.99999999999602,-1279.3773326027317,-4.838070140034744
USD,SHORT_QUARTERLY_LONG_PERP,3,2026-03-20,2026-03-27,7,-0.12726,1650.0,-2859.9999999999995,39.22,71.00022136986303,15.879999999999999,23.99999999999602,-1281.6602213698588,-4.8467030708330325
USD,SHORT_QUARTERLY_LONG_PERP,40,2026-05-28,2026-08-17,81,-0.10635,-12377.0,13640.0,-1687.88,821.5739901369864,15.879999999999999,23.99999999999602,-1286.3339901369827,-4.864377310119146
USD,LONG_QUARTERLY_SHORT_PERP,20,2026-06-24,2026-08-05,42,0.09607,5069.0,-6160.000000000011,240.70999999999998,426.0013282191781,15.879999999999999,23.99999999999602,-1316.171328219185,-4.977209647190454
USD,LONG_QUARTERLY_SHORT_PERP,40,2026-06-08,2026-09-07,91,0.0959,11414.0,-12929.999999999993,1145.97,923.0028778082192,15.879999999999999,23.99999999999602,-1332.9128778082081,-5.040519187777504
USD,LONG_QUARTERLY_SHORT_PERP,10,2026-01-30,2026-02-25,26,0.11405,-944.0,-739.9999999999949,640.0400000000001,263.71510794520555,15.879999999999999,23.99999999999602,-1347.5551079451966,-5.095889979962141
USD,LONG_QUARTERLY_SHORT_PERP,10,2026-07-29,2026-08-21,23,0.04339,2366.0,-3560.0000000000023,107.91999999999999,233.28644164383562,15.879999999999999,23.99999999999602,-1359.2464416438338,-5.140101715642566
USD,LONG_QUARTERLY_SHORT_PERP,20,2026-07-29,2026-09-22,55,0.04339,3535.0,-4709.999999999994,404.60999999999996,557.8588821917809,15.879999999999999,23.99999999999602,-1368.1288821917706,-5.173691391878412
USD,SHORT_QUARTERLY_LONG_PERP,10,2026-05-11,2026-05-26,15,-0.11145,2308.0,-2629.9999999999955,-860.63,152.14333150684934,15.879999999999999,23.99999999999602,-1374.653331506841,-5.198364131192306
USD,LONG_QUARTERLY_SHORT_PERP,20,2026-01-12,2026-02-11,30,0.11735,-4098.0,1330.0000000000125,1733.8899999999999,304.28666301369867,15.879999999999999,23.99999999999602,-1378.276663013682,-5.212066055967723
USD,SHORT_QUARTERLY_LONG_PERP,20,2026-05-06,2026-06-04,29,-0.11301,1266.0,-920.0000000000017,-1403.26,294.1437742465754,15.879999999999999,23.99999999999602,-1391.283774246573,-5.261253512131213
USD,LONG_QUARTERLY_SHORT_PERP,40,2026-05-27,2026-08-14,79,0.10751,11600.0,-13640.0,1477.1000000000001,801.2882126027398,15.879999999999999,23.99999999999602,-1404.068212602736,-5.309598912578661
USD,LONG_QUARTERLY_SHORT_PERP,40,2026-06-01,2026-08-21,81,0.10653,9287.0,-11370.000000000004,1532.49,821.5739901369864,15.879999999999999,23.99999999999602,-1411.963990136986,-5.339457441839218
USD,LONG_QUARTERLY_SHORT_PERP,3,2026-02-10,2026-02-19,9,0.11648,-1935.0,569.9999999999932,58.74,91.28599890410959,15.879999999999999,23.99999999999602,-1437.4259989041125,-5.435744112848879
USD,LONG_QUARTERLY_SHORT_PERP,40,2026-05-29,2026-08-20,83,0.10706,10166.0,-12340.000000000004,1617.3899999999999,841.8597676712329,15.879999999999999,23.99999999999602,-1438.3497676712327,-5.439237420080929
USD,LONG_QUARTERLY_SHORT_PERP,3,2026-08-24,2026-09-03,10,0.0523,2328.0,-3599.9999999999945,-34.84,101.42888767123289,15.879999999999999,23.99999999999602,-1448.1488876712233,-5.47629359472342
USD,LONG_QUARTERLY_SHORT_PERP,10,2026-01-06,2026-01-21,15,0.11735,-2887.0,710.000000000008,902.13,152.14333150684934,15.879999999999999,23.99999999999602,-1466.893331506837,-5.547177243903096
USD,LONG_QUARTERLY_SHORT_PERP,20,2026-06-29,2026-08-14,46,0.11559,5781.0,-6790.000000000006,48.29,466.57288328767123,15.879999999999999,23.99999999999602,-1467.1628832876736,-5.5481965760335195
USD,LONG_QUARTERLY_SHORT_PERP,3,2026-01-26,2026-01-29,3,0.11388,-1691.0,-19.99999999999602,309.67,30.42866630136987,15.879999999999999,23.99999999999602,-1471.6386663013618,-5.565122115981729
USD,SHORT_QUARTERLY_LONG_PERP,10,2026-05-28,2026-06-11,14,-0.10635,-905.0,539.999999999992,-949.35,142.00044273972605,15.879999999999999,23.99999999999602,-1496.2304427397303,-5.658117932184629
USD,LONG_QUARTERLY_SHORT_PERP,20,2026-07-23,2026-09-15,54,0.00225,4606.0,-5839.999999999989,304.29,547.7159934246577,15.879999999999999,23.99999999999602,-1517.305993424643,-5.737816852788474
USD,SHORT_QUARTERLY_LONG_PERP,10,2026-05-06,2026-05-21,15,-0.11301,3750.0,-4429.999999999993,-653.5999999999999,152.14333150684934,15.879999999999999,23.99999999999602,-1525.623331506838,-5.769269547778919
USD,LONG_QUARTERLY_SHORT_PERP,20,2026-07-10,2026-08-21,42,0.05744,5076.0,-6260.0000000000055,119.18999999999998,426.0013282191781,15.879999999999999,23.99999999999602,-1530.6913282191795,-5.788434592319681
USD,LONG_QUARTERLY_SHORT_PERP,40,2026-03-04,2026-05-21,78,0.11642,-9450.0,7009.999999999991,1736.9399999999998,791.1453238356165,15.879999999999999,23.99999999999602,-1534.0853238356217,-5.801269264647283
USD,LONG_QUARTERLY_SHORT_PERP,5,2026-06-26,2026-07-13,17,0.11345,-2009.0,439.9999999999977,213.63,172.4291090410959,15.879999999999999,23.99999999999602,-1567.6791090410943,-5.9283069140971865
USD,SHORT_QUARTERLY_LONG_PERP,40,2026-03-16,2026-05-27,72,-0.12035,11650.0,-10149.99999999999,-2337.0099999999998,730.2879912328767,15.879999999999999,23.99999999999602,-1607.1779912328634,-6.077675171316487
USD,SHORT_QUARTERLY_LONG_PERP,10,2026-03-27,2026-04-21,25,-0.0424,6200.0,-6549.999999999997,-1041.2,253.57221917808224,15.879999999999999,23.99999999999602,-1684.6522191780755,-6.370650307964751
USD,LONG_QUARTERLY_SHORT_PERP,5,2026-02-05,2026-02-19,14,0.02738,-1705.0,-90.00000000000341,290.04999999999995,142.00044273972605,15.879999999999999,23.99999999999602,-1686.8304427397256,-6.378887438718428
USD,LONG_QUARTERLY_SHORT_PERP,5,2026-01-08,2026-01-15,7,0.11735,-1783.0,-299.99999999999716,465.33000000000004,71.00022136986303,15.879999999999999,23.99999999999602,-1728.5502213698564,-6.536654197668793
USD,SHORT_QUARTERLY_LONG_PERP,5,2026-03-20,2026-04-06,17,-0.12726,3924.0,-5269.999999999996,-202.33,172.4291090410959,15.879999999999999,23.99999999999602,-1760.6391090410884,-6.65800095387033
USD,LONG_QUARTERLY_SHORT_PERP,20,2026-01-08,2026-02-06,29,0.11735,-4568.0,1180.0000000000068,1876.43,294.1437742465754,15.879999999999999,23.99999999999602,-1845.5937742465644,-6.979263976524562
USD,LONG_QUARTERLY_SHORT_PERP,5,2026-08-24,2026-09-11,18,0.0523,-706.0,-969.9999999999989,31.45,182.57199780821918,15.879999999999999,23.99999999999602,-1867.0019978082141,-7.060220926851403
USD,LONG_QUARTERLY_SHORT_PERP,10,2026-06-22,2026-07-15,23,0.11016,2257.0,-4189.999999999998,320.96999999999997,233.28644164383562,15.879999999999999,23.99999999999602,-1885.19644164383,-7.129024705996493
USD,LONG_QUARTERLY_SHORT_PERP,20,2026-01-16,2026-03-02,45,0.04573,-3597.0,659.9999999999966,1541.9,456.42999452054795,15.879999999999999,23.99999999999602,-1891.4099945205476,-7.152521764972219
USD,LONG_QUARTERLY_SHORT_PERP,10,2026-04-23,2026-05-11,18,0.10249,-2770.0,530.0000000000011,547.0,182.57199780821918,15.879999999999999,23.99999999999602,-1915.4519978082144,-7.243438568989721
USD,LONG_QUARTERLY_SHORT_PERP,20,2026-01-20,2026-03-04,43,0.11664,-2888.0,19.99999999999602,1423.25,436.1442169863014,15.879999999999999,23.99999999999602,-1920.7742169863018,-7.263564976600713
USD,LONG_QUARTERLY_SHORT_PERP,20,2026-07-20,2026-09-07,49,0.07086,6301.0,-7870.000000000005,176.18,497.0015495890412,15.879999999999999,23.99999999999602,-1929.7015495890419,-7.297324415817608
USD,LONG_QUARTERLY_SHORT_PERP,40,2026-06-11,2026-09-16,97,0.09813,10273.0,-12260.000000000005,1070.55,983.8602104109591,15.879999999999999,23.99999999999602,-1940.1902104109608,-7.336988145538569
USD,LONG_QUARTERLY_SHORT_PERP,20,2026-01-14,2026-02-19,36,0.08957,-5081.0,1929.9999999999927,1609.6999999999998,365.14399561643836,15.879999999999999,23.99999999999602,-1946.323995616442,-7.360183556534052
USD,LONG_QUARTERLY_SHORT_PERP,40,2026-06-18,2026-09-28,102,0.10913,9165.0,-11049.999999999996,1012.75,1034.5746542465754,15.879999999999999,23.99999999999602,-1946.7046542465678,-7.361623048312612
USD,SHORT_QUARTERLY_LONG_PERP,40,2026-03-09,2026-05-25,77,-0.11873,8421.0,-7600.000000000008,-1951.98,781.0024350684932,15.879999999999999,23.99999999999602,-1951.8624350684977,-7.381127618815403
USD,LONG_QUARTERLY_SHORT_PERP,20,2026-06-17,2026-07-30,43,0.10821,5019.0,-7109.999999999999,591.99,436.1442169863014,15.879999999999999,23.99999999999602,-1975.0342169862965,-7.468753609468084
USD,LONG_QUARTERLY_SHORT_PERP,10,2026-06-26,2026-07-21,25,0.11345,-497.0,-1489.999999999995,214.89999999999998,253.57221917808224,15.879999999999999,23.99999999999602,-2065.5522191780733,-7.811054846468053
USD,SHORT_QUARTERLY_LONG_PERP,5,2026-02-19,2026-03-05,14,-0.00894,-3213.0,1549.9999999999973,-232.74999999999997,142.00044273972605,15.879999999999999,23.99999999999602,-2077.630442739725,-7.856729637844427
USD,LONG_QUARTERLY_SHORT_PERP,10,2026-02-12,2026-03-17,33,0.092,3093.0,-4719.999999999999,-104.88,334.7153293150685,15.879999999999999,23.99999999999602,-2106.475329315064,-7.965808938279531
USD,LONG_QUARTERLY_SHORT_PERP,20,2026-07-21,2026-09-11,52,0.02917,3971.0,-5710.000000000008,195.36,527.4302158904111,15.879999999999999,23.99999999999602,-2110.950215890415,-7.982731088272767
USD,SHORT_QUARTERLY_LONG_PERP,20,2026-03-24,2026-05-06,43,-0.12282,5720.0,-5739.9999999999945,-1622.22,436.1442169863014,15.879999999999999,23.99999999999602,-2118.244216986292,-8.010313950657512
USD,SHORT_QUARTERLY_LONG_PERP,20,2026-03-18,2026-04-28,41,-0.07811,7927.0,-8439.999999999998,-1157.1,415.8584394520548,15.879999999999999,23.99999999999602,-2125.838439452049,-8.039032124734907
USD,SHORT_QUARTERLY_LONG_PERP,10,2026-03-24,2026-04-20,27,-0.12282,4768.0,-5719.999999999999,-885.94,273.8579967123288,15.879999999999999,23.99999999999602,-2151.677996712324,-8.136746526285489
USD,SHORT_QUARTERLY_LONG_PERP,20,2026-03-27,2026-05-07,41,-0.0424,6601.0,-6519.999999999996,-1777.45,415.8584394520548,15.879999999999999,23.99999999999602,-2152.188439452047,-8.138676807301353
USD,LONG_QUARTERLY_SHORT_PERP,10,2026-02-10,2026-03-13,31,0.11648,1090.0,-3020.00000000001,122.91999999999999,314.42955178082195,15.879999999999999,23.99999999999602,-2161.389551780828,-8.173471566969653
USD,LONG_QUARTERLY_SHORT_PERP,40,2026-06-16,2026-09-22,98,0.00767,9738.0,-11929.999999999993,1056.73,994.0030991780824,15.879999999999999,23.99999999999602,-2169.153099178071,-8.20283005713997
USD,LONG_QUARTERLY_SHORT_PERP,10,2026-02-03,2026-03-03,28,0.11553,-1663.0,-629.9999999999955,432.53000000000003,284.0008854794521,15.879999999999999,23.99999999999602,-2184.3508854794436,-8.260301730449765
USD,LONG_QUARTERLY_SHORT_PERP,40,2026-06-10,2026-09-15,97,0.10582,10194.0,-12449.999999999989,1089.79,983.8602104109591,15.879999999999999,23.99999999999602,-2189.9502104109442,-8.281476036157006
USD,LONG_QUARTERLY_SHORT_PERP,40,2026-06-03,2026-08-31,89,0.01964,10285.0,-13039.999999999993,1458.6399999999999,902.7171002739726,15.879999999999999,23.99999999999602,-2238.9571002739617,-8.466799602911069
USD,LONG_QUARTERLY_SHORT_PERP,20,2026-01-05,2026-02-04,30,0.11735,-5218.0,1320.0000000000073,1968.92,304.28666301369867,15.879999999999999,23.99999999999602,-2273.2466630136873,-8.596468392077766
USD,LONG_QUARTERLY_SHORT_PERP,20,2026-01-27,2026-03-16,48,0.08043,1799.0,-4500.0,949.1500000000001,486.8586608219179,15.879999999999999,23.99999999999602,-2278.588660821914,-8.616669594198124
USD,LONG_QUARTERLY_SHORT_PERP,10,2026-02-06,2026-03-09,31,0.11483,-116.0,-2100.0000000000086,289.24,314.42955178082195,15.879999999999999,23.99999999999602,-2281.0695517808267,-8.626051286497283
USD,LONG_QUARTERLY_SHORT_PERP,40,2026-01-29,2026-04-28,89,0.11441,-4455.0,1340.0000000000034,1759.13,902.7171002739726,15.879999999999999,23.99999999999602,-2298.4671002739647,-8.69184154065414
USD,LONG_QUARTERLY_SHORT_PERP,20,2026-01-19,2026-03-03,43,0.11675,-3413.0,150.00000000000568,1423.47,436.1442169863014,15.879999999999999,23.99999999999602,-2315.554216986292,-8.756457871613375
USD,LONG_QUARTERLY_SHORT_PERP,20,2026-03-04,2026-04-20,47,0.11642,-4748.0,2560.0000000000023,347.06,476.7157720547945,15.879999999999999,23.99999999999602,-2357.535772054788,-8.915214559599955
USD,LONG_QUARTERLY_SHORT_PERP,20,2026-07-07,2026-08-20,44,0.11696,5152.0,-7230.000000000004,155.0,446.28710575342467,15.879999999999999,23.99999999999602,-2409.1671057534245,-9.110462675610705
USD,SHORT_QUARTERLY_LONG_PERP,10,2026-03-20,2026-04-16,27,-0.12726,6455.0,-7909.999999999996,-660.9000000000001,273.8579967123288,15.879999999999999,23.99999999999602,-2429.637996712321,-9.18787502595043
USD,LONG_QUARTERLY_SHORT_PERP,40,2026-06-05,2026-09-03,90,0.11145,10687.0,-13420.000000000002,1223.93,912.8599890410959,15.879999999999999,23.99999999999602,-2461.8099890410936,-9.309536049219155
USD,SHORT_QUARTERLY_LONG_PERP,5,2026-03-19,2026-03-31,12,-0.1247,1237.0,-3590.0000000000036,44.53000000000001,121.71466520547948,15.879999999999999,23.99999999999602,-2470.064665205479,-9.340751783036575
USD,LONG_QUARTERLY_SHORT_PERP,40,2026-06-09,2026-09-11,94,0.10989,9912.0,-12530.000000000002,1084.43,953.431544109589,15.879999999999999,23.99999999999602,-2526.8815441095867,-9.555609462839858
USD,LONG_QUARTERLY_SHORT_PERP,20,2026-03-02,2026-04-16,45,0.0233,-3355.0,1079.9999999999982,233.57999999999998,456.42999452054795,15.879999999999999,23.99999999999602,-2537.729994520546,-9.596633766351733
USD,LONG_QUARTERLY_SHORT_PERP,20,2026-06-22,2026-08-04,43,0.11016,4979.0,-7359.999999999999,288.98,436.1442169863014,15.879999999999999,23.99999999999602,-2568.0442169862963,-9.711269480767239
USD,LONG_QUARTERLY_SHORT_PERP,20,2026-01-28,2026-03-17,48,0.11483,2773.0,-5640.000000000001,794.55,486.8586608219179,15.879999999999999,23.99999999999602,-2599.1886608219147,-9.829044745272322
USD,SHORT_QUARTERLY_LONG_PERP,40,2026-05-06,2026-07-15,70,-0.11301,-1983.0,2739.999999999995,-2609.61,710.0022136986302,15.879999999999999,23.99999999999602,-2602.492213698631,-9.841537400974103
USD,SHORT_QUARTERLY_LONG_PERP,20,2026-05-11,2026-06-09,29,-0.11145,1897.0,-2569.999999999993,-1607.1899999999998,294.1437742465754,15.879999999999999,23.99999999999602,-2614.2137742465648,-9.885863441960147
USD,LONG_QUARTERLY_SHORT_PERP,40,2026-03-02,2026-05-19,78,0.0233,-9311.0,5879.999999999995,1638.31,791.1453238356165,15.879999999999999,23.99999999999602,-2623.7153238356173,-9.921794329728291
USD,LONG_QUARTERLY_SHORT_PERP,40,2026-03-05,2026-05-22,78,0.1167,-10571.0,6980.000000000004,1726.4299999999998,791.1453238356165,15.879999999999999,23.99999999999602,-2695.595323835609,-10.193614435340278
USD,SHORT_QUARTERLY_LONG_PERP,20,2026-05-28,2026-06-30,33,-0.10635,-7789.0,6899.999999999992,-1452.49,334.7153293150685,15.879999999999999,23.99999999999602,-2716.0853293150726,-10.271099068804643
USD,LONG_QUARTERLY_SHORT_PERP,3,2026-03-05,2026-03-16,11,0.1167,578.0,-2859.9999999999995,-288.92,111.57177643835617,15.879999999999999,23.99999999999602,-2722.371776438352,-10.294871783342403
USD,LONG_QUARTERLY_SHORT_PERP,40,2026-02-06,2026-05-08,91,0.11483,-6248.0,2750.0,1599.37,923.0028778082192,15.879999999999999,23.99999999999602,-2861.5128778082153,-10.821045251196173
USD,LONG_QUARTERLY_SHORT_PERP,40,2026-02-02,2026-04-30,87,0.1136,-5915.0,2219.999999999999,1747.67,882.431322739726,15.879999999999999,23.99999999999602,-2869.641322739723,-10.851783631270518
USD,LONG_QUARTERLY_SHORT_PERP,40,2026-06-17,2026-09-24,99,0.10821,9264.0,-12159.999999999996,1059.37,1004.1459879452057,15.879999999999999,23.99999999999602,-2880.6559879451984,-10.893436489637704
USD,SHORT_QUARTERLY_LONG_PERP,40,2026-03-18,2026-05-29,72,-0.07811,12404.0,-12110.0,-2455.6,730.2879912328767,15.879999999999999,23.99999999999602,-2931.7679912328726,-11.086720715176066
USD,LONG_QUARTERLY_SHORT_PERP,40,2026-02-12,2026-05-13,90,0.092,-7283.0,3849.9999999999945,1421.3100000000002,912.8599890410959,15.879999999999999,23.99999999999602,-2964.429989041097,-11.210234734287516
USD,LONG_QUARTERLY_SHORT_PERP,20,2026-06-26,2026-08-10,45,0.11345,2747.0,-5549.999999999997,289.59999999999997,456.42999452054795,15.879999999999999,23.99999999999602,-3009.7099945205414,-11.381464782583778
USD,LONG_QUARTERLY_SHORT_PERP,40,2026-02-03,2026-05-05,91,0.11553,-5450.0,1640.0000000000005,1745.3000000000002,923.0028778082192,15.879999999999999,23.99999999999602,-3027.5828778082146,-11.449052554187098
USD,SHORT_QUARTERLY_LONG_PERP,40,2026-05-11,2026-07-21,71,-0.11145,-4044.0,4250.0,-2496.2599999999998,720.1451024657534,15.879999999999999,23.99999999999602,-3050.2851024657493,-11.534902875612236
USD,LONG_QUARTERLY_SHORT_PERP,20,2026-01-26,2026-03-13,46,0.11388,452.0,-4219.999999999999,1149.9299999999998,466.57288328767123,15.879999999999999,23.99999999999602,-3124.5228832876664,-11.815639122459974
USD,LONG_QUARTERLY_SHORT_PERP,40,2026-01-15,2026-04-15,90,0.02338,-7183.0,3299.9999999999973,1708.36,912.8599890410959,15.879999999999999,23.99999999999602,-3127.379989041095,-11.82644350180947
USD,LONG_QUARTERLY_SHORT_PERP,40,2026-01-26,2026-04-23,87,0.11388,-5294.0,1180.0000000000068,1851.45,882.431322739726,15.879999999999999,23.99999999999602,-3184.861322739715,-12.043813871824474
USD,LONG_QUARTERLY_SHORT_PERP,20,2026-01-23,2026-03-09,45,0.06724,-799.0,-3230.000000000004,1313.65,456.42999452054795,15.879999999999999,23.99999999999602,-3211.659994520548,-12.145155243467878
USD,LONG_QUARTERLY_SHORT_PERP,40,2026-01-21,2026-04-21,90,0.04033,-7074.0,2929.9999999999927,1842.8400000000001,912.8599890410959,15.879999999999999,23.99999999999602,-3253.899989041099,-12.304889241403705
USD,LONG_QUARTERLY_SHORT_PERP,40,2026-02-05,2026-05-07,91,0.02738,-5915.0,1929.9999999999927,1602.27,923.0028778082192,15.879999999999999,23.99999999999602,-3345.6128778082225,-12.65170903982695
USD,SHORT_QUARTERLY_LONG_PERP,20,2026-03-20,2026-04-30,41,-0.12726,7822.0,-9200.000000000004,-1625.25,415.8584394520548,15.879999999999999,23.99999999999602,-3458.9884394520545,-13.080448009496514
USD,SHORT_QUARTERLY_LONG_PERP,40,2026-03-24,2026-06-04,72,-0.12282,6986.0,-6659.999999999996,-3025.48,730.2879912328767,15.879999999999999,23.99999999999602,-3469.647991232869,-13.120757977371275
USD,SHORT_QUARTERLY_LONG_PERP,10,2026-03-19,2026-04-15,27,-0.1247,6873.0,-9610.0,-420.79,273.8579967123288,15.879999999999999,23.99999999999602,-3471.5279967123247,-13.127867372028716
USD,LONG_QUARTERLY_SHORT_PERP,40,2026-02-04,2026-05-06,91,0.11547,-5724.0,1689.9999999999977,1516.8200000000002,923.0028778082192,15.879999999999999,23.99999999999602,-3480.0628778082173,-13.160142723738113
USD,LONG_QUARTERLY_SHORT_PERP,40,2026-06-22,2026-09-29,99,0.11016,7128.0,-10660.000000000011,1029.21,1004.1459879452057,15.879999999999999,23.99999999999602,-3546.815987945213,-13.412575075537902
USD,LONG_QUARTERLY_SHORT_PERP,20,2026-01-29,2026-03-18,48,0.11441,3472.0,-7099.9999999999945,602.03,486.8586608219179,15.879999999999999,23.99999999999602,-3552.708660821909,-13.434858700519548
USD,LONG_QUARTERLY_SHORT_PERP,20,2026-03-05,2026-04-21,47,0.1167,-7022.0,3599.9999999999945,343.22,476.7157720547945,15.879999999999999,23.99999999999602,-3595.3757720547956,-13.596207875275852
USD,SHORT_QUARTERLY_LONG_PERP,20,2026-03-19,2026-04-29,41,-0.1247,8171.0,-9960.000000000007,-1385.6699999999998,415.8584394520548,15.879999999999999,23.99999999999602,-3630.4084394520582,-13.728686775551235
USD,LONG_QUARTERLY_SHORT_PERP,20,2026-02-06,2026-03-31,53,0.11483,1238.0,-4200.000000000003,-168.06,537.5731046575344,15.879999999999999,23.99999999999602,-3707.513104657533,-14.020264380438984
USD,LONG_QUARTERLY_SHORT_PERP,40,2026-01-27,2026-04-24,87,0.08043,-5615.0,1019.999999999996,1800.01,882.431322739726,15.879999999999999,23.99999999999602,-3717.3013227397255,-14.057279328586663
USD,LONG_QUARTERLY_SHORT_PERP,10,2026-03-04,2026-03-24,20,0.11642,20.0,-3159.9999999999964,-538.88,202.85777534246577,15.879999999999999,23.99999999999602,-3921.617775342458,-14.829918723755664
USD,LONG_QUARTERLY_SHORT_PERP,40,2026-01-28,2026-04-27,89,0.11483,-6279.0,1459.9999999999936,1761.32,902.7171002739726,15.879999999999999,23.99999999999602,-4000.277100273975,-15.127375401694659
USD,SHORT_QUARTERLY_LONG_PERP,40,2026-03-27,2026-06-05,70,-0.0424,7520.0,-7670.000000000002,-3179.3300000000004,710.0022136986302,15.879999999999999,23.99999999999602,-4079.2122136986286,-15.42587499640231
USD,LONG_QUARTERLY_SHORT_PERP,40,2026-01-30,2026-04-29,89,0.11405,-5739.0,850.0000000000085,1748.95,902.7171002739726,15.879999999999999,23.99999999999602,-4082.6471002739604,-15.43886430123915
USD,LONG_QUARTERLY_SHORT_PERP,40,2026-02-10,2026-05-11,90,0.11648,-7426.0,2909.9999999999964,1371.44,912.8599890410959,15.879999999999999,23.99999999999602,-4097.299989041096,-15.494275399906426
USD,LONG_QUARTERLY_SHORT_PERP,20,2026-02-12,2026-04-09,56,0.092,-2793.0,-650.0000000000057,-47.31000000000002,568.0017709589042,15.879999999999999,23.99999999999602,-4098.191770958906,-15.497647746248694
USD,LONG_QUARTERLY_SHORT_PERP,20,2026-02-10,2026-04-06,55,0.11648,-1818.0,-1520.0000000000102,-164.94000000000003,557.8588821917809,15.879999999999999,23.99999999999602,-4100.678882191787,-15.507052961023188
USD,LONG_QUARTERLY_SHORT_PERP,40,2026-01-19,2026-04-17,88,0.11675,-6716.0,1710.000000000008,1772.87,892.5742115068493,15.879999999999999,23.99999999999602,-4165.584211506838,-15.752497778346505
USD,LONG_QUARTERLY_SHORT_PERP,20,2026-02-03,2026-03-23,48,0.11553,1115.0,-4899.999999999992,132.89,486.8586608219179,15.879999999999999,23.99999999999602,-4178.848660821906,-15.802658379538867
USD,LONG_QUARTERLY_SHORT_PERP,40,2026-01-20,2026-04-20,90,0.11664,-7636.0,2579.999999999998,1770.31,912.8599890410959,15.879999999999999,23.99999999999602,-4238.429989041094,-16.027970050783217
USD,LONG_QUARTERLY_SHORT_PERP,40,2026-01-23,2026-04-22,89,0.06724,-6128.0,920.0000000000017,1862.8400000000001,902.7171002739726,15.879999999999999,23.99999999999602,-4287.757100273967,-16.21450456086746
USD,LONG_QUARTERLY_SHORT_PERP,5,2026-03-05,2026-03-18,13,0.1167,1141.0,-4939.999999999998,-406.8,131.85755397260277,15.879999999999999,23.99999999999602,-4377.537553972597,-16.55401669784933
USD,LONG_QUARTERLY_SHORT_PERP,10,2026-03-02,2026-03-20,18,0.0233,3100.0,-6829.999999999998,-427.32000000000005,182.57199780821918,15.879999999999999,23.99999999999602,-4379.771997808213,-16.562466430172385
USD,LONG_QUARTERLY_SHORT_PERP,40,2026-01-16,2026-04-16,90,0.04573,-6952.0,1739.999999999995,1775.48,912.8599890410959,15.879999999999999,23.99999999999602,-4389.2599890410975,-16.598346045906503
USD,LONG_QUARTERLY_SHORT_PERP,40,2026-01-14,2026-04-10,86,0.08957,-6771.0,1599.9999999999943,1617.96,872.2884339726028,15.879999999999999,23.99999999999602,-4465.208433972604,-16.88555130915568
USD,LONG_QUARTERLY_SHORT_PERP,40,2026-01-12,2026-04-08,86,0.11735,-5708.0,490.0000000000091,1661.13,872.2884339726028,15.879999999999999,23.99999999999602,-4469.03843397259,-16.90003476776016
USD,LONG_QUARTERLY_SHORT_PERP,20,2026-02-05,2026-03-27,50,0.02738,686.0,-4590.000000000004,-175.18000000000004,507.14443835616447,15.879999999999999,23.99999999999602,-4626.204438356164,-17.4943708822588
USD,LONG_QUARTERLY_SHORT_PERP,20,2026-02-04,2026-03-24,48,0.11547,-4.0,-4049.9999999999973,-105.40000000000002,486.8586608219179,15.879999999999999,23.99999999999602,-4686.138660821911,-17.72101705199188
USD,LONG_QUARTERLY_SHORT_PERP,10,2026-03-05,2026-03-27,22,0.1167,-822.0,-2950.0000000000027,-697.98,223.14355287671233,15.879999999999999,23.99999999999602,-4733.003552876712,-17.898240478645075
USD,LONG_QUARTERLY_SHORT_PERP,40,2026-01-13,2026-04-09,86,0.11768,-6636.0,1009.9999999999909,1660.9,872.2884339726028,15.879999999999999,23.99999999999602,-4877.268433972608,-18.443789939073454
USD,LONG_QUARTERLY_SHORT_PERP,40,2026-01-09,2026-04-06,87,0.11735,-5474.0,-500.0,1710.6200000000001,882.431322739726,15.879999999999999,23.99999999999602,-5185.691322739723,-19.610116346945475
USD,SHORT_QUARTERLY_LONG_PERP,40,2026-03-20,2026-06-02,74,-0.12726,9926.0,-11439.999999999998,-2921.42,750.5737687671233,15.879999999999999,23.99999999999602,-5225.873768767118,-19.762069556780144
USD,LONG_QUARTERLY_SHORT_PERP,20,2026-02-02,2026-03-20,46,0.1136,1907.0,-6980.000000000004,122.41999999999997,466.57288328767123,15.879999999999999,23.99999999999602,-5457.032883287671,-20.636216675897526
USD,SHORT_QUARTERLY_LONG_PERP,40,2026-03-19,2026-06-01,74,-0.1247,11280.0,-13290.000000000005,-2686.83,750.5737687671233,15.879999999999999,23.99999999999602,-5487.283768767125,-20.75061287631325
USD,LONG_QUARTERLY_SHORT_PERP,40,2026-01-08,2026-03-31,82,0.11735,-3330.0,-3019.999999999996,1708.37,831.7168789041096,15.879999999999999,23.99999999999602,-5513.226878904103,-20.848718871546104
USD,LONG_QUARTERLY_SHORT_PERP,40,2026-01-06,2026-03-27,80,0.11735,-3761.0,-2909.9999999999964,1703.77,811.4311013698631,15.879999999999999,23.99999999999602,-5818.541101369856,-22.003289603258576
USD,LONG_QUARTERLY_SHORT_PERP,20,2026-01-30,2026-03-19,48,0.11405,2432.0,-9110.0,363.28,486.8586608219179,15.879999999999999,23.99999999999602,-6841.458660821914,-25.871536111920886
USD,LONG_QUARTERLY_SHORT_PERP,40,2026-01-05,2026-03-24,78,0.11735,-5222.0,-2729.99999999999,1863.52,791.1453238356165,15.879999999999999,23.99999999999602,-6919.505323835603,-26.166675958652196
