name,direction,n_obs,start,end,calendar_days,entry_swaprate,quarter_pnl_rub,perp_pnl_rub,funding_rub,margin_cost_rub,roundtrip_fee_rub,spread_buffer_rub,screen_net_rub,screen_return_on_current_im_pct
CNY,SHORT_QUARTERLY_LONG_PERP,20,2026-02-18,2026-03-19,29,-0.0012,-567.9999999999997,1364.0000000000007,18.250000000000004,25.072669041095896,2.32,2.000000000000668,784.8573309589044,34.81956332140991
CNY,SHORT_QUARTERLY_LONG_PERP,3,2026-03-16,2026-03-19,3,-0.00133,-161.99999999999903,655.0000000000011,54.13,2.593724383561644,2.32,2.000000000000668,540.2162756164398,23.966259948290862
CNY,LONG_QUARTERLY_SHORT_PERP,40,2026-03-30,2026-05-26,57,0.00076,-1000.0,1285.9999999999995,214.94,49.28076328767124,2.32,2.000000000000668,447.33923671232765,19.845844925504867
CNY,SHORT_QUARTERLY_LONG_PERP,20,2026-02-19,2026-03-20,29,-0.00125,-567.9999999999997,977.0000000000003,28.93,25.072669041095896,2.32,2.000000000000668,408.53733095890414,18.124429629909635
CNY,SHORT_QUARTERLY_LONG_PERP,20,2026-02-24,2026-03-24,28,-0.0001,-222.0000000000013,616.9999999999991,40.300000000000004,24.208094246575342,2.32,2.000000000000668,406.7719057534218,18.04610796263744
CNY,SHORT_QUARTERLY_LONG_PERP,20,2026-02-20,2026-03-23,31,-0.00082,-426.9999999999996,805.9999999999992,32.11,26.801818630136992,2.32,2.000000000000668,379.98818136986193,16.857869603422337
CNY,LONG_QUARTERLY_SHORT_PERP,40,2026-03-31,2026-05-27,57,0.00123,-1095.0000000000007,1280.9999999999989,219.91,49.28076328767124,2.32,2.000000000000668,352.30923671232625,15.629915517811169
CNY,SHORT_QUARTERLY_LONG_PERP,10,2026-03-16,2026-03-30,14,-0.00133,315.00000000000125,-63.00000000000061,90.76,12.104047123287671,2.32,2.000000000000668,326.33595287671227,14.477631700732996
CNY,LONG_QUARTERLY_SHORT_PERP,20,2026-04-03,2026-05-04,31,0.00156,-268.0000000000007,482.0000000000011,121.63,26.801818630136992,2.32,2.000000000000668,304.5081813698627,13.509260199100414
CNY,SHORT_QUARTERLY_LONG_PERP,40,2026-02-18,2026-04-16,57,-0.0012,335.00000000000085,7.999999999999119,13.310000000000002,49.28076328767124,2.32,2.000000000000668,302.7092367123281,13.429451468336302
CNY,LONG_QUARTERLY_SHORT_PERP,40,2026-04-03,2026-06-01,59,0.00156,-749.0000000000006,868.0000000000003,237.73,51.00991287671233,2.32,2.000000000000668,301.40008712328677,13.37137210127843
CNY,LONG_QUARTERLY_SHORT_PERP,40,2026-04-06,2026-06-02,57,0.00204,-580.9999999999995,690.0000000000013,241.28,49.28076328767124,2.32,2.000000000000668,296.6792367123298,13.161935375224804
CNY,LONG_QUARTERLY_SHORT_PERP,20,2026-03-30,2026-04-27,28,0.00076,-578.9999999999989,816.9999999999984,86.15,24.208094246575342,2.32,2.000000000000668,295.6219057534235,13.115027738864521
CNY,LONG_QUARTERLY_SHORT_PERP,40,2026-04-07,2026-06-03,57,0.0034,-464.9999999999999,554.9999999999998,242.85999999999999,49.28076328767124,2.32,2.000000000000668,279.259236712328,12.389111106235742
CNY,LONG_QUARTERLY_SHORT_PERP,20,2026-04-06,2026-05-05,29,0.00204,-243.99999999999977,422.00000000000057,126.19,25.072669041095896,2.32,2.000000000000668,274.79733095890424,12.191162251345531
CNY,LONG_QUARTERLY_SHORT_PERP,40,2026-04-08,2026-06-04,57,0.00402,-562.9999999999989,634.9999999999998,246.51000000000002,49.28076328767124,2.32,2.000000000000668,264.909236712329,11.75248491450261
CNY,LONG_QUARTERLY_SHORT_PERP,20,2026-03-31,2026-04-28,28,0.00123,-576.0000000000005,766.0,96.10000000000001,24.208094246575342,2.32,2.000000000000668,257.57190575342355,11.426970136394324
CNY,LONG_QUARTERLY_SHORT_PERP,40,2026-04-14,2026-06-10,57,0.00303,-403.9999999999999,454.0000000000006,253.23000000000002,49.28076328767124,2.32,2.000000000000668,249.62923671232886,11.074600021841773
CNY,SHORT_QUARTERLY_LONG_PERP,3,2026-03-23,2026-03-26,3,-0.004,458.99999999999966,-230.00000000000043,18.259999999999998,2.593724383561644,2.32,2.000000000000668,240.3462756164369,10.662768929821917
CNY,SHORT_QUARTERLY_LONG_PERP,40,2026-02-19,2026-04-17,57,-0.00125,214.0000000000004,66.00000000000072,7.840000000000002,49.28076328767124,2.32,2.000000000000668,234.23923671232922,10.391835067780912
CNY,LONG_QUARTERLY_SHORT_PERP,40,2026-04-16,2026-06-15,60,0.00879,-437.99999999999886,462.9999999999992,248.79000000000002,51.874487671232885,2.32,2.000000000000668,217.5955123287668,9.653449641260776
CNY,SHORT_QUARTERLY_LONG_PERP,5,2026-03-16,2026-03-23,7,-0.00133,65.00000000000128,89.99999999999986,70.06,6.052023561643836,2.32,2.000000000000668,214.68797643835666,9.524459153369532
CNY,SHORT_QUARTERLY_LONG_PERP,5,2026-03-20,2026-03-27,7,-0.01193,401.99999999999926,-202.9999999999994,25.46,6.052023561643836,2.32,2.000000000000668,214.08797643835538,9.497840636641957
CNY,LONG_QUARTERLY_SHORT_PERP,40,2026-04-15,2026-06-11,57,0.00443,-481.9999999999993,490.99999999999966,253.26,49.28076328767124,2.32,2.000000000000668,208.65923671232844,9.256998971297627
CNY,LONG_QUARTERLY_SHORT_PERP,10,2026-03-30,2026-04-13,14,0.00076,-395.99999999999903,590.9999999999993,25.32,12.104047123287671,2.32,2.000000000000668,203.89595287671193,9.045679720537159
CNY,LONG_QUARTERLY_SHORT_PERP,40,2026-04-17,2026-06-16,60,0.00422,-372.9999999999993,384.00000000000034,248.32999999999998,51.874487671232885,2.32,2.000000000000668,203.13551232876745,9.011943388127584
CNY,SHORT_QUARTERLY_LONG_PERP,40,2026-02-20,2026-04-20,59,-0.00082,359.0,-107.0000000000011,2.420000000000002,51.00991287671233,2.32,2.000000000000668,199.09008712328597,8.832471357290855
CNY,LONG_QUARTERLY_SHORT_PERP,20,2026-04-07,2026-05-06,29,0.0034,-367.9999999999985,466.0000000000011,128.67000000000002,25.072669041095896,2.32,2.000000000000668,197.27733095890602,8.752049890150085
CNY,SHORT_QUARTERLY_LONG_PERP,40,2026-02-24,2026-04-21,56,-0.0001,355.9999999999999,-107.0000000000011,-1.869999999999998,48.416188493150685,2.32,2.000000000000668,194.39381150684744,8.624124872202168
CNY,LONG_QUARTERLY_SHORT_PERP,20,2026-04-21,2026-05-20,29,0.00419,-399.9999999999986,484.0,139.19,25.072669041095896,2.32,2.000000000000668,193.79733095890487,8.59766249313042
CNY,LONG_QUARTERLY_SHORT_PERP,20,2026-04-22,2026-05-21,29,0.00598,-425.0000000000007,505.0000000000008,139.37,25.072669041095896,2.32,2.000000000000668,189.97733095890356,8.428191269965154
CNY,LONG_QUARTERLY_SHORT_PERP,20,2026-04-08,2026-05-07,29,0.00402,-422.00000000000057,506.0000000000002,135.11999999999998,25.072669041095896,2.32,2.000000000000668,189.72733095890305,8.417100221328665
CNY,LONG_QUARTERLY_SHORT_PERP,40,2026-04-10,2026-06-08,59,0.00332,-538.9999999999997,538.9999999999997,244.38,51.00991287671233,2.32,2.000000000000668,189.05008712328703,8.387054844050407
CNY,SHORT_QUARTERLY_LONG_PERP,3,2026-03-24,2026-03-27,3,-0.00829,32.00000000000003,149.0000000000009,13.17,2.593724383561644,2.32,2.000000000000668,187.25627561643864,8.307473841381972
CNY,LONG_QUARTERLY_SHORT_PERP,40,2026-04-20,2026-06-17,58,0.0046,-235.99999999999886,218.99999999999943,252.5,50.14533808219179,2.32,2.000000000000668,181.03466191780814,8.031456960866706
CNY,LONG_QUARTERLY_SHORT_PERP,40,2026-04-09,2026-06-05,57,0.00863,-438.0000000000006,429.9999999999997,242.48,49.28076328767124,2.32,2.000000000000668,180.87923671232716,8.024561646813416
CNY,LONG_QUARTERLY_SHORT_PERP,10,2026-04-06,2026-04-20,14,0.00204,-330.99999999999955,478.00000000000153,47.68,12.104047123287671,2.32,2.000000000000668,178.25595287671365,7.908181772381232
CNY,LONG_QUARTERLY_SHORT_PERP,40,2026-04-13,2026-06-09,57,0.00324,-602.9999999999998,586.9999999999998,247.32999999999998,49.28076328767124,2.32,2.000000000000668,177.7292367123281,7.884814433993979
CNY,LONG_QUARTERLY_SHORT_PERP,20,2026-04-24,2026-05-25,31,0.00698,-298.9999999999995,372.9999999999993,133.18,26.801818630136992,2.32,2.000000000000668,176.05818136986215,7.810679409683911
CNY,LONG_QUARTERLY_SHORT_PERP,10,2026-04-15,2026-04-29,14,0.00443,-69.00000000000084,181.00000000000094,78.96000000000001,12.104047123287671,2.32,2.000000000000668,174.53595287671175,7.743146968670526
CNY,LONG_QUARTERLY_SHORT_PERP,10,2026-04-03,2026-04-17,14,0.00156,-248.0000000000011,391.0,45.12,12.104047123287671,2.32,2.000000000000668,171.69595287671058,7.617152656160216
CNY,LONG_QUARTERLY_SHORT_PERP,20,2026-04-15,2026-05-14,29,0.00443,-263.9999999999993,323.99999999999983,139.46,25.072669041095896,2.32,2.000000000000668,170.06733095890394,7.54490015655698
CNY,LONG_QUARTERLY_SHORT_PERP,20,2026-04-14,2026-05-13,29,0.00303,-180.99999999999915,236.00000000000065,135.9,25.072669041095896,2.32,2.000000000000668,161.50733095890496,7.165142651244413
CNY,LONG_QUARTERLY_SHORT_PERP,20,2026-04-17,2026-05-18,31,0.00422,-440.999999999999,496.00000000000045,134.99,26.801818630136992,2.32,2.000000000000668,158.8681813698638,7.048058905440549
CNY,LONG_QUARTERLY_SHORT_PERP,40,2026-04-21,2026-06-18,58,0.00419,-190.99999999999895,153.99999999999991,250.18,50.14533808219179,2.32,2.000000000000668,158.71466191780854,7.041248138602995
CNY,LONG_QUARTERLY_SHORT_PERP,20,2026-04-20,2026-05-19,29,0.0046,-592.0000000000006,642.9999999999989,136.27,25.072669041095896,2.32,2.000000000000668,157.87733095890172,7.004100625042777
CNY,LONG_QUARTERLY_SHORT_PERP,20,2026-04-23,2026-05-22,29,0.00954,-485.99999999999886,535.0000000000001,134.97,25.072669041095896,2.32,2.000000000000668,154.57733095890467,6.857698783041549
CNY,LONG_QUARTERLY_SHORT_PERP,10,2026-05-11,2026-05-25,14,0.00406,-109.99999999999943,216.99999999999875,57.26,12.104047123287671,2.32,2.000000000000668,147.83595287671096,6.558622974295872
CNY,LONG_QUARTERLY_SHORT_PERP,20,2026-04-27,2026-05-26,29,0.00907,-421.00000000000114,469.0000000000012,128.79,25.072669041095896,2.32,2.000000000000668,147.39733095890347,6.539163866202179
CNY,LONG_QUARTERLY_SHORT_PERP,40,2026-04-22,2026-06-19,58,0.00598,-179.99999999999972,131.99999999999966,246.53,50.14533808219179,2.32,2.000000000000668,144.06466191780748,6.391312688506012
CNY,LONG_QUARTERLY_SHORT_PERP,10,2026-04-07,2026-04-21,14,0.0034,-359.0,470.0000000000006,48.47,12.104047123287671,2.32,2.000000000000668,143.0459528767123,6.346118482421232
CNY,LONG_QUARTERLY_SHORT_PERP,10,2026-04-14,2026-04-28,14,0.00303,34.000000000000696,56.00000000000094,68.98,12.104047123287671,2.32,2.000000000000668,142.55595287671332,6.324380027093804
CNY,LONG_QUARTERLY_SHORT_PERP,5,2026-04-03,2026-04-10,7,0.00156,-126.00000000000122,257.0000000000015,21.410000000000004,6.052023561643836,2.32,2.000000000000668,142.03797643835577,6.301400419612335
CNY,LONG_QUARTERLY_SHORT_PERP,10,2026-05-06,2026-05-20,14,0.00588,-391.0,487.99999999999955,58.99,12.104047123287671,2.32,2.000000000000668,139.5659528767112,6.191731085401572
CNY,LONG_QUARTERLY_SHORT_PERP,3,2026-04-06,2026-04-09,3,0.00204,-52.99999999999905,177.00000000000136,16.05,2.593724383561644,2.32,2.000000000000668,133.13627561644,5.906483632559769
CNY,LONG_QUARTERLY_SHORT_PERP,20,2026-04-16,2026-05-15,29,0.00879,-384.9999999999998,409.99999999999835,134.71,25.072669041095896,2.32,2.000000000000668,130.317330958902,5.781423423358724
CNY,LONG_QUARTERLY_SHORT_PERP,5,2026-04-06,2026-04-13,7,0.00204,-190.99999999999895,309.000000000001,22.610000000000003,6.052023561643836,2.32,2.000000000000668,130.23797643835758,5.777902923971197
CNY,LONG_QUARTERLY_SHORT_PERP,10,2026-04-17,2026-05-04,17,0.00422,-19.999999999999574,91.00000000000108,76.50999999999999,14.697771506849318,2.32,2.000000000000668,128.49222849315152,5.70045422250203
CNY,LONG_QUARTERLY_SHORT_PERP,20,2026-04-13,2026-05-12,29,0.00324,-298.00000000000006,317.00000000000017,132.81,25.072669041095896,2.32,2.000000000000668,122.41733095890356,5.430946286446452
CNY,LONG_QUARTERLY_SHORT_PERP,5,2026-04-22,2026-04-29,7,0.00598,49.999999999998934,31.000000000000583,51.18000000000001,6.052023561643836,2.32,2.000000000000668,121.80797643835503,5.403912763949434
CNY,SHORT_QUARTERLY_LONG_PERP,5,2026-02-18,2026-02-26,8,-0.0012,32.00000000000003,102.99999999999976,-2.2600000000000002,6.916598356164385,2.32,2.000000000000668,121.50340164383474,5.390400548511569
CNY,LONG_QUARTERLY_SHORT_PERP,40,2026-04-23,2026-06-22,60,0.00954,-153.99999999999991,88.00000000000097,240.99,51.874487671232885,2.32,2.000000000000668,118.79551232876751,5.270267220129255
CNY,LONG_QUARTERLY_SHORT_PERP,20,2026-04-09,2026-05-08,29,0.00863,-359.99999999999943,375.99999999999943,130.17999999999998,25.072669041095896,2.32,2.000000000000668,116.78733095890342,5.181175871153221
CNY,SHORT_QUARTERLY_LONG_PERP,5,2026-03-17,2026-03-24,7,-0.00359,400.00000000000034,-349.0000000000002,74.76,6.052023561643836,2.32,2.000000000000668,115.38797643835562,5.119094634965002
CNY,LONG_QUARTERLY_SHORT_PERP,10,2026-04-16,2026-04-30,14,0.00879,-84.99999999999908,141.0,74.92,12.104047123287671,2.32,2.000000000000668,114.4959528767126,5.0795207281367745
CNY,LONG_QUARTERLY_SHORT_PERP,10,2026-05-12,2026-05-26,14,0.00513,-306.0000000000009,378.0000000000001,56.81,12.104047123287671,2.32,2.000000000000668,112.38595287671087,4.985912277644921
CNY,LONG_QUARTERLY_SHORT_PERP,10,2026-03-31,2026-04-14,14,0.00123,-610.0000000000013,709.9999999999991,27.12,12.104047123287671,2.32,2.000000000000668,110.69595287670951,4.9109367888623465
CNY,LONG_QUARTERLY_SHORT_PERP,40,2026-05-06,2026-07-02,57,0.00588,455.99999999999955,-512.0000000000005,218.79000000000002,49.28076328767124,2.32,2.000000000000668,109.1892367123272,4.844092539820289
CNY,LONG_QUARTERLY_SHORT_PERP,3,2026-04-07,2026-04-10,3,0.0034,-70.99999999999973,171.00000000000114,15.970000000000002,2.593724383561644,2.32,2.000000000000668,109.0562756164391,4.838193827895278
CNY,SHORT_QUARTERLY_LONG_PERP,10,2026-03-17,2026-03-31,14,-0.00359,301.00000000000017,-262.00000000000045,85.94,12.104047123287671,2.32,2.000000000000668,108.51595287671138,4.814222844752442
CNY,SHORT_QUARTERLY_LONG_PERP,5,2026-03-23,2026-03-30,7,-0.004,250.0,-153.00000000000045,20.7,6.052023561643836,2.32,2.000000000000668,107.32797643835505,4.761519226925297
CNY,LONG_QUARTERLY_SHORT_PERP,40,2026-04-28,2026-06-25,58,0.01118,108.99999999999999,-179.00000000000028,230.65,50.14533808219179,2.32,2.000000000000668,106.18466191780725,4.710796999108601
CNY,LONG_QUARTERLY_SHORT_PERP,10,2026-05-07,2026-05-21,14,0.01047,-452.99999999999943,515.0000000000006,54.68,12.104047123287671,2.32,2.000000000000668,100.25595287671281,4.447774597803654
CNY,LONG_QUARTERLY_SHORT_PERP,10,2026-04-08,2026-04-22,14,0.00402,-449.9999999999993,516.0,50.43,12.104047123287671,2.32,2.000000000000668,100.00595287671236,4.436683549167166
CNY,LONG_QUARTERLY_SHORT_PERP,20,2026-04-10,2026-05-11,31,0.00332,-419.99999999999994,419.99999999999994,130.92000000000002,26.801818630136992,2.32,2.000000000000668,99.79818136986236,4.427465933616186
CNY,LONG_QUARTERLY_SHORT_PERP,10,2026-05-08,2026-05-22,14,0.00369,-330.00000000000006,388.9999999999993,56.13,12.104047123287671,2.32,2.000000000000668,98.70595287671092,4.379010096257478
CNY,LONG_QUARTERLY_SHORT_PERP,5,2026-02-26,2026-03-05,7,0.00322,291.00000000000034,-201.0000000000005,19.0,6.052023561643836,2.32,2.000000000000668,98.62797643835533,4.375550734376276
CNY,LONG_QUARTERLY_SHORT_PERP,40,2026-04-27,2026-06-24,58,0.00907,-54.00000000000027,-28.999999999999915,233.48,50.14533808219179,2.32,2.000000000000668,96.01466191780735,4.259613140577149
CNY,LONG_QUARTERLY_SHORT_PERP,3,2026-02-26,2026-03-03,5,0.00322,47.0000000000006,48.00000000000004,9.549999999999999,4.32287397260274,2.32,2.000000000000668,95.90712602739724,4.254842397414332
CNY,SHORT_QUARTERLY_LONG_PERP,3,2026-02-18,2026-02-24,6,-0.0012,162.0000000000008,-58.999999999999275,2.17,5.187448767123288,2.32,2.000000000000668,95.66255123287758,4.2439920336492465
CNY,SHORT_QUARTERLY_LONG_PERP,20,2026-03-16,2026-04-13,28,-0.00133,711.0000000000003,-653.9999999999999,65.44,24.208094246575342,2.32,2.000000000000668,93.91190575342445,4.1663260570179474
CNY,LONG_QUARTERLY_SHORT_PERP,10,2026-04-20,2026-05-05,15,0.0046,86.99999999999974,-56.00000000000094,78.50999999999999,12.968621917808221,2.32,2.000000000000668,92.22137808218991,4.091327158526129
CNY,LONG_QUARTERLY_SHORT_PERP,20,2026-04-28,2026-05-27,29,0.01118,-519.0000000000001,514.9999999999987,123.81,25.072669041095896,2.32,2.000000000000668,90.41733095890208,4.011292060978677
CNY,LONG_QUARTERLY_SHORT_PERP,5,2026-04-07,2026-04-14,7,0.0034,-291.99999999999983,368.9999999999998,22.24,6.052023561643836,2.32,2.000000000000668,88.86797643835544,3.94255619560863
CNY,SHORT_QUARTERLY_LONG_PERP,3,2026-03-17,2026-03-20,3,-0.00359,30.000000000001137,3.0000000000001137,62.47,2.593724383561644,2.32,2.000000000000668,88.55627561643894,3.928727839705019
CNY,LONG_QUARTERLY_SHORT_PERP,5,2026-04-21,2026-04-28,7,0.00419,101.00000000000087,-44.99999999999993,42.75,6.052023561643836,2.32,2.000000000000668,88.37797643835644,3.9208177402811994
CNY,LONG_QUARTERLY_SHORT_PERP,10,2026-04-13,2026-04-27,14,0.00324,-182.99999999999983,225.9999999999991,60.830000000000005,12.104047123287671,2.32,2.000000000000668,87.40595287671094,3.877694697889193
CNY,LONG_QUARTERLY_SHORT_PERP,3,2026-04-24,2026-04-29,5,0.00698,-9.000000000000341,70.00000000000028,34.66,4.32287397260274,2.32,2.000000000000668,87.01712602739654,3.860444707901553
CNY,LONG_QUARTERLY_SHORT_PERP,10,2026-04-22,2026-05-07,15,0.00598,27.999999999998693,-9.999999999999787,84.69,12.968621917808221,2.32,2.000000000000668,85.40137808219002,3.788763351723328
CNY,LONG_QUARTERLY_SHORT_PERP,20,2026-05-11,2026-06-08,28,0.00406,-118.99999999999977,118.99999999999977,113.46000000000001,24.208094246575342,2.32,2.000000000000668,84.931905753424,3.767935589996051
CNY,LONG_QUARTERLY_SHORT_PERP,5,2026-05-11,2026-05-18,7,0.00406,-142.99999999999892,209.9999999999991,27.779999999999998,6.052023561643836,2.32,2.000000000000668,84.40797643835567,3.744691887934078
CNY,LONG_QUARTERLY_SHORT_PERP,20,2026-05-13,2026-06-10,28,0.00612,-223.00000000000074,217.99999999999997,117.33,24.208094246575342,2.32,2.000000000000668,83.80190575342323,3.717804050159189
CNY,LONG_QUARTERLY_SHORT_PERP,20,2026-05-15,2026-06-15,31,0.00404,-52.99999999999905,53.000000000000824,114.08,26.801818630136992,2.32,2.000000000000668,82.95818136986412,3.6803728974638816
CNY,LONG_QUARTERLY_SHORT_PERP,5,2026-04-24,2026-05-04,10,0.00698,89.00000000000041,-38.9999999999997,45.22,8.64574794520548,2.32,2.000000000000668,82.25425205479456,3.6491436403835973
CNY,LONG_QUARTERLY_SHORT_PERP,5,2026-05-13,2026-05-20,7,0.00612,-285.9999999999996,349.0000000000002,29.52,6.052023561643836,2.32,2.000000000000668,82.14797643835612,3.644428808260441
CNY,LONG_QUARTERLY_SHORT_PERP,40,2026-05-11,2026-07-07,57,0.00406,362.99999999999955,-439.00000000000006,211.52,49.28076328767124,2.32,2.000000000000668,81.91923671232759,3.6342809545545425
CNY,LONG_QUARTERLY_SHORT_PERP,5,2026-05-12,2026-05-19,7,0.00513,-434.000000000001,494.9999999999992,28.53,6.052023561643836,2.32,2.000000000000668,79.15797643835369,3.511779866568193
CNY,LONG_QUARTERLY_SHORT_PERP,3,2026-04-03,2026-04-08,5,0.00156,33.99999999999892,44.00000000000048,9.459999999999999,4.32287397260274,2.32,2.000000000000668,78.817126027396,3.4966583126254287
CNY,LONG_QUARTERLY_SHORT_PERP,20,2026-05-06,2026-06-03,28,0.00588,-97.00000000000131,88.99999999999864,114.19,24.208094246575342,2.32,2.000000000000668,77.66190575342132,3.445407895647487
CNY,LONG_QUARTERLY_SHORT_PERP,5,2026-04-23,2026-04-30,7,0.00954,-48.99999999999949,90.00000000000163,46.39,6.052023561643836,2.32,2.000000000000668,77.01797643835765,3.4168404902402165
CNY,LONG_QUARTERLY_SHORT_PERP,40,2026-04-24,2026-06-23,60,0.00698,-142.99999999999892,36.999999999999034,237.47,51.874487671232885,2.32,2.000000000000668,75.27551232876657,3.3395374734931287
CNY,LONG_QUARTERLY_SHORT_PERP,5,2026-06-23,2026-06-30,7,0.00346,729.9999999999986,-670.9999999999993,26.49,6.052023561643836,2.32,2.000000000000668,75.11797643835482,3.3325485206029453
CNY,LONG_QUARTERLY_SHORT_PERP,10,2026-06-01,2026-06-16,15,0.00382,128.0000000000001,-92.99999999999997,55.72,12.968621917808221,2.32,2.000000000000668,73.43137808219126,3.257723943009368
CNY,LONG_QUARTERLY_SHORT_PERP,10,2026-05-14,2026-05-28,14,0.00799,-270.00000000000136,302.00000000000136,57.22,12.104047123287671,2.32,2.000000000000668,72.79595287671167,3.229533815574124
CNY,LONG_QUARTERLY_SHORT_PERP,10,2026-04-10,2026-04-24,14,0.00332,-230.9999999999999,263.9999999999993,55.0,12.104047123287671,2.32,2.000000000000668,71.5759528767111,3.1754094982281424
CNY,LONG_QUARTERLY_SHORT_PERP,10,2026-05-13,2026-05-27,14,0.00612,-304.0000000000003,334.9999999999991,56.88999999999999,12.104047123287671,2.32,2.000000000000668,71.46595287671046,3.1705294368280694
CNY,LONG_QUARTERLY_SHORT_PERP,40,2026-05-07,2026-07-03,57,0.01047,453.0000000000012,-538.9999999999997,211.06,49.28076328767124,2.32,2.000000000000668,71.45923671232963,3.1702314796048756
CNY,LONG_QUARTERLY_SHORT_PERP,20,2026-06-01,2026-06-30,29,0.00382,978.9999999999992,-980.9999999999999,102.64,25.072669041095896,2.32,2.000000000000668,71.24733095890277,3.1608304515344585
CNY,LONG_QUARTERLY_SHORT_PERP,40,2026-05-08,2026-07-06,59,0.00369,180.99999999999915,-266.99999999999943,212.24,51.00991287671233,2.32,2.000000000000668,70.91008712328674,3.145868900401795
CNY,LONG_QUARTERLY_SHORT_PERP,20,2026-05-07,2026-06-04,28,0.01047,-140.99999999999824,128.99999999999955,111.39,24.208094246575342,2.32,2.000000000000668,70.8619057534253,3.143731372735776
CNY,LONG_QUARTERLY_SHORT_PERP,3,2026-02-27,2026-03-04,5,0.00303,159.00000000000068,-89.99999999999986,10.069999999999999,4.32287397260274,2.32,2.000000000000668,70.42712602739742,3.124442720385676
CNY,LONG_QUARTERLY_SHORT_PERP,5,2026-03-30,2026-04-06,7,0.00076,-205.00000000000006,281.99999999999824,2.71,6.052023561643836,2.32,2.000000000000668,69.33797643835368,3.07612347612779
CNY,LONG_QUARTERLY_SHORT_PERP,20,2026-04-29,2026-05-28,29,0.01441,-464.9999999999999,445.0000000000003,117.72,25.072669041095896,2.32,2.000000000000668,68.32733095890384,3.0312870034605774
CNY,LONG_QUARTERLY_SHORT_PERP,5,2026-05-14,2026-05-21,7,0.00799,-280.00000000000114,331.0000000000013,27.689999999999998,6.052023561643836,2.32,2.000000000000668,68.31797643835567,3.030871997691095
CNY,LONG_QUARTERLY_SHORT_PERP,40,2026-05-04,2026-06-30,57,0.00581,497.9999999999993,-595.0000000000007,218.73999999999998,49.28076328767124,2.32,2.000000000000668,68.1392367123267,3.0229423537124713
CNY,LONG_QUARTERLY_SHORT_PERP,3,2026-06-09,2026-06-15,6,0.00619,134.99999999999977,-76.99999999999996,17.71,5.187448767123288,2.32,2.000000000000668,66.20255123287586,2.9370228623279604
CNY,LONG_QUARTERLY_SHORT_PERP,5,2026-02-25,2026-03-04,7,0.00121,47.0000000000006,12.9999999999999,16.32,6.052023561643836,2.32,2.000000000000668,65.94797643835601,2.925728856617408
CNY,LONG_QUARTERLY_SHORT_PERP,20,2026-04-30,2026-05-29,29,0.00475,-513.9999999999993,489.9999999999984,118.09,25.072669041095896,2.32,2.000000000000668,64.69733095890254,2.8702449772590266
CNY,LONG_QUARTERLY_SHORT_PERP,10,2026-06-02,2026-06-17,15,0.00559,14.000000000001123,6.999999999999673,58.9,12.968621917808221,2.32,2.000000000000668,62.61137808219192,2.7777033580231274
CNY,LONG_QUARTERLY_SHORT_PERP,3,2026-04-08,2026-04-13,5,0.00402,-234.99999999999943,291.00000000000034,15.19,4.32287397260274,2.32,2.000000000000668,62.54712602739751,2.774852867364257
CNY,LONG_QUARTERLY_SHORT_PERP,40,2026-05-05,2026-07-01,57,0.0066,313.0000000000006,-414.99999999999915,217.07000000000002,49.28076328767124,2.32,2.000000000000668,61.46923671232958,2.7270331760916733
CNY,LONG_QUARTERLY_SHORT_PERP,10,2026-05-05,2026-05-19,14,0.0066,-679.0000000000002,698.9999999999999,57.76,12.104047123287671,2.32,2.000000000000668,61.33595287671131,2.721120146078485
CNY,LONG_QUARTERLY_SHORT_PERP,10,2026-04-09,2026-04-23,14,0.00863,-204.00000000000063,229.99999999999864,51.339999999999996,12.104047123287671,2.32,2.000000000000668,60.915952876709675,2.702487184369149
CNY,LONG_QUARTERLY_SHORT_PERP,5,2026-06-05,2026-06-15,10,0.0046,-167.99999999999926,211.99999999999974,29.12,8.64574794520548,2.32,2.000000000000668,60.154252054794334,2.6686949409199507
CNY,LONG_QUARTERLY_SHORT_PERP,20,2026-05-08,2026-06-05,28,0.00369,-78.00000000000118,54.00000000000027,112.3,24.208094246575342,2.32,2.000000000000668,59.77190575342308,2.651732455222024
CNY,LONG_QUARTERLY_SHORT_PERP,5,2026-06-03,2026-06-10,7,0.00498,-230.9999999999999,268.0000000000007,32.61,6.052023561643836,2.32,2.000000000000668,59.23797643835629,2.62804511121466
CNY,LONG_QUARTERLY_SHORT_PERP,10,2026-09-15,2026-09-29,14,0.00241,-78.00000000000118,87.99999999999919,65.64,12.104047123287671,2.32,2.000000000000668,59.21595287670967,2.627068053641177
CNY,LONG_QUARTERLY_SHORT_PERP,5,2026-05-18,2026-05-25,7,0.0045,32.999999999999474,6.999999999999673,29.48,6.052023561643836,2.32,2.000000000000668,59.10797643835465,2.6222777659236245
CNY,LONG_QUARTERLY_SHORT_PERP,3,2026-04-15,2026-04-20,5,0.00443,-44.00000000000048,94.0000000000012,17.61,4.32287397260274,2.32,2.000000000000668,58.9671260273973,2.6160290508900474
CNY,LONG_QUARTERLY_SHORT_PERP,3,2026-05-15,2026-05-20,5,0.00404,-197.99999999999864,248.0000000000011,17.49,4.32287397260274,2.32,2.000000000000668,58.84712602739906,2.6107053475446214
CNY,LONG_QUARTERLY_SHORT_PERP,5,2026-05-15,2026-05-22,7,0.00404,-136.9999999999987,176.00000000000017,28.79,6.052023561643836,2.32,2.000000000000668,57.417976438356966,2.547302277141214
CNY,LONG_QUARTERLY_SHORT_PERP,5,2026-09-10,2026-09-17,7,0.00561,104.99999999999865,-58.999999999999275,18.96,6.052023561643836,2.32,2.000000000000668,54.58797643835488,2.4217516065763207
CNY,LONG_QUARTERLY_SHORT_PERP,3,2026-05-11,2026-05-14,3,0.00406,-14.999999999998792,56.99999999999861,19.24,2.593724383561644,2.32,2.000000000000668,54.3262756164375,2.410141460399965
CNY,LONG_QUARTERLY_SHORT_PERP,3,2026-04-27,2026-04-30,3,0.00907,67.99999999999962,-37.99999999999848,30.34,2.593724383561644,2.32,2.000000000000668,53.42627561643883,2.370213685308745
CNY,LONG_QUARTERLY_SHORT_PERP,5,2026-05-06,2026-05-13,7,0.00588,-105.00000000000043,138.99999999999935,29.47,6.052023561643836,2.32,2.000000000000668,53.097976438354415,2.35564895670296
CNY,LONG_QUARTERLY_SHORT_PERP,3,2026-06-23,2026-06-26,3,0.00346,581.999999999999,-539.9999999999991,17.89,2.593724383561644,2.32,2.000000000000668,52.976275616437576,2.3502497977630497
CNY,LONG_QUARTERLY_SHORT_PERP,5,2026-01-22,2026-01-29,7,0.00815,-33.99999999999892,55.99999999999916,41.17,6.052023561643836,2.32,2.000000000000668,52.79797643835574,2.342339698339259
CNY,LONG_QUARTERLY_SHORT_PERP,10,2026-04-23,2026-05-08,15,0.00954,-155.9999999999988,146.0000000000008,78.83999999999999,12.968621917808221,2.32,2.000000000000668,51.55137808219309,2.287035366345903
CNY,LONG_QUARTERLY_SHORT_PERP,20,2026-05-12,2026-06-09,28,0.00513,-304.9999999999997,269.99999999999955,114.52,24.208094246575342,2.32,2.000000000000668,50.991905753423815,2.2622148271093536
CNY,LONG_QUARTERLY_SHORT_PERP,3,2026-04-23,2026-04-28,5,0.00954,-45.999999999999375,78.00000000000118,27.23,4.32287397260274,2.32,2.000000000000668,50.5871260273984,2.24425710059574
CNY,LONG_QUARTERLY_SHORT_PERP,5,2026-09-11,2026-09-18,7,0.00257,112.0000000000001,-71.0000000000015,19.52,6.052023561643836,2.32,2.000000000000668,50.147976438354085,2.2247745827926413
CNY,LONG_QUARTERLY_SHORT_PERP,3,2026-04-22,2026-04-27,5,0.00598,32.00000000000003,0.9999999999994458,25.590000000000003,4.32287397260274,2.32,2.000000000000668,49.94712602739607,2.2158640160862824
CNY,LONG_QUARTERLY_SHORT_PERP,10,2026-04-21,2026-05-06,15,0.00419,-8.999999999998565,-3.9999999999995595,80.19999999999999,12.968621917808221,2.32,2.000000000000668,49.911378082192975,2.2142780872906775
CNY,LONG_QUARTERLY_SHORT_PERP,5,2026-04-14,2026-04-21,7,0.00303,-67.00000000000017,101.00000000000087,26.23,6.052023561643836,2.32,2.000000000000668,49.8579764383562,2.2119089663744336
CNY,LONG_QUARTERLY_SHORT_PERP,10,2026-09-09,2026-09-23,14,0.00256,57.99999999999983,-34.000000000000696,41.660000000000004,12.104047123287671,2.32,2.000000000000668,49.235952876710805,2.184313392073485
CNY,LONG_QUARTERLY_SHORT_PERP,10,2026-05-15,2026-05-29,14,0.00404,-213.99999999999864,221.00000000000009,58.3,12.104047123287671,2.32,2.000000000000668,48.87595287671311,2.1683422820370755
CNY,LONG_QUARTERLY_SHORT_PERP,5,2026-04-27,2026-05-05,8,0.00907,129.999999999999,-112.99999999999955,42.74999999999999,6.916598356164385,2.32,2.000000000000668,48.5134016438344,2.1522579886088007
CNY,LONG_QUARTERLY_SHORT_PERP,5,2026-04-15,2026-04-22,7,0.00443,-118.99999999999977,150.00000000000034,27.779999999999998,6.052023561643836,2.32,2.000000000000668,48.407976438356066,2.147580884282922
CNY,LONG_QUARTERLY_SHORT_PERP,5,2026-04-08,2026-04-15,7,0.00402,-330.99999999999955,365.99999999999966,22.65,6.052023561643836,2.32,2.000000000000668,47.27797643835561,2.097449344446073
CNY,LONG_QUARTERLY_SHORT_PERP,5,2026-06-09,2026-06-17,8,0.00619,227.0000000000003,-198.99999999999983,30.24,6.916598356164385,2.32,2.000000000000668,47.003401643835424,2.085268054844589
CNY,LONG_QUARTERLY_SHORT_PERP,10,2026-01-19,2026-02-02,14,0.00606,-150.00000000000034,133.0000000000009,80.3,12.104047123287671,2.32,2.000000000000668,46.875952876712226,2.0796138929453045
CNY,LONG_QUARTERLY_SHORT_PERP,3,2026-05-14,2026-05-19,5,0.00799,-372.00000000000165,413.0000000000002,14.419999999999998,4.32287397260274,2.32,2.000000000000668,46.77712602739517,2.0752295193758474
CNY,LONG_QUARTERLY_SHORT_PERP,10,2026-09-10,2026-09-24,14,0.00561,108.99999999999999,-85.99999999999852,39.07,12.104047123287671,2.32,2.000000000000668,45.645952876713125,2.0250459336539293
CNY,LONG_QUARTERLY_SHORT_PERP,3,2026-04-14,2026-04-17,3,0.00303,99.0000000000002,-64.00000000000006,17.439999999999998,2.593724383561644,2.32,2.000000000000668,45.52627561643783,2.01973654839636
CNY,LONG_QUARTERLY_SHORT_PERP,5,2026-04-13,2026-04-20,7,0.00324,-140.00000000000057,169.00000000000048,25.07,6.052023561643836,2.32,2.000000000000668,43.69797643835541,1.9386255279718645
CNY,LONG_QUARTERLY_SHORT_PERP,10,2026-09-14,2026-09-28,14,0.00236,25.9999999999998,-16.000000000000014,50.08,12.104047123287671,2.32,2.000000000000668,43.655952876711446,1.9367611865075816
CNY,LONG_QUARTERLY_SHORT_PERP,3,2026-05-13,2026-05-18,5,0.00612,-160.9999999999996,195.99999999999972,16.53,4.32287397260274,2.32,2.000000000000668,42.887126027396704,1.9026528025924971
CNY,LONG_QUARTERLY_SHORT_PERP,3,2026-06-01,2026-06-04,3,0.00382,220.00000000000063,-189.00000000000006,18.24,2.593724383561644,2.32,2.000000000000668,42.32627561643825,1.8777711258496075
CNY,SHORT_QUARTERLY_LONG_PERP,3,2026-02-20,2026-02-26,6,-0.00082,-54.00000000000027,109.99999999999943,-4.33,5.187448767123288,2.32,2.000000000000668,42.16255123287521,1.8705076254453148
CNY,LONG_QUARTERLY_SHORT_PERP,5,2026-04-17,2026-04-24,7,0.00422,-108.99999999999999,130.0000000000008,31.29,6.052023561643836,2.32,2.000000000000668,41.917976438356305,1.859657261680263
CNY,LONG_QUARTERLY_SHORT_PERP,3,2026-09-15,2026-09-18,3,0.00241,51.9999999999996,-18.000000000000682,14.75,2.593724383561644,2.32,2.000000000000668,41.83627561643661,1.8560326705220602
CNY,SHORT_QUARTERLY_LONG_PERP,3,2026-03-25,2026-03-30,5,-0.0014,107.0000000000011,-68.00000000000139,11.01,4.32287397260274,2.32,2.000000000000668,41.36712602739629,1.8352192268827627
CNY,LONG_QUARTERLY_SHORT_PERP,40,2026-04-29,2026-06-26,58,0.01441,448.0000000000004,-573.0000000000005,220.70000000000002,50.14533808219179,2.32,2.000000000000668,41.2346619178075,1.8293425633546208
CNY,SHORT_QUARTERLY_LONG_PERP,3,2026-03-20,2026-03-25,5,-0.01193,231.99999999999932,-195.99999999999972,13.690000000000001,4.32287397260274,2.32,2.000000000000668,41.04712602739619,1.8210226846280808
CNY,LONG_QUARTERLY_SHORT_PERP,3,2026-09-11,2026-09-16,5,0.00257,105.99999999999987,-67.00000000000017,9.969999999999999,4.32287397260274,2.32,2.000000000000668,40.32712602739629,1.789080464555062
CNY,LONG_QUARTERLY_SHORT_PERP,3,2026-09-14,2026-09-17,3,0.00236,41.999999999999815,-9.000000000000341,14.030000000000001,2.593724383561644,2.32,2.000000000000668,40.116275616437164,1.7797262559031957
CNY,LONG_QUARTERLY_SHORT_PERP,20,2026-05-18,2026-06-16,29,0.0045,67.99999999999962,-112.0000000000001,113.34,25.072669041095896,2.32,2.000000000000668,39.94733095890296,1.7722311622488633
CNY,LONG_QUARTERLY_SHORT_PERP,20,2026-06-02,2026-07-01,29,0.00559,650.0000000000003,-682.9999999999998,101.98,25.072669041095896,2.32,2.000000000000668,39.58733095890401,1.7562600522123983
CNY,LONG_QUARTERLY_SHORT_PERP,5,2026-06-08,2026-06-16,8,0.00522,44.00000000000048,-21.000000000000796,27.66,6.916598356164385,2.32,2.000000000000668,39.42340164383463,1.7489874601868898
CNY,LONG_QUARTERLY_SHORT_PERP,5,2026-04-20,2026-04-27,7,0.0046,-42.99999999999926,56.99999999999861,35.76,6.052023561643836,2.32,2.000000000000668,39.38797643835484,1.7474158494791572
CNY,LONG_QUARTERLY_SHORT_PERP,3,2026-05-18,2026-05-21,3,0.0045,-152.00000000000102,178.00000000000082,19.15,2.593724383561644,2.32,2.000000000000668,38.23627561643749,1.696321570156982
CNY,LONG_QUARTERLY_SHORT_PERP,3,2026-01-26,2026-01-29,3,0.00531,-218.99999999999943,232.99999999999875,31.060000000000002,2.593724383561644,2.32,2.000000000000668,38.14627561643701,1.692328792647833
CNY,LONG_QUARTERLY_SHORT_PERP,5,2026-02-27,2026-03-06,7,0.00303,237.0000000000001,-206.99999999999898,18.439999999999998,6.052023561643836,2.32,2.000000000000668,38.06797643835663,1.6888551126786937
CNY,LONG_QUARTERLY_SHORT_PERP,3,2026-06-22,2026-06-25,3,0.004,217.0000000000005,-189.00000000000006,16.889999999999997,2.593724383561644,2.32,2.000000000000668,37.976275616438144,1.684786879575086
CNY,LONG_QUARTERLY_SHORT_PERP,5,2026-09-09,2026-09-16,7,0.00256,-57.000000000000384,86.99999999999974,18.15,6.052023561643836,2.32,2.000000000000668,37.777976438354855,1.6759894962603137
CNY,LONG_QUARTERLY_SHORT_PERP,3,2026-06-05,2026-06-10,5,0.0046,-250.0,275.9999999999998,20.34,4.32287397260274,2.32,2.000000000000668,37.697126027396365,1.672402632899438
CNY,LONG_QUARTERLY_SHORT_PERP,3,2026-04-21,2026-04-24,3,0.00419,57.000000000000384,-35.00000000000014,22.5,2.593724383561644,2.32,2.000000000000668,37.58627561643793,1.667484843702189
CNY,LONG_QUARTERLY_SHORT_PERP,3,2026-02-25,2026-03-02,5,0.00121,-40.99999999999859,76.99999999999996,9.67,4.32287397260274,2.32,2.000000000000668,37.027126027397955,1.6426786225537786
CNY,LONG_QUARTERLY_SHORT_PERP,5,2026-05-08,2026-05-15,7,0.00369,-193.0000000000014,212.9999999999992,27.34,6.052023561643836,2.32,2.000000000000668,36.96797643835331,1.6400544986780938
CNY,LONG_QUARTERLY_SHORT_PERP,5,2026-09-15,2026-09-22,7,0.00241,59.99999999999872,-34.000000000000696,20.819999999999997,6.052023561643836,2.32,2.000000000000668,36.447976438353514,1.6169851175142524
CNY,LONG_QUARTERLY_SHORT_PERP,5,2026-09-21,2026-09-28,7,0.00218,101.99999999999854,-86.0000000000003,30.74,6.052023561643836,2.32,2.000000000000668,36.36797643835373,1.613435981950593
CNY,LONG_QUARTERLY_SHORT_PERP,5,2026-06-18,2026-06-25,7,0.00187,400.9999999999998,-378.0000000000001,23.220000000000002,6.052023561643836,2.32,2.000000000000668,35.847976438355154,1.5903666007868058
CNY,LONG_QUARTERLY_SHORT_PERP,5,2026-01-26,2026-02-02,7,0.00531,9.000000000000341,-16.000000000000014,52.12,6.052023561643836,2.32,2.000000000000668,34.74797643835582,1.5415659867863827
CNY,LONG_QUARTERLY_SHORT_PERP,20,2026-05-14,2026-06-11,28,0.00799,-217.99999999999997,166.99999999999983,113.8,24.208094246575342,2.32,2.000000000000668,34.271905753423844,1.5204454943024768
CNY,LONG_QUARTERLY_SHORT_PERP,3,2026-05-12,2026-05-15,3,0.00513,-117.00000000000088,139.9999999999988,18.15,2.593724383561644,2.32,2.000000000000668,34.23627561643561,1.5188647919734353
CNY,LONG_QUARTERLY_SHORT_PERP,10,2026-01-16,2026-01-30,14,0.00388,-261.000000000001,236.00000000000065,75.21,12.104047123287671,2.32,2.000000000000668,33.785952876711285,1.498886586339878
CNY,LONG_QUARTERLY_SHORT_PERP,10,2026-09-11,2026-09-25,14,0.00257,12.9999999999999,-5.000000000000782,42.06,12.104047123287671,2.32,2.000000000000668,33.63595287671078,1.4922319571579756
CNY,LONG_QUARTERLY_SHORT_PERP,40,2026-04-30,2026-06-29,60,0.00475,271.0000000000008,-401.0000000000016,219.75,51.874487671232885,2.32,2.000000000000668,33.55551232876565,1.4886632770395618
CNY,LONG_QUARTERLY_SHORT_PERP,5,2026-04-16,2026-04-23,7,0.00879,-35.99999999999959,50.99999999999838,28.53,6.052023561643836,2.32,2.000000000000668,33.15797643835429,1.471026917458388
CNY,LONG_QUARTERLY_SHORT_PERP,10,2026-01-15,2026-01-29,14,0.00894,-410.9999999999996,389.9999999999988,69.18,12.104047123287671,2.32,2.000000000000668,31.75595287671087,1.4088272714117516
CNY,LONG_QUARTERLY_SHORT_PERP,3,2026-04-28,2026-05-04,6,0.01118,44.99999999999993,-28.999999999999915,24.97,5.187448767123288,2.32,2.000000000000668,31.46255123287606,1.395810743804587
CNY,LONG_QUARTERLY_SHORT_PERP,3,2026-06-11,2026-06-17,6,0.00446,201.99999999999994,-177.99999999999903,16.85,5.187448767123288,2.32,2.000000000000668,31.342551232876957,1.390487040459123
CNY,LONG_QUARTERLY_SHORT_PERP,10,2026-02-26,2026-03-12,14,0.00322,388.9999999999993,-375.0,33.52,12.104047123287671,2.32,2.000000000000668,31.09595287671098,1.3795469030114849
CNY,LONG_QUARTERLY_SHORT_PERP,10,2026-04-27,2026-05-12,15,0.00907,-115.00000000000021,91.00000000000108,71.98,12.968621917808221,2.32,2.000000000000668,30.69137808219198,1.3615982681190903
CNY,LONG_QUARTERLY_SHORT_PERP,3,2026-07-24,2026-07-29,5,0.00088,353.9999999999992,-322.99999999999864,8.19,4.32287397260274,2.32,2.000000000000668,30.547126027397155,1.3551986418965318
CNY,LONG_QUARTERLY_SHORT_PERP,10,2026-06-23,2026-07-07,14,0.00346,316.9999999999984,-319.9999999999985,49.97,12.104047123287671,2.32,2.000000000000668,30.545952876711546,1.3551465960112836
CNY,LONG_QUARTERLY_SHORT_PERP,20,2026-08-26,2026-09-23,28,0.00505,95.00000000000064,-109.99999999999943,73.78999999999999,24.208094246575342,2.32,2.000000000000668,30.26190575342519,1.3425450741736142
CNY,LONG_QUARTERLY_SHORT_PERP,40,2026-05-13,2026-07-09,57,0.00612,311.9999999999994,-439.00000000000006,210.82,49.28076328767124,2.32,2.000000000000668,30.2192367123274,1.3406520965332664
CNY,LONG_QUARTERLY_SHORT_PERP,10,2026-05-29,2026-06-15,17,0.00512,160.9999999999996,-167.99999999999926,55.78,14.697771506849318,2.32,2.000000000000668,29.762228493150353,1.320377294988636
CNY,LONG_QUARTERLY_SHORT_PERP,5,2026-06-01,2026-06-08,7,0.00382,83.99999999999963,-71.99999999999918,28.060000000000002,6.052023561643836,2.32,2.000000000000668,29.687976438355953,1.3170831623843071
CNY,LONG_QUARTERLY_SHORT_PERP,20,2026-08-20,2026-09-17,28,0.00371,244.9999999999992,-262.00000000000045,75.2,24.208094246575342,2.32,2.000000000000668,29.67190575342274,1.3163701993914447
CNY,LONG_QUARTERLY_SHORT_PERP,5,2026-05-19,2026-05-26,7,0.00588,128.0000000000001,-116.9999999999991,28.28,6.052023561643836,2.32,2.000000000000668,28.907976438356506,1.2824790906385564
CNY,LONG_QUARTERLY_SHORT_PERP,3,2026-08-24,2026-08-27,3,0.00458,343.0,-322.00000000000097,14.45,2.593724383561644,2.32,2.000000000000668,28.536275616436725,1.265988883062049
CNY,LONG_QUARTERLY_SHORT_PERP,10,2026-09-04,2026-09-18,14,0.00279,-195.99999999999972,205.00000000000006,35.46,12.104047123287671,2.32,2.000000000000668,28.035952876712003,1.2437924677011805
CNY,LONG_QUARTERLY_SHORT_PERP,5,2026-05-07,2026-05-14,7,0.01047,-172.99999999999827,183.99999999999926,26.99,6.052023561643836,2.32,2.000000000000668,27.617976438356486,1.2252492796743883
CNY,LONG_QUARTERLY_SHORT_PERP,20,2026-06-03,2026-07-02,29,0.00498,553.0000000000008,-600.9999999999991,104.6,25.072669041095896,2.32,2.000000000000668,27.207330958905136,1.2070313237346282
CNY,LONG_QUARTERLY_SHORT_PERP,5,2026-01-23,2026-01-30,7,0.0048,73.99999999999984,-83.00000000000018,46.28,6.052023561643836,2.32,2.000000000000668,26.907976438355156,1.1937507015467645
CNY,LONG_QUARTERLY_SHORT_PERP,40,2026-05-12,2026-07-08,57,0.00513,221.00000000000009,-351.00000000000085,210.02,49.28076328767124,2.32,2.000000000000668,26.419236712327333,1.1720681572589728
CNY,LONG_QUARTERLY_SHORT_PERP,3,2026-04-13,2026-04-16,3,0.00324,-30.000000000001137,47.0000000000006,16.25,2.593724383561644,2.32,2.000000000000668,26.33627561643715,1.1683876550611625
CNY,LONG_QUARTERLY_SHORT_PERP,10,2026-05-04,2026-05-18,14,0.00581,-420.9999999999994,404.9999999999994,58.48,12.104047123287671,2.32,2.000000000000668,26.055952876711657,1.1559513625003508
CNY,LONG_QUARTERLY_SHORT_PERP,40,2026-08-04,2026-09-29,56,0.00287,433.99999999999926,-526.0000000000016,170.67,48.416188493150685,2.32,2.000000000000668,25.933811506846304,1.1505326590055456
CNY,LONG_QUARTERLY_SHORT_PERP,3,2026-07-23,2026-07-28,5,0.00497,128.99999999999955,-99.99999999999964,5.1000000000000005,4.32287397260274,2.32,2.000000000000668,25.457126027396495,1.129384891658045
CNY,LONG_QUARTERLY_SHORT_PERP,5,2026-04-10,2026-04-17,7,0.00332,-121.99999999999989,133.99999999999858,23.709999999999997,6.052023561643836,2.32,2.000000000000668,25.337976438354183,1.124098916109712
CNY,LONG_QUARTERLY_SHORT_PERP,5,2026-01-21,2026-01-28,7,0.00451,-28.00000000000047,26.999999999999247,36.18,6.052023561643836,2.32,2.000000000000668,24.807976438354274,1.1005858930004069
CNY,LONG_QUARTERLY_SHORT_PERP,10,2026-01-14,2026-01-28,14,0.00451,-282.0,257.9999999999991,64.97999999999999,12.104047123287671,2.32,2.000000000000668,24.55595287671074,1.0894050706815113
CNY,LONG_QUARTERLY_SHORT_PERP,10,2026-04-24,2026-05-11,17,0.00698,-189.00000000000006,156.00000000000057,75.92,14.697771506849318,2.32,2.000000000000668,23.902228493150528,1.0604031149498696
CNY,LONG_QUARTERLY_SHORT_PERP,3,2026-09-21,2026-09-24,3,0.00218,121.99999999999989,-105.99999999999987,14.799999999999999,2.593724383561644,2.32,2.000000000000668,23.8862756164377,1.0596953784238154
CNY,LONG_QUARTERLY_SHORT_PERP,20,2026-08-21,2026-09-18,28,0.00433,223.00000000000074,-245.000000000001,74.0,24.208094246575342,2.32,2.000000000000668,23.471905753423734,1.04131219320712
CNY,LONG_QUARTERLY_SHORT_PERP,5,2026-04-09,2026-04-16,7,0.00863,-168.00000000000102,179.00000000000028,22.81,6.052023561643836,2.32,2.000000000000668,23.43797643835476,1.0398069464725923
CNY,LONG_QUARTERLY_SHORT_PERP,10,2026-01-20,2026-02-03,14,0.00541,-102.00000000000031,58.000000000001606,83.77,12.104047123287671,2.32,2.000000000000668,23.34595287671295,1.0357243952811113
CNY,LONG_QUARTERLY_SHORT_PERP,5,2026-08-25,2026-09-01,7,0.00454,451.99999999999994,-437.00000000000114,18.4,6.052023561643836,2.32,2.000000000000668,23.0279764383543,1.0216176267087669
CNY,LONG_QUARTERLY_SHORT_PERP,5,2026-08-20,2026-08-27,7,0.00371,505.0000000000008,-495.000000000001,23.36,6.052023561643836,2.32,2.000000000000668,22.98797643835527,1.0198430589269751
CNY,LONG_QUARTERLY_SHORT_PERP,10,2026-09-08,2026-09-22,14,0.00278,-166.00000000000037,168.9999999999987,36.33,12.104047123287671,2.32,2.000000000000668,22.905952876709982,1.0162041496807988
CNY,LONG_QUARTERLY_SHORT_PERP,5,2026-01-27,2026-02-03,7,0.00777,154.99999999999937,-174.99999999999892,53.23,6.052023561643836,2.32,2.000000000000668,22.857976438355948,1.0140757136360428
CNY,LONG_QUARTERLY_SHORT_PERP,40,2026-08-03,2026-09-28,56,0.00287,570.9999999999998,-650.9999999999998,155.57,48.416188493150685,2.32,2.000000000000668,22.83381150684864,1.0130036559134648
CNY,LONG_QUARTERLY_SHORT_PERP,5,2026-08-24,2026-08-31,7,0.00458,263.9999999999993,-251.00000000000122,19.900000000000002,6.052023561643836,2.32,2.000000000000668,22.527976438353598,0.9994355294358026
CNY,LONG_QUARTERLY_SHORT_PERP,10,2026-06-03,2026-06-18,15,0.00498,-84.99999999999908,69.00000000000084,55.79,12.968621917808221,2.32,2.000000000000668,22.501378082192872,0.9982555147884881
CNY,LONG_QUARTERLY_SHORT_PERP,3,2026-01-22,2026-01-27,5,0.00815,102.00000000000031,-89.00000000000041,17.88,4.32287397260274,2.32,2.000000000000668,22.237126027396492,0.9865321852203565
CNY,SHORT_QUARTERLY_LONG_PERP,10,2026-03-20,2026-04-03,14,-0.01193,533.9999999999989,-519.9999999999995,24.029999999999998,12.104047123287671,2.32,2.000000000000668,21.60595287671098,0.9585306967712173
CNY,SHORT_QUARTERLY_LONG_PERP,10,2026-03-23,2026-04-06,14,-0.004,455.00000000000006,-434.99999999999875,17.99,12.104047123287671,2.32,2.000000000000668,21.565952876712963,0.9567561289894706
CNY,LONG_QUARTERLY_SHORT_PERP,3,2026-08-26,2026-08-31,5,0.00505,172.0000000000006,-153.00000000000045,10.31,4.32287397260274,2.32,2.000000000000668,20.667126027396737,0.9168803997833579
CNY,LONG_QUARTERLY_SHORT_PERP,3,2026-05-20,2026-05-25,5,0.00711,157.9999999999995,-146.0000000000008,16.49,4.32287397260274,2.32,2.000000000000668,19.847126027395284,0.8805017602556834
CNY,LONG_QUARTERLY_SHORT_PERP,5,2026-06-19,2026-06-26,7,0.00233,677.9999999999991,-673.9999999999995,25.35,6.052023561643836,2.32,2.000000000000668,18.977976438355043,0.8419426387980428
CNY,LONG_QUARTERLY_SHORT_PERP,3,2026-06-03,2026-06-08,5,0.00498,-144.99999999999957,155.00000000000114,17.49,4.32287397260274,2.32,2.000000000000668,18.847126027398154,0.8361375657099448
CNY,LONG_QUARTERLY_SHORT_PERP,20,2026-05-19,2026-06-17,29,0.00588,356.00000000000165,-423.9999999999995,116.23,25.072669041095896,2.32,2.000000000000668,18.8373309589056,0.835703015385751
CNY,LONG_QUARTERLY_SHORT_PERP,5,2026-09-22,2026-09-29,7,0.00389,-137.9999999999999,121.99999999999989,44.82,6.052023561643836,2.32,2.000000000000668,18.447976438355496,0.8184296156887538
CNY,LONG_QUARTERLY_SHORT_PERP,20,2026-05-05,2026-06-02,28,0.0066,-336.9999999999998,268.0000000000007,115.09,24.208094246575342,2.32,2.000000000000668,17.561905753424902,0.7791198034411043
CNY,LONG_QUARTERLY_SHORT_PERP,5,2026-03-31,2026-04-07,7,0.00123,-318.00000000000136,340.9999999999993,4.88,6.052023561643836,2.32,2.000000000000668,17.50797643835345,0.7767272728155491
CNY,LONG_QUARTERLY_SHORT_PERP,5,2026-08-26,2026-09-02,7,0.00505,408.00000000000125,-397.0000000000002,16.73,6.052023561643836,2.32,2.000000000000668,17.35797643835652,0.7700726436338055
CNY,LONG_QUARTERLY_SHORT_PERP,3,2026-06-02,2026-06-05,3,0.00559,89.99999999999986,-83.00000000000018,17.25,2.593724383561644,2.32,2.000000000000668,17.336275616437362,0.7691099041483788
CNY,LONG_QUARTERLY_SHORT_PERP,3,2026-09-24,2026-09-29,5,0.00302,-139.00000000000114,130.99999999999847,33.910000000000004,4.32287397260274,2.32,2.000000000000668,17.267126027393925,0.766042138327289
CNY,LONG_QUARTERLY_SHORT_PERP,40,2026-05-14,2026-07-10,57,0.00799,420.9999999999994,-557.9999999999998,207.63,49.28076328767124,2.32,2.000000000000668,17.029236712327688,0.7554883704733076
CNY,LONG_QUARTERLY_SHORT_PERP,3,2026-01-28,2026-02-02,5,0.01015,60.0000000000005,-68.99999999999906,34.2,4.32287397260274,2.32,2.000000000000668,16.55712602739803,0.7345435601999063
CNY,LONG_QUARTERLY_SHORT_PERP,3,2026-07-22,2026-07-27,5,0.0034,19.999999999999574,-3.0000000000001137,7.779999999999999,4.32287397260274,2.32,2.000000000000668,16.137126027396054,0.715910598490555
CNY,LONG_QUARTERLY_SHORT_PERP,3,2026-04-20,2026-04-23,3,0.0046,73.99999999999984,-71.0000000000015,19.709999999999997,2.593724383561644,2.32,2.000000000000668,15.796275616436024,0.7007890445476859
CNY,LONG_QUARTERLY_SHORT_PERP,10,2026-09-03,2026-09-17,14,0.00485,-332.00000000000074,329.0000000000006,35.12,12.104047123287671,2.32,2.000000000000668,15.695952876711544,0.6963383070051747
CNY,LONG_QUARTERLY_SHORT_PERP,5,2026-07-22,2026-07-29,7,0.0034,257.9999999999991,-245.99999999999866,14.04,6.052023561643836,2.32,2.000000000000668,15.667976438355922,0.6950971548512654
CNY,LONG_QUARTERLY_SHORT_PERP,3,2026-01-27,2026-01-30,3,0.00777,12.9999999999999,-23.999999999999133,33.2,2.593724383561644,2.32,2.000000000000668,15.28627561643846,0.6781633053294023
CNY,LONG_QUARTERLY_SHORT_PERP,10,2026-04-28,2026-05-13,15,0.01118,-214.99999999999986,179.99999999999972,66.91999999999999,12.968621917808221,2.32,2.000000000000668,14.631378082190956,0.6491093037124381
CNY,LONG_QUARTERLY_SHORT_PERP,3,2026-08-28,2026-09-02,5,0.00311,95.00000000000064,-81.0000000000013,8.76,4.32287397260274,2.32,2.000000000000668,14.117126027395937,0.6262949255079006
CNY,LONG_QUARTERLY_SHORT_PERP,5,2026-06-24,2026-07-01,7,0.00508,496.9999999999999,-498.99999999999875,26.34,6.052023561643836,2.32,2.000000000000668,13.967976438356633,0.6196780241233251
CNY,LONG_QUARTERLY_SHORT_PERP,20,2026-08-04,2026-09-01,28,0.00287,946.9999999999992,-978.0000000000016,73.3,24.208094246575342,2.32,2.000000000000668,13.7719057534216,0.6109795061121259
CNY,LONG_QUARTERLY_SHORT_PERP,3,2026-05-08,2026-05-13,5,0.00369,-105.00000000000043,112.0000000000001,15.31,4.32287397260274,2.32,2.000000000000668,13.667126027396268,0.6063310379622756
CNY,LONG_QUARTERLY_SHORT_PERP,3,2026-01-23,2026-01-28,5,0.0048,92.99999999999997,-94.0000000000012,23.23,4.32287397260274,2.32,2.000000000000668,13.587126027395371,0.6027819023985667
CNY,LONG_QUARTERLY_SHORT_PERP,10,2026-06-19,2026-07-03,14,0.00233,660.9999999999995,-680.9999999999992,49.22,12.104047123287671,2.32,2.000000000000668,12.795952876712,0.5676821428221839
CNY,SHORT_QUARTERLY_LONG_PERP,5,2026-03-25,2026-04-01,7,-0.0014,146.0000000000008,-133.0000000000009,10.14,6.052023561643836,2.32,2.000000000000668,12.767976438355383,0.5664409906682304
CNY,LONG_QUARTERLY_SHORT_PERP,3,2026-05-19,2026-05-22,3,0.00588,180.00000000000148,-179.00000000000028,18.41,2.593724383561644,2.32,2.000000000000668,12.496275616438883,0.5543872025464551
CNY,LONG_QUARTERLY_SHORT_PERP,20,2026-08-25,2026-09-22,28,0.00454,76.99999999999996,-107.0000000000011,70.95,24.208094246575342,2.32,2.000000000000668,12.421905753422855,0.5510878434752627
CNY,LONG_QUARTERLY_SHORT_PERP,20,2026-08-31,2026-09-28,28,0.00234,-197.00000000000097,155.00000000000114,82.44,24.208094246575342,2.32,2.000000000000668,11.911905753424158,0.5284621042569289
CNY,LONG_QUARTERLY_SHORT_PERP,10,2026-02-25,2026-03-11,14,0.00121,226.00000000000085,-230.9999999999999,33.29,12.104047123287671,2.32,2.000000000000668,11.865952876712626,0.5264234418945563
CNY,LONG_QUARTERLY_SHORT_PERP,3,2026-08-03,2026-08-06,3,0.00287,158.00000000000125,-153.00000000000045,13.549999999999999,2.593724383561644,2.32,2.000000000000668,11.63627561643848,0.5162339952369926
CNY,LONG_QUARTERLY_SHORT_PERP,3,2026-05-06,2026-05-11,5,0.00588,-123.00000000000111,125.0,18.22,4.32287397260274,2.32,2.000000000000668,11.577126027395483,0.513609871361381
CNY,LONG_QUARTERLY_SHORT_PERP,10,2026-04-30,2026-05-15,15,0.00475,-300.0000000000007,268.99999999999835,59.790000000000006,12.968621917808221,2.32,2.000000000000668,11.501378082188786,0.5102493747837815
CNY,LONG_QUARTERLY_SHORT_PERP,20,2026-05-27,2026-06-25,29,0.0062,628.0000000000001,-693.9999999999991,106.84,25.072669041095896,2.32,2.000000000000668,11.447330958904463,0.5078516176917515
CNY,LONG_QUARTERLY_SHORT_PERP,5,2026-06-02,2026-06-09,7,0.00559,-212.9999999999992,205.99999999999952,28.659999999999997,6.052023561643836,2.32,2.000000000000668,11.287976438355805,0.5007819827403676
CNY,LONG_QUARTERLY_SHORT_PERP,3,2026-07-13,2026-07-16,3,0.00414,250.0,-248.0000000000011,15.94,2.593724383561644,2.32,2.000000000000668,11.026275616436576,0.48917183656393
CNY,LONG_QUARTERLY_SHORT_PERP,5,2026-03-02,2026-03-09,7,0.00342,57.99999999999983,-55.99999999999916,18.66,6.052023561643836,2.32,2.000000000000668,10.287976438356164,0.45641778819451767
CNY,LONG_QUARTERLY_SHORT_PERP,5,2026-07-21,2026-07-28,7,0.00378,78.00000000000118,-70.99999999999973,13.469999999999999,6.052023561643836,2.32,2.000000000000668,10.097976438356945,0.4479885912308378
CNY,LONG_QUARTERLY_SHORT_PERP,10,2026-08-20,2026-09-03,14,0.00371,577.0,-591.0000000000011,40.08,12.104047123287671,2.32,2.000000000000668,9.655952876710522,0.4283785719480993
CNY,LONG_QUARTERLY_SHORT_PERP,5,2026-07-08,2026-07-15,7,0.00363,234.0,-238.99999999999898,24.96,6.052023561643836,2.32,2.000000000000668,9.58797643835652,0.42536285201242724
CNY,LONG_QUARTERLY_SHORT_PERP,5,2026-07-24,2026-07-31,7,0.00088,269.99999999999955,-266.0,15.67,6.052023561643836,2.32,2.000000000000668,9.297976438355043,0.4124972355940606
CNY,LONG_QUARTERLY_SHORT_PERP,5,2026-08-05,2026-08-12,7,0.00361,304.0000000000003,-304.9999999999997,20.59,6.052023561643836,2.32,2.000000000000668,9.217976438356065,0.4089481000304367
CNY,LONG_QUARTERLY_SHORT_PERP,10,2026-08-03,2026-08-17,14,0.00287,672.0000000000006,-683.9999999999993,37.519999999999996,12.104047123287671,2.32,2.000000000000668,9.095952876712907,0.40353462300252013
CNY,LONG_QUARTERLY_SHORT_PERP,20,2026-08-28,2026-09-25,28,0.00311,-426.00000000000017,388.9999999999993,74.39999999999999,24.208094246575342,2.32,2.000000000000668,8.871905753423128,0.39359495283745083
CNY,LONG_QUARTERLY_SHORT_PERP,40,2026-07-24,2026-09-18,56,0.00088,1032.0,-1112.0,141.19,48.416188493150685,2.32,2.000000000000668,8.453811506848645,0.3750465383439132
CNY,LONG_QUARTERLY_SHORT_PERP,40,2026-06-01,2026-07-28,57,0.00382,910.0000000000001,-1033.9999999999989,185.82999999999998,49.28076328767124,2.32,2.000000000000668,8.229236712329325,0.36508345846976026
CNY,LONG_QUARTERLY_SHORT_PERP,10,2026-05-27,2026-06-10,14,0.0062,80.99999999999952,-116.9999999999991,60.44,12.104047123287671,2.32,2.000000000000668,8.01595287671207,0.35562129289294786
CNY,LONG_QUARTERLY_SHORT_PERP,3,2026-09-09,2026-09-14,5,0.00256,-88.00000000000097,93.99999999999942,10.540000000000001,4.32287397260274,2.32,2.000000000000668,7.897126027395043,0.3503496354325749
CNY,LONG_QUARTERLY_SHORT_PERP,20,2026-09-01,2026-09-29,28,0.00304,-512.9999999999999,451.99999999999994,97.37,24.208094246575342,2.32,2.000000000000668,7.841905753424051,0.34789983245524986
CNY,LONG_QUARTERLY_SHORT_PERP,5,2026-01-19,2026-01-26,7,0.00606,-159.00000000000068,149.0000000000009,28.179999999999996,6.052023561643836,2.32,2.000000000000668,7.80797643835572,0.34639458572075044
CNY,LONG_QUARTERLY_SHORT_PERP,5,2026-06-29,2026-07-06,7,0.0038,-197.00000000000097,190.00000000000128,24.94,6.052023561643836,2.32,2.000000000000668,7.56797643835581,0.3357471790297466
CNY,LONG_QUARTERLY_SHORT_PERP,3,2026-05-21,2026-05-26,5,0.00616,35.99999999999959,-35.00000000000014,15.01,4.32287397260274,2.32,2.000000000000668,7.367126027396036,0.32683661232331007
CNY,LONG_QUARTERLY_SHORT_PERP,5,2026-09-16,2026-09-23,7,0.0052,115.00000000000021,-121.00000000000044,23.509999999999998,6.052023561643836,2.32,2.000000000000668,7.137976438355267,0.31667057537500015
CNY,LONG_QUARTERLY_SHORT_PERP,3,2026-04-17,2026-04-22,5,0.00422,-167.99999999999926,169.00000000000048,14.77,4.32287397260274,2.32,2.000000000000668,7.127126027397814,0.3161892056323811
CNY,LONG_QUARTERLY_SHORT_PERP,10,2026-08-18,2026-09-01,14,0.0021,325.99999999999875,-339.0000000000004,36.55,12.104047123287671,2.32,2.000000000000668,7.125952876710009,0.31613715974703577
CNY,LONG_QUARTERLY_SHORT_PERP,10,2026-06-11,2026-06-26,15,0.00446,860.9999999999989,-882.9999999999991,46.400000000000006,12.968621917808221,2.32,2.000000000000668,7.111378082190889,0.31549056072752346
CNY,LONG_QUARTERLY_SHORT_PERP,10,2026-08-24,2026-09-07,14,0.00458,394.99999999999955,-407.9999999999995,36.38,12.104047123287671,2.32,2.000000000000668,6.95595287671172,0.3085952466743144
CNY,LONG_QUARTERLY_SHORT_PERP,20,2026-06-05,2026-07-06,31,0.0046,259.00000000000034,-320.9999999999997,99.94,26.801818630136992,2.32,2.000000000000668,6.8181813698629625,0.30248312474159905
CNY,LONG_QUARTERLY_SHORT_PERP,3,2026-03-02,2026-03-05,3,0.00342,205.99999999999952,-205.00000000000006,12.55,2.593724383561644,2.32,2.000000000000668,6.636275616437148,0.2944130225076039
CNY,LONG_QUARTERLY_SHORT_PERP,3,2026-01-21,2026-01-26,5,0.00451,22.999999999999687,-25.9999999999998,18.259999999999998,4.32287397260274,2.32,2.000000000000668,6.617126027396477,0.2935634664139302
CNY,LONG_QUARTERLY_SHORT_PERP,20,2026-08-03,2026-08-31,28,0.00287,768.0000000000007,-806.0000000000009,73.13,24.208094246575342,2.32,2.000000000000668,6.6019057534237575,0.2928882312183631
CNY,LONG_QUARTERLY_SHORT_PERP,3,2026-08-10,2026-08-13,3,0.0025,272.0000000000002,-272.99999999999966,14.39,2.593724383561644,2.32,2.000000000000668,6.476275616438256,0.28731475138031454
CNY,SHORT_QUARTERLY_LONG_PERP,10,2026-02-18,2026-03-05,15,-0.0012,-259.00000000000034,304.0000000000003,-21.26,12.968621917808221,2.32,2.000000000000668,6.451378082191052,0.2862101923272592
CNY,LONG_QUARTERLY_SHORT_PERP,3,2026-06-29,2026-07-02,3,0.0038,77.9999999999994,-81.99999999999896,17.33,2.593724383561644,2.32,2.000000000000668,6.416275616438126,0.2846528997075568
CNY,LONG_QUARTERLY_SHORT_PERP,10,2026-06-09,2026-06-24,15,0.00619,365.99999999999966,-390.00000000000057,46.980000000000004,12.968621917808221,2.32,2.000000000000668,5.691378082190205,0.2524934044723635
CNY,LONG_QUARTERLY_SHORT_PERP,5,2026-07-23,2026-07-30,7,0.00497,189.00000000000006,-188.00000000000063,14.32,6.052023561643836,2.32,2.000000000000668,4.947976438354928,0.2195129893195388
CNY,LONG_QUARTERLY_SHORT_PERP,10,2026-01-13,2026-01-27,14,0.00427,-397.0000000000002,359.0,59.339999999999996,12.104047123287671,2.32,2.000000000000668,4.9159528767114296,0.21809228980073508
CNY,LONG_QUARTERLY_SHORT_PERP,10,2026-02-27,2026-03-13,14,0.00303,464.0000000000004,-474.99999999999966,31.919999999999998,12.104047123287671,2.32,2.000000000000668,4.495952876712398,0.19945932809151434
CNY,LONG_QUARTERLY_SHORT_PERP,5,2026-01-13,2026-01-20,7,0.00427,-140.00000000000057,125.99999999999945,28.8,6.052023561643836,2.32,2.000000000000668,4.427976438354374,0.19644360815566395
CNY,LONG_QUARTERLY_SHORT_PERP,5,2026-08-03,2026-08-10,7,0.00287,242.00000000000088,-246.00000000000045,18.58,6.052023561643836,2.32,2.000000000000668,4.207976438355921,0.18668348535564203
CNY,LONG_QUARTERLY_SHORT_PERP,10,2026-01-21,2026-02-04,14,0.00451,-66.00000000000072,-2.000000000000668,88.28999999999999,12.104047123287671,2.32,2.000000000000668,3.86595287671026,0.17150988552752397
CNY,LONG_QUARTERLY_SHORT_PERP,3,2026-09-10,2026-09-15,5,0.00561,48.00000000000004,-42.99999999999926,7.339999999999999,4.32287397260274,2.32,2.000000000000668,3.697126027397374,0.1640200183400415
CNY,LONG_QUARTERLY_SHORT_PERP,3,2026-06-08,2026-06-11,3,0.00522,-113.99999999999899,104.99999999999865,19.580000000000002,2.593724383561644,2.32,2.000000000000668,3.666275616437348,0.162651364706391
CNY,LONG_QUARTERLY_SHORT_PERP,10,2026-06-22,2026-07-06,14,0.004,179.00000000000028,-208.99999999999963,50.09,12.104047123287671,2.32,2.000000000000668,3.6659528767123177,0.16263704661844208
CNY,LONG_QUARTERLY_SHORT_PERP,3,2026-08-07,2026-08-12,5,0.00253,57.99999999999983,-56.99999999999861,10.99,4.32287397260274,2.32,2.000000000000668,3.347126027397815,0.14849255024900798
CNY,LONG_QUARTERLY_SHORT_PERP,5,2026-09-14,2026-09-21,7,0.00236,-75.99999999999874,70.00000000000028,19.34,6.052023561643836,2.32,2.000000000000668,2.967976438357045,0.13167188411881817
CNY,LONG_QUARTERLY_SHORT_PERP,3,2026-08-27,2026-09-01,5,0.00486,117.99999999999855,-115.00000000000021,8.49,4.32287397260274,2.32,2.000000000000668,2.84712602739493,0.12631045297594706
CNY,LONG_QUARTERLY_SHORT_PERP,3,2026-08-20,2026-08-25,5,0.00371,170.99999999999937,-173.00000000000006,13.45,4.32287397260274,2.32,2.000000000000668,2.8071260273959098,0.12453588519415587
CNY,LONG_QUARTERLY_SHORT_PERP,3,2026-02-09,2026-02-12,3,0.00454,-4.999999999999005,-5.000000000000782,19.650000000000002,2.593724383561644,2.32,2.000000000000668,2.7362756164379025,0.1213926637787603
CNY,LONG_QUARTERLY_SHORT_PERP,5,2026-01-16,2026-01-23,7,0.00388,-335.00000000000085,319.00000000000085,28.929999999999996,6.052023561643836,2.32,2.000000000000668,2.5579764383554924,0.11348256435494426
CNY,LONG_QUARTERLY_SHORT_PERP,10,2026-08-04,2026-08-18,14,0.00287,621.0000000000005,-639.0000000000011,36.75,12.104047123287671,2.32,2.000000000000668,2.3259528767109785,0.10318902592692235
CNY,LONG_QUARTERLY_SHORT_PERP,3,2026-09-23,2026-09-28,5,0.00789,-120.000000000001,112.0000000000001,18.96,4.32287397260274,2.32,2.000000000000668,2.317126027395698,0.1027974298666722
CNY,SHORT_QUARTERLY_LONG_PERP,5,2026-02-19,2026-02-27,8,-0.00125,-119.99999999999922,140.00000000000057,-6.540000000000001,6.916598356164385,2.32,2.000000000000668,2.223401643836297,0.09863942308075158
CNY,LONG_QUARTERLY_SHORT_PERP,3,2026-07-08,2026-07-13,5,0.00363,128.0000000000001,-132.99999999999912,15.86,4.32287397260274,2.32,2.000000000000668,2.217126027397587,0.0983610104121694
CNY,LONG_QUARTERLY_SHORT_PERP,3,2026-06-19,2026-06-24,5,0.00233,157.9999999999995,-160.00000000000014,12.540000000000001,4.32287397260274,2.32,2.000000000000668,1.8971260273959394,0.08416446815741922
CNY,LONG_QUARTERLY_SHORT_PERP,3,2026-02-06,2026-02-11,5,0.00356,14.999999999998792,-17.000000000001236,12.35,4.32287397260274,2.32,2.000000000000668,1.7071260273941475,0.07573527119362519
CNY,SHORT_QUARTERLY_LONG_PERP,3,2026-02-19,2026-02-25,6,-0.00125,-231.99999999999932,243.00000000000034,-0.2899999999999999,5.187448767123288,2.32,2.000000000000668,1.202551232877068,0.05335021684672916
CNY,LONG_QUARTERLY_SHORT_PERP,5,2026-08-11,2026-08-18,7,0.00388,338.00000000000097,-344.0000000000012,17.16,6.052023561643836,2.32,2.000000000000668,0.7879764383552694,0.0349579400087517
CNY,LONG_QUARTERLY_SHORT_PERP,3,2026-01-15,2026-01-20,5,0.00894,-18.000000000000682,11.999999999998678,15.350000000000001,4.32287397260274,2.32,2.000000000000668,0.7071260273945899,0.0313710766477789
CNY,LONG_QUARTERLY_SHORT_PERP,5,2026-07-13,2026-07-20,7,0.00414,294.99999999999994,-307.0000000000004,22.970000000000002,6.052023561643836,2.32,2.000000000000668,0.5979764383550443,0.026528743045027184
CNY,LONG_QUARTERLY_SHORT_PERP,5,2026-08-10,2026-08-17,7,0.0025,429.9999999999997,-437.99999999999886,18.94,6.052023561643836,2.32,2.000000000000668,0.5679764383563506,0.02519781720870916
CNY,LONG_QUARTERLY_SHORT_PERP,3,2026-08-05,2026-08-10,5,0.00361,191.00000000000074,-194.00000000000085,12.1,4.32287397260274,2.32,2.000000000000668,0.4571260273964781,0.020280028011396188
CNY,LONG_QUARTERLY_SHORT_PERP,10,2026-06-18,2026-07-02,14,0.00187,637.9999999999999,-669.9999999999999,48.81,12.104047123287671,2.32,2.000000000000668,0.38595287671166334,0.017122488507972836
CNY,LONG_QUARTERLY_SHORT_PERP,40,2026-07-23,2026-09-17,56,0.00497,925.9999999999984,-1012.0000000000005,138.94,48.416188493150685,2.32,2.000000000000668,0.20381150684659888,0.009041933340428597
CNY,LONG_QUARTERLY_SHORT_PERP,5,2026-05-21,2026-05-28,7,0.00616,9.999999999999787,-28.999999999999915,29.53,6.052023561643836,2.32,2.000000000000668,0.1579764383553699,0.007008497444860626
CNY,LONG_QUARTERLY_SHORT_PERP,20,2026-08-05,2026-09-02,28,0.00361,953.0000000000011,-998.0000000000011,73.07,24.208094246575342,2.32,2.000000000000668,-0.45809424657601694,-0.02032298227544029
CNY,LONG_QUARTERLY_SHORT_PERP,3,2026-08-04,2026-08-07,3,0.00287,278.9999999999999,-286.00000000000136,13.209999999999999,2.593724383561644,2.32,2.000000000000668,-0.7037243835637907,-0.031220165459093584
CNY,LONG_QUARTERLY_SHORT_PERP,10,2026-07-24,2026-08-07,14,0.00088,746.9999999999999,-766.0,34.62,12.104047123287671,2.32,2.000000000000668,-0.8040471232884552,-0.035670903001612866
CNY,LONG_QUARTERLY_SHORT_PERP,10,2026-06-10,2026-06-25,15,0.00893,547.0000000000006,-577.0,46.400000000000006,12.968621917808221,2.32,2.000000000000668,-0.8886219178083148,-0.039422995639368553
CNY,LONG_QUARTERLY_SHORT_PERP,5,2026-08-06,2026-08-13,7,0.00707,355.9999999999999,-365.99999999999966,19.419999999999998,6.052023561643836,2.32,2.000000000000668,-0.9520235616442778,-0.04223575850103492
CNY,LONG_QUARTERLY_SHORT_PERP,3,2026-06-10,2026-06-16,6,0.00893,130.0000000000008,-134.00000000000034,12.540000000000001,5.187448767123288,2.32,2.000000000000668,-0.9674487671235004,-0.0429200853178251
CNY,LONG_QUARTERLY_SHORT_PERP,10,2026-06-05,2026-06-22,17,0.0046,80.00000000000007,-112.0000000000001,49.85,14.697771506849318,2.32,2.000000000000668,-1.1677715068500123,-0.051807242315012936
CNY,LONG_QUARTERLY_SHORT_PERP,3,2026-08-11,2026-08-14,3,0.00388,281.00000000000057,-287.0000000000008,11.74,2.593724383561644,2.32,2.000000000000668,-1.173724383562539,-0.05207133689559503
CNY,LONG_QUARTERLY_SHORT_PERP,10,2026-08-05,2026-08-19,14,0.00361,422.00000000000057,-441.00000000000074,34.13,12.104047123287671,2.32,2.000000000000668,-1.294047123288507,-0.057409358329089465
CNY,LONG_QUARTERLY_SHORT_PERP,5,2026-07-09,2026-07-16,7,0.00692,316.00000000000074,-332.00000000000074,24.88,6.052023561643836,2.32,2.000000000000668,-1.4920235616445043,-0.06619242355581256
CNY,LONG_QUARTERLY_SHORT_PERP,20,2026-08-24,2026-09-21,28,0.00458,-35.00000000000014,-9.999999999999787,71.6,24.208094246575342,2.32,2.000000000000668,-1.9280942465759447,-0.08553834825785998
CNY,LONG_QUARTERLY_SHORT_PERP,20,2026-08-19,2026-09-16,28,0.00099,102.99999999999976,-148.99999999999915,72.49,24.208094246575342,2.32,2.000000000000668,-2.038094246575404,-0.09041840965788125
CNY,LONG_QUARTERLY_SHORT_PERP,20,2026-06-23,2026-07-21,28,0.00346,582.9999999999984,-652.9999999999986,96.21000000000001,24.208094246575342,2.32,2.000000000000668,-2.3180942465762295,-0.10284038413076033
CNY,LONG_QUARTERLY_SHORT_PERP,3,2026-09-18,2026-09-23,5,0.00313,108.99999999999999,-116.9999999999991,13.96,4.32287397260274,2.32,2.000000000000668,-2.682873972602526,-0.11902354286257862
CNY,LONG_QUARTERLY_SHORT_PERP,5,2026-08-04,2026-08-11,7,0.00287,282.9999999999995,-294.99999999999994,19.59,6.052023561643836,2.32,2.000000000000668,-2.7820235616449582,-0.12342223451999974
CNY,LONG_QUARTERLY_SHORT_PERP,10,2026-09-02,2026-09-16,14,0.00338,-428.0000000000008,408.00000000000125,33.55,12.104047123287671,2.32,2.000000000000668,-2.874047123287887,-0.12750478571153012
CNY,LONG_QUARTERLY_SHORT_PERP,3,2026-06-26,2026-07-01,5,0.00446,-22.999999999999687,15.000000000000568,13.530000000000001,4.32287397260274,2.32,2.000000000000668,-3.1128739726025256,-0.13810014651730096
CNY,LONG_QUARTERLY_SHORT_PERP,5,2026-08-07,2026-08-14,7,0.00253,285.0000000000001,-295.9999999999994,18.12,6.052023561643836,2.32,2.000000000000668,-3.2520235616437634,-0.1442734059565037
CNY,LONG_QUARTERLY_SHORT_PERP,3,2026-07-09,2026-07-14,5,0.00692,217.0000000000005,-224.99999999999966,13.27,4.32287397260274,2.32,2.000000000000668,-3.3728739726025556,-0.14963483709922742
CNY,LONG_QUARTERLY_SHORT_PERP,10,2026-08-19,2026-09-02,14,0.00099,531.0000000000006,-557.0000000000003,38.940000000000005,12.104047123287671,2.32,2.000000000000668,-3.4840471232881067,-0.15456694438451807
CNY,LONG_QUARTERLY_SHORT_PERP,20,2026-06-04,2026-07-03,29,0.00767,593.9999999999994,-667.9999999999993,99.67,25.072669041095896,2.32,2.000000000000668,-3.7226690410964483,-0.16515321356907497
CNY,LONG_QUARTERLY_SHORT_PERP,5,2026-01-20,2026-01-27,7,0.00541,-256.99999999999966,233.00000000000054,30.54,6.052023561643836,2.32,2.000000000000668,-3.832023561643623,-0.1700046387930997
CNY,LONG_QUARTERLY_SHORT_PERP,5,2026-01-14,2026-01-21,7,0.00451,-253.99999999999955,230.9999999999999,28.8,6.052023561643836,2.32,2.000000000000668,-4.572023561644162,-0.2028341427570644
CNY,LONG_QUARTERLY_SHORT_PERP,3,2026-04-16,2026-04-21,5,0.00879,-182.99999999999983,173.9999999999995,13.010000000000002,4.32287397260274,2.32,2.000000000000668,-4.632873972603747,-0.2055337222270713
CNY,LONG_QUARTERLY_SHORT_PERP,3,2026-05-07,2026-05-12,5,0.01047,-110.99999999999888,102.00000000000031,12.88,4.32287397260274,2.32,2.000000000000668,-4.762873972601971,-0.21130106751795513
CNY,LONG_QUARTERLY_SHORT_PERP,40,2026-05-15,2026-07-13,59,0.00404,466.0000000000011,-623.9999999999987,207.73,51.00991287671233,2.32,2.000000000000668,-5.599912876710675,-0.24843562430229207
CNY,LONG_QUARTERLY_SHORT_PERP,3,2026-01-14,2026-01-19,5,0.00451,-71.99999999999918,55.99999999999916,18.880000000000003,4.32287397260274,2.32,2.000000000000668,-5.762873972603419,-0.2556652620638853
CNY,LONG_QUARTERLY_SHORT_PERP,5,2026-08-21,2026-08-28,7,0.00433,550.0000000000007,-567.9999999999997,22.14,6.052023561643836,2.32,2.000000000000668,-6.23202356164348,-0.27647870570317157
CNY,LONG_QUARTERLY_SHORT_PERP,10,2026-06-16,2026-06-30,14,0.00376,850.9999999999991,-887.9999999999999,46.92,12.104047123287671,2.32,2.000000000000668,-6.5040471232891335,-0.2885468119130787
CNY,LONG_QUARTERLY_SHORT_PERP,20,2026-08-27,2026-09-24,28,0.00486,-256.0000000000002,206.0000000000013,71.95,24.208094246575342,2.32,2.000000000000668,-6.578094246574928,-0.29183185289609137
CNY,LONG_QUARTERLY_SHORT_PERP,3,2026-06-25,2026-06-30,5,0.00835,433.99999999999926,-445.0000000000003,13.06,4.32287397260274,2.32,2.000000000000668,-6.58287397260443,-0.2920439015915402
CNY,LONG_QUARTERLY_SHORT_PERP,10,2026-08-13,2026-08-27,14,0.0059,333.00000000000017,-358.00000000000057,34.71,12.104047123287671,2.32,2.000000000000668,-6.714047123288736,-0.2978632927676929
CNY,LONG_QUARTERLY_SHORT_PERP,3,2026-07-15,2026-07-20,5,0.00477,189.00000000000006,-201.0000000000005,13.870000000000001,4.32287397260274,2.32,2.000000000000668,-6.772873972603861,-0.30047309855522947
CNY,LONG_QUARTERLY_SHORT_PERP,10,2026-08-17,2026-08-31,14,0.00332,96.00000000000009,-122.00000000000166,35.60999999999999,12.104047123287671,2.32,2.000000000000668,-6.8140471232899245,-0.3022997122223322
CNY,LONG_QUARTERLY_SHORT_PERP,3,2026-01-19,2026-01-22,3,0.00606,-344.0000000000012,326.0000000000005,18.07,2.593724383561644,2.32,2.000000000000668,-6.843724383562994,-0.30361631997067495
CNY,LONG_QUARTERLY_SHORT_PERP,5,2026-08-28,2026-09-04,7,0.00311,-131.00000000000023,117.99999999999855,16.400000000000002,6.052023561643836,2.32,2.000000000000668,-6.9720235616461785,-0.3093082096672321
CNY,LONG_QUARTERLY_SHORT_PERP,20,2026-06-08,2026-07-07,29,0.00522,481.9999999999993,-557.9999999999998,98.06,25.072669041095896,2.32,2.000000000000668,-7.332669041097017,-0.32530795587967615
CNY,LONG_QUARTERLY_SHORT_PERP,20,2026-05-04,2026-06-01,28,0.00581,-480.9999999999999,385.9999999999992,116.1,24.208094246575342,2.32,2.000000000000668,-7.428094246576698,-0.329541418260156
CNY,LONG_QUARTERLY_SHORT_PERP,10,2026-07-23,2026-08-06,14,0.00497,496.9999999999999,-521.0000000000008,32.97,12.104047123287671,2.32,2.000000000000668,-7.45404712328925,-0.33069279673165647
CNY,LONG_QUARTERLY_SHORT_PERP,10,2026-07-13,2026-07-27,14,0.00414,186.99999999999937,-216.00000000000108,37.93,12.104047123287671,2.32,2.000000000000668,-7.494047123290045,-0.3324673645135264
CNY,LONG_QUARTERLY_SHORT_PERP,3,2026-01-29,2026-02-03,5,0.01314,290.9999999999986,-319.9999999999985,29.94,4.32287397260274,2.32,2.000000000000668,-7.702873972603349,-0.34173179948286203
CNY,LONG_QUARTERLY_SHORT_PERP,3,2026-08-12,2026-08-17,5,0.00461,317.00000000000017,-326.99999999999994,10.45,4.32287397260274,2.32,2.000000000000668,-8.19287397260318,-0.3634702548103289
CNY,LONG_QUARTERLY_SHORT_PERP,5,2026-06-22,2026-06-29,7,0.004,376.00000000000125,-399.0000000000009,25.15,6.052023561643836,2.32,2.000000000000668,-8.222023561644164,-0.3647634528494751
CNY,LONG_QUARTERLY_SHORT_PERP,3,2026-08-14,2026-08-19,5,0.00123,-108.99999999999999,102.99999999999976,6.41,4.32287397260274,2.32,2.000000000000668,-8.232873972603635,-0.36524482259218366
CNY,LONG_QUARTERLY_SHORT_PERP,3,2026-01-16,2026-01-21,5,0.00388,-214.0000000000004,198.0000000000004,15.98,4.32287397260274,2.32,2.000000000000668,-8.662873972603407,-0.3843214262468959
CNY,LONG_QUARTERLY_SHORT_PERP,10,2026-04-29,2026-05-14,15,0.01441,-194.99999999999852,142.99999999999892,60.5,12.968621917808221,2.32,2.000000000000668,-8.788621917808491,-0.3899001325517171
CNY,LONG_QUARTERLY_SHORT_PERP,10,2026-08-21,2026-09-04,14,0.00433,419.00000000000045,-450.0000000000011,38.54,12.104047123287671,2.32,2.000000000000668,-8.884047123288966,-0.3941335949322321
CNY,LONG_QUARTERLY_SHORT_PERP,5,2026-06-04,2026-06-11,7,0.00767,-250.0,221.99999999999955,29.400000000000002,6.052023561643836,2.32,2.000000000000668,-8.972023561644956,-0.3980365987589097
CNY,LONG_QUARTERLY_SHORT_PERP,3,2026-06-24,2026-06-29,5,0.00508,393.0000000000007,-410.0000000000001,16.61,4.32287397260274,2.32,2.000000000000668,-9.03287397260284,-0.4007361782288411
CNY,LONG_QUARTERLY_SHORT_PERP,3,2026-08-21,2026-08-26,5,0.00433,237.0000000000001,-252.00000000000068,14.169999999999998,4.32287397260274,2.32,2.000000000000668,-9.472873972603978,-0.42025642382907263
CNY,LONG_QUARTERLY_SHORT_PERP,40,2026-06-02,2026-07-29,57,0.00559,865.9999999999997,-1006.9999999999997,184.20999999999998,49.28076328767124,2.32,2.000000000000668,-10.39076328767193,-0.4609778439743189
CNY,LONG_QUARTERLY_SHORT_PERP,5,2026-06-26,2026-07-03,7,0.00446,-16.99999999999946,-6.999999999999673,23.869999999999997,6.052023561643836,2.32,2.000000000000668,-10.50202356164364,-0.4659138164140261
CNY,LONG_QUARTERLY_SHORT_PERP,3,2026-07-07,2026-07-10,3,0.00334,43.00000000000104,-62.000000000001165,15.35,2.593724383561644,2.32,2.000000000000668,-10.563724383562441,-0.4686511236812717
CNY,LONG_QUARTERLY_SHORT_PERP,5,2026-02-05,2026-02-12,7,0.01065,62.000000000001165,-89.99999999999986,27.75,6.052023561643836,2.32,2.000000000000668,-10.622023561643196,-0.4712375197595104
CNY,LONG_QUARTERLY_SHORT_PERP,3,2026-08-13,2026-08-18,5,0.0059,125.0,-134.00000000000034,6.6499999999999995,4.32287397260274,2.32,2.000000000000668,-10.99287397260375,-0.4876899995387787
CNY,SHORT_QUARTERLY_LONG_PERP,5,2026-03-24,2026-03-31,7,-0.00829,-99.0000000000002,86.99999999999974,11.18,6.052023561643836,2.32,2.000000000000668,-11.192023561644959,-0.4965251106507322
CNY,LONG_QUARTERLY_SHORT_PERP,3,2026-08-31,2026-09-03,3,0.00234,150.9999999999998,-166.99999999999983,11.270000000000001,2.593724383561644,2.32,2.000000000000668,-11.64372438356234,-0.5165644537908023
CNY,LONG_QUARTERLY_SHORT_PERP,3,2026-08-25,2026-08-28,3,0.00454,396.0000000000008,-413.9999999999997,13.02,2.593724383561644,2.32,2.000000000000668,-11.893724383561233,-0.5276555024272198
CNY,LONG_QUARTERLY_SHORT_PERP,5,2026-07-20,2026-07-27,7,0.00369,-108.00000000000054,90.9999999999993,14.959999999999999,6.052023561643836,2.32,2.000000000000668,-12.412023561645741,-0.5506494279967232
CNY,LONG_QUARTERLY_SHORT_PERP,3,2026-08-06,2026-08-11,5,0.00707,142.99999999999892,-155.9999999999988,8.910000000000002,4.32287397260274,2.32,2.000000000000668,-12.732873972603294,-0.5648836980485652
CNY,LONG_QUARTERLY_SHORT_PERP,5,2026-05-22,2026-05-29,7,0.00514,-76.99999999999996,44.99999999999993,29.51,6.052023561643836,2.32,2.000000000000668,-12.86202356164453,-0.5706133155423092
CNY,LONG_QUARTERLY_SHORT_PERP,10,2026-09-07,2026-09-21,14,0.00242,-429.9999999999997,397.99999999999966,35.22,12.104047123287671,2.32,2.000000000000668,-13.204047123288397,-0.5857869153703477
CNY,LONG_QUARTERLY_SHORT_PERP,5,2026-09-17,2026-09-24,7,0.00642,4.000000000001336,-26.999999999999247,20.11,6.052023561643836,2.32,2.000000000000668,-13.262023561642415,-0.5883589933605617
CNY,LONG_QUARTERLY_SHORT_PERP,10,2026-07-31,2026-08-14,14,0.00223,762.0000000000005,-795.9999999999993,37.07,12.104047123287671,2.32,2.000000000000668,-13.354047123287202,-0.5924415445521746
CNY,LONG_QUARTERLY_SHORT_PERP,10,2026-07-30,2026-08-13,14,0.00525,663.9999999999997,-698.9999999999999,38.07,12.104047123287671,2.32,2.000000000000668,-13.354047123288566,-0.5924415445522351
CNY,LONG_QUARTERLY_SHORT_PERP,5,2026-03-03,2026-03-10,7,0.0031,299.9999999999989,-320.9999999999997,17.98,6.052023561643836,2.32,2.000000000000668,-13.3920235616453,-0.5941263386516522
CNY,LONG_QUARTERLY_SHORT_PERP,3,2026-07-10,2026-07-15,5,0.0048,96.00000000000009,-113.99999999999899,13.239999999999998,4.32287397260274,2.32,2.000000000000668,-13.402873972602315,-0.5946077083942519
CNY,LONG_QUARTERLY_SHORT_PERP,10,2026-07-14,2026-07-28,14,0.00433,160.00000000000014,-192.9999999999996,35.89,12.104047123287671,2.32,2.000000000000668,-13.534047123287799,-0.6004270995704569
CNY,LONG_QUARTERLY_SHORT_PERP,5,2026-07-07,2026-07-14,7,0.00334,184.00000000000105,-211.00000000000028,23.819999999999997,6.052023561643836,2.32,2.000000000000668,-13.55202356164374,-0.6012246097789217
CNY,LONG_QUARTERLY_SHORT_PERP,3,2026-05-22,2026-05-27,5,0.00514,-79.00000000000063,57.99999999999983,16.07,4.32287397260274,2.32,2.000000000000668,-13.572873972604203,-0.6021496214671329
CNY,LONG_QUARTERLY_SHORT_PERP,3,2026-01-13,2026-01-16,3,0.00427,-122.99999999999933,99.0000000000002,17.330000000000002,2.593724383561644,2.32,2.000000000000668,-13.583724383561444,-0.6026309912097425
CNY,LONG_QUARTERLY_SHORT_PERP,3,2026-03-30,2026-04-02,3,0.00076,-121.99999999999989,115.99999999999966,-0.8900000000000001,2.593724383561644,2.32,2.000000000000668,-13.80372438356254,-0.6123911140098817
CNY,LONG_QUARTERLY_SHORT_PERP,5,2026-07-31,2026-08-07,7,0.00223,477.00000000000034,-500.0,18.950000000000003,6.052023561643836,2.32,2.000000000000668,-14.42202356164416,-0.6398214590338436
CNY,LONG_QUARTERLY_SHORT_PERP,3,2026-09-17,2026-09-22,5,0.00642,3.0000000000001137,-18.000000000000682,9.2,4.32287397260274,2.32,2.000000000000668,-14.442873972603977,-0.6407464707220262
CNY,LONG_QUARTERLY_SHORT_PERP,10,2026-08-25,2026-09-08,14,0.00454,243.00000000000034,-275.9999999999998,34.62,12.104047123287671,2.32,2.000000000000668,-14.804047123287774,-0.6567696266437055
CNY,LONG_QUARTERLY_SHORT_PERP,5,2026-08-12,2026-08-19,7,0.00461,118.00000000000033,-136.00000000000102,13.54,6.052023561643836,2.32,2.000000000000668,-14.832023561645201,-0.6580107787976949
CNY,LONG_QUARTERLY_SHORT_PERP,5,2026-05-20,2026-05-27,7,0.00711,-18.000000000000682,-14.000000000001123,27.369999999999997,6.052023561643836,2.32,2.000000000000668,-15.002023561646311,-0.6655526918705413
CNY,LONG_QUARTERLY_SHORT_PERP,10,2026-08-11,2026-08-25,14,0.00388,211.99999999999974,-246.00000000000045,35.31,12.104047123287671,2.32,2.000000000000668,-15.114047123289048,-0.6705225269529804
CNY,LONG_QUARTERLY_SHORT_PERP,10,2026-07-15,2026-07-29,14,0.00477,318.9999999999991,-352.9999999999998,35.089999999999996,12.104047123287671,2.32,2.000000000000668,-15.334047123289025,-0.68028264975307
CNY,LONG_QUARTERLY_SHORT_PERP,3,2026-07-01,2026-07-06,5,0.00493,-301.00000000000017,278.9999999999999,15.209999999999999,4.32287397260274,2.32,2.000000000000668,-15.432873972603694,-0.6846670233224209
CNY,LONG_QUARTERLY_SHORT_PERP,3,2026-09-22,2026-09-25,3,0.00389,-106.99999999999932,82.00000000000074,16.47,2.593724383561644,2.32,2.000000000000668,-15.443724383560893,-0.6851483930650287
CNY,LONG_QUARTERLY_SHORT_PERP,3,2026-01-20,2026-01-23,3,0.00541,-317.9999999999996,292.0000000000016,17.46,2.593724383561644,2.32,2.000000000000668,-15.453724383560322,-0.6855920350104621
CNY,LONG_QUARTERLY_SHORT_PERP,3,2026-03-31,2026-04-03,3,0.00123,-262.9999999999999,254.999999999999,-0.5600000000000002,2.593724383561644,2.32,2.000000000000668,-15.473724383563194,-0.6864793189015067
CNY,LONG_QUARTERLY_SHORT_PERP,3,2026-07-02,2026-07-07,5,0.0076,-216.00000000000108,198.0000000000004,10.95,4.32287397260274,2.32,2.000000000000668,-15.69287397260409,-0.6962017139043636
CNY,LONG_QUARTERLY_SHORT_PERP,20,2026-07-30,2026-08-27,28,0.00525,996.9999999999999,-1057.0000000000005,72.78,24.208094246575342,2.32,2.000000000000668,-15.748094246576578,-0.6986515168817551
CNY,LONG_QUARTERLY_SHORT_PERP,3,2026-04-10,2026-04-15,5,0.00332,-170.99999999999937,152.9999999999987,10.7,4.32287397260274,2.32,2.000000000000668,-15.94287397260409,-0.7072927625408301
CNY,LONG_QUARTERLY_SHORT_PERP,3,2026-03-03,2026-03-06,3,0.0031,203.99999999999886,-224.99999999999966,11.92,2.593724383561644,2.32,2.000000000000668,-15.993724383563109,-0.7095487000653532
CNY,LONG_QUARTERLY_SHORT_PERP,40,2026-05-18,2026-07-14,57,0.0045,689.9999999999995,-859.9999999999994,207.56,49.28076328767124,2.32,2.000000000000668,-16.040763287671794,-0.7116355431584552
CNY,LONG_QUARTERLY_SHORT_PERP,3,2026-03-05,2026-03-10,5,0.0059,55.99999999999916,-71.99999999999918,8.53,4.32287397260274,2.32,2.000000000000668,-16.112873972603424,-0.7148346756135977
CNY,LONG_QUARTERLY_SHORT_PERP,5,2026-06-11,2026-06-19,8,0.00446,182.99999999999983,-208.99999999999963,21.05,6.916598356164385,2.32,2.000000000000668,-16.186598356164854,-0.7181053985086912
CNY,LONG_QUARTERLY_SHORT_PERP,40,2026-07-22,2026-09-16,56,0.0034,929.9999999999998,-1030.9999999999989,137.49,48.416188493150685,2.32,2.000000000000668,-16.246188493150434,-0.7207490669389341
CNY,LONG_QUARTERLY_SHORT_PERP,3,2026-09-02,2026-09-07,5,0.00338,-105.00000000000043,87.00000000000152,10.059999999999999,4.32287397260274,2.32,2.000000000000668,-16.582873972602314,-0.7356858470501054
CNY,LONG_QUARTERLY_SHORT_PERP,20,2026-08-06,2026-09-03,28,0.00707,760.9999999999992,-820.0000000000002,70.85,24.208094246575342,2.32,2.000000000000668,-16.67809424657704,-0.7399102178094309
CNY,LONG_QUARTERLY_SHORT_PERP,5,2026-07-30,2026-08-06,7,0.00525,307.99999999999983,-333.00000000000017,18.65,6.052023561643836,2.32,2.000000000000668,-16.722023561644846,-0.7418591064893657
CNY,LONG_QUARTERLY_SHORT_PERP,3,2026-07-14,2026-07-17,3,0.00433,70.00000000000028,-95.00000000000064,14.95,2.593724383561644,2.32,2.000000000000668,-16.96372438356267,-0.7525819687748238
CNY,LONG_QUARTERLY_SHORT_PERP,3,2026-07-27,2026-07-30,3,0.00193,184.00000000000105,-205.99999999999952,11.51,2.593724383561644,2.32,2.000000000000668,-17.403724383560778,-0.7721022143749208
CNY,LONG_QUARTERLY_SHORT_PERP,20,2026-08-10,2026-09-07,28,0.0025,657.0,-716.9999999999987,71.03,24.208094246575342,2.32,2.000000000000668,-17.49809424657476,-0.7762888573369398
CNY,LONG_QUARTERLY_SHORT_PERP,5,2026-08-27,2026-09-03,7,0.00486,71.99999999999918,-96.00000000000009,16.72,6.052023561643836,2.32,2.000000000000668,-17.652023561645414,-0.7831178074170463
CNY,LONG_QUARTERLY_SHORT_PERP,5,2026-09-08,2026-09-15,7,0.00278,-225.9999999999991,202.9999999999994,15.51,6.052023561643836,2.32,2.000000000000668,-17.862023561644193,-0.7924342882716238
CNY,LONG_QUARTERLY_SHORT_PERP,40,2026-07-30,2026-09-24,56,0.00525,740.9999999999997,-850.9999999999991,144.73,48.416188493150685,2.32,2.000000000000668,-18.006188493150795,-0.7988300493396742
CNY,LONG_QUARTERLY_SHORT_PERP,20,2026-06-18,2026-07-16,28,0.00187,705.0000000000001,-790.0000000000009,95.19,24.208094246575342,2.32,2.000000000000668,-18.33809424657681,-0.8135547807555581
CNY,LONG_QUARTERLY_SHORT_PERP,20,2026-07-22,2026-08-19,28,0.0034,827.0,-881.9999999999997,65.0,24.208094246575342,2.32,2.000000000000668,-18.52809424657567,-0.8219839777192219
CNY,LONG_QUARTERLY_SHORT_PERP,3,2026-03-04,2026-03-09,5,0.00355,-29.99999999999936,8.000000000000895,12.01,4.32287397260274,2.32,2.000000000000668,-18.632873972601875,-0.8266324458691111
CNY,LONG_QUARTERLY_SHORT_PERP,20,2026-07-24,2026-08-21,28,0.00088,808.9999999999993,-866.9999999999991,67.19,24.208094246575342,2.32,2.000000000000668,-19.338094246575785,-0.8579189753013786
CNY,LONG_QUARTERLY_SHORT_PERP,5,2026-08-31,2026-09-07,7,0.00234,131.00000000000023,-156.99999999999824,16.48,6.052023561643836,2.32,2.000000000000668,-19.892023561642514,-0.8824936031996572
CNY,LONG_QUARTERLY_SHORT_PERP,5,2026-07-10,2026-07-17,7,0.0048,211.00000000000028,-243.99999999999977,23.419999999999998,6.052023561643836,2.32,2.000000000000668,-19.952023561643994,-0.8851554548724747
CNY,LONG_QUARTERLY_SHORT_PERP,5,2026-08-18,2026-08-25,7,0.0021,-126.00000000000122,98.00000000000075,18.15,6.052023561643836,2.32,2.000000000000668,-20.222023561644974,-0.897133787399902
CNY,LONG_QUARTERLY_SHORT_PERP,3,2026-07-31,2026-08-05,5,0.00223,230.9999999999999,-251.9999999999989,9.350000000000001,4.32287397260274,2.32,2.000000000000668,-20.29287397260241,-0.9002770088152723
CNY,LONG_QUARTERLY_SHORT_PERP,5,2026-09-07,2026-09-14,7,0.00242,-354.00000000000097,327.99999999999943,15.880000000000003,6.052023561643836,2.32,2.000000000000668,-20.492023561646036,-0.909112119927333
CNY,LONG_QUARTERLY_SHORT_PERP,3,2026-05-25,2026-05-28,3,0.00519,-175.0000000000007,142.00000000000125,19.2,2.593724383561644,2.32,2.000000000000668,-20.71372438356177,-0.9189476983217811
CNY,LONG_QUARTERLY_SHORT_PERP,5,2026-09-18,2026-09-25,7,0.00313,-99.0000000000002,66.00000000000072,22.54,6.052023561643836,2.32,2.000000000000668,-20.83202356164398,-0.9241959460728361
CNY,LONG_QUARTERLY_SHORT_PERP,10,2026-06-04,2026-06-19,15,0.00767,-67.00000000000017,12.9999999999999,50.45,12.968621917808221,2.32,2.000000000000668,-20.838621917809157,-0.9244886768294309
CNY,LONG_QUARTERLY_SHORT_PERP,3,2026-02-05,2026-02-10,5,0.01065,64.00000000000006,-88.99999999999864,12.459999999999999,4.32287397260274,2.32,2.000000000000668,-21.18287397260199,-0.9397611419610742
CNY,LONG_QUARTERLY_SHORT_PERP,10,2026-07-08,2026-07-22,14,0.00363,294.99999999999994,-346.0000000000001,46.01,12.104047123287671,2.32,2.000000000000668,-21.414047123288512,-0.950016952591912
CNY,LONG_QUARTERLY_SHORT_PERP,10,2026-07-22,2026-08-05,14,0.0034,404.9999999999994,-440.999999999999,30.87,12.104047123287671,2.32,2.000000000000668,-21.55404712328794,-0.9562279398283078
CNY,LONG_QUARTERLY_SHORT_PERP,20,2026-06-11,2026-07-10,29,0.00446,638.9999999999993,-724.9999999999997,93.83,25.072669041095896,2.32,2.000000000000668,-21.562669041096907,-0.9566104442673433
CNY,LONG_QUARTERLY_SHORT_PERP,3,2026-09-03,2026-09-08,5,0.00485,-163.00000000000026,142.00000000000125,7.99,4.32287397260274,2.32,2.000000000000668,-21.652873972602414,-0.9606123133976501
CNY,LONG_QUARTERLY_SHORT_PERP,40,2026-07-31,2026-09-25,56,0.00223,663.0000000000002,-779.9999999999993,148.06,48.416188493150685,2.32,2.000000000000668,-21.67618849315044,-0.9616466433229864
CNY,LONG_QUARTERLY_SHORT_PERP,5,2026-05-05,2026-05-12,7,0.0066,-244.9999999999992,204.00000000000063,29.23,6.052023561643836,2.32,2.000000000000668,-22.142023561643082,-0.9823130409278806
CNY,LONG_QUARTERLY_SHORT_PERP,3,2026-01-12,2026-01-15,3,0.00372,-144.0000000000001,111.00000000000065,17.72,2.593724383561644,2.32,2.000000000000668,-22.193724383561772,-0.9846067062496626
CNY,LONG_QUARTERLY_SHORT_PERP,10,2026-08-07,2026-08-21,14,0.00253,61.99999999999939,-100.99999999999909,32.57,12.104047123287671,2.32,2.000000000000668,-22.85404712328804,-1.0139013927379381
CNY,LONG_QUARTERLY_SHORT_PERP,10,2026-07-02,2026-07-16,14,0.0076,67.00000000000017,-120.000000000001,46.379999999999995,12.104047123287671,2.32,2.000000000000668,-23.044047123289168,-1.0223305897017025
CNY,LONG_QUARTERLY_SHORT_PERP,40,2026-06-03,2026-07-30,57,0.00498,741.0000000000015,-894.9999999999995,184.48000000000002,49.28076328767124,2.32,2.000000000000668,-23.12076328766996,-1.0257340405431046
CNY,LONG_QUARTERLY_SHORT_PERP,10,2026-08-26,2026-09-09,14,0.00505,37.00000000000081,-75.99999999999874,32.129999999999995,12.104047123287671,2.32,2.000000000000668,-23.29404712328627,-1.0334216383380403
CNY,LONG_QUARTERLY_SHORT_PERP,3,2026-04-29,2026-05-05,6,0.01441,112.0000000000001,-143.00000000000068,17.16,5.187448767123288,2.32,2.000000000000668,-23.34744876712454,-1.0357907592543505
CNY,LONG_QUARTERLY_SHORT_PERP,3,2026-09-04,2026-09-09,5,0.00279,-144.99999999999957,122.00000000000166,7.76,4.32287397260274,2.32,2.000000000000668,-23.88287397260132,-1.0595444672348826
CNY,LONG_QUARTERLY_SHORT_PERP,5,2026-08-14,2026-08-21,7,0.00123,-223.00000000000074,195.00000000000028,14.45,6.052023561643836,2.32,2.000000000000668,-23.92202356164496,-1.0612813072196055
CNY,LONG_QUARTERLY_SHORT_PERP,40,2026-06-23,2026-08-18,56,0.00346,1509.9999999999998,-1644.9999999999995,163.61999999999998,48.416188493150685,2.32,2.000000000000668,-24.11618849315115,-1.0698952780149307
CNY,LONG_QUARTERLY_SHORT_PERP,3,2026-06-04,2026-06-09,5,0.00767,-275.00000000000034,243.00000000000034,16.01,4.32287397260274,2.32,2.000000000000668,-24.632873972603406,-1.0928176131443745
CNY,LONG_QUARTERLY_SHORT_PERP,40,2026-07-29,2026-09-23,56,0.00397,787.0000000000008,-906.0000000000006,146.96,48.416188493150685,2.32,2.000000000000668,-24.776188493151118,-1.0991756464152007
CNY,LONG_QUARTERLY_SHORT_PERP,3,2026-05-05,2026-05-08,3,0.0066,-168.9999999999987,131.00000000000023,20.04,2.593724383561644,2.32,2.000000000000668,-24.873724383560777,-1.1035027476325392
CNY,LONG_QUARTERLY_SHORT_PERP,5,2026-02-06,2026-02-13,7,0.00356,-74.00000000000162,35.00000000000014,24.43,6.052023561643836,2.32,2.000000000000668,-24.942023561645982,-1.106532785656434
CNY,LONG_QUARTERLY_SHORT_PERP,5,2026-08-19,2026-08-26,7,0.00099,122.99999999999933,-160.00000000000014,22.21,6.052023561643836,2.32,2.000000000000668,-25.162023561645313,-1.1162929084564948
CNY,LONG_QUARTERLY_SHORT_PERP,5,2026-01-28,2026-02-04,7,0.01015,-38.000000000000256,-28.999999999999915,52.11000000000001,6.052023561643836,2.32,2.000000000000668,-25.262023561644668,-1.1207293279110526
CNY,LONG_QUARTERLY_SHORT_PERP,20,2026-06-19,2026-07-17,28,0.00233,666.9999999999998,-759.9999999999998,96.19999999999999,24.208094246575342,2.32,2.000000000000668,-25.328094246576022,-1.123660500631126
CNY,LONG_QUARTERLY_SHORT_PERP,5,2026-01-15,2026-01-22,7,0.00894,-377.0000000000007,333.99999999999966,28.01,6.052023561643836,2.32,2.000000000000668,-25.362023561645525,-1.1251657473656773
CNY,LONG_QUARTERLY_SHORT_PERP,3,2026-02-11,2026-02-16,5,0.00345,-51.9999999999996,22.00000000000024,13.2,4.32287397260274,2.32,2.000000000000668,-25.44287397260277,-1.1287526107264978
CNY,LONG_QUARTERLY_SHORT_PERP,20,2026-08-11,2026-09-08,28,0.00388,455.00000000000006,-522.0000000000002,69.93,24.208094246575342,2.32,2.000000000000668,-25.598094246576174,-1.1356388331585163
CNY,LONG_QUARTERLY_SHORT_PERP,10,2026-08-14,2026-08-28,14,0.00123,326.99999999999994,-372.9999999999993,36.589999999999996,12.104047123287671,2.32,2.000000000000668,-25.834047123287718,-1.1461066924846042
CNY,LONG_QUARTERLY_SHORT_PERP,5,2026-07-02,2026-07-09,7,0.0076,-249.00000000000057,211.99999999999974,21.5,6.052023561643836,2.32,2.000000000000668,-25.872023561645328,-1.1477914865840604
CNY,LONG_QUARTERLY_SHORT_PERP,3,2026-08-18,2026-08-21,3,0.0021,-280.00000000000114,252.00000000000068,9.03,2.593724383561644,2.32,2.000000000000668,-25.883724383562765,-1.148310584123952
CNY,LONG_QUARTERLY_SHORT_PERP,3,2026-03-06,2026-03-11,5,0.00247,101.00000000000087,-127.00000000000067,8.6,4.32287397260274,2.32,2.000000000000668,-26.042873972603207,-1.1553711274540368
CNY,LONG_QUARTERLY_SHORT_PERP,20,2026-07-21,2026-08-18,28,0.00378,927.0000000000014,-992.0000000000009,67.41,24.208094246575342,2.32,2.000000000000668,-26.11809424657556,-1.1587082143223395
CNY,LONG_QUARTERLY_SHORT_PERP,3,2026-09-08,2026-09-11,3,0.00278,-285.9999999999996,256.0000000000002,10.74,2.593724383561644,2.32,2.000000000000668,-26.173724383561684,-1.161176200542205
CNY,SHORT_QUARTERLY_LONG_PERP,3,2026-02-24,2026-02-27,3,-0.0001,-144.0000000000001,131.99999999999966,-7.460000000000001,2.593724383561644,2.32,2.000000000000668,-26.373724383562767,-1.1700490394514262
CNY,LONG_QUARTERLY_SHORT_PERP,5,2026-09-04,2026-09-11,7,0.00279,-307.99999999999983,276.0000000000016,15.94,6.052023561643836,2.32,2.000000000000668,-26.432023561642744,-1.1726354355296305
CNY,LONG_QUARTERLY_SHORT_PERP,20,2026-06-22,2026-07-20,28,0.004,566.0000000000007,-660.0000000000001,95.89,24.208094246575342,2.32,2.000000000000668,-26.63809424657544,-1.1817775954861844
CNY,LONG_QUARTERLY_SHORT_PERP,3,2026-07-30,2026-08-04,5,0.00525,167.99999999999926,-193.99999999999906,7.9700000000000015,4.32287397260274,2.32,2.000000000000668,-26.672873972603206,-1.1833205700179321
CNY,LONG_QUARTERLY_SHORT_PERP,5,2026-07-03,2026-07-10,7,0.00274,-205.00000000000006,164.99999999999915,23.560000000000002,6.052023561643836,2.32,2.000000000000668,-26.81202356164541,-1.189493829457178
CNY,LONG_QUARTERLY_SHORT_PERP,3,2026-09-16,2026-09-21,5,0.0052,-106.99999999999932,76.99999999999996,11.73,4.32287397260274,2.32,2.000000000000668,-26.912873972602767,-1.1939679767089206
CNY,LONG_QUARTERLY_SHORT_PERP,3,2026-08-19,2026-08-24,5,0.00099,31.000000000000583,-61.99999999999939,12.62,4.32287397260274,2.32,2.000000000000668,-27.022873972602216,-1.1988480381089412
CNY,LONG_QUARTERLY_SHORT_PERP,3,2026-07-06,2026-07-09,3,0.00487,25.9999999999998,-60.0000000000005,13.889999999999999,2.593724383561644,2.32,2.000000000000668,-27.023724383563007,-1.1988857659062497
CNY,LONG_QUARTERLY_SHORT_PERP,10,2026-06-17,2026-07-01,14,0.00877,635.9999999999992,-689.9999999999995,43.08,12.104047123287671,2.32,2.000000000000668,-27.344047123288682,-1.2130966262489045
CNY,LONG_QUARTERLY_SHORT_PERP,20,2026-08-07,2026-09-04,28,0.00253,480.9999999999999,-551.0000000000001,71.11000000000001,24.208094246575342,2.32,2.000000000000668,-27.418094246576224,-1.2163816672319947
CNY,LONG_QUARTERLY_SHORT_PERP,5,2026-02-10,2026-02-17,7,0.00436,-192.00000000000017,157.9999999999995,16.9,6.052023561643836,2.32,2.000000000000668,-27.472023561645187,-1.2187741978574396
CNY,LONG_QUARTERLY_SHORT_PERP,10,2026-06-29,2026-07-13,14,0.0038,-105.00000000000043,46.00000000000115,47.77,12.104047123287671,2.32,2.000000000000668,-27.65404712328761,-1.2268495265580754
CNY,LONG_QUARTERLY_SHORT_PERP,5,2026-07-14,2026-07-21,7,0.00433,81.99999999999896,-121.99999999999989,22.419999999999998,6.052023561643836,2.32,2.000000000000668,-27.95202356164543,-1.240069011239466
CNY,LONG_QUARTERLY_SHORT_PERP,10,2026-07-29,2026-08-12,14,0.00397,451.0000000000005,-500.0,37.42,12.104047123287671,2.32,2.000000000000668,-28.004047123287826,-1.2423769946491379
CNY,LONG_QUARTERLY_SHORT_PERP,3,2026-08-17,2026-08-20,3,0.00332,-330.00000000000006,301.9999999999996,6.800000000000001,2.593724383561644,2.32,2.000000000000668,-28.113724383562765,-1.247242737961233
CNY,LONG_QUARTERLY_SHORT_PERP,10,2026-01-12,2026-01-26,14,0.00372,-336.0000000000003,268.0000000000007,55.84,12.104047123287671,2.32,2.000000000000668,-28.584047123287938,-1.2681082274857451
CNY,LONG_QUARTERLY_SHORT_PERP,3,2026-07-17,2026-07-22,5,0.00334,-54.00000000000027,22.999999999999687,10.87,4.32287397260274,2.32,2.000000000000668,-28.772873972603993,-1.2764853785642856
CNY,LONG_QUARTERLY_SHORT_PERP,10,2026-08-10,2026-08-24,14,0.0025,262.00000000000045,-308.99999999999926,34.65,12.104047123287671,2.32,2.000000000000668,-28.774047123287147,-1.2765374244494245
CNY,LONG_QUARTERLY_SHORT_PERP,20,2026-06-09,2026-07-08,29,0.00619,525.9999999999998,-621.0000000000005,95.5,25.072669041095896,2.32,2.000000000000668,-28.892669041097246,-1.2817999902885557
CNY,LONG_QUARTERLY_SHORT_PERP,10,2026-08-28,2026-09-11,14,0.00311,-439.00000000000006,394.0000000000001,32.34,12.104047123287671,2.32,2.000000000000668,-29.08404712328828,-1.2902903247586932
CNY,LONG_QUARTERLY_SHORT_PERP,3,2026-05-26,2026-05-29,3,0.00468,-24.99999999999858,-17.000000000001236,19.639999999999997,2.593724383561644,2.32,2.000000000000668,-29.27372438356213,-1.2987052036344091
CNY,LONG_QUARTERLY_SHORT_PERP,5,2026-04-30,2026-05-08,8,0.00475,-106.99999999999932,55.99999999999916,32.45,6.916598356164385,2.32,2.000000000000668,-29.786598356165207,-1.3214584443324833
CNY,LONG_QUARTERLY_SHORT_PERP,3,2026-07-16,2026-07-21,5,0.00684,-17.000000000001236,-14.999999999998792,10.81,4.32287397260274,2.32,2.000000000000668,-29.832873972603434,-1.3235114247828785
CNY,LONG_QUARTERLY_SHORT_PERP,10,2026-07-17,2026-07-31,14,0.00334,119.99999999999922,-166.00000000000037,32.39,12.104047123287671,2.32,2.000000000000668,-30.03404712328949,-1.3324363095773195
CNY,LONG_QUARTERLY_SHORT_PERP,10,2026-08-06,2026-08-20,14,0.00707,183.99999999999926,-228.9999999999992,30.770000000000003,12.104047123287671,2.32,2.000000000000668,-30.65404712328828,-1.3599421101957028
CNY,SHORT_QUARTERLY_LONG_PERP,20,2026-03-17,2026-04-14,28,-0.00359,911.0000000000014,-971.9999999999995,58.82000000000001,24.208094246575342,2.32,2.000000000000668,-30.708094246574184,-1.362339867287803
CNY,LONG_QUARTERLY_SHORT_PERP,20,2026-06-29,2026-07-27,28,0.0038,81.99999999999896,-169.99999999999994,85.7,24.208094246575342,2.32,2.000000000000668,-30.82809424657699,-1.3676635706334312
CNY,LONG_QUARTERLY_SHORT_PERP,3,2026-04-09,2026-04-14,5,0.00863,-284.0000000000007,251.9999999999989,9.59,4.32287397260274,2.32,2.000000000000668,-31.052873972605198,-1.3776357421289134
CNY,LONG_QUARTERLY_SHORT_PERP,20,2026-05-28,2026-06-26,29,0.00832,913.0000000000002,-1018.0000000000007,102.98,25.072669041095896,2.32,2.000000000000668,-31.412669041097015,-1.3935977605441274
CNY,LONG_QUARTERLY_SHORT_PERP,3,2026-06-30,2026-07-03,3,0.0048,-164.99999999999915,124.00000000000055,15.270000000000001,2.593724383561644,2.32,2.000000000000668,-32.6437243835609,-1.448212539253923
CNY,LONG_QUARTERLY_SHORT_PERP,3,2026-07-21,2026-07-24,3,0.00378,-161.99999999999903,126.99999999999889,9.25,2.593724383561644,2.32,2.000000000000668,-32.66372438356245,-1.449099823144909
CNY,LONG_QUARTERLY_SHORT_PERP,10,2026-07-21,2026-08-04,14,0.00378,306.0000000000009,-352.9999999999998,30.66,12.104047123287671,2.32,2.000000000000668,-32.7640471232872,-1.453550560687432
CNY,LONG_QUARTERLY_SHORT_PERP,10,2026-06-26,2026-07-10,14,0.00446,-221.99999999999955,157.9999999999995,47.43,12.104047123287671,2.32,2.000000000000668,-32.9940471232884,-1.4637543254330343
CNY,LONG_QUARTERLY_SHORT_PERP,3,2026-07-28,2026-07-31,3,0.00229,29.99999999999936,-68.00000000000139,11.45,2.593724383561644,2.32,2.000000000000668,-33.46372438356434,-1.4845911787816854
CNY,LONG_QUARTERLY_SHORT_PERP,5,2026-08-17,2026-08-24,7,0.00332,-167.99999999999926,128.99999999999955,15.709999999999999,6.052023561643836,2.32,2.000000000000668,-33.66202356164422,-1.4933885620963065
CNY,LONG_QUARTERLY_SHORT_PERP,10,2026-05-21,2026-06-04,14,0.00616,312.00000000000114,-386.000000000001,56.709999999999994,12.104047123287671,2.32,2.000000000000668,-33.71404712328823,-1.4956965455060505
CNY,LONG_QUARTERLY_SHORT_PERP,20,2026-07-23,2026-08-20,28,0.00497,680.9999999999992,-750.0,63.74,24.208094246575342,2.32,2.000000000000668,-33.788094246576804,-1.4989815864891862
CNY,LONG_QUARTERLY_SHORT_PERP,5,2026-08-13,2026-08-20,7,0.0059,-172.0000000000006,137.00000000000045,11.350000000000001,6.052023561643836,2.32,2.000000000000668,-34.022023561644644,-1.509359672132837
CNY,LONG_QUARTERLY_SHORT_PERP,10,2026-07-06,2026-07-20,14,0.00487,387.00000000000045,-451.0000000000005,45.8,12.104047123287671,2.32,2.000000000000668,-34.6240471232884,-1.5360679625427958
CNY,LONG_QUARTERLY_SHORT_PERP,5,2026-05-29,2026-06-05,7,0.00512,328.99999999999886,-379.999999999999,26.66,6.052023561643836,2.32,2.000000000000668,-34.712023561644614,-1.5399709663694834
CNY,LONG_QUARTERLY_SHORT_PERP,3,2026-07-20,2026-07-23,3,0.00369,-112.99999999999955,73.0000000000004,12.149999999999999,2.593724383561644,2.32,2.000000000000668,-34.76372438356146,-1.5422646316911834
CNY,LONG_QUARTERLY_SHORT_PERP,40,2026-07-08,2026-09-02,56,0.00363,1653.0000000000005,-1785.0000000000002,149.95,48.416188493150685,2.32,2.000000000000668,-34.78618849315114,-1.5432612338193195
CNY,LONG_QUARTERLY_SHORT_PERP,20,2026-07-31,2026-08-28,28,0.00223,1089.0000000000005,-1168.9999999999986,73.66,24.208094246575342,2.32,2.000000000000668,-34.868094246574195,-1.5468949165986057
CNY,LONG_QUARTERLY_SHORT_PERP,3,2026-09-07,2026-09-10,3,0.00242,-416.99999999999983,377.99999999999835,10.950000000000001,2.593724383561644,2.32,2.000000000000668,-34.963724383563786,-1.55113747060046
CNY,LONG_QUARTERLY_SHORT_PERP,10,2026-01-09,2026-01-23,14,0.00256,-435.99999999999994,363.0000000000013,54.25,12.104047123287671,2.32,2.000000000000668,-35.174047123286975,-1.5604682695429588
CNY,LONG_QUARTERLY_SHORT_PERP,5,2026-07-15,2026-07-22,7,0.00477,60.99999999999994,-107.0000000000011,21.05,6.052023561643836,2.32,2.000000000000668,-35.32202356164565,-1.5670331250425076
CNY,LONG_QUARTERLY_SHORT_PERP,20,2026-05-29,2026-06-29,31,0.00512,785.0000000000001,-891.0,101.66,26.801818630136992,2.32,2.000000000000668,-35.46181863013755,-1.5732350206576349
CNY,LONG_QUARTERLY_SHORT_PERP,10,2026-01-22,2026-02-05,14,0.00815,134.99999999999977,-245.000000000001,90.78999999999999,12.104047123287671,2.32,2.000000000000668,-35.63404712328957,-1.5808757990341722
CNY,LONG_QUARTERLY_SHORT_PERP,10,2026-08-12,2026-08-26,14,0.00461,240.99999999999966,-296.00000000000114,35.75,12.104047123287671,2.32,2.000000000000668,-35.67404712328982,-1.582650366816018
CNY,LONG_QUARTERLY_SHORT_PERP,10,2026-07-16,2026-07-30,14,0.00684,121.00000000000044,-173.9999999999995,33.5,12.104047123287671,2.32,2.000000000000668,-35.92404712328739,-1.5937414154523766
CNY,LONG_QUARTERLY_SHORT_PERP,3,2026-05-04,2026-05-07,3,0.00581,-120.000000000001,67.99999999999962,22.95,2.593724383561644,2.32,2.000000000000668,-35.96372438356369,-1.5955016651463212
CNY,LONG_QUARTERLY_SHORT_PERP,10,2026-08-31,2026-09-14,14,0.00234,-223.00000000000074,171.00000000000114,32.36,12.104047123287671,2.32,2.000000000000668,-36.06404712328794,-1.5999524026888226
CNY,LONG_QUARTERLY_SHORT_PERP,10,2026-07-07,2026-07-21,14,0.00334,266.0,-333.00000000000017,46.239999999999995,12.104047123287671,2.32,2.000000000000668,-37.184047123288515,-1.6496403005802178
CNY,LONG_QUARTERLY_SHORT_PERP,10,2026-07-27,2026-08-10,14,0.00193,576.0000000000005,-631.9999999999997,35.19,12.104047123287671,2.32,2.000000000000668,-37.234047123287546,-1.6518585103074679
CNY,LONG_QUARTERLY_SHORT_PERP,5,2026-02-09,2026-02-16,7,0.00454,-83.99999999999963,35.99999999999959,21.01,6.052023561643836,2.32,2.000000000000668,-37.36202356164454,-1.6575360819160248
CNY,LONG_QUARTERLY_SHORT_PERP,10,2026-05-18,2026-06-01,14,0.0045,-60.0000000000005,-19.000000000000128,57.62,12.104047123287671,2.32,2.000000000000668,-37.80404712328897,-1.6771461011986746
CNY,LONG_QUARTERLY_SHORT_PERP,5,2026-03-06,2026-03-13,7,0.00247,227.0000000000003,-268.0000000000007,13.48,6.052023561643836,2.32,2.000000000000668,-37.89202356164487,-1.6810491050253482
CNY,LONG_QUARTERLY_SHORT_PERP,3,2026-02-12,2026-02-17,5,0.01184,-190.00000000000128,159.00000000000068,1.6099999999999999,4.32287397260274,2.32,2.000000000000668,-38.03287397260401,-1.6872978200590045
CNY,LONG_QUARTERLY_SHORT_PERP,5,2026-05-28,2026-06-04,7,0.00832,302.00000000000136,-357.0000000000011,27.18,6.052023561643836,2.32,2.000000000000668,-38.19202356164422,-1.6943583633890793
CNY,LONG_QUARTERLY_SHORT_PERP,20,2026-08-17,2026-09-14,28,0.00332,-127.00000000000067,48.99999999999949,67.97,24.208094246575342,2.32,2.000000000000668,-38.55809424657719,-1.710598794472984
CNY,LONG_QUARTERLY_SHORT_PERP,3,2026-01-30,2026-02-04,5,0.00991,-19.000000000000128,-40.000000000000924,29.060000000000002,4.32287397260274,2.32,2.000000000000668,-38.58287397260446,-1.711698127059251
CNY,LONG_QUARTERLY_SHORT_PERP,20,2026-07-08,2026-08-05,28,0.00363,699.9999999999993,-786.9999999999991,76.88000000000001,24.208094246575342,2.32,2.000000000000668,-38.64809424657577,-1.7145915719820488
CNY,LONG_QUARTERLY_SHORT_PERP,10,2026-06-24,2026-07-08,14,0.00508,160.00000000000014,-230.9999999999999,48.52,12.104047123287671,2.32,2.000000000000668,-38.90404712328808,-1.725946715199088
CNY,LONG_QUARTERLY_SHORT_PERP,20,2026-07-15,2026-08-12,28,0.00477,769.9999999999995,-852.9999999999998,72.51,24.208094246575342,2.32,2.000000000000668,-39.01809424657623,-1.7310063239640399
CNY,LONG_QUARTERLY_SHORT_PERP,20,2026-07-17,2026-08-14,28,0.00334,881.9999999999997,-961.9999999999998,69.46,24.208094246575342,2.32,2.000000000000668,-39.06809424657613,-1.7332245336913286
CNY,LONG_QUARTERLY_SHORT_PERP,3,2026-02-10,2026-02-13,3,0.00436,-118.00000000000033,70.00000000000028,15.530000000000001,2.593724383561644,2.32,2.000000000000668,-39.38372438356235,-1.7472272104931235
CNY,LONG_QUARTERLY_SHORT_PERP,20,2026-05-20,2026-06-18,29,0.00711,208.99999999999963,-330.00000000000006,110.99000000000001,25.072669041095896,2.32,2.000000000000668,-39.40266904109698,-1.7480676749655946
CNY,LONG_QUARTERLY_SHORT_PERP,5,2026-07-06,2026-07-13,7,0.00487,92.00000000000053,-144.0000000000001,22.83,6.052023561643836,2.32,2.000000000000668,-39.54202356164409,-1.7542500260259928
CNY,LONG_QUARTERLY_SHORT_PERP,40,2026-07-28,2026-09-22,56,0.00229,799.999999999999,-930.0000000000015,143.04,48.416188493150685,2.32,2.000000000000668,-39.69618849315386,-1.7610894290396422
CNY,LONG_QUARTERLY_SHORT_PERP,5,2026-06-25,2026-07-02,7,0.00835,237.0000000000001,-291.99999999999983,25.590000000000003,6.052023561643836,2.32,2.000000000000668,-39.782023561644216,-1.764897432717006
CNY,LONG_QUARTERLY_SHORT_PERP,20,2026-05-22,2026-06-22,31,0.00514,331.999999999999,-446.9999999999992,106.02000000000001,26.801818630136992,2.32,2.000000000000668,-40.10181863013788,-1.7790848833504673
CNY,LONG_QUARTERLY_SHORT_PERP,20,2026-07-13,2026-08-10,28,0.00414,762.9999999999999,-848.0000000000008,73.12,24.208094246575342,2.32,2.000000000000668,-40.408094246576916,-1.7926725543828237
CNY,LONG_QUARTERLY_SHORT_PERP,20,2026-07-20,2026-08-17,28,0.00369,897.9999999999997,-978.9999999999992,69.09,24.208094246575342,2.32,2.000000000000668,-40.43809424657555,-1.7940034802191391
CNY,LONG_QUARTERLY_SHORT_PERP,3,2026-03-10,2026-03-13,3,0.00242,131.00000000000023,-172.0000000000006,7.420000000000001,2.593724383561644,2.32,2.000000000000668,-40.49372438356268,-1.796471466439049
CNY,LONG_QUARTERLY_SHORT_PERP,5,2026-01-12,2026-01-19,7,0.00372,-176.9999999999996,118.99999999999977,27.66,6.052023561643836,2.32,2.000000000000668,-40.71202356164434,-1.8061561336446665
CNY,LONG_QUARTERLY_SHORT_PERP,5,2026-04-29,2026-05-07,8,0.01441,-22.00000000000024,-41.00000000000037,33.51,6.916598356164385,2.32,2.000000000000668,-40.72659835616567,-1.8068027326642768
CNY,LONG_QUARTERLY_SHORT_PERP,5,2026-06-10,2026-06-18,8,0.00893,146.0000000000008,-198.99999999999983,23.18,6.916598356164385,2.32,2.000000000000668,-41.05659835616409,-1.8214429168643427
CNY,LONG_QUARTERLY_SHORT_PERP,5,2026-07-29,2026-08-05,7,0.00397,147.00000000000023,-195.00000000000028,16.830000000000002,6.052023561643836,2.32,2.000000000000668,-41.54202356164456,-1.8429784151177453
CNY,LONG_QUARTERLY_SHORT_PERP,3,2026-09-01,2026-09-04,3,0.00304,-186.99999999999937,141.0,11.02,2.593724383561644,2.32,2.000000000000668,-41.89372438356169,-1.8585813388032175
CNY,LONG_QUARTERLY_SHORT_PERP,5,2026-01-09,2026-01-16,7,0.00256,-100.99999999999909,44.00000000000048,25.320000000000004,6.052023561643836,2.32,2.000000000000668,-42.052023561643104,-1.8656041543360722
CNY,LONG_QUARTERLY_SHORT_PERP,5,2026-09-01,2026-09-08,7,0.00304,-208.99999999999963,161.00000000000136,16.22,6.052023561643836,2.32,2.000000000000668,-42.15202356164277,-1.870040573790644
CNY,LONG_QUARTERLY_SHORT_PERP,10,2026-06-08,2026-06-23,15,0.00522,165.0000000000009,-238.0000000000013,48.09,12.968621917808221,2.32,2.000000000000668,-42.198621917809284,-1.872107872329133
CNY,LONG_QUARTERLY_SHORT_PERP,10,2026-07-09,2026-07-23,14,0.00692,248.0000000000011,-317.9999999999996,44.059999999999995,12.104047123287671,2.32,2.000000000000668,-42.36404712328684,-1.8794468283277288
CNY,LONG_QUARTERLY_SHORT_PERP,10,2026-07-03,2026-07-17,14,0.00274,6.000000000000227,-79.00000000000063,46.980000000000004,12.104047123287671,2.32,2.000000000000668,-42.44404712328873,-1.8829959638914822
CNY,LONG_QUARTERLY_SHORT_PERP,5,2026-04-28,2026-05-06,8,0.01118,-109.99999999999943,41.00000000000037,37.449999999999996,6.916598356164385,2.32,2.000000000000668,-42.78659835616412,-1.8981929734286922
CNY,LONG_QUARTERLY_SHORT_PERP,10,2026-05-28,2026-06-11,14,0.00832,52.00000000000138,-135.00000000000156,56.58,12.104047123287671,2.32,2.000000000000668,-42.844047123288526,-1.9007416417098193
CNY,LONG_QUARTERLY_SHORT_PERP,40,2026-05-19,2026-07-15,57,0.00588,889.0000000000011,-1084.999999999999,206.45,49.28076328767124,2.32,2.000000000000668,-43.150763287669875,-1.914348857296795
CNY,LONG_QUARTERLY_SHORT_PERP,5,2026-09-03,2026-09-10,7,0.00485,-436.9999999999994,387.9999999999999,16.16,6.052023561643836,2.32,2.000000000000668,-43.212023561643996,-1.917066620009316
CNY,LONG_QUARTERLY_SHORT_PERP,10,2026-05-22,2026-06-05,14,0.00514,251.9999999999989,-334.9999999999991,56.169999999999995,12.104047123287671,2.32,2.000000000000668,-43.254047123288544,-1.918930961473625
CNY,LONG_QUARTERLY_SHORT_PERP,10,2026-07-01,2026-07-15,14,0.00493,-102.99999999999976,28.999999999999915,47.14,12.104047123287671,2.32,2.000000000000668,-43.28404712328818,-1.920261887309985
CNY,LONG_QUARTERLY_SHORT_PERP,5,2026-07-17,2026-07-24,7,0.00334,-150.00000000000034,99.99999999999964,16.72,6.052023561643836,2.32,2.000000000000668,-43.6520235616452,-1.9365868656095506
CNY,LONG_QUARTERLY_SHORT_PERP,20,2026-08-18,2026-09-15,28,0.0021,-108.99999999999999,25.000000000000355,68.27999999999999,24.208094246575342,2.32,2.000000000000668,-44.248094246575654,-1.9630310614388926
CNY,LONG_QUARTERLY_SHORT_PERP,20,2026-07-16,2026-08-13,28,0.00684,785.0000000000001,-872.9999999999993,71.57,24.208094246575342,2.32,2.000000000000668,-44.95809424657522,-1.9945296395664385
CNY,LONG_QUARTERLY_SHORT_PERP,5,2026-09-02,2026-09-09,7,0.00338,-371.00000000000045,321.0000000000015,15.4,6.052023561643836,2.32,2.000000000000668,-44.97202356164348,-1.9951476024100172
CNY,SHORT_QUARTERLY_LONG_PERP,10,2026-03-24,2026-04-07,14,-0.00829,219.0000000000012,-253.99999999999955,6.3,12.104047123287671,2.32,2.000000000000668,-45.124047123286694,-2.0018920052743123
CNY,LONG_QUARTERLY_SHORT_PERP,5,2026-07-16,2026-07-23,7,0.00684,-67.99999999999962,14.000000000001123,19.18,6.052023561643836,2.32,2.000000000000668,-45.192023561643,-2.0049077252100864
CNY,LONG_QUARTERLY_SHORT_PERP,3,2026-07-29,2026-08-03,5,0.00397,96.00000000000009,-143.00000000000068,10.350000000000001,4.32287397260274,2.32,2.000000000000668,-45.292873972604006,-2.0093818724619914
CNY,LONG_QUARTERLY_SHORT_PERP,20,2026-07-09,2026-08-06,28,0.00692,745.000000000001,-839.0000000000005,77.03,24.208094246575342,2.32,2.000000000000668,-45.49809424657544,-2.0184863046212156
CNY,LONG_QUARTERLY_SHORT_PERP,5,2026-06-17,2026-06-24,7,0.00877,138.99999999999935,-191.00000000000074,16.740000000000002,6.052023561643836,2.32,2.000000000000668,-45.632023561645894,-2.024427970810396
CNY,LONG_QUARTERLY_SHORT_PERP,10,2026-07-28,2026-08-11,14,0.00229,510.9999999999992,-577.0,36.78,12.104047123287671,2.32,2.000000000000668,-45.644047123289134,-2.024961386438271
CNY,LONG_QUARTERLY_SHORT_PERP,5,2026-07-27,2026-08-03,7,0.00193,333.99999999999966,-385.9999999999992,16.61,6.052023561643836,2.32,2.000000000000668,-45.76202356164405,-2.0301953161012767
CNY,LONG_QUARTERLY_SHORT_PERP,3,2026-06-18,2026-06-23,5,0.00187,105.00000000000043,-152.00000000000102,9.790000000000001,4.32287397260274,2.32,2.000000000000668,-45.85287397260401,-2.0342258214076763
CNY,LONG_QUARTERLY_SHORT_PERP,3,2026-01-09,2026-01-14,5,0.00256,-60.99999999999994,11.000000000001009,12.5,4.32287397260274,2.32,2.000000000000668,-46.142873972602345,-2.0470914378259035
CNY,LONG_QUARTERLY_SHORT_PERP,3,2026-06-17,2026-06-22,5,0.00877,155.9999999999988,-201.99999999999994,8.200000000000001,4.32287397260274,2.32,2.000000000000668,-46.442873972604545,-2.060400696189761
CNY,LONG_QUARTERLY_SHORT_PERP,5,2026-07-28,2026-08-04,7,0.00229,227.99999999999977,-282.0,17.19,6.052023561643836,2.32,2.000000000000668,-47.18202356164473,-2.093192472356437
CNY,LONG_QUARTERLY_SHORT_PERP,40,2026-07-07,2026-09-01,56,0.00334,1519.0000000000002,-1664.0000000000014,150.2,48.416188493150685,2.32,2.000000000000668,-47.5361884931525,-2.1089047142791704
CNY,LONG_QUARTERLY_SHORT_PERP,10,2026-05-19,2026-06-02,14,0.00588,342.0000000000005,-430.99999999999915,57.33,12.104047123287671,2.32,2.000000000000668,-48.09404712328698,-2.1336536630755463
CNY,LONG_QUARTERLY_SHORT_PERP,5,2026-06-30,2026-07-07,7,0.0048,-413.0000000000002,351.00000000000085,23.48,6.052023561643836,2.32,2.000000000000668,-48.892023561643875,-2.1690552450298295
CNY,LONG_QUARTERLY_SHORT_PERP,3,2026-07-03,2026-07-08,5,0.00274,-343.0,289.99999999999915,11.84,4.32287397260274,2.32,2.000000000000668,-49.80287397260426,-2.2094643898638577
CNY,LONG_QUARTERLY_SHORT_PERP,20,2026-05-21,2026-06-19,29,0.00616,245.000000000001,-373.00000000000114,107.16000000000001,25.072669041095896,2.32,2.000000000000668,-50.23266904109669,-2.2285319018973095
CNY,LONG_QUARTERLY_SHORT_PERP,20,2026-08-14,2026-09-11,28,0.00123,-112.0000000000001,21.000000000000796,68.93,24.208094246575342,2.32,2.000000000000668,-50.59809424657531,-2.2447436968051258
CNY,LONG_QUARTERLY_SHORT_PERP,3,2026-06-16,2026-06-19,3,0.00376,25.000000000000355,-83.00000000000018,12.97,2.593724383561644,2.32,2.000000000000668,-51.94372438356214,-2.3044414939891897
CNY,SHORT_QUARTERLY_LONG_PERP,10,2026-02-19,2026-03-06,15,-0.00125,-356.9999999999993,346.99999999999955,-24.98,12.968621917808221,2.32,2.000000000000668,-52.268621917808666,-2.3188553114059753
CNY,LONG_QUARTERLY_SHORT_PERP,40,2026-05-20,2026-07-16,57,0.00711,913.9999999999997,-1120.000000000001,206.18,49.28076328767124,2.32,2.000000000000668,-53.420763287673154,-2.3699691352829837
CNY,LONG_QUARTERLY_SHORT_PERP,40,2026-07-13,2026-09-07,56,0.00414,1420.0,-1564.9999999999995,144.15,48.416188493150685,2.32,2.000000000000668,-53.58618849315089,-2.377308091281588
CNY,LONG_QUARTERLY_SHORT_PERP,10,2026-07-20,2026-08-03,14,0.00369,225.9999999999991,-294.99999999999994,31.57,12.104047123287671,2.32,2.000000000000668,-53.85404712328919,-2.3891914236598324
CNY,LONG_QUARTERLY_SHORT_PERP,20,2026-07-01,2026-07-29,28,0.00493,215.99999999999932,-323.99999999999983,82.23,24.208094246575342,2.32,2.000000000000668,-54.29809424657652,-2.4088912166248835
CNY,LONG_QUARTERLY_SHORT_PERP,20,2026-08-12,2026-09-09,28,0.00461,278.00000000000045,-371.9999999999999,67.88,24.208094246575342,2.32,2.000000000000668,-54.64809424657545,-2.424418684715889
CNY,LONG_QUARTERLY_SHORT_PERP,20,2026-07-02,2026-07-30,28,0.0076,188.00000000000063,-294.00000000000045,79.88,24.208094246575342,2.32,2.000000000000668,-54.648094246575845,-2.424418684715907
CNY,LONG_QUARTERLY_SHORT_PERP,20,2026-07-14,2026-08-11,28,0.00433,670.9999999999993,-769.9999999999995,72.67,24.208094246575342,2.32,2.000000000000668,-54.858094246576236,-2.433735165570556
CNY,LONG_QUARTERLY_SHORT_PERP,5,2026-05-27,2026-06-03,7,0.0062,311.9999999999994,-384.9999999999998,27.830000000000002,6.052023561643836,2.32,2.000000000000668,-55.5420235616449,-2.464077138759883
CNY,LONG_QUARTERLY_SHORT_PERP,10,2026-09-01,2026-09-15,14,0.00304,-434.99999999999875,364.0000000000008,31.73,12.104047123287671,2.32,2.000000000000668,-55.69404712328629,-2.470821541624097
CNY,LONG_QUARTERLY_SHORT_PERP,20,2026-05-26,2026-06-24,29,0.00468,367.0000000000009,-498.00000000000114,104.69000000000001,25.072669041095896,2.32,2.000000000000668,-55.702669041096776,-2.4712040460632
CNY,LONG_QUARTERLY_SHORT_PERP,20,2026-07-10,2026-08-07,28,0.0048,807.9999999999998,-910.0000000000001,74.75999999999999,24.208094246575342,2.32,2.000000000000668,-55.76809424657636,-2.474106582607299
CNY,LONG_QUARTERLY_SHORT_PERP,20,2026-06-24,2026-07-22,28,0.00508,455.00000000000006,-577.0,94.53,24.208094246575342,2.32,2.000000000000668,-55.99809424657595,-2.4843103473528307
CNY,LONG_QUARTERLY_SHORT_PERP,3,2026-05-29,2026-06-03,5,0.00512,309.99999999999875,-371.9999999999999,14.39,4.32287397260274,2.32,2.000000000000668,-56.25287397260455,-2.4956134446847056
CNY,LONG_QUARTERLY_SHORT_PERP,20,2026-07-28,2026-08-25,28,0.00229,722.999999999999,-823.0000000000005,72.09,24.208094246575342,2.32,2.000000000000668,-56.438094246577485,-2.5038305929530797
CNY,LONG_QUARTERLY_SHORT_PERP,3,2026-02-13,2026-02-18,5,0.00024,-23.999999999999133,-24.00000000000091,0.17,4.32287397260274,2.32,2.000000000000668,-56.47287397260345,-2.5053735674847473
CNY,LONG_QUARTERLY_SHORT_PERP,10,2026-08-27,2026-09-10,14,0.00486,-365.0000000000002,291.99999999999983,32.88,12.104047123287671,2.32,2.000000000000668,-56.544047123288735,-2.5085311069881917
CNY,SHORT_QUARTERLY_LONG_PERP,5,2026-02-20,2026-03-02,10,-0.00082,-139.00000000000114,105.99999999999987,-10.78,8.64574794520548,2.32,2.000000000000668,-56.74574794520741,-2.517479401491853
CNY,LONG_QUARTERLY_SHORT_PERP,5,2026-07-01,2026-07-08,7,0.00493,-336.9999999999998,267.9999999999989,22.18,6.052023561643836,2.32,2.000000000000668,-57.19202356164536,-2.537278059760582
CNY,LONG_QUARTERLY_SHORT_PERP,40,2026-07-09,2026-09-03,56,0.00692,1506.0000000000002,-1659.0000000000007,147.88000000000002,48.416188493150685,2.32,2.000000000000668,-57.856188493151784,-2.566743201992475
CNY,LONG_QUARTERLY_SHORT_PERP,20,2026-06-10,2026-07-09,29,0.00893,535.0000000000001,-657.0,93.49000000000001,25.072669041095896,2.32,2.000000000000668,-57.90266904109644,-2.56880527406409
CNY,LONG_QUARTERLY_SHORT_PERP,10,2026-06-30,2026-07-14,14,0.0048,-228.9999999999992,140.00000000000057,47.300000000000004,12.104047123287671,2.32,2.000000000000668,-58.12404712328697,-2.5786265343705814
CNY,LONG_QUARTERLY_SHORT_PERP,5,2026-03-04,2026-03-11,7,0.00355,179.00000000000028,-243.99999999999977,16.97,6.052023561643836,2.32,2.000000000000668,-58.40202356164399,-2.5909587351610193
CNY,LONG_QUARTERLY_SHORT_PERP,20,2026-08-13,2026-09-10,28,0.0059,-32.00000000000003,-66.00000000000072,67.59,24.208094246575342,2.32,2.000000000000668,-58.93809424657676,-2.614741079317712
CNY,LONG_QUARTERLY_SHORT_PERP,40,2026-06-18,2026-08-13,56,0.00187,1490.0000000000002,-1663.0000000000002,166.76,48.416188493150685,2.32,2.000000000000668,-58.97618849315136,-2.616431099883826
CNY,LONG_QUARTERLY_SHORT_PERP,10,2026-07-10,2026-07-24,14,0.0048,60.99999999999994,-144.0000000000001,40.13999999999999,12.104047123287671,2.32,2.000000000000668,-59.284047123288516,-2.6300890000438546
CNY,LONG_QUARTERLY_SHORT_PERP,40,2026-07-27,2026-09-21,56,0.00193,803.0000000000008,-950.9999999999987,141.44,48.416188493150685,2.32,2.000000000000668,-59.29618849314931,-2.6306276421384123
CNY,LONG_QUARTERLY_SHORT_PERP,20,2026-07-29,2026-08-26,28,0.00397,692.0000000000002,-796.0000000000011,73.17,24.208094246575342,2.32,2.000000000000668,-59.35809424657692,-2.633374041026983
CNY,LONG_QUARTERLY_SHORT_PERP,40,2026-06-19,2026-08-14,56,0.00233,1548.9999999999995,-1721.9999999999995,165.66,48.416188493150685,2.32,2.000000000000668,-60.076188493151356,-2.6652317138842783
CNY,LONG_QUARTERLY_SHORT_PERP,20,2026-06-16,2026-07-14,28,0.00376,621.9999999999999,-747.9999999999993,94.22,24.208094246575342,2.32,2.000000000000668,-60.30809424657544,-2.67552002584549
CNY,LONG_QUARTERLY_SHORT_PERP,3,2026-02-04,2026-02-09,5,0.00903,105.99999999999987,-176.9999999999996,18.75,4.32287397260274,2.32,2.000000000000668,-60.89287397260314,-2.701463307377461
CNY,LONG_QUARTERLY_SHORT_PERP,10,2026-06-25,2026-07-09,14,0.00835,-12.000000000000455,-80.00000000000007,47.09,12.104047123287671,2.32,2.000000000000668,-61.33404712328886,-2.7210355988628954
CNY,SHORT_QUARTERLY_LONG_PERP,3,2026-04-01,2026-04-06,5,-0.00036,166.00000000000037,-216.99999999999875,-1.84,4.32287397260274,2.32,2.000000000000668,-61.482873972601794,-2.727638182159462
CNY,LONG_QUARTERLY_SHORT_PERP,20,2026-07-27,2026-08-24,28,0.00193,838.0000000000009,-940.999999999999,69.84,24.208094246575342,2.32,2.000000000000668,-61.688094246574074,-2.7367426143187243
CNY,LONG_QUARTERLY_SHORT_PERP,40,2026-05-29,2026-07-27,59,0.00512,866.9999999999991,-1061.0,187.35999999999999,51.00991287671233,2.32,2.000000000000668,-61.96991287671392,-2.749245270852898
CNY,LONG_QUARTERLY_SHORT_PERP,40,2026-05-22,2026-07-20,59,0.00514,897.9999999999997,-1106.9999999999993,201.91,51.00991287671233,2.32,2.000000000000668,-62.41991287671266,-2.769209158398482
CNY,LONG_QUARTERLY_SHORT_PERP,5,2026-05-04,2026-05-11,7,0.00581,-278.00000000000045,195.00000000000028,30.700000000000003,6.052023561643836,2.32,2.000000000000668,-62.67202356164467,-2.780393845871897
CNY,LONG_QUARTERLY_SHORT_PERP,40,2026-06-22,2026-08-17,56,0.004,1464.0000000000005,-1638.9999999999993,164.98,48.416188493150685,2.32,2.000000000000668,-62.756188493150226,-2.784127755267149
CNY,LONG_QUARTERLY_SHORT_PERP,20,2026-01-15,2026-02-12,28,0.00894,-179.99999999999972,-1.0000000000012221,146.54999999999998,24.208094246575342,2.32,2.000000000000668,-62.978094246576966,-2.7939724252830196
CNY,LONG_QUARTERLY_SHORT_PERP,40,2026-06-09,2026-08-05,57,0.00619,1225.999999999999,-1407.9999999999995,172.38,49.28076328767124,2.32,2.000000000000668,-63.22076328767237,-2.804738241832435
CNY,LONG_QUARTERLY_SHORT_PERP,3,2026-06-15,2026-06-18,3,0.00432,64.00000000000006,-134.99999999999977,14.4,2.593724383561644,2.32,2.000000000000668,-63.51372438356203,-2.8177352248848537
CNY,LONG_QUARTERLY_SHORT_PERP,10,2026-01-26,2026-02-09,14,0.00531,16.99999999999946,-153.00000000000045,88.78,12.104047123287671,2.32,2.000000000000668,-63.64404712328933,-2.823516888263866
CNY,LONG_QUARTERLY_SHORT_PERP,20,2026-01-14,2026-02-11,28,0.00451,-246.00000000000045,65.99999999999895,143.65,24.208094246575342,2.32,2.000000000000668,-64.87809424657752,-2.8782643949201896
CNY,LONG_QUARTERLY_SHORT_PERP,20,2026-07-07,2026-08-04,28,0.00334,572.0000000000009,-686.0,76.89999999999999,24.208094246575342,2.32,2.000000000000668,-65.6280942465751,-2.9115375408294817
CNY,LONG_QUARTERLY_SHORT_PERP,5,2026-06-15,2026-06-22,7,0.00432,247.99999999999932,-323.99999999999983,20.729999999999997,6.052023561643836,2.32,2.000000000000668,-65.64202356164502,-2.912155503673134
CNY,LONG_QUARTERLY_SHORT_PERP,10,2026-05-26,2026-06-09,14,0.00468,1.0000000000012221,-108.00000000000054,57.71,12.104047123287671,2.32,2.000000000000668,-65.71404712328766,-2.9153507709737343
CNY,LONG_QUARTERLY_SHORT_PERP,40,2026-07-21,2026-09-15,56,0.00378,818.0000000000014,-967.0000000000006,135.69,48.416188493150685,2.32,2.000000000000668,-66.04618849315055,-2.9300859553230625
CNY,LONG_QUARTERLY_SHORT_PERP,40,2026-07-02,2026-08-27,56,0.0076,1185.0000000000005,-1351.000000000001,152.66,48.416188493150685,2.32,2.000000000000668,-66.0761884931518,-2.9314168811594934
CNY,LONG_QUARTERLY_SHORT_PERP,10,2026-05-20,2026-06-03,14,0.00711,293.9999999999987,-399.0000000000009,55.199999999999996,12.104047123287671,2.32,2.000000000000668,-66.22404712329056,-2.9379765101922546
CNY,LONG_QUARTERLY_SHORT_PERP,20,2026-06-17,2026-07-15,28,0.00877,532.9999999999994,-660.9999999999995,90.22,24.208094246575342,2.32,2.000000000000668,-66.30809424657612,-2.9417051931207157
CNY,LONG_QUARTERLY_SHORT_PERP,3,2026-05-27,2026-06-01,5,0.0062,83.00000000000018,-157.9999999999995,17.26,4.32287397260274,2.32,2.000000000000668,-66.38287397260271,-2.9450227354342458
CNY,LONG_QUARTERLY_SHORT_PERP,10,2026-05-25,2026-06-08,14,0.00519,-9.000000000000341,-97.99999999999898,56.2,12.104047123287671,2.32,2.000000000000668,-67.22404712328765,-2.9823407047379913
CNY,LONG_QUARTERLY_SHORT_PERP,20,2026-06-30,2026-07-28,28,0.0048,-68.99999999999906,-52.99999999999905,83.19,24.208094246575342,2.32,2.000000000000668,-67.33809424657412,-2.9874003135028686
CNY,LONG_QUARTERLY_SHORT_PERP,40,2026-06-04,2026-07-31,57,0.00767,719.9999999999989,-913.0000000000002,179.04,49.28076328767124,2.32,2.000000000000668,-67.56076328767328,-2.9972788461615334
CNY,LONG_QUARTERLY_SHORT_PERP,20,2026-07-03,2026-07-31,28,0.00274,125.99999999999945,-245.000000000001,79.36999999999999,24.208094246575342,2.32,2.000000000000668,-68.15809424657756,-3.023778953030632
CNY,LONG_QUARTERLY_SHORT_PERP,40,2026-06-08,2026-08-04,57,0.00522,1054.0000000000002,-1243.9999999999998,174.96,49.28076328767124,2.32,2.000000000000668,-68.64076328767145,-3.0451921762709873
CNY,LONG_QUARTERLY_SHORT_PERP,3,2026-04-30,2026-05-06,6,0.00475,-106.99999999999932,28.999999999999915,18.29,5.187448767123288,2.32,2.000000000000668,-69.21744876712336,-3.070776363073168
CNY,LONG_QUARTERLY_SHORT_PERP,10,2026-06-15,2026-06-29,14,0.00432,624.0000000000006,-723.0000000000008,45.879999999999995,12.104047123287671,2.32,2.000000000000668,-69.54404712328856,-3.085265636084441
CNY,LONG_QUARTERLY_SHORT_PERP,20,2026-01-13,2026-02-10,28,0.00427,-300.0000000000007,114.00000000000077,144.71,24.208094246575342,2.32,2.000000000000668,-69.81809424657591,-3.0974235159766956
CNY,LONG_QUARTERLY_SHORT_PERP,40,2026-06-24,2026-08-19,56,0.00508,1282.0,-1458.9999999999995,159.53,48.416188493150685,2.32,2.000000000000668,-70.20618849315089,-3.1146410046338793
CNY,LONG_QUARTERLY_SHORT_PERP,40,2026-05-21,2026-07-17,57,0.00616,912.0000000000008,-1133.000000000001,203.36,49.28076328767124,2.32,2.000000000000668,-71.24076328767201,-3.1605390820902635
CNY,LONG_QUARTERLY_SHORT_PERP,5,2026-03-05,2026-03-12,7,0.0059,97.99999999999898,-173.9999999999995,14.52,6.052023561643836,2.32,2.000000000000668,-71.85202356164501,-3.187657151802961
CNY,LONG_QUARTERLY_SHORT_PERP,5,2026-02-04,2026-02-11,7,0.00903,73.99999999999984,-163.00000000000026,26.56,6.052023561643836,2.32,2.000000000000668,-72.8120235616449,-3.230246778566988
CNY,LONG_QUARTERLY_SHORT_PERP,40,2026-06-11,2026-08-07,57,0.00446,1446.999999999999,-1634.9999999999998,168.59,49.28076328767124,2.32,2.000000000000668,-73.01076328767259,-3.2390637064364722
CNY,LONG_QUARTERLY_SHORT_PERP,40,2026-06-05,2026-08-03,59,0.0046,871.9999999999999,-1067.0000000000002,177.31,51.00991287671233,2.32,2.000000000000668,-73.01991287671332,-3.2394696205846896
CNY,LONG_QUARTERLY_SHORT_PERP,40,2026-07-06,2026-08-31,56,0.00487,1381.0000000000002,-1552.0000000000014,150.5,48.416188493150685,2.32,2.000000000000668,-73.23618849315248,-3.2490645141079235
CNY,LONG_QUARTERLY_SHORT_PERP,3,2026-05-28,2026-06-02,5,0.00832,240.00000000000023,-320.0000000000003,14.530000000000001,4.32287397260274,2.32,2.000000000000668,-74.11287397260345,-3.2879579592738226
CNY,LONG_QUARTERLY_SHORT_PERP,40,2026-07-20,2026-09-14,56,0.00369,770.999999999999,-929.9999999999998,137.05999999999997,48.416188493150685,2.32,2.000000000000668,-74.67618849315217,-3.3129489542539567
CNY,LONG_QUARTERLY_SHORT_PERP,3,2026-03-09,2026-03-12,3,0.00364,245.99999999999866,-323.0000000000004,8.41,2.593724383561644,2.32,2.000000000000668,-75.50372438356405,-3.349661917489876
CNY,LONG_QUARTERLY_SHORT_PERP,40,2026-07-14,2026-09-08,56,0.00433,1125.9999999999995,-1291.9999999999998,142.6,48.416188493150685,2.32,2.000000000000668,-76.13618849315158,-3.377720678290895
CNY,LONG_QUARTERLY_SHORT_PERP,40,2026-07-10,2026-09-04,56,0.0048,1288.9999999999998,-1461.0000000000002,145.87,48.416188493150685,2.32,2.000000000000668,-78.8661884931518,-3.4988349294011187
CNY,LONG_QUARTERLY_SHORT_PERP,10,2026-01-27,2026-02-10,14,0.00777,96.99999999999953,-244.9999999999992,85.37,12.104047123287671,2.32,2.000000000000668,-79.05404712328799,-3.5071691262156
CNY,LONG_QUARTERLY_SHORT_PERP,5,2026-05-26,2026-06-02,7,0.00468,214.0000000000004,-314.00000000000006,29.05,6.052023561643836,2.32,2.000000000000668,-81.32202356164416,-3.6077860741522736
CNY,LONG_QUARTERLY_SHORT_PERP,10,2026-01-23,2026-02-06,14,0.0048,114.00000000000077,-269.0000000000001,89.55000000000001,12.104047123287671,2.32,2.000000000000668,-81.87404712328767,-3.6322761548349276
CNY,SHORT_QUARTERLY_LONG_PERP,40,2026-03-16,2026-05-12,57,-0.00133,1009.0000000000003,-971.0000000000001,-67.37,49.28076328767124,2.32,2.000000000000668,-82.97076328767169,-3.6809310841132565
CNY,LONG_QUARTERLY_SHORT_PERP,5,2026-02-11,2026-02-18,7,0.00345,-112.99999999999955,28.00000000000047,12.25,6.052023561643836,2.32,2.000000000000668,-83.12202356164357,-3.687641624334806
CNY,SHORT_QUARTERLY_LONG_PERP,10,2026-02-20,2026-03-09,17,-0.00082,-197.00000000000097,161.99999999999903,-29.44,14.697771506849318,2.32,2.000000000000668,-83.45777150685191,-3.7025368114944035
CNY,LONG_QUARTERLY_SHORT_PERP,40,2026-05-27,2026-07-23,57,0.0062,864.0000000000008,-1091.9999999999986,197.99,49.28076328767124,2.32,2.000000000000668,-83.61076328766974,-3.7093241686225245
CNY,LONG_QUARTERLY_SHORT_PERP,20,2026-07-06,2026-08-03,28,0.00487,612.9999999999995,-746.0000000000005,77.36999999999999,24.208094246575342,2.32,2.000000000000668,-84.15809424657692,-3.7336060657644583
CNY,LONG_QUARTERLY_SHORT_PERP,20,2026-01-19,2026-02-16,28,0.00606,-226.00000000000085,32.00000000000003,137.97,24.208094246575342,2.32,2.000000000000668,-84.55809424657683,-3.7513517435828003
CNY,SHORT_QUARTERLY_LONG_PERP,5,2026-03-19,2026-03-26,7,-0.04261,686.0,-795.0000000000017,34.19,6.052023561643836,2.32,2.000000000000668,-85.1820235616462,-3.7790318650994066
CNY,LONG_QUARTERLY_SHORT_PERP,40,2026-07-17,2026-09-11,56,0.00334,769.9999999999995,-940.999999999999,138.39000000000001,48.416188493150685,2.32,2.000000000000668,-85.34618849315076,-3.786314910058284
CNY,LONG_QUARTERLY_SHORT_PERP,5,2026-06-16,2026-06-23,7,0.00376,121.00000000000044,-217.0000000000005,20.43,6.052023561643836,2.32,2.000000000000668,-85.94202356164458,-3.8127486529541925
CNY,LONG_QUARTERLY_SHORT_PERP,10,2026-02-17,2026-03-04,15,0.00025,191.00000000000074,-275.00000000000034,14.16,12.968621917808221,2.32,2.000000000000668,-87.12862191780849,-3.8653911332748527
CNY,SHORT_QUARTERLY_LONG_PERP,5,2026-02-24,2026-03-03,7,-0.0001,-177.00000000000136,113.99999999999899,-13.979999999999999,6.052023561643836,2.32,2.000000000000668,-87.35202356164687,-3.875302167263966
CNY,LONG_QUARTERLY_SHORT_PERP,20,2026-01-12,2026-02-09,28,0.00372,-319.00000000000085,115.00000000000021,144.62,24.208094246575342,2.32,2.000000000000668,-87.90809424657662,-3.899971795311442
CNY,LONG_QUARTERLY_SHORT_PERP,20,2026-06-26,2026-07-24,28,0.00446,-160.9999999999996,13.999999999999346,87.57,24.208094246575342,2.32,2.000000000000668,-87.95809424657627,-3.9021900050387193
CNY,LONG_QUARTERLY_SHORT_PERP,40,2026-06-29,2026-08-24,56,0.0038,919.9999999999999,-1110.9999999999989,155.54000000000002,48.416188493150685,2.32,2.000000000000668,-88.1961884931503,-3.912752864513981
CNY,LONG_QUARTERLY_SHORT_PERP,40,2026-07-15,2026-09-09,56,0.00477,1048.0,-1224.9999999999995,140.39,48.416188493150685,2.32,2.000000000000668,-89.3461884931509,-3.9637716882417537
CNY,LONG_QUARTERLY_SHORT_PERP,3,2026-02-02,2026-02-05,3,0.01115,-59.00000000000105,-52.00000000000138,28.560000000000002,2.593724383561644,2.32,2.000000000000668,-89.35372438356474,-3.964106011950149
CNY,SHORT_QUARTERLY_LONG_PERP,10,2026-02-24,2026-03-10,14,-0.0001,-477.00000000000034,434.99999999999875,-31.96,12.104047123287671,2.32,2.000000000000668,-90.38404712328993,-4.009815450420348
CNY,LONG_QUARTERLY_SHORT_PERP,5,2026-01-29,2026-02-05,7,0.01314,168.9999999999987,-301.00000000000017,49.62,6.052023561643836,2.32,2.000000000000668,-92.75202356164597,-4.114868817811601
CNY,LONG_QUARTERLY_SHORT_PERP,20,2026-06-15,2026-07-13,28,0.00432,519.0000000000001,-676.9999999999995,93.64999999999999,24.208094246575342,2.32,2.000000000000668,-92.87809424657544,-4.120461842204343
CNY,LONG_QUARTERLY_SHORT_PERP,10,2026-01-28,2026-02-11,14,0.01015,35.99999999999959,-192.00000000000017,78.67,12.104047123287671,2.32,2.000000000000668,-93.7540471232889,-4.15932278603987
CNY,LONG_QUARTERLY_SHORT_PERP,20,2026-01-16,2026-02-13,28,0.00388,-295.0000000000017,85.00000000000085,142.91,24.208094246575342,2.32,2.000000000000668,-95.61809424657686,-4.242019735260079
CNY,LONG_QUARTERLY_SHORT_PERP,40,2026-07-03,2026-08-28,56,0.00274,1214.9999999999998,-1413.9999999999998,153.03,48.416188493150685,2.32,2.000000000000668,-98.70618849315134,-4.379020549191078
CNY,LONG_QUARTERLY_SHORT_PERP,10,2026-01-29,2026-02-12,14,0.01314,230.9999999999999,-391.0,77.36999999999999,12.104047123287671,2.32,2.000000000000668,-99.05404712328846,-4.39445301713294
CNY,LONG_QUARTERLY_SHORT_PERP,40,2026-06-10,2026-08-06,57,0.00893,1280.0000000000011,-1496.0000000000005,170.52,49.28076328767124,2.32,2.000000000000668,-99.08076328767122,-4.395638258247136
CNY,LONG_QUARTERLY_SHORT_PERP,20,2026-06-25,2026-07-23,28,0.00835,236.00000000000065,-397.99999999999966,91.14999999999999,24.208094246575342,2.32,2.000000000000668,-99.37809424657502,-4.408829106752453
CNY,LONG_QUARTERLY_SHORT_PERP,40,2026-07-16,2026-09-10,56,0.00684,753.0000000000001,-939.0,139.16,48.416188493150685,2.32,2.000000000000668,-99.57618849315124,-4.417617398445977
CNY,LONG_QUARTERLY_SHORT_PERP,40,2026-06-17,2026-08-12,56,0.00877,1302.999999999999,-1513.9999999999993,162.73,48.416188493150685,2.32,2.000000000000668,-101.00618849315158,-4.481058196646581
CNY,LONG_QUARTERLY_SHORT_PERP,5,2026-05-25,2026-06-01,7,0.00519,-92.99999999999997,-25.9999999999998,28.139999999999997,6.052023561643836,2.32,2.000000000000668,-101.23202356164427,-4.491077187560469
CNY,LONG_QUARTERLY_SHORT_PERP,10,2026-02-16,2026-03-03,15,0.00112,-45.999999999999375,-48.99999999999949,10.86,12.968621917808221,2.32,2.000000000000668,-101.42862191780775,-4.499799115280703
CNY,LONG_QUARTERLY_SHORT_PERP,20,2026-01-20,2026-02-17,28,0.00541,-352.00000000000034,146.0000000000008,132.81,24.208094246575342,2.32,2.000000000000668,-101.71809424657555,-4.512641321989803
CNY,LONG_QUARTERLY_SHORT_PERP,5,2026-02-02,2026-02-09,7,0.01115,7.999999999999119,-137.00000000000045,36.66,6.052023561643836,2.32,2.000000000000668,-102.71202356164584,-4.55673619548842
CNY,LONG_QUARTERLY_SHORT_PERP,40,2026-06-26,2026-08-21,56,0.00446,647.9999999999997,-852.9999999999998,154.76000000000002,48.416188493150685,2.32,2.000000000000668,-102.97618849315144,-4.56845565990193
CNY,LONG_QUARTERLY_SHORT_PERP,40,2026-05-25,2026-07-21,57,0.00519,738.999999999999,-988.999999999999,200.5,49.28076328767124,2.32,2.000000000000668,-103.10076328767191,-4.573982320321547
CNY,LONG_QUARTERLY_SHORT_PERP,10,2026-02-13,2026-03-02,17,0.00024,29.00000000000169,-123.00000000000111,8.88,14.697771506849318,2.32,2.000000000000668,-104.1377715068494,-4.6199883547028
CNY,LONG_QUARTERLY_SHORT_PERP,20,2026-05-25,2026-06-23,29,0.00519,156.00000000000057,-336.0000000000003,104.28999999999999,25.072669041095896,2.32,2.000000000000668,-105.10266904109628,-4.6627952566289546
CNY,LONG_QUARTERLY_SHORT_PERP,5,2026-02-03,2026-02-10,7,0.00888,-57.99999999999983,-70.00000000000028,32.14,6.052023561643836,2.32,2.000000000000668,-106.23202356164461,-4.7128981602898135
CNY,LONG_QUARTERLY_SHORT_PERP,40,2026-05-26,2026-07-22,57,0.00468,822.0000000000009,-1075.0000000000011,199.22,49.28076328767124,2.32,2.000000000000668,-107.38076328767214,-4.763861072977864
CNY,LONG_QUARTERLY_SHORT_PERP,40,2026-07-01,2026-08-26,56,0.00493,907.9999999999994,-1120.000000000001,155.4,48.416188493150685,2.32,2.000000000000668,-109.33618849315282,-4.850611937213698
CNY,SHORT_QUARTERLY_LONG_PERP,10,2026-03-18,2026-04-01,14,-0.00793,307.99999999999983,-480.00000000000045,78.36999999999999,12.104047123287671,2.32,2.000000000000668,-110.05404712328897,-4.882459157137487
CNY,LONG_QUARTERLY_SHORT_PERP,20,2026-02-06,2026-03-09,31,0.00356,12.9999999999999,-144.0000000000001,51.97,26.801818630136992,2.32,2.000000000000668,-110.15181863013788,-4.886796711288375
CNY,LONG_QUARTERLY_SHORT_PERP,40,2026-06-16,2026-08-11,56,0.00376,1292.9999999999993,-1517.9999999999989,166.89000000000001,48.416188493150685,2.32,2.000000000000668,-110.84618849315088,-4.91760187097787
CNY,LONG_QUARTERLY_SHORT_PERP,20,2026-01-09,2026-02-06,28,0.00256,-321.9999999999992,94.0000000000012,143.8,24.208094246575342,2.32,2.000000000000668,-112.728094246574,-5.001091103939718
CNY,LONG_QUARTERLY_SHORT_PERP,5,2026-01-30,2026-02-06,7,0.00991,40.000000000000924,-185.99999999999994,43.27,6.052023561643836,2.32,2.000000000000668,-113.10202356164352,-5.017680176819864
CNY,SHORT_QUARTERLY_LONG_PERP,3,2026-04-02,2026-04-07,5,-0.00176,128.0000000000001,-225.9999999999991,-7.0,4.32287397260274,2.32,2.000000000000668,-113.64287397260237,-5.041674569671854
CNY,LONG_QUARTERLY_SHORT_PERP,40,2026-05-28,2026-07-24,57,0.00832,752.0000000000007,-1004.0000000000014,190.55,49.28076328767124,2.32,2.000000000000668,-115.05076328767258,-5.104134445144675
CNY,SHORT_QUARTERLY_LONG_PERP,10,2026-03-25,2026-04-08,14,-0.0014,268.0000000000007,-368.00000000000034,0.8799999999999997,12.104047123287671,2.32,2.000000000000668,-115.544047123288,-5.126018585194248
CNY,LONG_QUARTERLY_SHORT_PERP,40,2026-06-30,2026-08-25,56,0.0048,653.9999999999999,-875.9999999999994,155.28,48.416188493150685,2.32,2.000000000000668,-119.45618849315089,-5.299577586017776
CNY,LONG_QUARTERLY_SHORT_PERP,3,2026-02-03,2026-02-06,3,0.00888,-101.99999999999854,-35.00000000000014,23.240000000000002,2.593724383561644,2.32,2.000000000000668,-120.673724383561,-5.353592585126504
CNY,SHORT_QUARTERLY_LONG_PERP,5,2026-03-18,2026-03-25,7,-0.00793,161.99999999999903,-346.99999999999955,68.23,6.052023561643836,2.32,2.000000000000668,-127.142023561645,-5.640553468243888
CNY,LONG_QUARTERLY_SHORT_PERP,40,2026-06-25,2026-08-20,56,0.00835,916.9999999999998,-1147.9999999999998,154.89,48.416188493150685,2.32,2.000000000000668,-128.84618849315137,-5.716157372803479
CNY,LONG_QUARTERLY_SHORT_PERP,40,2026-06-15,2026-08-10,56,0.00432,1282.0,-1525.0000000000005,166.77,48.416188493150685,2.32,2.000000000000668,-128.96618849315178,-5.721481076149
CNY,LONG_QUARTERLY_SHORT_PERP,10,2026-02-03,2026-02-17,14,0.00888,-250.0,87.99999999999919,49.04,12.104047123287671,2.32,2.000000000000668,-129.38404712328912,-5.740019037709082
CNY,SHORT_QUARTERLY_LONG_PERP,5,2026-04-01,2026-04-08,7,-0.00036,121.99999999999989,-234.99999999999943,-9.260000000000002,6.052023561643836,2.32,2.000000000000668,-132.63202356164408,-5.88411289630065
CNY,SHORT_QUARTERLY_LONG_PERP,5,2026-03-26,2026-04-02,7,-0.00857,-86.99999999999974,-38.9999999999997,3.33,6.052023561643836,2.32,2.000000000000668,-133.04202356164393,-5.902302216064449
CNY,LONG_QUARTERLY_SHORT_PERP,10,2026-01-30,2026-02-13,14,0.00991,-34.000000000000696,-150.9999999999998,67.7,12.104047123287671,2.32,2.000000000000668,-133.72404712328887,-5.93255964203813
CNY,LONG_QUARTERLY_SHORT_PERP,3,2026-02-16,2026-02-19,3,0.00112,-198.99999999999983,73.0000000000004,-2.1999999999999997,2.593724383561644,2.32,2.000000000000668,-135.1137243835617,-5.994211554368839
CNY,LONG_QUARTERLY_SHORT_PERP,10,2026-02-02,2026-02-16,14,0.01115,-76.00000000000051,-101.00000000000087,57.67,12.104047123287671,2.32,2.000000000000668,-135.7540471232897,-6.022618956966274
CNY,LONG_QUARTERLY_SHORT_PERP,5,2026-02-13,2026-02-20,7,0.00024,-109.99999999999943,-17.000000000001236,-1.9,6.052023561643836,2.32,2.000000000000668,-139.27202356164514,-6.178691148085247
CNY,LONG_QUARTERLY_SHORT_PERP,20,2026-01-21,2026-02-18,28,0.00451,-105.00000000000043,-137.00000000000045,127.1,24.208094246575342,2.32,2.000000000000668,-143.4280942465769,-6.363071876497931
CNY,LONG_QUARTERLY_SHORT_PERP,20,2026-02-09,2026-03-10,29,0.00454,169.99999999999994,-333.99999999999966,49.85,25.072669041095896,2.32,2.000000000000668,-143.5426690410963,-6.368154894972042
CNY,LONG_QUARTERLY_SHORT_PERP,3,2026-02-17,2026-02-20,3,0.00025,-35.99999999999959,-105.00000000000043,-3.27,2.593724383561644,2.32,2.000000000000668,-151.18372438356232,-6.707144160720932
CNY,LONG_QUARTERLY_SHORT_PERP,10,2026-02-04,2026-02-18,14,0.00903,-38.9999999999997,-134.99999999999977,38.809999999999995,12.104047123287671,2.32,2.000000000000668,-151.61404712328783,-6.726235082463624
CNY,LONG_QUARTERLY_SHORT_PERP,5,2026-02-17,2026-02-25,8,0.00025,144.0000000000001,-288.0000000000002,-2.16,6.916598356164385,2.32,2.000000000000668,-157.39659835616516,-6.9827733103304315
CNY,LONG_QUARTERLY_SHORT_PERP,20,2026-02-05,2026-03-06,29,0.01065,141.0,-322.99999999999864,51.89,25.072669041095896,2.32,2.000000000000668,-159.5026690410952,-7.076207439924012
CNY,LONG_QUARTERLY_SHORT_PERP,10,2026-02-06,2026-02-20,14,0.00356,-184.00000000000105,17.999999999998906,22.53,12.104047123287671,2.32,2.000000000000668,-159.89404712329048,-7.093570613303511
CNY,SHORT_QUARTERLY_LONG_PERP,3,2026-03-27,2026-04-01,5,-0.0032,-23.999999999999133,-126.00000000000122,-1.63,4.32287397260274,2.32,2.000000000000668,-160.27287397260375,-7.110376961345644
CNY,LONG_QUARTERLY_SHORT_PERP,20,2026-02-10,2026-03-11,29,0.00436,178.00000000000082,-361.0000000000007,48.03,25.072669041095896,2.32,2.000000000000668,-164.3626690410964,-7.2918174254169745
CNY,LONG_QUARTERLY_SHORT_PERP,5,2026-02-16,2026-02-24,8,0.00112,-223.00000000000074,64.9999999999995,-3.12,6.916598356164385,2.32,2.000000000000668,-172.35659835616627,-7.646461660736635
CNY,LONG_QUARTERLY_SHORT_PERP,5,2026-02-12,2026-02-19,7,0.01184,-278.00000000000045,114.00000000000077,-0.8400000000000001,6.052023561643836,2.32,2.000000000000668,-175.21202356164417,-7.773140300063626
CNY,SHORT_QUARTERLY_LONG_PERP,20,2026-03-20,2026-04-17,28,-0.01193,782.0,-910.9999999999995,-21.089999999999996,24.208094246575342,2.32,2.000000000000668,-178.61809424657554,-7.924247882566891
CNY,LONG_QUARTERLY_SHORT_PERP,10,2026-02-10,2026-02-25,15,0.00436,-48.00000000000004,-130.0000000000008,14.74,12.968621917808221,2.32,2.000000000000668,-180.54862191780973,-8.009894187749703
CNY,LONG_QUARTERLY_SHORT_PERP,10,2026-02-05,2026-02-19,14,0.01065,-215.99999999999932,24.00000000000091,26.91,12.104047123287671,2.32,2.000000000000668,-181.51404712328673,-8.052724499384967
CNY,SHORT_QUARTERLY_LONG_PERP,20,2026-03-23,2026-04-20,28,-0.004,785.9999999999995,-913.0000000000002,-29.689999999999998,24.208094246575342,2.32,2.000000000000668,-185.2180942465767,-8.217051566569658
CNY,LONG_QUARTERLY_SHORT_PERP,20,2026-02-12,2026-03-13,29,0.01184,305.99999999999915,-500.99999999999943,37.62,25.072669041095896,2.32,2.000000000000668,-186.77266904109683,-8.286019025189848
CNY,LONG_QUARTERLY_SHORT_PERP,20,2026-02-11,2026-03-12,29,0.00345,243.99999999999977,-449.9999999999993,48.03,25.072669041095896,2.32,2.000000000000668,-187.36266904109613,-8.312193899971879
CNY,LONG_QUARTERLY_SHORT_PERP,20,2026-02-04,2026-03-05,29,0.00903,220.00000000000063,-439.00000000000006,60.07,25.072669041095896,2.32,2.000000000000668,-188.322669041096,-8.354783526735904
CNY,SHORT_QUARTERLY_LONG_PERP,3,2026-03-18,2026-03-23,5,-0.00793,19.000000000000128,-262.00000000000045,58.54,4.32287397260274,2.32,2.000000000000668,-193.10287397260373,-8.56685346828642
CNY,LONG_QUARTERLY_SHORT_PERP,10,2026-02-12,2026-02-27,15,0.01184,-158.00000000000125,-25.9999999999998,5.7,12.968621917808221,2.32,2.000000000000668,-195.58862191780997,-8.677131673719536
CNY,SHORT_QUARTERLY_LONG_PERP,10,2026-04-01,2026-04-15,14,-0.00036,452.99999999999943,-600.9999999999991,-31.91,12.104047123287671,2.32,2.000000000000668,-196.33404712328797,-8.710201862554754
CNY,SHORT_QUARTERLY_LONG_PERP,5,2026-03-27,2026-04-03,7,-0.0032,131.99999999999966,-317.00000000000017,-1.43,6.052023561643836,2.32,2.000000000000668,-196.802023561645,-8.730963260308908
CNY,LONG_QUARTERLY_SHORT_PERP,10,2026-02-09,2026-02-24,15,0.00454,-307.0000000000004,100.99999999999909,17.89,12.968621917808221,2.32,2.000000000000668,-205.3986219178102,-9.112344422214491
CNY,SHORT_QUARTERLY_LONG_PERP,3,2026-03-26,2026-03-31,5,-0.00857,-277.000000000001,76.00000000000051,1.2100000000000002,4.32287397260274,2.32,2.000000000000668,-208.4328739726039,-9.246956570674552
CNY,LONG_QUARTERLY_SHORT_PERP,20,2026-02-03,2026-03-04,29,0.00888,-58.999999999999275,-187.00000000000117,63.2,25.072669041095896,2.32,2.000000000000668,-212.19266904109702,-9.413756850545768
CNY,LONG_QUARTERLY_SHORT_PERP,40,2026-03-12,2026-05-08,57,0.00345,-883.9999999999985,666.9999999999998,58.28,49.28076328767124,2.32,2.000000000000668,-212.32076328767067,-9.419439648620969
CNY,LONG_QUARTERLY_SHORT_PERP,20,2026-01-22,2026-02-19,28,0.00815,-80.99999999999952,-221.00000000000009,117.7,24.208094246575342,2.32,2.000000000000668,-212.82809424657563,-9.441946977980969
CNY,SHORT_QUARTERLY_LONG_PERP,10,2026-03-19,2026-04-02,14,-0.04261,599.0000000000002,-834.0000000000014,37.519999999999996,12.104047123287671,2.32,2.000000000000668,-213.9040471232895,-9.489680760725687
CNY,SHORT_QUARTERLY_LONG_PERP,20,2026-03-24,2026-04-21,28,-0.00829,578.0000000000011,-724.0000000000002,-42.17,24.208094246575342,2.32,2.000000000000668,-216.69809424657512,-9.613636410873447
CNY,LONG_QUARTERLY_SHORT_PERP,40,2026-01-09,2026-03-09,59,0.00256,-308.99999999999926,-49.999999999998934,195.77,51.00991287671233,2.32,2.000000000000668,-218.55991287671117,-9.69623449478992
CNY,LONG_QUARTERLY_SHORT_PERP,3,2026-03-11,2026-03-16,5,0.00254,86.0000000000003,-301.9999999999996,3.5500000000000003,4.32287397260274,2.32,2.000000000000668,-221.09287397260272,-9.808607273625162
CNY,LONG_QUARTERLY_SHORT_PERP,10,2026-02-11,2026-02-26,15,0.00345,-144.99999999999957,-74.99999999999929,14.51,12.968621917808221,2.32,2.000000000000668,-222.77862191780775,-9.883394123421532
CNY,LONG_QUARTERLY_SHORT_PERP,40,2026-01-12,2026-03-10,57,0.00372,-149.0000000000009,-218.99999999999943,194.47,49.28076328767124,2.32,2.000000000000668,-227.13076328767227,-10.076473369845313
CNY,LONG_QUARTERLY_SHORT_PERP,40,2026-01-13,2026-03-11,57,0.00427,-121.99999999999989,-246.9999999999999,192.73999999999998,49.28076328767124,2.32,2.000000000000668,-229.86076328767172,-10.197587620955503
CNY,LONG_QUARTERLY_SHORT_PERP,40,2026-03-06,2026-05-04,59,0.00247,-590.9999999999993,371.9999999999999,43.69,51.00991287671233,2.32,2.000000000000668,-230.6399128767124,-10.232153964904036
CNY,LONG_QUARTERLY_SHORT_PERP,40,2026-02-26,2026-04-23,56,0.00322,-339.0000000000004,145.99999999999903,12.959999999999997,48.416188493150685,2.32,2.000000000000668,-232.7761884931527,-10.326928111955382
CNY,LONG_QUARTERLY_SHORT_PERP,20,2026-02-02,2026-03-03,29,0.01115,-121.99999999999989,-150.00000000000034,68.52999999999999,25.072669041095896,2.32,2.000000000000668,-232.8626690410968,-10.330764751808807
CNY,LONG_QUARTERLY_SHORT_PERP,20,2026-01-30,2026-03-02,31,0.00991,-4.999999999999005,-274.0000000000009,76.58,26.801818630136992,2.32,2.000000000000668,-233.54181863013758,-10.360894676302758
CNY,SHORT_QUARTERLY_LONG_PERP,5,2026-04-02,2026-04-09,7,-0.00176,135.99999999999923,-343.0,-19.650000000000002,6.052023561643836,2.32,2.000000000000668,-237.02202356164526,-10.515291164943646
CNY,LONG_QUARTERLY_SHORT_PERP,20,2026-01-23,2026-02-20,28,0.0048,-70.00000000000028,-251.00000000000122,112.08,24.208094246575342,2.32,2.000000000000668,-237.4480942465775,-10.534193447700272
CNY,LONG_QUARTERLY_SHORT_PERP,40,2026-03-11,2026-05-07,57,0.00254,-812.0000000000011,567.0000000000002,58.04,49.28076328767124,2.32,2.000000000000668,-240.56076328767284,-10.672284502596318
CNY,SHORT_QUARTERLY_LONG_PERP,20,2026-03-25,2026-04-22,28,-0.0014,718.0,-884.0000000000003,-49.55,24.208094246575342,2.32,2.000000000000668,-244.07809424657637,-10.828328057539311
CNY,LONG_QUARTERLY_SHORT_PERP,40,2026-01-15,2026-03-13,57,0.00894,125.99999999999945,-502.0000000000007,184.17,49.28076328767124,2.32,2.000000000000668,-245.4307632876732,-10.8883381300347
CNY,LONG_QUARTERLY_SHORT_PERP,10,2026-03-02,2026-03-16,14,0.00342,352.9999999999998,-609.9999999999994,27.169999999999998,12.104047123287671,2.32,2.000000000000668,-246.254047123288,-10.924862454284382
CNY,SHORT_QUARTERLY_LONG_PERP,40,2026-03-17,2026-05-13,57,-0.00359,1092.0000000000005,-1208.0000000000002,-77.08,49.28076328767124,2.32,2.000000000000668,-246.68076328767165,-10.943793373216964
CNY,LONG_QUARTERLY_SHORT_PERP,40,2026-01-14,2026-03-12,57,0.00451,-2.000000000000668,-384.00000000000034,191.67999999999998,49.28076328767124,2.32,2.000000000000668,-247.92076328767297,-10.998804974453897
CNY,LONG_QUARTERLY_SHORT_PERP,40,2026-03-05,2026-04-30,56,0.0059,-679.0000000000002,437.00000000000114,40.349999999999994,48.416188493150685,2.32,2.000000000000668,-254.38618849315043,-11.285638356091445
CNY,LONG_QUARTERLY_SHORT_PERP,20,2026-01-27,2026-02-25,29,0.00777,48.99999999999949,-375.0,100.11,25.072669041095896,2.32,2.000000000000668,-255.28266904109705,-11.325409993527133
CNY,LONG_QUARTERLY_SHORT_PERP,40,2026-03-13,2026-05-11,59,0.00143,-1096.0,835.0000000000009,60.91,51.00991287671233,2.32,2.000000000000668,-255.4199128767121,-11.331498705750578
CNY,LONG_QUARTERLY_SHORT_PERP,40,2026-03-04,2026-04-29,56,0.00355,-611.0000000000007,364.0000000000008,41.49999999999999,48.416188493150685,2.32,2.000000000000668,-258.23618849315125,-11.456440505093065
CNY,LONG_QUARTERLY_SHORT_PERP,5,2026-03-09,2026-03-16,7,0.00364,294.99999999999994,-554.0000000000002,8.51,6.052023561643836,2.32,2.000000000000668,-260.8620235616448,-11.572933562917068
CNY,LONG_QUARTERLY_SHORT_PERP,40,2026-03-09,2026-05-05,57,0.00364,-469.0000000000012,212.9999999999992,46.65,49.28076328767124,2.32,2.000000000000668,-262.9507632876739,-11.665598818478303
CNY,LONG_QUARTERLY_SHORT_PERP,20,2026-01-26,2026-02-24,29,0.00531,-290.0000000000009,-52.00000000000138,106.67,25.072669041095896,2.32,2.000000000000668,-264.7226690410988,-11.744207990040184
CNY,LONG_QUARTERLY_SHORT_PERP,40,2026-02-27,2026-04-24,56,0.00303,-442.9999999999996,204.00000000000063,16.909999999999997,48.416188493150685,2.32,2.000000000000668,-274.82618849315037,-12.19244249260894
CNY,SHORT_QUARTERLY_LONG_PERP,10,2026-04-02,2026-04-16,14,-0.00176,304.0000000000003,-522.0000000000002,-42.46,12.104047123287671,2.32,2.000000000000668,-276.88404712328827,-12.283737733224267
CNY,LONG_QUARTERLY_SHORT_PERP,40,2026-03-03,2026-04-28,56,0.0031,-432.0000000000004,176.00000000000017,30.64,48.416188493150685,2.32,2.000000000000668,-278.0961884931516,-12.337513408773978
CNY,SHORT_QUARTERLY_LONG_PERP,3,2026-03-19,2026-03-24,5,-0.04261,507.9999999999991,-806.0000000000009,24.22,4.32287397260274,2.32,2.000000000000668,-282.4228739726052,-12.52946332512323
CNY,LONG_QUARTERLY_SHORT_PERP,20,2026-01-29,2026-02-27,29,0.01314,72.99999999999862,-416.99999999999983,83.07000000000001,25.072669041095896,2.32,2.000000000000668,-290.32266904109775,-12.879931370414305
CNY,LONG_QUARTERLY_SHORT_PERP,40,2026-03-02,2026-04-27,56,0.00342,-541.0000000000003,269.99999999999955,22.559999999999995,48.416188493150685,2.32,2.000000000000668,-301.17618849315215,-13.361439018892588
CNY,SHORT_QUARTERLY_LONG_PERP,20,2026-03-18,2026-04-15,28,-0.00793,760.9999999999992,-1080.9999999999995,46.46,24.208094246575342,2.32,2.000000000000668,-302.0680942465764,-13.401007699254075
CNY,LONG_QUARTERLY_SHORT_PERP,40,2026-03-10,2026-05-06,57,0.00242,-841.9999999999987,538.0000000000002,50.10999999999999,49.28076328767124,2.32,2.000000000000668,-307.49076328767046,-13.641580043551018
CNY,LONG_QUARTERLY_SHORT_PERP,20,2026-01-28,2026-02-26,29,0.01015,-108.99999999999999,-266.99999999999943,93.17999999999999,25.072669041095896,2.32,2.000000000000668,-312.212669041096,-13.851063589023232
CNY,LONG_QUARTERLY_SHORT_PERP,40,2026-02-25,2026-04-22,56,0.00121,-613.999999999999,346.0000000000001,6.639999999999998,48.416188493150685,2.32,2.000000000000668,-314.09618849315024,-13.934624412425089
CNY,LONG_QUARTERLY_SHORT_PERP,20,2026-03-12,2026-04-09,28,0.00345,-523.9999999999991,291.00000000000034,-71.9,24.208094246575342,2.32,2.000000000000668,-333.42809424657474,-14.792268840212358
CNY,LONG_QUARTERLY_SHORT_PERP,3,2026-03-12,2026-03-17,5,0.00345,103.00000000000153,-429.0000000000003,-3.49,4.32287397260274,2.32,2.000000000000668,-338.13287397260217,-15.000992603273286
CNY,LONG_QUARTERLY_SHORT_PERP,20,2026-02-13,2026-03-16,31,0.00024,382.0000000000015,-733.0000000000006,36.05,26.801818630136992,2.32,2.000000000000668,-346.07181863013676,-15.353197488549014
CNY,SHORT_QUARTERLY_LONG_PERP,10,2026-03-27,2026-04-10,14,-0.0032,258.0000000000009,-574.0000000000016,-22.84,12.104047123287671,2.32,2.000000000000668,-355.264047123289,-15.761003301729271
CNY,LONG_QUARTERLY_SHORT_PERP,20,2026-03-13,2026-04-10,28,0.00143,-676.0000000000001,415.0000000000009,-70.01,24.208094246575342,2.32,2.000000000000668,-359.5380942465752,-15.950617959804939
CNY,SHORT_QUARTERLY_LONG_PERP,10,2026-03-26,2026-04-09,14,-0.00857,48.99999999999949,-381.99999999999966,-16.32,12.104047123287671,2.32,2.000000000000668,-365.7440471232885,-16.225940060569926
CNY,LONG_QUARTERLY_SHORT_PERP,5,2026-03-10,2026-03-17,7,0.00242,145.00000000000136,-531.0000000000006,2.5000000000000004,6.052023561643836,2.32,2.000000000000668,-393.87202356164374,-17.47381507946265
CNY,SHORT_QUARTERLY_LONG_PERP,40,2026-03-20,2026-05-18,59,-0.01193,1222.999999999999,-1407.0,-156.07999999999998,51.00991287671233,2.32,2.000000000000668,-395.4099128767139,-17.54204230022643
CNY,SHORT_QUARTERLY_LONG_PERP,40,2026-03-23,2026-05-19,57,-0.004,1378.0,-1555.999999999999,-165.96,49.28076328767124,2.32,2.000000000000668,-397.560763287671,-17.637463046297185
CNY,SHORT_QUARTERLY_LONG_PERP,20,2026-04-01,2026-04-29,28,-0.00036,522.0000000000002,-782.0,-110.86999999999999,24.208094246575342,2.32,2.000000000000668,-399.3980942465758,-17.71897475440318
CNY,LONG_QUARTERLY_SHORT_PERP,10,2026-03-03,2026-03-17,14,0.0031,445.0000000000003,-852.0000000000003,20.48,12.104047123287671,2.32,2.000000000000668,-402.9440471232884,-17.87628809767613
CNY,SHORT_QUARTERLY_LONG_PERP,20,2026-04-02,2026-04-30,28,-0.00176,388.9999999999993,-663.0000000000002,-117.38,24.208094246575342,2.32,2.000000000000668,-419.9080942465769,-18.628884384538942
CNY,LONG_QUARTERLY_SHORT_PERP,20,2026-03-11,2026-04-08,28,0.00254,-390.00000000000057,60.99999999999994,-77.08,24.208094246575342,2.32,2.000000000000668,-434.6080942465766,-19.281038044363154
CNY,LONG_QUARTERLY_SHORT_PERP,40,2026-01-16,2026-03-16,59,0.00388,86.99999999999974,-647.9999999999997,178.96,51.00991287671233,2.32,2.000000000000668,-437.3699128767129,-19.40356390337092
CNY,SHORT_QUARTERLY_LONG_PERP,20,2026-03-26,2026-04-23,28,-0.00857,253.0000000000001,-611.9999999999983,-67.66,24.208094246575342,2.32,2.000000000000668,-455.18809424657417,-20.19405316811697
CNY,SHORT_QUARTERLY_LONG_PERP,20,2026-03-27,2026-04-24,28,-0.0032,489.0000000000008,-838.0000000000009,-77.84,24.208094246575342,2.32,2.000000000000668,-455.36809424657616,-20.202038723135313
CNY,LONG_QUARTERLY_SHORT_PERP,5,2026-03-13,2026-03-20,7,0.00143,-16.000000000000014,-362.0000000000001,-67.39,6.052023561643836,2.32,2.000000000000668,-455.76202356164464,-20.21951507990633
CNY,SHORT_QUARTERLY_LONG_PERP,40,2026-03-24,2026-05-20,57,-0.00829,977.9999999999998,-1208.0000000000002,-181.35999999999999,49.28076328767124,2.32,2.000000000000668,-464.96076328767236,-20.62760975868861
CNY,SHORT_QUARTERLY_LONG_PERP,20,2026-03-19,2026-04-16,28,-0.04261,903.0000000000005,-1356.0000000000016,-4.9399999999999995,24.208094246575342,2.32,2.000000000000668,-486.46809424657715,-21.581765173511787
CNY,SHORT_QUARTERLY_LONG_PERP,40,2026-03-25,2026-05-21,57,-0.0014,1143.0000000000007,-1389.0000000000011,-188.92000000000002,49.28076328767124,2.32,2.000000000000668,-488.52076328767237,-21.67283018218921
CNY,LONG_QUARTERLY_SHORT_PERP,10,2026-03-06,2026-03-20,14,0.00247,211.00000000000028,-630.0000000000008,-53.91,12.104047123287671,2.32,2.000000000000668,-489.3340471232889,-21.708910864493507
CNY,LONG_QUARTERLY_SHORT_PERP,10,2026-03-09,2026-03-23,14,0.00364,229.99999999999864,-644.0000000000001,-61.55,12.104047123287671,2.32,2.000000000000668,-491.97404712328984,-21.826032338094635
CNY,LONG_QUARTERLY_SHORT_PERP,40,2026-02-13,2026-04-13,59,0.00024,-328.99999999999886,-79.00000000000063,-29.39,51.00991287671233,2.32,2.000000000000668,-492.7199128767125,-21.85912207148458
CNY,LONG_QUARTERLY_SHORT_PERP,20,2026-02-16,2026-03-17,29,0.00112,399.0000000000009,-900.9999999999998,31.34,25.072669041095896,2.32,2.000000000000668,-500.05266904109544,-22.184433892518662
CNY,LONG_QUARTERLY_SHORT_PERP,20,2026-02-25,2026-03-25,28,0.00121,104.00000000000098,-538.0000000000002,-42.910000000000004,24.208094246575342,2.32,2.000000000000668,-505.4380942465753,-22.42335394404678
CNY,LONG_QUARTERLY_SHORT_PERP,20,2026-03-10,2026-04-07,28,0.00242,-474.0000000000002,71.99999999999918,-78.56,24.208094246575342,2.32,2.000000000000668,-509.08809424657704,-22.58528325413927
CNY,LONG_QUARTERLY_SHORT_PERP,40,2026-02-11,2026-04-09,57,0.00345,-279.9999999999994,-158.99999999999892,-23.87,49.28076328767124,2.32,2.000000000000668,-516.4707632876703,-22.91280941974607
CNY,LONG_QUARTERLY_SHORT_PERP,40,2026-02-17,2026-04-15,57,0.00025,-350.9999999999991,-92.00000000000053,-23.3,49.28076328767124,2.32,2.000000000000668,-519.9007632876716,-23.064978607038448
CNY,LONG_QUARTERLY_SHORT_PERP,10,2026-03-11,2026-03-25,14,0.00254,-121.99999999999989,-307.0000000000004,-76.2,12.104047123287671,2.32,2.000000000000668,-521.6240471232887,-23.141430706379513
CNY,LONG_QUARTERLY_SHORT_PERP,40,2026-02-16,2026-04-14,57,0.00112,-512.0000000000005,70.99999999999973,-27.48,49.28076328767124,2.32,2.000000000000668,-522.0807632876728,-23.161692551148487
CNY,SHORT_QUARTERLY_LONG_PERP,40,2026-04-01,2026-05-28,57,-0.00036,987.0000000000001,-1227.0000000000002,-228.58999999999997,49.28076328767124,2.32,2.000000000000668,-522.1907632876721,-23.166572612548503
CNY,LONG_QUARTERLY_SHORT_PERP,10,2026-03-10,2026-03-24,14,0.00242,-254.999999999999,-182.0000000000004,-72.26,12.104047123287671,2.32,2.000000000000668,-525.6840471232878,-23.321549336235687
CNY,SHORT_QUARTERLY_LONG_PERP,40,2026-03-18,2026-05-14,57,-0.00793,1024.9999999999986,-1404.9999999999993,-93.0,49.28076328767124,2.32,2.000000000000668,-526.6007632876726,-23.362218710495796
CNY,SHORT_QUARTERLY_LONG_PERP,40,2026-04-02,2026-05-29,57,-0.00176,902.9999999999986,-1152.9999999999986,-235.47,49.28076328767124,2.32,2.000000000000668,-539.070763287672,-23.915440216482715
CNY,LONG_QUARTERLY_SHORT_PERP,20,2026-03-06,2026-04-03,28,0.00247,-322.99999999999864,-110.00000000000121,-77.94,24.208094246575342,2.32,2.000000000000668,-539.4680942465759,-23.933067484442624
CNY,LONG_QUARTERLY_SHORT_PERP,20,2026-03-03,2026-03-31,28,0.0031,144.0000000000001,-589.9999999999999,-65.46000000000001,24.208094246575342,2.32,2.000000000000668,-539.9880942465759,-23.956136865606474
CNY,LONG_QUARTERLY_SHORT_PERP,40,2026-02-12,2026-04-10,57,0.01184,-370.000000000001,-85.99999999999852,-32.39,49.28076328767124,2.32,2.000000000000668,-541.9907632876715,-24.04498366455662
CNY,LONG_QUARTERLY_SHORT_PERP,20,2026-03-09,2026-04-06,28,0.00364,-225.00000000000142,-209.00000000000142,-79.54,24.208094246575342,2.32,2.000000000000668,-542.0680942465789,-24.048414390262007
CNY,LONG_QUARTERLY_SHORT_PERP,40,2026-01-19,2026-03-17,57,0.00606,173.00000000000006,-868.9999999999998,169.31,49.28076328767124,2.32,2.000000000000668,-580.2907632876718,-25.744132315663297
CNY,LONG_QUARTERLY_SHORT_PERP,40,2026-02-10,2026-04-08,57,0.00436,-211.99999999999974,-300.0000000000007,-29.050000000000004,49.28076328767124,2.32,2.000000000000668,-594.6507632876724,-26.38120214934196
CNY,LONG_QUARTERLY_SHORT_PERP,20,2026-03-02,2026-03-30,28,0.00342,37.99999999999848,-546.9999999999989,-63.59000000000001,24.208094246575342,2.32,2.000000000000668,-601.1180942465764,-26.668120078195283
CNY,LONG_QUARTERLY_SHORT_PERP,20,2026-03-04,2026-04-01,28,0.00355,-89.00000000000041,-417.99999999999926,-69.37,24.208094246575342,2.32,2.000000000000668,-604.8980942465757,-26.83581673357863
CNY,LONG_QUARTERLY_SHORT_PERP,3,2026-03-13,2026-03-18,5,0.00143,-86.0000000000003,-512.9999999999999,-12.85,4.32287397260274,2.32,2.000000000000668,-620.4928739726038,-27.52766657524406
CNY,LONG_QUARTERLY_SHORT_PERP,20,2026-03-05,2026-04-02,28,0.0059,-290.0000000000009,-225.9999999999991,-77.03,24.208094246575342,2.32,2.000000000000668,-621.558094246576,-27.574924214712766
CNY,LONG_QUARTERLY_SHORT_PERP,5,2026-03-11,2026-03-18,7,0.00254,39.99999999999915,-653.9999999999999,-7.97,6.052023561643836,2.32,2.000000000000668,-632.3420235616453,-28.05334455281536
CNY,LONG_QUARTERLY_SHORT_PERP,20,2026-02-26,2026-03-26,28,0.00322,-86.0000000000003,-465.9999999999993,-54.699999999999996,24.208094246575342,2.32,2.000000000000668,-635.2280942465758,-28.18138275415474
CNY,LONG_QUARTERLY_SHORT_PERP,40,2026-02-06,2026-04-06,59,0.00356,-212.00000000000153,-353.00000000000153,-27.57,51.00991287671233,2.32,2.000000000000668,-647.8999128767161,-28.743557781112216
CNY,LONG_QUARTERLY_SHORT_PERP,40,2026-02-09,2026-04-07,57,0.00454,-304.0000000000003,-262.00000000000045,-28.710000000000004,49.28076328767124,2.32,2.000000000000668,-648.3107632876727,-28.761784828673136
CNY,SHORT_QUARTERLY_LONG_PERP,40,2026-03-26,2026-05-22,57,-0.00857,738.999999999999,-1146.9999999999984,-202.63,49.28076328767124,2.32,2.000000000000668,-664.2307632876714,-29.468062805843264
CNY,LONG_QUARTERLY_SHORT_PERP,10,2026-03-12,2026-03-26,14,0.00345,-474.99999999999966,-90.9999999999993,-88.22000000000001,12.104047123287671,2.32,2.000000000000668,-670.6440471232874,-29.75258297760439
CNY,SHORT_QUARTERLY_LONG_PERP,40,2026-03-19,2026-05-15,57,-0.04261,1288.0000000000002,-1766.0,-139.65,49.28076328767124,2.32,2.000000000000668,-671.2507632876717,-29.779499451555257
CNY,LONG_QUARTERLY_SHORT_PERP,40,2026-01-23,2026-03-23,59,0.0048,356.9999999999993,-1057.0000000000005,79.97,51.00991287671233,2.32,2.000000000000668,-675.3599128767141,-29.961798563341603
CNY,LONG_QUARTERLY_SHORT_PERP,40,2026-01-22,2026-03-20,57,0.00815,487.0000000000001,-1198.0000000000005,88.77,49.28076328767124,2.32,2.000000000000668,-675.8307632876723,-29.982687462575353
CNY,LONG_QUARTERLY_SHORT_PERP,20,2026-02-27,2026-03-27,28,0.00303,46.00000000000115,-634.0000000000003,-60.93,24.208094246575342,2.32,2.000000000000668,-677.4580942465752,-30.054882689826634
CNY,LONG_QUARTERLY_SHORT_PERP,10,2026-03-13,2026-03-27,14,0.00143,-417.99999999999926,-159.00000000000068,-92.85000000000001,12.104047123287671,2.32,2.000000000000668,-686.2740471232884,-30.44599533835632
CNY,LONG_QUARTERLY_SHORT_PERP,10,2026-03-04,2026-03-18,14,0.00355,218.99999999999943,-897.9999999999997,9.000000000000002,12.104047123287671,2.32,2.000000000000668,-686.4240471232887,-30.452649967538214
CNY,SHORT_QUARTERLY_LONG_PERP,40,2026-03-27,2026-05-25,59,-0.0032,788.0000000000002,-1211.0000000000002,-211.01999999999998,51.00991287671233,2.32,2.000000000000668,-689.349912876713,-30.582453645038214
CNY,LONG_QUARTERLY_SHORT_PERP,40,2026-02-05,2026-04-03,57,0.01065,-181.9999999999986,-432.99999999999983,-26.05,49.28076328767124,2.32,2.000000000000668,-694.6507632876703,-30.817621603928462
CNY,LONG_QUARTERLY_SHORT_PERP,40,2026-01-26,2026-03-24,57,0.00531,-67.99999999999962,-669.0000000000005,66.37,49.28076328767124,2.32,2.000000000000668,-724.2307632876721,-32.12991447859525
CNY,LONG_QUARTERLY_SHORT_PERP,5,2026-03-12,2026-03-19,7,0.00345,211.00000000000028,-886.000000000001,-54.03,6.052023561643836,2.32,2.000000000000668,-739.4020235616453,-32.80297522089576
CNY,LONG_QUARTERLY_SHORT_PERP,40,2026-01-27,2026-03-25,57,0.00777,153.00000000000045,-913.0000000000002,57.2,49.28076328767124,2.32,2.000000000000668,-756.4007632876717,-33.55711061713574
CNY,LONG_QUARTERLY_SHORT_PERP,40,2026-02-02,2026-03-31,57,0.01115,22.00000000000024,-740.0000000000002,3.0699999999999985,49.28076328767124,2.32,2.000000000000668,-768.5307632876719,-34.095248296977104
CNY,LONG_QUARTERLY_SHORT_PERP,20,2026-02-17,2026-03-18,29,0.00025,410.0000000000001,-1173.0,23.16,25.072669041095896,2.32,2.000000000000668,-769.2326690410965,-34.1263877803749
CNY,LONG_QUARTERLY_SHORT_PERP,40,2026-02-04,2026-04-02,57,0.00903,-70.00000000000028,-664.9999999999991,-16.960000000000004,49.28076328767124,2.32,2.000000000000668,-805.5607632876713,-35.738054421010496
CNY,LONG_QUARTERLY_SHORT_PERP,10,2026-03-05,2026-03-19,14,0.0059,308.99999999999926,-1060.0000000000005,-39.510000000000005,12.104047123287671,2.32,2.000000000000668,-806.9340471232896,-35.798979052260556
CNY,LONG_QUARTERLY_SHORT_PERP,40,2026-02-03,2026-04-01,57,0.00888,-147.9999999999997,-605.0000000000005,-6.170000000000002,49.28076328767124,2.32,2.000000000000668,-812.770763287672,-36.05792026368622
CNY,LONG_QUARTERLY_SHORT_PERP,40,2026-01-30,2026-03-30,59,0.00991,32.999999999999474,-820.9999999999998,12.989999999999998,51.00991287671233,2.32,2.000000000000668,-830.3399128767134,-36.837361434059865
CNY,LONG_QUARTERLY_SHORT_PERP,40,2026-01-20,2026-03-18,57,0.00541,57.99999999999983,-1026.9999999999993,155.97,49.28076328767124,2.32,2.000000000000668,-866.6307632876715,-38.44737578192653
CNY,LONG_QUARTERLY_SHORT_PERP,40,2026-01-28,2026-03-26,57,0.01015,-195.00000000000028,-732.9999999999987,38.48,49.28076328767124,2.32,2.000000000000668,-943.120763287671,-41.840793022739796
CNY,LONG_QUARTERLY_SHORT_PERP,40,2026-01-29,2026-03-27,57,0.01314,118.99999999999977,-1051.0000000000002,22.14,49.28076328767124,2.32,2.000000000000668,-963.4607632876724,-42.74316073980277
CNY,LONG_QUARTERLY_SHORT_PERP,40,2026-01-21,2026-03-19,57,0.00451,462.9999999999992,-1501.0000000000011,108.85000000000001,49.28076328767124,2.32,2.000000000000668,-982.7507632876737,-43.59894605259259
