name,direction,n_obs,start,end,calendar_days,entry_swaprate,quarter_pnl_rub,perp_pnl_rub,funding_rub,margin_cost_rub,roundtrip_fee_rub,spread_buffer_rub,screen_net_rub,screen_return_on_current_im_pct
IMOEX,LONG_QUARTERLY_SHORT_PERP,20,2026-07-01,2026-07-29,28,1.16826,-620.0,1075.0,273.0089,53.947254794520546,6.02,6.5000000000009095,661.5416452054786,13.16985646865968
IMOEX,LONG_QUARTERLY_SHORT_PERP,20,2026-01-05,2026-02-03,29,1.80323,600.9999999999991,-290.0,349.00260000000003,55.87394246575343,6.02,6.5000000000009095,591.6086575342448,11.777642665145274
IMOEX,LONG_QUARTERLY_SHORT_PERP,20,2026-06-30,2026-07-28,28,1.20098,-1199.4999999999982,1570.0,283.8701,53.947254794520546,6.02,6.5000000000009095,587.9028452054804,11.703867995291409
IMOEX,LONG_QUARTERLY_SHORT_PERP,5,2026-01-23,2026-01-30,7,1.51039,579.0000000000009,-50.0,84.31290000000001,13.486813698630137,6.02,6.5000000000009095,587.3060863013699,11.691987822409642
IMOEX,LONG_QUARTERLY_SHORT_PERP,10,2026-07-13,2026-07-27,14,1.48043,1015.0,-525.0,133.0548,26.973627397260273,6.02,6.5000000000009095,583.5611726027388,11.61743472925831
IMOEX,LONG_QUARTERLY_SHORT_PERP,10,2026-07-07,2026-07-21,14,1.12732,-673.9999999999964,1115.0,176.7202,26.973627397260273,6.02,6.5000000000009095,578.2265726027424,11.51123443661333
IMOEX,LONG_QUARTERLY_SHORT_PERP,10,2026-07-10,2026-07-24,14,2.01715,667.5,-200.0,142.3201,26.973627397260273,6.02,6.5000000000009095,570.3264726027388,11.353960614410058
IMOEX,LONG_QUARTERLY_SHORT_PERP,5,2026-07-13,2026-07-20,7,1.48043,-1140.0,1640.0,94.8227,13.486813698630137,6.02,6.5000000000009095,568.8158863013689,11.323888124013196
IMOEX,LONG_QUARTERLY_SHORT_PERP,20,2026-07-03,2026-07-31,28,0.96097,207.00000000000273,165.0,261.798,53.947254794520546,6.02,6.5000000000009095,567.3307452054813,11.294322192359004
IMOEX,LONG_QUARTERLY_SHORT_PERP,20,2026-07-02,2026-07-30,28,2.25511,-101.50000000000091,460.0,267.2599,53.947254794520546,6.02,6.5000000000009095,559.2926452054777,11.134301090062564
IMOEX,LONG_QUARTERLY_SHORT_PERP,20,2026-07-13,2026-08-10,28,1.48043,1706.9999999999982,-1290.0,203.5403,53.947254794520546,6.02,6.5000000000009095,554.0730452054768,11.030390197495134
IMOEX,LONG_QUARTERLY_SHORT_PERP,10,2026-07-08,2026-07-22,14,1.65411,-427.99999999999727,850.0,166.89800000000002,26.973627397260273,6.02,6.5000000000009095,549.4043726027415,10.937447072110958
IMOEX,LONG_QUARTERLY_SHORT_PERP,10,2026-07-06,2026-07-20,14,1.54841,-1528.499999999999,1935.0,181.6576,26.973627397260273,6.02,6.5000000000009095,548.6639726027397,10.922707317176268
IMOEX,LONG_QUARTERLY_SHORT_PERP,10,2026-07-14,2026-07-28,14,1.74246,654.0000000000009,-200.0,120.28310000000002,26.973627397260273,6.02,6.5000000000009095,534.7894726027397,10.64649617476563
IMOEX,LONG_QUARTERLY_SHORT_PERP,10,2026-01-23,2026-02-06,14,1.51039,-20.0,420.0,168.42110000000002,26.973627397260273,6.02,6.5000000000009095,528.9274726027388,10.529796494286233
IMOEX,LONG_QUARTERLY_SHORT_PERP,20,2026-07-06,2026-08-03,28,1.54841,1030.5000000000018,-690.0,250.6976,53.947254794520546,6.02,6.5000000000009095,524.7303452054804,10.446240809163184
IMOEX,LONG_QUARTERLY_SHORT_PERP,10,2026-01-27,2026-02-10,14,1.64219,-250.0,645.0,166.06390000000002,26.973627397260273,6.02,6.5000000000009095,521.5702726027388,10.383330631232171
IMOEX,LONG_QUARTERLY_SHORT_PERP,20,2026-07-16,2026-08-13,28,3.15709,2497.5,-2095.0,170.9348,53.947254794520546,6.02,6.5000000000009095,506.9675452054786,10.092622063953467
IMOEX,LONG_QUARTERLY_SHORT_PERP,5,2026-07-14,2026-07-21,7,1.74246,-471.9999999999982,920.0,83.7339,13.486813698630137,6.02,6.5000000000009095,505.7270863013707,10.067927222984995
IMOEX,LONG_QUARTERLY_SHORT_PERP,10,2026-07-15,2026-07-29,14,1.88932,1685.999999999999,-1250.0,102.21130000000001,26.973627397260273,6.02,6.5000000000009095,498.717672602738,9.928385029368783
IMOEX,LONG_QUARTERLY_SHORT_PERP,20,2026-06-29,2026-07-27,28,1.4166,-1057.5,1330.0,291.22700000000003,53.947254794520546,6.02,6.5000000000009095,497.2597452054787,9.899360863312438
IMOEX,LONG_QUARTERLY_SHORT_PERP,10,2026-07-09,2026-07-23,14,2.40448,-43.00000000000182,420.0,155.1136,26.973627397260273,6.02,6.5000000000009095,492.61997260273705,9.806993074121559
IMOEX,LONG_QUARTERLY_SHORT_PERP,20,2026-07-09,2026-08-06,28,2.40448,1326.9999999999982,-990.0,220.3673,53.947254794520546,6.02,6.5000000000009095,490.9000452054768,9.772753057453526
IMOEX,LONG_QUARTERLY_SHORT_PERP,20,2026-07-07,2026-08-04,28,1.12732,1097.5,-785.0,244.27320000000003,53.947254794520546,6.02,6.5000000000009095,490.3059452054787,9.760925817574206
IMOEX,LONG_QUARTERLY_SHORT_PERP,20,2026-06-25,2026-07-23,28,1.92728,-868.0000000000018,1120.0,303.9451,53.947254794520546,6.02,6.5000000000009095,489.4778452054768,9.744440146232481
IMOEX,LONG_QUARTERLY_SHORT_PERP,20,2026-07-10,2026-08-07,28,2.01715,1706.500000000001,-1360.0,208.3596,53.947254794520546,6.02,6.5000000000009095,488.3923452054795,9.722830200282285
IMOEX,LONG_QUARTERLY_SHORT_PERP,5,2026-07-17,2026-07-24,7,2.08334,2540.4999999999995,-2070.0,38.7937,13.486813698630137,6.02,6.5000000000009095,483.2868863013685,9.621191608878265
IMOEX,LONG_QUARTERLY_SHORT_PERP,20,2026-07-14,2026-08-11,28,1.74246,1880.5000000000018,-1530.0,194.54630000000003,53.947254794520546,6.02,6.5000000000009095,478.5790452054804,9.527468723917869
IMOEX,LONG_QUARTERLY_SHORT_PERP,3,2026-07-15,2026-07-20,5,1.88932,-682.5,1115.0,58.504900000000006,9.633438356164383,6.02,6.5000000000009095,468.85146164383474,9.333813675558858
IMOEX,LONG_QUARTERLY_SHORT_PERP,3,2026-01-27,2026-01-30,3,1.64219,439.0000000000009,-10.0,53.387899999999995,5.78006301369863,6.02,6.5000000000009095,464.0878369863014,9.238980261117057
IMOEX,LONG_QUARTERLY_SHORT_PERP,20,2026-06-26,2026-07-24,28,1.14691,-970.0,1200.0,299.85400000000004,53.947254794520546,6.02,6.5000000000009095,463.38674520547863,9.22502304740011
IMOEX,LONG_QUARTERLY_SHORT_PERP,20,2026-03-09,2026-04-06,28,0.52689,-875.9999999999991,1035.0,367.8057,53.947254794520546,6.02,6.5000000000009095,460.3384452054795,9.164338019081244
IMOEX,LONG_QUARTERLY_SHORT_PERP,20,2026-07-08,2026-08-05,28,1.65411,1097.0000000000027,-805.0,227.031,53.947254794520546,6.02,6.5000000000009095,452.56374520548127,9.009560638354047
IMOEX,LONG_QUARTERLY_SHORT_PERP,5,2026-01-06,2026-01-14,8,2.165,-52.5,430.0,96.3449,15.413501369863013,6.02,6.5000000000009095,445.9113986301361,8.877126875170681
IMOEX,LONG_QUARTERLY_SHORT_PERP,20,2026-07-15,2026-08-12,28,1.88932,2220.0,-1895.0,186.8597,53.947254794520546,6.02,6.5000000000009095,445.39244520547857,8.866795640295006
IMOEX,LONG_QUARTERLY_SHORT_PERP,20,2026-01-09,2026-02-06,28,1.94677,285.9999999999991,-105.0,330.54859999999996,53.947254794520546,6.02,6.5000000000009095,445.08134520547765,8.860602315389302
IMOEX,LONG_QUARTERLY_SHORT_PERP,5,2026-07-15,2026-07-22,7,1.88932,633.0000000000018,-240.0,71.5596,13.486813698630137,6.02,6.5000000000009095,438.55278630137076,8.73063289572023
IMOEX,LONG_QUARTERLY_SHORT_PERP,10,2026-07-16,2026-07-30,14,3.15709,2265.4999999999973,-1875.0,87.44250000000001,26.973627397260273,6.02,6.5000000000009095,438.4488726027361,8.728564199809604
IMOEX,LONG_QUARTERLY_SHORT_PERP,5,2026-07-16,2026-07-23,7,3.15709,1633.9999999999964,-1225.0,52.249100000000006,13.486813698630137,6.02,6.5000000000009095,435.2422863013653,8.664728035224218
IMOEX,LONG_QUARTERLY_SHORT_PERP,3,2026-07-16,2026-07-21,5,3.15709,985.0,-565.0,33.269800000000004,9.633438356164383,6.02,6.5000000000009095,431.11636164383475,8.582589841908659
IMOEX,LONG_QUARTERLY_SHORT_PERP,5,2026-01-05,2026-01-13,8,1.80323,-251.5000000000009,600.0,103.35319999999999,15.413501369863013,6.02,6.5000000000009095,423.9196986301352,8.439319921366776
IMOEX,LONG_QUARTERLY_SHORT_PERP,10,2026-07-17,2026-07-31,14,2.08334,3071.0000000000014,-2680.0,70.7569,26.973627397260273,6.02,6.5000000000009095,422.2632726027402,8.406344078969177
IMOEX,LONG_QUARTERLY_SHORT_PERP,3,2026-07-17,2026-07-22,5,2.08334,2196.0000000000014,-1775.0,19.1553,9.633438356164383,6.02,6.5000000000009095,418.0018616438361,8.321508647837236
IMOEX,LONG_QUARTERLY_SHORT_PERP,5,2026-01-27,2026-02-03,7,1.64219,393.4999999999991,-45.0,83.483,13.486813698630137,6.02,6.5000000000009095,405.97618630136805,8.082103586422226
IMOEX,LONG_QUARTERLY_SHORT_PERP,20,2026-01-23,2026-02-20,28,1.51039,164.0000000000009,-30.0,335.7441,53.947254794520546,6.02,6.5000000000009095,403.2768452054795,8.028365571513483
IMOEX,LONG_QUARTERLY_SHORT_PERP,10,2026-01-05,2026-01-20,15,1.80323,57.5,190.0,184.8152,28.90031506849315,6.02,6.5000000000009095,390.89488493150594,7.781867651404119
IMOEX,LONG_QUARTERLY_SHORT_PERP,3,2026-01-09,2026-01-14,5,1.94677,137.99999999999727,225.0,45.5278,9.633438356164383,6.02,6.5000000000009095,386.374361643832,7.691873856919106
IMOEX,LONG_QUARTERLY_SHORT_PERP,20,2026-01-16,2026-02-13,28,1.31493,539.0000000000009,-425.0,337.54150000000004,53.947254794520546,6.02,6.5000000000009095,385.07424520547954,7.665991364093837
IMOEX,LONG_QUARTERLY_SHORT_PERP,10,2026-01-26,2026-02-09,14,1.45031,-169.49999999999818,425.0,167.5704,26.973627397260273,6.02,6.5000000000009095,383.5767726027407,7.636179938937533
IMOEX,LONG_QUARTERLY_SHORT_PERP,10,2026-01-16,2026-01-30,14,1.31493,739.0000000000009,-485.0,164.9763,26.973627397260273,6.02,6.5000000000009095,379.4826726027398,7.5546753053908375
IMOEX,LONG_QUARTERLY_SHORT_PERP,5,2026-01-26,2026-02-02,7,1.45031,320.9999999999991,-5.0,87.4244,13.486813698630137,6.02,6.5000000000009095,377.41758630136803,7.513563925054359
IMOEX,LONG_QUARTERLY_SHORT_PERP,10,2026-01-22,2026-02-05,14,1.86866,-65.50000000000182,310.0,170.2701,26.973627397260273,6.02,6.5000000000009095,375.27647260273704,7.470939004464072
IMOEX,LONG_QUARTERLY_SHORT_PERP,10,2026-01-28,2026-02-11,14,1.74739,-51.50000000000091,300.0,165.21519999999998,26.973627397260273,6.02,6.5000000000009095,374.2215726027379,7.44993823801276
IMOEX,LONG_QUARTERLY_SHORT_PERP,3,2026-01-26,2026-01-29,3,1.45031,638.0000000000018,-300.0,54.1019,5.78006301369863,6.02,6.5000000000009095,373.8018369863023,7.441582214074879
IMOEX,LONG_QUARTERLY_SHORT_PERP,5,2026-01-22,2026-01-29,7,1.86866,612.5,-300.0,83.7089,13.486813698630137,6.02,6.5000000000009095,370.2020863013689,7.369919001052507
IMOEX,LONG_QUARTERLY_SHORT_PERP,3,2026-01-06,2026-01-12,6,2.165,-112.99999999999727,435.0,69.1988,11.56012602739726,6.02,6.5000000000009095,367.1186739726046,7.308534962575368
IMOEX,LONG_QUARTERLY_SHORT_PERP,20,2026-06-24,2026-07-22,28,1.29364,-952.9999999999973,1075.0,310.95750000000004,53.947254794520546,6.02,6.5000000000009095,366.4902452054813,7.296024311547162
IMOEX,LONG_QUARTERLY_SHORT_PERP,5,2026-03-09,2026-03-16,7,0.52689,-36.99999999999818,350.0,76.8378,13.486813698630137,6.02,6.5000000000009095,363.8309863013708,7.243084245968581
IMOEX,LONG_QUARTERLY_SHORT_PERP,40,2026-06-18,2026-08-13,56,3.7275,-2127.5,2090.0,504.2674,107.89450958904109,6.02,6.5000000000009095,346.352890410958,6.89513334085102
IMOEX,LONG_QUARTERLY_SHORT_PERP,20,2026-06-23,2026-07-21,28,1.39676,-2474.499999999998,2570.0,317.175,53.947254794520546,6.02,6.5000000000009095,346.20774520548036,6.892243815245023
IMOEX,LONG_QUARTERLY_SHORT_PERP,40,2026-03-09,2026-05-05,57,0.52689,-2629.499999999998,2440.0,654.8990000000001,109.82119726027398,6.02,6.5000000000009095,343.0578027397271,6.829535306326252
IMOEX,LONG_QUARTERLY_SHORT_PERP,20,2026-01-08,2026-02-05,28,3.13494,256.9999999999982,-185.0,336.76140000000004,53.947254794520546,6.02,6.5000000000009095,342.29414520547675,6.81433254442883
IMOEX,LONG_QUARTERLY_SHORT_PERP,20,2026-01-06,2026-02-04,29,2.165,377.00000000000273,-310.0,341.3467,55.87394246575343,6.02,6.5000000000009095,339.9527575342484,6.76772060428712
IMOEX,LONG_QUARTERLY_SHORT_PERP,20,2026-01-26,2026-02-24,29,1.45031,166.5000000000009,-95.0,333.9969,55.87394246575343,6.02,6.5000000000009095,337.10295753424657,6.710987279580475
IMOEX,LONG_QUARTERLY_SHORT_PERP,40,2026-06-30,2026-08-25,56,1.20098,-2282.9999999999973,2310.0,427.1723,107.89450958904109,6.02,6.5000000000009095,333.75779041096075,6.644392271999856
IMOEX,LONG_QUARTERLY_SHORT_PERP,20,2026-01-22,2026-02-19,28,1.86866,110.99999999999909,-50.0,336.1792,53.947254794520546,6.02,6.5000000000009095,330.7119452054776,6.5837561133049505
IMOEX,LONG_QUARTERLY_SHORT_PERP,20,2026-07-17,2026-08-14,28,2.08334,2016.0000000000014,-1780.0,159.4722,53.947254794520546,6.02,6.5000000000009095,329.0049452054799,6.549773453022106
IMOEX,LONG_QUARTERLY_SHORT_PERP,40,2026-06-26,2026-08-21,56,1.14691,-1536.500000000001,1505.0,445.87420000000003,107.89450958904109,6.02,6.5000000000009095,293.95969041095714,5.85209859173939
IMOEX,LONG_QUARTERLY_SHORT_PERP,20,2026-06-22,2026-07-20,28,2.06753,-3148.000000000002,3180.0,324.8068,53.947254794520546,6.02,6.5000000000009095,290.3395452054767,5.780029368135069
IMOEX,LONG_QUARTERLY_SHORT_PERP,20,2026-03-12,2026-04-09,28,2.1882,-1400.0,1385.0,371.7599,53.947254794520546,6.02,6.5000000000009095,290.2926452054786,5.779095691059965
IMOEX,LONG_QUARTERLY_SHORT_PERP,40,2026-03-10,2026-05-06,57,1.15909,-2456.999999999998,2215.0,652.0145,109.82119726027398,6.02,6.5000000000009095,287.673302739727,5.726950275021192
IMOEX,LONG_QUARTERLY_SHORT_PERP,20,2026-03-13,2026-04-10,28,1.16919,-1485.0,1465.0,372.5701,53.947254794520546,6.02,6.5000000000009095,286.1028452054786,5.695685878492155
IMOEX,LONG_QUARTERLY_SHORT_PERP,10,2026-03-09,2026-03-23,14,0.52689,-381.5000000000009,550.0,157.048,26.973627397260273,6.02,6.5000000000009095,286.05437260273794,5.694720894314085
IMOEX,LONG_QUARTERLY_SHORT_PERP,40,2026-06-25,2026-08-20,56,1.92728,-1403.499999999999,1355.0,454.6082,107.89450958904109,6.02,6.5000000000009095,285.69369041095894,5.687540495723977
IMOEX,LONG_QUARTERLY_SHORT_PERP,40,2026-01-06,2026-03-05,58,2.165,553.0000000000018,-795.0,651.8072999999999,111.74788493150686,6.02,6.5000000000009095,285.539415068494,5.684469208932523
IMOEX,LONG_QUARTERLY_SHORT_PERP,40,2026-07-01,2026-08-26,56,1.16826,-2750.4999999999973,2730.0,422.48690000000005,107.89450958904109,6.02,6.5000000000009095,281.5723904109608,5.605494369289406
IMOEX,LONG_QUARTERLY_SHORT_PERP,40,2026-06-23,2026-08-18,56,1.39676,-1953.0000000000018,1880.0,472.1263,107.89450958904109,6.02,6.5000000000009095,278.7117904109562,5.548546040053677
IMOEX,LONG_QUARTERLY_SHORT_PERP,20,2026-01-13,2026-02-10,28,1.25044,209.0000000000009,-200.0,328.23030000000006,53.947254794520546,6.02,6.5000000000009095,270.76304520547956,5.390303797527041
IMOEX,LONG_QUARTERLY_SHORT_PERP,5,2026-04-24,2026-05-04,10,0.98371,-893.9999999999964,1120.0,75.1776,19.266876712328767,6.02,6.5000000000009095,269.39072328767395,5.362983850525546
IMOEX,LONG_QUARTERLY_SHORT_PERP,40,2026-07-02,2026-08-27,56,2.25511,-1647.5,1625.0,411.366,107.89450958904109,6.02,6.5000000000009095,268.451490410958,5.344285765126624
IMOEX,LONG_QUARTERLY_SHORT_PERP,5,2026-03-10,2026-03-17,7,1.15909,205.50000000000182,5.0,80.50979999999998,13.486813698630137,6.02,6.5000000000009095,265.00298630137075,5.2756335427246
IMOEX,LONG_QUARTERLY_SHORT_PERP,40,2026-06-29,2026-08-24,56,1.4166,-2846.999999999998,2790.0,434.7061,107.89450958904109,6.02,6.5000000000009095,257.2915904109598,5.122116409244396
IMOEX,LONG_QUARTERLY_SHORT_PERP,5,2026-01-08,2026-01-15,7,3.13494,24.49999999999818,170.0,87.7825,13.486813698630137,6.02,6.5000000000009095,256.27568630136716,5.101891966223728
IMOEX,LONG_QUARTERLY_SHORT_PERP,10,2026-01-19,2026-02-02,14,1.59034,301.9999999999982,-180.0,166.6875,26.973627397260273,6.02,6.5000000000009095,249.193872602737,4.960908445949992
IMOEX,LONG_QUARTERLY_SHORT_PERP,3,2026-01-28,2026-02-02,5,1.74739,20.99999999999909,195.0,53.5286,9.633438356164383,6.02,6.5000000000009095,247.37516164383376,4.924701863249829
IMOEX,LONG_QUARTERLY_SHORT_PERP,40,2026-06-17,2026-08-12,56,1.60355,-1999.000000000001,1835.0,525.8964000000001,107.89450958904109,6.02,6.5000000000009095,241.48189041095716,4.807379640483704
IMOEX,LONG_QUARTERLY_SHORT_PERP,3,2026-01-08,2026-01-13,5,3.13494,-2.0000000000027285,215.0,50.3538,9.633438356164383,6.02,6.5000000000009095,241.20036164383194,4.80177501455923
IMOEX,LONG_QUARTERLY_SHORT_PERP,40,2026-07-03,2026-08-28,56,0.96097,-1332.9999999999973,1280.0,404.21999999999997,107.89450958904109,6.02,6.5000000000009095,230.8054904109607,4.59483571884098
IMOEX,LONG_QUARTERLY_SHORT_PERP,3,2026-03-12,2026-03-17,5,2.1882,15.500000000001819,185.0,43.6282,9.633438356164383,6.02,6.5000000000009095,221.9747616438365,4.419035100362054
IMOEX,LONG_QUARTERLY_SHORT_PERP,20,2026-03-06,2026-04-03,28,0.73899,-1008.4999999999991,935.0,358.80049999999994,53.947254794520546,6.02,6.5000000000009095,218.8332452054794,4.356494335336978
IMOEX,SHORT_QUARTERLY_LONG_PERP,20,2026-08-05,2026-09-02,28,-0.07011,1600.0,-1165.0,-149.8063,53.947254794520546,6.02,6.5000000000009095,218.72644520547857,4.3543681794387705
IMOEX,LONG_QUARTERLY_SHORT_PERP,10,2026-04-22,2026-05-07,15,1.05497,-1349.4999999999982,1460.0,145.2314,28.90031506849315,6.02,6.5000000000009095,214.31108493150776,4.266467952012339
IMOEX,LONG_QUARTERLY_SHORT_PERP,10,2026-03-10,2026-03-24,14,1.15909,-74.49999999999818,165.0,160.4923,26.973627397260273,6.02,6.5000000000009095,211.49867260274064,4.210478934587672
IMOEX,LONG_QUARTERLY_SHORT_PERP,5,2026-02-04,2026-02-11,7,1.39941,-33.00000000000182,185.0,85.212,13.486813698630137,6.02,6.5000000000009095,211.20518630136712,4.204636260142881
IMOEX,LONG_QUARTERLY_SHORT_PERP,20,2026-01-28,2026-02-26,29,1.74739,-80.0,25.0,334.2463,55.87394246575343,6.02,6.5000000000009095,210.85235753424567,4.197612206170345
IMOEX,LONG_QUARTERLY_SHORT_PERP,10,2026-04-21,2026-05-06,15,1.01019,-1136.9999999999982,1250.0,135.63549999999998,28.90031506849315,6.02,6.5000000000009095,207.21518493150774,4.125204004091213
IMOEX,LONG_QUARTERLY_SHORT_PERP,20,2026-01-27,2026-02-25,29,1.64219,80.50000000000182,-140.0,332.32039999999995,55.87394246575343,6.02,6.5000000000009095,204.42645753424742,4.069686502179856
IMOEX,LONG_QUARTERLY_SHORT_PERP,10,2026-04-23,2026-05-08,15,2.41028,-1619.4999999999982,1735.0,128.6496,28.90031506849315,6.02,6.5000000000009095,202.72928493150775,4.035899484019147
IMOEX,LONG_QUARTERLY_SHORT_PERP,3,2026-01-23,2026-01-28,5,1.51039,280.0,-105.0,48.398900000000005,9.633438356164383,6.02,6.5000000000009095,201.2454616438347,4.006359787062594
IMOEX,LONG_QUARTERLY_SHORT_PERP,3,2026-03-13,2026-03-18,5,1.16919,168.4999999999991,5.0,48.317800000000005,9.633438356164383,6.02,6.5000000000009095,199.6643616438338,3.9748835221690335
IMOEX,LONG_QUARTERLY_SHORT_PERP,10,2026-03-13,2026-03-27,14,1.16919,-757.0000000000027,820.0,165.8025,26.973627397260273,6.02,6.5000000000009095,189.3088726027361,3.768728240302124
IMOEX,LONG_QUARTERLY_SHORT_PERP,10,2026-01-20,2026-02-03,14,1.49806,543.4999999999991,-480.0,164.1874,26.973627397260273,6.02,6.5000000000009095,188.19377260273788,3.746529022679751
IMOEX,LONG_QUARTERLY_SHORT_PERP,20,2026-01-15,2026-02-12,28,2.2787,561.5000000000009,-640.0,332.0607,53.947254794520546,6.02,6.5000000000009095,187.09344520547944,3.7246238954735467
IMOEX,LONG_QUARTERLY_SHORT_PERP,10,2026-01-06,2026-01-21,15,2.165,298.50000000000364,-250.0,179.15410000000003,28.90031506849315,6.02,6.5000000000009095,186.2337849315096,3.707509927665103
IMOEX,LONG_QUARTERLY_SHORT_PERP,20,2026-03-10,2026-04-07,28,1.15909,-687.5,570.0,368.03240000000005,53.947254794520546,6.02,6.5000000000009095,184.0651452054786,3.6643370236898876
IMOEX,LONG_QUARTERLY_SHORT_PERP,10,2026-03-20,2026-04-03,14,1.41846,-1033.0000000000018,1045.0,209.3311,26.973627397260273,6.02,6.5000000000009095,181.837472602737,3.6199889034318504
IMOEX,LONG_QUARTERLY_SHORT_PERP,40,2026-06-22,2026-08-17,56,2.06753,-2435.500000000002,2255.0,482.7279,107.89450958904109,6.02,6.5000000000009095,181.81339041095615,3.619509479329826
IMOEX,LONG_QUARTERLY_SHORT_PERP,40,2026-06-16,2026-08-11,56,2.27319,-1895.4999999999973,1665.0,530.7253000000001,107.89450958904109,6.02,6.5000000000009095,179.81079041096078,3.579642065456154
IMOEX,LONG_QUARTERLY_SHORT_PERP,10,2026-09-01,2026-09-15,14,0.38311,1642.5,-1495.0,68.6358,26.973627397260273,6.02,6.5000000000009095,176.64217260273884,3.5165617710547936
IMOEX,LONG_QUARTERLY_SHORT_PERP,10,2026-04-24,2026-05-11,17,0.98371,-661.9999999999982,760.0,123.61959999999999,32.7536904109589,6.02,6.5000000000009095,176.34590958904198,3.510663818302101
IMOEX,LONG_QUARTERLY_SHORT_PERP,3,2026-02-05,2026-02-10,5,2.67641,-50.0,200.0,41.8227,9.633438356164383,6.02,6.5000000000009095,169.6692616438347,3.3777462676574403
IMOEX,LONG_QUARTERLY_SHORT_PERP,5,2026-04-23,2026-04-30,7,2.41028,-1013.4999999999991,1135.0,71.5883,13.486813698630137,6.02,6.5000000000009095,167.08148630136986,3.3262292844404384
IMOEX,LONG_QUARTERLY_SHORT_PERP,40,2026-03-06,2026-05-04,59,0.73899,-2690.4999999999973,2330.0,652.906,113.67457260273972,6.02,6.5000000000009095,166.21142739726204,3.308908302504644
IMOEX,LONG_QUARTERLY_SHORT_PERP,40,2026-06-01,2026-07-28,57,1.12749,-4145.499999999997,3790.0,642.4383,109.82119726027398,6.02,6.5000000000009095,164.59710273972786,3.276770606884681
IMOEX,LONG_QUARTERLY_SHORT_PERP,10,2026-03-23,2026-04-06,14,1.28475,-494.4999999999982,485.0,210.7577,26.973627397260273,6.02,6.5000000000009095,161.76407260274064,3.220371133705755
IMOEX,LONG_QUARTERLY_SHORT_PERP,10,2026-03-12,2026-03-26,14,2.1882,-466.9999999999982,510.0,157.9008,26.973627397260273,6.02,6.5000000000009095,161.40717260274064,3.2132660303343648
IMOEX,LONG_QUARTERLY_SHORT_PERP,40,2026-05-29,2026-07-27,59,1.5941,-3847.5,3485.0,649.0603,113.67457260273972,6.02,6.5000000000009095,160.36572739725935,3.1925331196014324
IMOEX,LONG_QUARTERLY_SHORT_PERP,40,2026-06-24,2026-08-19,56,1.29364,-895.9999999999991,710.0,464.21799999999996,107.89450958904109,6.02,6.5000000000009095,157.80349041095886,3.141524549554739
IMOEX,LONG_QUARTERLY_SHORT_PERP,5,2026-04-28,2026-05-06,8,1.6169,-520.0,640.0,64.88719999999999,15.413501369863013,6.02,6.5000000000009095,156.95369863013607,3.12460704199827
IMOEX,LONG_QUARTERLY_SHORT_PERP,3,2026-03-09,2026-03-12,3,0.52689,-40.0,165.0,48.4725,5.78006301369863,6.02,6.5000000000009095,155.17243698630045,3.089145993774832
IMOEX,LONG_QUARTERLY_SHORT_PERP,5,2026-02-18,2026-02-26,8,1.32191,160.0,-65.0,84.0532,15.413501369863013,6.02,6.5000000000009095,151.11969863013607,3.008464780668228
IMOEX,LONG_QUARTERLY_SHORT_PERP,40,2026-06-15,2026-08-10,56,1.77724,-2769.000000000001,2495.0,545.0266,107.89450958904109,6.02,6.5000000000009095,150.6120904109571,2.9983594041777994
IMOEX,LONG_QUARTERLY_SHORT_PERP,5,2026-01-28,2026-02-04,7,1.74739,-18.49999999999909,115.0,80.0032,13.486813698630137,6.02,6.5000000000009095,150.49638630136985,2.996055986808474
IMOEX,LONG_QUARTERLY_SHORT_PERP,10,2026-07-01,2026-07-15,14,1.16826,-2305.999999999999,2325.0,170.7976,26.973627397260273,6.02,6.5000000000009095,150.30397260273972,2.992225448229492
IMOEX,LONG_QUARTERLY_SHORT_PERP,40,2026-03-12,2026-05-08,57,2.1882,-3111.999999999998,2740.0,642.7995,109.82119726027398,6.02,6.5000000000009095,148.4583027397269,2.9554821723366196
IMOEX,LONG_QUARTERLY_SHORT_PERP,3,2026-02-18,2026-02-24,6,1.32191,106.50000000000091,15.0,49.908,11.56012602739726,6.02,6.5000000000009095,147.32787397260276,2.9329777922738276
IMOEX,LONG_QUARTERLY_SHORT_PERP,40,2026-03-13,2026-05-11,59,1.16919,-2516.500000000001,2150.0,635.9147,113.67457260273972,6.02,6.5000000000009095,143.2201273972585,2.8512014850692995
IMOEX,LONG_QUARTERLY_SHORT_PERP,20,2026-03-04,2026-04-01,28,0.65031,-475.5000000000018,350.0,334.51959999999997,53.947254794520546,6.02,6.5000000000009095,142.55234520547668,2.837907392880497
IMOEX,LONG_QUARTERLY_SHORT_PERP,10,2026-01-21,2026-02-04,14,1.59889,78.49999999999909,-60.0,162.19259999999997,26.973627397260273,6.02,6.5000000000009095,141.19897260273788,2.810964685560612
IMOEX,LONG_QUARTERLY_SHORT_PERP,40,2026-05-28,2026-07-24,57,2.3438,-4582.5,4185.0,659.4623,109.82119726027398,6.02,6.5000000000009095,139.62110273972513,2.779552725674629
IMOEX,LONG_QUARTERLY_SHORT_PERP,3,2026-09-10,2026-09-15,5,0.91248,424.0000000000009,-280.0,16.8279,9.633438356164383,6.02,6.5000000000009095,138.6744616438356,2.760707158731784
IMOEX,LONG_QUARTERLY_SHORT_PERP,5,2026-02-16,2026-02-24,8,1.15253,35.99999999999909,50.0,80.0966,15.413501369863013,6.02,6.5000000000009095,138.16309863013515,2.7505270324424944
IMOEX,LONG_QUARTERLY_SHORT_PERP,40,2026-07-06,2026-08-31,56,1.54841,-286.9999999999982,150.0,394.2109,107.89450958904109,6.02,6.5000000000009095,136.7963904109598,2.7233188419808245
IMOEX,LONG_QUARTERLY_SHORT_PERP,3,2026-02-16,2026-02-19,3,1.15253,5.9999999999990905,95.0,52.6719,5.78006301369863,6.02,6.5000000000009095,135.37183698629954,2.6949590791893443
IMOEX,LONG_QUARTERLY_SHORT_PERP,3,2026-04-28,2026-05-04,6,1.6169,-645.0,755.0,48.9189,11.56012602739726,6.02,6.5000000000009095,134.83877397260184,2.684346953059372
IMOEX,LONG_QUARTERLY_SHORT_PERP,3,2026-01-05,2026-01-09,4,1.80323,-238.4999999999991,320.0,72.4671,7.706750684931507,6.02,6.5000000000009095,133.7403493150685,2.6624797052659885
IMOEX,LONG_QUARTERLY_SHORT_PERP,10,2026-07-03,2026-07-17,14,0.96097,-2863.9999999999986,2845.0,191.04109999999997,26.973627397260273,6.02,6.5000000000009095,132.54747260274016,2.6387321223284226
IMOEX,LONG_QUARTERLY_SHORT_PERP,10,2026-04-20,2026-05-05,15,0.58739,-1053.499999999999,1090.0,137.031,28.90031506849315,6.02,6.5000000000009095,132.11068493150685,2.6300366290376926
IMOEX,LONG_QUARTERLY_SHORT_PERP,5,2026-04-29,2026-05-07,8,2.61105,-145.0,245.0,58.92229999999999,15.413501369863013,6.02,6.5000000000009095,130.98879863013607,2.6077023109032393
IMOEX,LONG_QUARTERLY_SHORT_PERP,20,2026-09-01,2026-09-29,28,0.38311,770.9999999999991,-755.0,180.607,53.947254794520546,6.02,6.5000000000009095,130.13974520547762,2.590799502413379
IMOEX,LONG_QUARTERLY_SHORT_PERP,20,2026-04-24,2026-05-25,31,0.98371,-1374.4999999999982,1350.0,226.2034,59.72731780821917,6.02,6.5000000000009095,129.45608219178172,2.577189257573071
IMOEX,LONG_QUARTERLY_SHORT_PERP,3,2026-04-23,2026-04-28,5,2.41028,-634.4999999999982,750.0,36.0958,9.633438356164383,6.02,6.5000000000009095,129.4423616438365,2.576916111281497
IMOEX,LONG_QUARTERLY_SHORT_PERP,40,2026-06-19,2026-08-14,56,1.47845,-3089.499999999998,2840.0,498.8537,107.89450958904109,6.02,6.5000000000009095,128.9391904109598,2.56689906554572
IMOEX,LONG_QUARTERLY_SHORT_PERP,40,2026-06-02,2026-07-29,57,1.83405,-4213.000000000002,3835.0,624.9192,109.82119726027398,6.02,6.5000000000009095,124.57800273972333,2.4800772969097746
IMOEX,LONG_QUARTERLY_SHORT_PERP,40,2026-01-05,2026-03-04,58,1.80323,127.5,-530.0,649.3227,111.74788493150686,6.02,6.5000000000009095,122.55481506849227,2.4398000272437073
IMOEX,LONG_QUARTERLY_SHORT_PERP,40,2026-07-13,2026-09-07,56,1.48043,911.5000000000009,-1010.0,339.351,107.89450958904109,6.02,6.5000000000009095,120.43649041095891,2.397628786935666
IMOEX,LONG_QUARTERLY_SHORT_PERP,10,2026-09-02,2026-09-16,14,0.66096,1086.9999999999982,-1000.0,72.3965,26.973627397260273,6.02,6.5000000000009095,119.90287260273702,2.387005616052418
IMOEX,LONG_QUARTERLY_SHORT_PERP,3,2026-04-30,2026-05-06,6,0.9382,-140.9999999999991,255.0,29.3947,11.56012602739726,6.02,6.5000000000009095,119.31457397260276,2.375293868839329
IMOEX,LONG_QUARTERLY_SHORT_PERP,3,2026-04-07,2026-04-10,3,1.18176,-630.9999999999991,715.0,53.11120000000001,5.78006301369863,6.02,6.5000000000009095,118.81113698630138,2.3652715325304117
IMOEX,LONG_QUARTERLY_SHORT_PERP,10,2026-05-20,2026-06-03,14,0.86363,-398.50000000000364,390.0,166.5115,26.973627397260273,6.02,6.5000000000009095,118.51787260273521,2.359433275986885
IMOEX,LONG_QUARTERLY_SHORT_PERP,5,2026-04-07,2026-04-14,7,1.18176,-655.5000000000018,715.0,84.79660000000001,13.486813698630137,6.02,6.5000000000009095,118.28978630136716,2.3548925734124437
IMOEX,LONG_QUARTERLY_SHORT_PERP,3,2026-03-31,2026-04-03,3,2.2783,-96.50000000000091,150.0,81.5409,5.78006301369863,6.02,6.5000000000009095,116.74083698629956,2.3240563587848175
IMOEX,LONG_QUARTERLY_SHORT_PERP,10,2026-03-26,2026-04-09,14,2.26858,-933.0000000000018,875.0,213.85909999999998,26.973627397260273,6.02,6.5000000000009095,116.36547260273697,2.3165836696641944
IMOEX,LONG_QUARTERLY_SHORT_PERP,5,2026-03-12,2026-03-19,7,2.1882,30.0,30.0,81.54339999999999,13.486813698630137,6.02,6.5000000000009095,115.53658630136896,2.300082344771089
IMOEX,LONG_QUARTERLY_SHORT_PERP,3,2026-07-13,2026-07-16,3,1.48043,-1354.4999999999982,1420.0,67.8887,5.78006301369863,6.02,6.5000000000009095,115.08863698630229,2.2911646474085448
IMOEX,LONG_QUARTERLY_SHORT_PERP,5,2026-04-27,2026-05-05,8,1.00897,-809.4999999999982,880.0,72.3498,15.413501369863013,6.02,6.5000000000009095,114.91629863013792,2.2877337652695604
IMOEX,LONG_QUARTERLY_SHORT_PERP,10,2026-03-31,2026-04-14,14,2.2783,-539.5000000000027,500.0,192.42919999999998,26.973627397260273,6.02,6.5000000000009095,113.43557260273607,2.2582557280339244
IMOEX,LONG_QUARTERLY_SHORT_PERP,40,2026-07-08,2026-09-02,56,1.65411,-502.99999999999727,360.0,376.83729999999997,107.89450958904109,6.02,6.5000000000009095,113.4227904109607,2.2580012623744206
IMOEX,LONG_QUARTERLY_SHORT_PERP,40,2026-07-14,2026-09-08,56,1.74246,934.0000000000009,-1030.0,328.8438,107.89450958904109,6.02,6.5000000000009095,112.4292904109589,2.238222836486247
IMOEX,LONG_QUARTERLY_SHORT_PERP,3,2026-04-24,2026-04-29,5,0.98371,-847.9999999999973,930.0,52.36919999999999,9.633438356164383,6.02,6.5000000000009095,112.21576164383741,2.233971942781669
IMOEX,LONG_QUARTERLY_SHORT_PERP,5,2026-01-09,2026-01-16,7,1.94677,145.9999999999991,-90.0,81.4641,13.486813698630137,6.02,6.5000000000009095,111.45728630136806,2.218872347060471
IMOEX,LONG_QUARTERLY_SHORT_PERP,40,2026-01-23,2026-03-23,59,1.51039,188.4999999999991,-560.0,608.5695,113.67457260273972,6.02,6.5000000000009095,110.87492739725842,2.2072788468840954
IMOEX,LONG_QUARTERLY_SHORT_PERP,40,2026-05-22,2026-07-20,59,0.985,-6714.499999999998,6250.0,701.1747,113.67457260273972,6.02,6.5000000000009095,110.48012739726123,2.199419236878477
IMOEX,LONG_QUARTERLY_SHORT_PERP,40,2026-07-07,2026-09-01,56,1.12732,-185.9999999999991,30.0,386.76879999999994,107.89450958904109,6.02,6.5000000000009095,110.35429041095885,2.196914095954906
IMOEX,LONG_QUARTERLY_SHORT_PERP,20,2026-04-23,2026-05-22,29,2.41028,-1505.5000000000018,1460.0,222.30450000000002,55.87394246575343,6.02,6.5000000000009095,108.41055753424386,2.1582185985734825
IMOEX,LONG_QUARTERLY_SHORT_PERP,10,2026-07-02,2026-07-16,14,2.25511,-2366.999999999998,2335.0,179.8174,26.973627397260273,6.02,6.5000000000009095,108.32377260274063,2.1564908991915557
IMOEX,LONG_QUARTERLY_SHORT_PERP,5,2026-05-19,2026-05-26,7,0.88429,-767.5,830.0,69.7067,13.486813698630137,6.02,6.5000000000009095,106.19988630136898,2.11420893864147
IMOEX,LONG_QUARTERLY_SHORT_PERP,10,2026-01-29,2026-02-12,14,2.02061,-349.0000000000009,325.0,169.64300000000003,26.973627397260273,6.02,6.5000000000009095,106.14937260273794,2.1132033206800105
IMOEX,LONG_QUARTERLY_SHORT_PERP,10,2026-03-04,2026-03-18,14,0.65031,615.0,-615.0,145.2756,26.973627397260273,6.02,6.5000000000009095,105.78197260273882,2.1058891851276353
IMOEX,LONG_QUARTERLY_SHORT_PERP,20,2026-01-14,2026-02-11,28,1.46417,396.5000000000009,-555.0,330.2138,53.947254794520546,6.02,6.5000000000009095,105.24654520547945,2.0952299892593182
IMOEX,LONG_QUARTERLY_SHORT_PERP,5,2026-03-30,2026-04-06,7,2.32408,-144.49999999999818,155.0,118.598,13.486813698630137,6.02,6.5000000000009095,103.0911863013708,2.052321477586192
IMOEX,LONG_QUARTERLY_SHORT_PERP,5,2026-02-03,2026-02-10,7,1.24805,-643.4999999999991,690.0,82.58090000000001,13.486813698630137,6.02,6.5000000000009095,103.07408630136989,2.051981053748542
IMOEX,LONG_QUARTERLY_SHORT_PERP,5,2026-09-08,2026-09-15,7,0.69174,724.4999999999982,-630.0,33.5745,13.486813698630137,6.02,6.5000000000009095,102.06768630136715,2.031945816895119
IMOEX,LONG_QUARTERLY_SHORT_PERP,5,2026-02-05,2026-02-12,7,2.67641,329.0000000000009,-285.0,83.0818,13.486813698630137,6.02,6.5000000000009095,101.07498630136986,2.0121833172684447
IMOEX,LONG_QUARTERLY_SHORT_PERP,5,2026-07-08,2026-07-15,7,1.65411,-1060.999999999999,1090.0,95.3384,13.486813698630137,6.02,6.5000000000009095,98.33158630136985,1.9575681853293225
IMOEX,LONG_QUARTERLY_SHORT_PERP,3,2026-04-29,2026-05-05,6,2.61105,136.5000000000009,-45.0,30.070300000000003,11.56012602739726,6.02,6.5000000000009095,97.49017397260275,1.940817494452739
IMOEX,LONG_QUARTERLY_SHORT_PERP,10,2026-03-03,2026-03-17,14,0.5146,285.5000000000018,-285.0,135.3972,26.973627397260273,6.02,6.5000000000009095,96.40357260274064,1.9191856226220727
IMOEX,LONG_QUARTERLY_SHORT_PERP,3,2026-02-09,2026-02-12,3,1.36524,458.4999999999991,-400.0,56.174499999999995,5.78006301369863,6.02,6.5000000000009095,96.37443698629956,1.918605595817357
IMOEX,LONG_QUARTERLY_SHORT_PERP,5,2026-03-13,2026-03-20,7,1.16919,-33.49999999999909,70.0,84.0361,13.486813698630137,6.02,6.5000000000009095,94.52928630136988,1.8818726556318226
IMOEX,LONG_QUARTERLY_SHORT_PERP,3,2026-03-20,2026-03-25,5,1.41846,-173.00000000000182,250.0,39.487,9.633438356164383,6.02,6.5000000000009095,94.33356164383288,1.8779762030565064
IMOEX,LONG_QUARTERLY_SHORT_PERP,20,2026-01-20,2026-02-17,28,1.49806,100.0,-275.0,335.1523,53.947254794520546,6.02,6.5000000000009095,93.68504520547857,1.8650656501493799
IMOEX,LONG_QUARTERLY_SHORT_PERP,10,2026-09-10,2026-09-24,14,0.91248,67.5,-35.0,100.52590000000001,26.973627397260273,6.02,6.5000000000009095,93.53227260273883,1.8620242796400435
IMOEX,LONG_QUARTERLY_SHORT_PERP,3,2026-05-20,2026-05-25,5,0.86363,-355.5000000000018,425.0,43.7742,9.633438356164383,6.02,6.5000000000009095,91.12076164383289,1.8140163372352587
IMOEX,LONG_QUARTERLY_SHORT_PERP,20,2026-04-07,2026-05-06,29,1.18176,-1769.4999999999982,1645.0,283.9821,55.87394246575343,6.02,6.5000000000009095,91.08815753424749,1.8133672602699002
IMOEX,LONG_QUARTERLY_SHORT_PERP,3,2026-02-04,2026-02-09,5,1.39941,-450.9999999999991,510.0,53.6714,9.633438356164383,6.02,6.5000000000009095,90.51796164383562,1.8020158992631243
IMOEX,LONG_QUARTERLY_SHORT_PERP,3,2026-09-11,2026-09-16,5,0.15529,125.99999999999909,-40.0,25.6453,9.633438356164383,6.02,6.5000000000009095,89.49186164383379,1.7815884782225055
IMOEX,LONG_QUARTERLY_SHORT_PERP,40,2026-06-04,2026-07-31,57,2.37447,-3929.499999999998,3535.0,605.613,109.82119726027398,6.02,6.5000000000009095,88.771802739727,1.7672536703010462
IMOEX,LONG_QUARTERLY_SHORT_PERP,5,2026-05-20,2026-05-27,7,0.86363,-472.5,505.0,81.00569999999999,13.486813698630137,6.02,6.5000000000009095,87.49888630136896,1.7419126703635959
IMOEX,LONG_QUARTERLY_SHORT_PERP,40,2026-06-11,2026-08-07,57,1.06064,-2682.9999999999973,2340.0,552.814,109.82119726027398,6.02,6.5000000000009095,87.47280273972781,1.7413934033371055
IMOEX,LONG_QUARTERLY_SHORT_PERP,5,2026-03-27,2026-04-03,7,1.95936,-309.4999999999982,295.0,127.5647,13.486813698630137,6.02,6.5000000000009095,87.05788630137077,1.7331333187615496
IMOEX,LONG_QUARTERLY_SHORT_PERP,5,2026-05-29,2026-06-05,7,1.5941,-17.5,45.0,85.0333,13.486813698630137,6.02,6.5000000000009095,86.52648630136896,1.7225542996201382
IMOEX,LONG_QUARTERLY_SHORT_PERP,5,2026-09-09,2026-09-16,7,0.76218,285.5000000000018,-210.0,36.323,13.486813698630137,6.02,6.5000000000009095,85.81618630137079,1.7084137702710607
IMOEX,LONG_QUARTERLY_SHORT_PERP,5,2026-04-02,2026-04-09,7,3.48831,-385.9999999999991,410.0,87.6231,13.486813698630137,6.02,6.5000000000009095,85.61628630136987,1.7044341957013005
IMOEX,LONG_QUARTERLY_SHORT_PERP,10,2026-03-27,2026-04-10,14,1.95936,-727.9999999999973,645.0,206.76760000000002,26.973627397260273,6.02,6.5000000000009095,84.27397260274157,1.6777116471286257
IMOEX,LONG_QUARTERLY_SHORT_PERP,40,2026-07-10,2026-09-04,56,2.01715,936.9999999999982,-1080.0,346.9339,107.89450958904109,6.02,6.5000000000009095,83.51939041095618,1.662689555576803
IMOEX,LONG_QUARTERLY_SHORT_PERP,5,2026-03-20,2026-03-27,7,1.41846,-723.5000000000036,750.0,81.7664,13.486813698630137,6.02,6.5000000000009095,82.25958630136533,1.6376095936088975
IMOEX,LONG_QUARTERLY_SHORT_PERP,40,2026-05-27,2026-07-23,57,1.99353,-4923.500000000004,4450.0,675.5223,109.82119726027398,6.02,6.5000000000009095,79.68110273972145,1.5862775895547905
IMOEX,LONG_QUARTERLY_SHORT_PERP,3,2026-05-29,2026-06-03,5,1.5941,414.4999999999982,-360.0,46.1268,9.633438356164383,6.02,6.5000000000009095,78.47336164383289,1.5622340890443822
IMOEX,LONG_QUARTERLY_SHORT_PERP,40,2026-01-26,2026-03-24,57,1.45031,285.5000000000018,-695.0,609.1016,109.82119726027398,6.02,6.5000000000009095,77.2604027397269,1.538086713311904
IMOEX,LONG_QUARTERLY_SHORT_PERP,3,2026-03-06,2026-03-11,5,0.73899,67.00000000000273,0.0,31.8594,9.633438356164383,6.02,6.5000000000009095,76.70596164383743,1.5270489960251523
IMOEX,LONG_QUARTERLY_SHORT_PERP,20,2026-04-22,2026-05-21,29,1.05497,-1061.500000000001,970.0,236.5573,55.87394246575343,6.02,6.5000000000009095,76.66335753424475,1.5262008407920282
IMOEX,LONG_QUARTERLY_SHORT_PERP,3,2026-09-17,2026-09-22,5,1.23219,574.4999999999982,-510.0,32.697500000000005,9.633438356164383,6.02,6.5000000000009095,75.0440616438329,1.4939641787291422
IMOEX,LONG_QUARTERLY_SHORT_PERP,5,2026-07-10,2026-07-17,7,2.01715,-1872.9999999999995,1870.0,103.52640000000001,13.486813698630137,6.02,6.5000000000009095,74.51958630136942,1.4835230144703904
IMOEX,LONG_QUARTERLY_SHORT_PERP,40,2026-05-25,2026-07-21,57,1.3736,-5689.499999999998,5190.0,693.7745,109.82119726027398,6.02,6.5000000000009095,71.93330273972693,1.4320357293675667
IMOEX,LONG_QUARTERLY_SHORT_PERP,5,2026-04-22,2026-04-29,7,1.05497,-1204.4999999999982,1215.0,86.3091,13.486813698630137,6.02,6.5000000000009095,70.80228630137078,1.409519650047695
IMOEX,LONG_QUARTERLY_SHORT_PERP,10,2026-05-19,2026-06-02,14,0.88429,-478.4999999999991,430.0,158.6364,26.973627397260273,6.02,6.5000000000009095,70.64277260273974,1.4063440789691677
IMOEX,LONG_QUARTERLY_SHORT_PERP,3,2026-07-01,2026-07-06,5,1.16826,-1460.0,1505.0,47.64490000000001,9.633438356164383,6.02,6.5000000000009095,70.49146164383471,1.4033318066120803
IMOEX,LONG_QUARTERLY_SHORT_PERP,20,2026-03-20,2026-04-17,28,1.41846,-1642.0000000000027,1410.0,367.79359999999997,53.947254794520546,6.02,6.5000000000009095,69.32634520547579,1.3801368703995658
IMOEX,LONG_QUARTERLY_SHORT_PERP,10,2026-01-15,2026-01-29,14,2.2787,910.5000000000018,-965.0,162.4177,26.973627397260273,6.02,6.5000000000009095,68.42407260274064,1.362174583732133
IMOEX,LONG_QUARTERLY_SHORT_PERP,3,2026-08-10,2026-08-13,3,0.9985,-563.9999999999964,615.0,35.2832,5.78006301369863,6.02,6.5000000000009095,67.9831369863041,1.3533965138668784
IMOEX,LONG_QUARTERLY_SHORT_PERP,5,2026-09-17,2026-09-24,7,1.23219,666.9999999999982,-635.0,61.0058,13.486813698630137,6.02,6.5000000000009095,66.99898630136714,1.3338042125233598
IMOEX,LONG_QUARTERLY_SHORT_PERP,10,2026-09-08,2026-09-22,14,0.69174,275.49999999999727,-260.0,88.96419999999999,26.973627397260273,6.02,6.5000000000009095,64.97057260273608,1.2934229040091594
IMOEX,LONG_QUARTERLY_SHORT_PERP,10,2026-03-19,2026-04-02,14,2.15337,-1044.000000000001,945.0,202.59340000000003,26.973627397260273,6.02,6.5000000000009095,64.09977260273794,1.276087168464767
IMOEX,LONG_QUARTERLY_SHORT_PERP,20,2026-01-12,2026-02-09,28,1.83817,39.00000000000091,-235.0,325.8193,53.947254794520546,6.02,6.5000000000009095,63.352045205479456,1.2612015409748756
IMOEX,LONG_QUARTERLY_SHORT_PERP,40,2026-03-11,2026-05-07,57,1.49996,-2856.500000000001,2385.0,657.1605,109.82119726027398,6.02,6.5000000000009095,63.319302739724165,1.2605497096388556
IMOEX,LONG_QUARTERLY_SHORT_PERP,5,2026-06-01,2026-06-08,7,1.12749,-527.9999999999973,525.0,91.9786,13.486813698630137,6.02,6.5000000000009095,62.971786301371694,1.2536314125871555
IMOEX,LONG_QUARTERLY_SHORT_PERP,5,2026-09-01,2026-09-08,7,0.38311,918.0000000000018,-865.0,35.061299999999996,13.486813698630137,6.02,6.5000000000009095,62.05448630137077,1.2353699630982706
IMOEX,LONG_QUARTERLY_SHORT_PERP,5,2026-08-06,2026-08-13,7,1.73811,-506.49999999999636,540.0,53.432,13.486813698630137,6.02,6.5000000000009095,60.92518630137259,1.2128880543358767
IMOEX,LONG_QUARTERLY_SHORT_PERP,5,2026-07-07,2026-07-14,7,1.12732,-201.99999999999818,195.0,92.9863,13.486813698630137,6.02,6.5000000000009095,59.979486301370784,1.194061222566931
IMOEX,LONG_QUARTERLY_SHORT_PERP,40,2026-06-10,2026-08-06,57,2.84208,-2723.000000000002,2350.0,555.2566,109.82119726027398,6.02,6.5000000000009095,59.91540273972335,1.192785458123356
IMOEX,LONG_QUARTERLY_SHORT_PERP,10,2026-09-09,2026-09-23,14,0.76218,495.5000000000018,-485.0,88.55539999999999,26.973627397260273,6.02,6.5000000000009095,59.56177260274063,1.1857454506184493
IMOEX,LONG_QUARTERLY_SHORT_PERP,3,2026-01-29,2026-02-03,5,2.02061,-84.50000000000273,120.0,45.803000000000004,9.633438356164383,6.02,6.5000000000009095,59.14956164383197,1.17753922625906
IMOEX,LONG_QUARTERLY_SHORT_PERP,20,2026-01-19,2026-02-16,28,1.59034,111.50000000000091,-320.0,333.16339999999997,53.947254794520546,6.02,6.5000000000009095,58.196145205479425,1.1585587769722072
IMOEX,LONG_QUARTERLY_SHORT_PERP,3,2026-09-18,2026-09-23,5,0.54017,390.5000000000018,-345.0,34.508799999999994,9.633438356164383,6.02,6.5000000000009095,57.85536164383653,1.1517745168636522
IMOEX,LONG_QUARTERLY_SHORT_PERP,3,2026-04-01,2026-04-06,5,2.57355,109.50000000000273,-100.0,70.0795,9.633438356164383,6.02,6.5000000000009095,57.42606164383743,1.143228086834704
IMOEX,LONG_QUARTERLY_SHORT_PERP,40,2026-01-27,2026-03-25,57,1.64219,160.0,-585.0,604.284,109.82119726027398,6.02,6.5000000000009095,56.94280273972511,1.1336074522903976
IMOEX,LONG_QUARTERLY_SHORT_PERP,20,2026-03-11,2026-04-08,28,1.49996,-1134.000000000001,890.0,366.61879999999996,53.947254794520546,6.02,6.5000000000009095,56.1515452054776,1.1178552343743986
IMOEX,LONG_QUARTERLY_SHORT_PERP,10,2026-07-30,2026-08-13,14,1.68021,232.00000000000273,-220.0,83.4923,26.973627397260273,6.02,6.5000000000009095,55.99867260274155,1.1148118730824594
IMOEX,LONG_QUARTERLY_SHORT_PERP,40,2026-07-09,2026-09-03,56,2.40448,95.0,-280.0,361.09119999999996,107.89450958904109,6.02,6.5000000000009095,55.67669041095796,1.108401907387953
IMOEX,LONG_QUARTERLY_SHORT_PERP,3,2026-07-14,2026-07-17,3,1.74246,-2122.9999999999995,2125.0,71.2975,5.78006301369863,6.02,6.5000000000009095,54.99743698630091,1.0948794478823232
IMOEX,LONG_QUARTERLY_SHORT_PERP,3,2026-05-19,2026-05-22,3,0.88429,-345.5000000000018,380.0,38.674499999999995,5.78006301369863,6.02,6.5000000000009095,54.87443698629865,1.0924307851905408
IMOEX,LONG_QUARTERLY_SHORT_PERP,10,2026-04-27,2026-05-12,15,1.00897,-448.0000000000018,425.0,118.96090000000001,28.90031506849315,6.02,6.5000000000009095,54.54058493150414,1.0857845163195234
IMOEX,LONG_QUARTERLY_SHORT_PERP,10,2026-09-07,2026-09-21,14,0.72214,-60.0,75.0,78.71449999999999,26.973627397260273,6.02,6.5000000000009095,54.22087260273881,1.0794197386647584
IMOEX,LONG_QUARTERLY_SHORT_PERP,3,2026-07-10,2026-07-15,5,2.01715,-310.0,335.0,51.1221,9.633438356164383,6.02,6.5000000000009095,53.96866164383472,1.0743987665873949
IMOEX,LONG_QUARTERLY_SHORT_PERP,3,2026-04-22,2026-04-27,5,1.05497,-258.4999999999991,290.0,44.0296,9.633438356164383,6.02,6.5000000000009095,53.37616164383563,1.0626033792308738
IMOEX,LONG_QUARTERLY_SHORT_PERP,5,2026-03-04,2026-03-11,7,0.65031,455.5000000000018,-440.0,63.383900000000004,13.486813698630137,6.02,6.5000000000009095,52.877086301370795,1.0526678737718522
IMOEX,LONG_QUARTERLY_SHORT_PERP,3,2026-04-27,2026-04-30,3,1.00897,-725.9999999999991,745.0,51.661500000000004,5.78006301369863,6.02,6.5000000000009095,52.36143698630137,1.042402416537459
IMOEX,LONG_QUARTERLY_SHORT_PERP,40,2026-06-03,2026-07-30,57,1.65114,-4365.999999999999,3915.0,625.2099000000001,109.82119726027398,6.02,6.5000000000009095,51.86870273972609,1.0325931485168887
IMOEX,LONG_QUARTERLY_SHORT_PERP,5,2026-02-06,2026-02-13,7,1.32549,399.0000000000009,-410.0,88.45700000000001,13.486813698630137,6.02,6.5000000000009095,51.45018630136987,1.0242613957650053
IMOEX,LONG_QUARTERLY_SHORT_PERP,10,2026-05-22,2026-06-05,14,0.985,-729.4999999999982,645.0,175.37980000000002,26.973627397260273,6.02,6.5000000000009095,51.38617260274066,1.0229870221422945
IMOEX,LONG_QUARTERLY_SHORT_PERP,5,2026-07-02,2026-07-09,7,2.25511,-690.0,690.0,76.9529,13.486813698630137,6.02,6.5000000000009095,50.94608630136895,1.0142258602942167
IMOEX,LONG_QUARTERLY_SHORT_PERP,3,2026-03-11,2026-03-16,5,1.49996,17.5,5.0,50.247299999999996,9.633438356164383,6.02,6.5000000000009095,50.5938616438347,1.0072138328306879
IMOEX,LONG_QUARTERLY_SHORT_PERP,10,2026-03-30,2026-04-13,14,2.32408,-888.4999999999991,780.0,198.2976,26.973627397260273,6.02,6.5000000000009095,50.30397260273972,1.0014427720203403
IMOEX,LONG_QUARTERLY_SHORT_PERP,5,2026-09-07,2026-09-14,7,0.72214,1003.4999999999991,-955.0,27.5946,13.486813698630137,6.02,6.5000000000009095,50.08778630136804,0.9971389725842956
IMOEX,LONG_QUARTERLY_SHORT_PERP,5,2026-08-04,2026-08-11,7,0.48488,581.0000000000036,-550.0,43.2594,13.486813698630137,6.02,6.5000000000009095,48.25258630137259,0.9606041289105958
IMOEX,LONG_QUARTERLY_SHORT_PERP,5,2026-07-22,2026-07-29,7,0.67189,1052.9999999999973,-1010.0,30.6517,13.486813698630137,6.02,6.5000000000009095,47.64488630136623,0.948506142587146
IMOEX,LONG_QUARTERLY_SHORT_PERP,10,2026-04-17,2026-05-04,17,0.95,-1072.9999999999973,1030.0,135.643,32.7536904109589,6.02,6.5000000000009095,47.36930958904291,0.9430200091385468
IMOEX,LONG_QUARTERLY_SHORT_PERP,3,2026-02-06,2026-02-11,5,1.32549,248.4999999999991,-225.0,45.193000000000005,9.633438356164383,6.02,6.5000000000009095,46.53956164383381,0.9265015307891226
IMOEX,LONG_QUARTERLY_SHORT_PERP,5,2026-03-23,2026-03-30,7,1.28475,-350.0,330.0,92.1597,13.486813698630137,6.02,6.5000000000009095,46.15288630136895,0.9188036650581597
IMOEX,LONG_QUARTERLY_SHORT_PERP,5,2026-07-03,2026-07-10,7,0.96097,-990.9999999999991,975.0,87.51469999999999,13.486813698630137,6.02,6.5000000000009095,45.50788630136985,0.9059631167966287
IMOEX,SHORT_QUARTERLY_LONG_PERP,10,2026-08-05,2026-08-19,14,-0.07011,1468.0000000000018,-1290.0,-93.1275,26.973627397260273,6.02,6.5000000000009095,45.37887260274064,0.9033947344343818
IMOEX,LONG_QUARTERLY_SHORT_PERP,20,2026-04-27,2026-05-26,29,1.00897,-1640.0,1520.0,233.40990000000002,55.87394246575343,6.02,6.5000000000009095,45.015957534245686,0.8961698841214316
IMOEX,LONG_QUARTERLY_SHORT_PERP,5,2026-07-09,2026-07-16,7,2.40448,-1676.9999999999982,1645.0,102.8645,13.486813698630137,6.02,6.5000000000009095,44.85768630137078,0.8930190478359351
IMOEX,LONG_QUARTERLY_SHORT_PERP,3,2026-06-04,2026-06-09,5,2.37447,-550.9999999999991,570.0,47.8481,9.633438356164383,6.02,6.5000000000009095,44.694661643835616,0.889773581195776
IMOEX,LONG_QUARTERLY_SHORT_PERP,10,2026-03-11,2026-03-25,14,1.49996,-215.50000000000182,140.0,157.097,26.973627397260273,6.02,6.5000000000009095,42.10337260273701,0.8381866478750787
IMOEX,LONG_QUARTERLY_SHORT_PERP,10,2026-06-30,2026-07-14,14,1.20098,-1853.499999999999,1770.0,163.587,26.973627397260273,6.02,6.5000000000009095,40.59337260273972,0.8081258294643744
IMOEX,LONG_QUARTERLY_SHORT_PERP,3,2026-07-07,2026-07-10,3,1.12732,-451.9999999999982,450.0,60.7574,5.78006301369863,6.02,6.5000000000009095,40.45733698630228,0.8054176559788635
IMOEX,LONG_QUARTERLY_SHORT_PERP,3,2026-03-19,2026-03-24,5,2.15337,-294.4999999999982,315.0,42.0673,9.633438356164383,6.02,6.5000000000009095,40.413861643836526,0.8045521563926328
IMOEX,LONG_QUARTERLY_SHORT_PERP,5,2026-03-11,2026-03-18,7,1.49996,159.49999999999818,-175.0,81.89170000000001,13.486813698630137,6.02,6.5000000000009095,40.384886301367146,0.8039753202943801
IMOEX,LONG_QUARTERLY_SHORT_PERP,5,2026-07-01,2026-07-08,7,1.16826,-1245.0,1235.0,75.45920000000001,13.486813698630137,6.02,6.5000000000009095,39.45238630136896,0.7854112718387658
IMOEX,LONG_QUARTERLY_SHORT_PERP,3,2026-08-04,2026-08-07,3,0.48488,157.00000000000273,-125.0,24.843799999999998,5.78006301369863,6.02,6.5000000000009095,38.54373698630319,0.7673220386869433
IMOEX,LONG_QUARTERLY_SHORT_PERP,20,2026-01-21,2026-02-18,28,1.59889,-143.00000000000182,-85.0,332.3825,53.947254794520546,6.02,6.5000000000009095,37.91524520547672,0.7548101331928516
IMOEX,LONG_QUARTERLY_SHORT_PERP,5,2026-04-21,2026-04-28,7,1.01019,-616.9999999999982,610.0,70.7483,13.486813698630137,6.02,6.5000000000009095,37.74148630137077,0.7513509710315394
IMOEX,LONG_QUARTERLY_SHORT_PERP,3,2026-07-06,2026-07-09,3,1.54841,-65.99999999999909,70.0,51.8591,5.78006301369863,6.02,6.5000000000009095,37.559036986301365,0.7477188016742755
IMOEX,LONG_QUARTERLY_SHORT_PERP,20,2026-03-17,2026-04-14,28,1.52629,-1548.5000000000036,1280.0,372.3192,53.947254794520546,6.02,6.5000000000009095,37.351945205474934,0.7435960543777298
IMOEX,LONG_QUARTERLY_SHORT_PERP,40,2026-07-15,2026-09-09,56,1.88932,1359.4999999999982,-1520.0,317.5724,107.89450958904109,6.02,6.5000000000009095,36.6578904109562,0.7297789317650518
IMOEX,LONG_QUARTERLY_SHORT_PERP,10,2026-02-18,2026-03-05,15,1.32191,397.5,-460.0,140.2707,28.90031506849315,6.02,6.5000000000009095,36.35038493150594,0.7236571659517622
IMOEX,LONG_QUARTERLY_SHORT_PERP,10,2026-04-29,2026-05-14,15,2.61105,172.99999999999727,-190.0,94.1563,28.90031506849315,6.02,6.5000000000009095,35.73598493150321,0.7114257971890788
IMOEX,LONG_QUARTERLY_SHORT_PERP,3,2026-06-02,2026-06-05,3,1.83405,-596.5000000000009,595.0,55.4179,5.78006301369863,6.02,6.5000000000009095,35.61783698629955,0.7090737283636673
IMOEX,LONG_QUARTERLY_SHORT_PERP,3,2026-09-21,2026-09-24,3,1.01287,552.9999999999973,-545.0,45.47539999999999,5.78006301369863,6.02,6.5000000000009095,35.17533698629772,0.7002645150214054
IMOEX,LONG_QUARTERLY_SHORT_PERP,3,2026-03-27,2026-04-01,5,1.95936,-165.0,150.0,71.7593,9.633438356164383,6.02,6.5000000000009095,34.6058616438347,0.6889274985583689
IMOEX,LONG_QUARTERLY_SHORT_PERP,3,2026-09-09,2026-09-14,5,0.76218,1013.0000000000018,-970.0,13.055399999999999,9.633438356164383,6.02,6.5000000000009095,33.90196164383653,0.674914379300569
IMOEX,LONG_QUARTERLY_SHORT_PERP,5,2026-03-19,2026-03-26,7,2.15337,-496.9999999999982,480.0,76.3574,13.486813698630137,6.02,6.5000000000009095,33.35058630137077,0.6639376945018718
IMOEX,LONG_QUARTERLY_SHORT_PERP,3,2026-07-21,2026-07-24,3,0.63358,889.4999999999982,-865.0,26.357300000000002,5.78006301369863,6.02,6.5000000000009095,32.55723698629865,0.648143833775592
IMOEX,LONG_QUARTERLY_SHORT_PERP,3,2026-07-22,2026-07-27,5,0.67189,839.4999999999982,-810.0,25.1774,9.633438356164383,6.02,6.5000000000009095,32.52396164383289,0.6474813940223345
IMOEX,LONG_QUARTERLY_SHORT_PERP,20,2026-03-16,2026-04-13,28,1.66734,-1583.0000000000018,1310.0,370.6675,53.947254794520546,6.02,6.5000000000009095,31.200245205476747,0.6211290764854075
IMOEX,LONG_QUARTERLY_SHORT_PERP,3,2026-03-23,2026-03-26,3,1.28475,-125.49999999999727,125.0,49.3253,5.78006301369863,6.02,6.5000000000009095,30.525236986303184,0.6076911297951124
IMOEX,LONG_QUARTERLY_SHORT_PERP,40,2026-05-26,2026-07-22,57,1.72962,-4976.999999999998,4445.0,683.1972000000001,109.82119726027398,6.02,6.5000000000009095,28.856002739727003,0.5744603035889234
IMOEX,LONG_QUARTERLY_SHORT_PERP,3,2026-09-03,2026-09-08,5,0.82987,619.0000000000009,-590.0,20.153,9.633438356164383,6.02,6.5000000000009095,26.99956164383562,0.5375025958578904
IMOEX,LONG_QUARTERLY_SHORT_PERP,20,2026-03-19,2026-04-16,28,2.15337,-1559.4999999999982,1280.0,372.47819999999996,53.947254794520546,6.02,6.5000000000009095,26.510945205480326,0.527775304450003
IMOEX,LONG_QUARTERLY_SHORT_PERP,3,2026-04-08,2026-04-13,5,1.3586,-431.5000000000009,425.0,54.29600000000001,9.633438356164383,6.02,6.5000000000009095,25.6425616438338,0.510487674941696
IMOEX,LONG_QUARTERLY_SHORT_PERP,5,2026-06-02,2026-06-09,7,1.83405,-1012.5,975.0,88.1042,13.486813698630137,6.02,6.5000000000009095,24.59738630136896,0.4896805052878963
IMOEX,LONG_QUARTERLY_SHORT_PERP,10,2026-03-06,2026-03-20,14,0.73899,24.50000000000273,-110.0,149.4694,26.973627397260273,6.02,6.5000000000009095,24.475772602741554,0.4872594408437247
IMOEX,LONG_QUARTERLY_SHORT_PERP,10,2026-03-18,2026-04-01,14,1.63815,-1090.5000000000018,965.0,189.24399999999997,26.973627397260273,6.02,6.5000000000009095,24.25037260273697,0.482772216691458
IMOEX,LONG_QUARTERLY_SHORT_PERP,3,2026-01-22,2026-01-27,5,1.86866,134.49999999999818,-135.0,46.02890000000001,9.633438356164383,6.02,6.5000000000009095,23.375461643832896,0.4653546408893403
IMOEX,LONG_QUARTERLY_SHORT_PERP,5,2026-04-30,2026-05-08,8,0.9382,-605.9999999999991,600.0,57.0613,15.413501369863013,6.02,6.5000000000009095,23.12779863013699,0.4604242085173047
IMOEX,LONG_QUARTERLY_SHORT_PERP,20,2026-08-31,2026-09-28,28,0.5475,670.9999999999991,-755.0,173.29360000000003,53.947254794520546,6.02,6.5000000000009095,22.82634520547766,0.45442292596234757
IMOEX,LONG_QUARTERLY_SHORT_PERP,40,2026-06-05,2026-08-03,59,1.51618,-3425.999999999999,2980.0,594.8349000000001,113.67457260273972,6.02,6.5000000000009095,22.640327397260346,0.45071971566169333
IMOEX,LONG_QUARTERLY_SHORT_PERP,5,2026-03-25,2026-04-01,7,1.16043,-715.5000000000018,650.0,114.03869999999999,13.486813698630137,6.02,6.5000000000009095,22.531886301367127,0.44856088911075975
IMOEX,LONG_QUARTERLY_SHORT_PERP,3,2026-05-21,2026-05-26,5,2.01882,-836.9999999999982,840.0,40.8822,9.633438356164383,6.02,6.5000000000009095,21.728761643836524,0.43257242256027645
IMOEX,LONG_QUARTERLY_SHORT_PERP,5,2026-09-02,2026-09-09,7,0.66096,801.4999999999964,-790.0,36.073499999999996,13.486813698630137,6.02,6.5000000000009095,21.566686301365312,0.4293458547199529
IMOEX,LONG_QUARTERLY_SHORT_PERP,20,2026-03-03,2026-03-31,28,0.5146,-723.4999999999991,495.0,315.2872,53.947254794520546,6.02,6.5000000000009095,20.31994520547944,0.40452594896587685
IMOEX,LONG_QUARTERLY_SHORT_PERP,20,2026-05-13,2026-06-10,28,0.18706,-1968.0000000000018,1735.0,318.0331,53.947254794520546,6.02,6.5000000000009095,18.565845205476716,0.36960563004243785
IMOEX,LONG_QUARTERLY_SHORT_PERP,5,2026-05-27,2026-06-03,7,1.99353,73.99999999999636,-115.0,85.5058,13.486813698630137,6.02,6.5000000000009095,18.49898630136531,0.3682746145618847
IMOEX,LONG_QUARTERLY_SHORT_PERP,3,2026-06-01,2026-06-04,3,1.12749,78.00000000000182,-100.0,58.596599999999995,5.78006301369863,6.02,6.5000000000009095,18.296536986302275,0.36424428866950576
IMOEX,LONG_QUARTERLY_SHORT_PERP,5,2026-03-26,2026-04-02,7,2.26858,-547.0000000000027,465.0,126.23599999999999,13.486813698630137,6.02,6.5000000000009095,18.229186301366216,0.36290348290149044
IMOEX,LONG_QUARTERLY_SHORT_PERP,10,2026-09-03,2026-09-17,14,0.82987,320.0,-340.0,76.41969999999999,26.973627397260273,6.02,6.5000000000009095,16.92607260273881,0.3369613211379077
IMOEX,LONG_QUARTERLY_SHORT_PERP,3,2026-03-10,2026-03-13,3,1.15909,166.5000000000009,-180.0,48.5735,5.78006301369863,6.02,6.5000000000009095,16.773436986301373,0.33392267772814616
IMOEX,LONG_QUARTERLY_SHORT_PERP,5,2026-07-21,2026-07-28,7,0.63358,1125.999999999999,-1120.0,36.5492,13.486813698630137,6.02,6.5000000000009095,16.542386301368044,0.32932296071923084
IMOEX,LONG_QUARTERLY_SHORT_PERP,5,2026-09-10,2026-09-17,7,0.91248,-599.4999999999982,600.0,39.5201,13.486813698630137,6.02,6.5000000000009095,14.013286301370773,0.2789740760552795
IMOEX,LONG_QUARTERLY_SHORT_PERP,3,2026-09-01,2026-09-04,3,0.38311,670.9999999999991,-660.0,20.9225,5.78006301369863,6.02,6.5000000000009095,13.622436986299551,0.27119311560075954
IMOEX,LONG_QUARTERLY_SHORT_PERP,10,2026-08-31,2026-09-14,14,0.5475,1813.499999999999,-1820.0,59.569599999999994,26.973627397260273,6.02,6.5000000000009095,13.575972602737902,0.27026811070220685
IMOEX,LONG_QUARTERLY_SHORT_PERP,40,2026-07-17,2026-09-11,56,2.08334,3082.0000000000005,-3225.0,275.8458,107.89450958904109,6.02,6.5000000000009095,12.43129041095845,0.2474799759306103
IMOEX,LONG_QUARTERLY_SHORT_PERP,3,2026-07-23,2026-07-28,5,1.22604,477.00000000000273,-460.0,17.5699,9.633438356164383,6.02,6.5000000000009095,12.41646164383744,0.24718476740366985
IMOEX,LONG_QUARTERLY_SHORT_PERP,3,2026-05-22,2026-05-27,5,0.985,-371.49999999999636,355.0,50.9675,9.633438356164383,6.02,6.5000000000009095,12.314061643838347,0.24514620594324968
IMOEX,LONG_QUARTERLY_SHORT_PERP,3,2026-08-07,2026-08-12,5,0.81638,203.4999999999991,-200.0,29.622200000000003,9.633438356164383,6.02,6.5000000000009095,10.968761643833805,0.21836420660011757
IMOEX,LONG_QUARTERLY_SHORT_PERP,3,2026-05-13,2026-05-18,5,0.18706,-268.0000000000018,265.0,34.028800000000004,9.633438356164383,6.02,6.5000000000009095,8.875361643832893,0.17668916205633703
IMOEX,LONG_QUARTERLY_SHORT_PERP,3,2026-02-20,2026-02-26,6,1.46688,35.99999999999909,-50.0,46.9011,11.56012602739726,6.02,6.5000000000009095,8.820973972600921,0.17560642171945734
IMOEX,LONG_QUARTERLY_SHORT_PERP,10,2026-09-04,2026-09-18,14,0.60142,217.5,-245.0,75.8072,26.973627397260273,6.02,6.5000000000009095,8.813572602738812,0.17545907653044032
IMOEX,LONG_QUARTERLY_SHORT_PERP,10,2026-08-04,2026-08-18,14,0.48488,-1250.0,1210.0,87.39829999999999,26.973627397260273,6.02,6.5000000000009095,7.90467260273881,0.1573648527863753
IMOEX,LONG_QUARTERLY_SHORT_PERP,3,2026-09-04,2026-09-09,5,0.60142,112.5,-105.0,21.7606,9.633438356164383,6.02,6.5000000000009095,7.107161643834708,0.14148814277564295
IMOEX,LONG_QUARTERLY_SHORT_PERP,3,2026-03-02,2026-03-05,3,0.49678,-115.99999999999909,105.0,35.7837,5.78006301369863,6.02,6.5000000000009095,6.483636986301374,0.12907512191157688
IMOEX,LONG_QUARTERLY_SHORT_PERP,10,2026-05-27,2026-06-10,14,1.99353,-830.5000000000018,690.0,185.51940000000002,26.973627397260273,6.02,6.5000000000009095,5.5257726027370175,0.1100061237020001
IMOEX,LONG_QUARTERLY_SHORT_PERP,3,2026-09-02,2026-09-07,5,0.66096,810.9999999999991,-805.0,21.5343,9.633438356164383,6.02,6.5000000000009095,5.3808616438338,0.10712126143622629
IMOEX,LONG_QUARTERLY_SHORT_PERP,10,2026-09-11,2026-09-25,14,0.15529,-133.4999999999991,70.0,107.9558,26.973627397260273,6.02,6.5000000000009095,4.962172602739724,0.09878607253893919
IMOEX,LONG_QUARTERLY_SHORT_PERP,5,2026-04-20,2026-04-27,7,0.58739,-244.0000000000009,210.0,64.6812,13.486813698630137,6.02,6.5000000000009095,4.674386301368049,0.09305687270672883
IMOEX,LONG_QUARTERLY_SHORT_PERP,3,2026-08-03,2026-08-06,3,0.43837,230.49999999999727,-230.0,21.5288,5.78006301369863,6.02,6.5000000000009095,3.728736986297733,0.07423104996461848
IMOEX,LONG_QUARTERLY_SHORT_PERP,5,2026-09-04,2026-09-11,7,0.60142,272.00000000000273,-275.0,32.4383,13.486813698630137,6.02,6.5000000000009095,3.431486301371681,0.06831343482419759
IMOEX,LONG_QUARTERLY_SHORT_PERP,3,2026-01-16,2026-01-21,5,1.31493,343.0000000000018,-365.0,46.8729,9.633438356164383,6.02,6.5000000000009095,2.719461643836528,0.05413857129165022
IMOEX,LONG_QUARTERLY_SHORT_PERP,3,2026-03-30,2026-04-02,3,2.32408,-322.5,260.0,83.4016,5.78006301369863,6.02,6.5000000000009095,2.601536986300463,0.05179094763844327
IMOEX,LONG_QUARTERLY_SHORT_PERP,40,2026-01-19,2026-03-17,57,1.59034,546.5000000000009,-1030.0,608.3822,109.82119726027398,6.02,6.5000000000009095,2.5410027397260357,0.050585842344465844
IMOEX,LONG_QUARTERLY_SHORT_PERP,5,2026-07-20,2026-07-27,7,0.61006,2155.0,-2165.0,38.2321,13.486813698630137,6.02,6.5000000000009095,2.225286301368957,0.04430061418370857
IMOEX,LONG_QUARTERLY_SHORT_PERP,10,2026-03-25,2026-04-08,14,1.16043,-918.4999999999991,750.0,209.52179999999998,26.973627397260273,6.02,6.5000000000009095,1.528172602739712,0.03042259543791669
IMOEX,LONG_QUARTERLY_SHORT_PERP,3,2026-08-19,2026-08-24,5,0.50281,-1006.9999999999982,1015.0,15.396,9.633438356164383,6.02,6.5000000000009095,1.2425616438365275,0.024736701946717253
IMOEX,LONG_QUARTERLY_SHORT_PERP,40,2026-07-16,2026-09-10,56,3.15709,2691.4999999999964,-2865.0,295.1263,107.89450958904109,6.02,6.5000000000009095,1.2117904109543751,0.024124113573243386
IMOEX,LONG_QUARTERLY_SHORT_PERP,3,2026-07-03,2026-07-08,5,0.96097,-240.0,220.0,43.2984,9.633438356164383,6.02,6.5000000000009095,1.1449616438347086,0.022793698054700908
IMOEX,LONG_QUARTERLY_SHORT_PERP,10,2026-05-13,2026-05-27,14,0.18706,-1137.5,1045.0,132.5137,26.973627397260273,6.02,6.5000000000009095,0.5200726027388178,0.010353515279034428
IMOEX,LONG_QUARTERLY_SHORT_PERP,5,2026-09-18,2026-09-25,7,0.54017,-78.99999999999636,40.0,64.5869,13.486813698630137,6.02,6.5000000000009095,-0.4199136986274077,-0.00835956916730354
IMOEX,LONG_QUARTERLY_SHORT_PERP,10,2026-05-25,2026-06-08,14,1.3736,-945.9999999999991,805.0,179.864,26.973627397260273,6.02,6.5000000000009095,-0.6296273972602684,-0.012534513149323998
IMOEX,LONG_QUARTERLY_SHORT_PERP,3,2026-07-08,2026-07-13,5,1.65411,-603.4999999999991,565.0,59.020599999999995,9.633438356164383,6.02,6.5000000000009095,-1.6328383561643882,-0.03250626312501893
IMOEX,LONG_QUARTERLY_SHORT_PERP,3,2026-05-28,2026-06-02,5,2.3438,339.0000000000009,-365.0,45.556400000000004,9.633438356164383,6.02,6.5000000000009095,-2.5970383561643793,-0.05170138968902739
IMOEX,LONG_QUARTERLY_SHORT_PERP,10,2026-09-14,2026-09-28,14,0.23777,-1142.5,1065.0,113.72399999999999,26.973627397260273,6.02,6.5000000000009095,-3.2696273972611927,-0.065091175801264
IMOEX,LONG_QUARTERLY_SHORT_PERP,5,2026-08-03,2026-08-10,7,0.43837,287.99999999999727,-305.0,39.6776,13.486813698630137,6.02,6.5000000000009095,-3.329213698633776,-0.06627740956638317
IMOEX,LONG_QUARTERLY_SHORT_PERP,3,2026-09-07,2026-09-10,3,0.72214,425.49999999999727,-435.0,23.664,5.78006301369863,6.02,6.5000000000009095,-4.136063013702266,-0.08234002595387886
IMOEX,LONG_QUARTERLY_SHORT_PERP,20,2026-04-08,2026-05-07,29,1.3586,-1722.5,1495.0,290.5417,55.87394246575343,6.02,6.5000000000009095,-5.3522424657543475,-0.1065515157969471
IMOEX,LONG_QUARTERLY_SHORT_PERP,3,2026-03-24,2026-03-27,3,1.50352,-516.0000000000036,475.0,53.883700000000005,5.78006301369863,6.02,6.5000000000009095,-5.416363013703172,-0.10782801655740268
IMOEX,LONG_QUARTERLY_SHORT_PERP,20,2026-03-18,2026-04-15,28,1.63815,-1622.5,1310.0,372.9825,53.947254794520546,6.02,6.5000000000009095,-5.984754794521439,-0.11914346166292944
IMOEX,LONG_QUARTERLY_SHORT_PERP,40,2026-03-20,2026-05-18,59,1.41846,-2443.000000000002,1970.0,593.2090000000001,113.67457260273972,6.02,6.5000000000009095,-5.9855726027423835,-0.1191597424473166
IMOEX,LONG_QUARTERLY_SHORT_PERP,5,2026-02-02,2026-02-09,7,1.76146,-490.49999999999727,430.0,80.146,13.486813698630137,6.02,6.5000000000009095,-6.360813698628316,-0.12662997717823113
IMOEX,LONG_QUARTERLY_SHORT_PERP,10,2026-01-30,2026-02-13,14,1.57079,-200.0,60.0,172.5652,26.973627397260273,6.02,6.5000000000009095,-6.928427397261178,-0.13792993235840414
IMOEX,LONG_QUARTERLY_SHORT_PERP,5,2026-09-11,2026-09-18,7,0.15529,-54.50000000000273,30.0,43.3689,13.486813698630137,6.02,6.5000000000009095,-7.137913698633778,-0.14210034935516117
IMOEX,LONG_QUARTERLY_SHORT_PERP,5,2026-09-21,2026-09-28,7,1.01287,-79.00000000000091,35.0,62.6041,13.486813698630137,6.02,6.5000000000009095,-7.402713698631953,-0.14737194188172667
IMOEX,LONG_QUARTERLY_SHORT_PERP,5,2026-01-29,2026-02-05,7,2.02061,-678.0000000000018,610.0,86.5612,13.486813698630137,6.02,6.5000000000009095,-7.445613698632865,-0.14822598764983858
IMOEX,LONG_QUARTERLY_SHORT_PERP,5,2026-09-14,2026-09-21,7,0.23777,-1063.499999999999,1030.0,51.119899999999994,13.486813698630137,6.02,6.5000000000009095,-8.386913698630142,-0.1669652249809411
IMOEX,LONG_QUARTERLY_SHORT_PERP,20,2026-04-28,2026-05-27,29,1.6169,-1242.5,1065.0,237.1762,55.87394246575343,6.02,6.5000000000009095,-8.717742465754345,-0.17355130676476604
IMOEX,LONG_QUARTERLY_SHORT_PERP,5,2026-07-23,2026-07-30,7,1.22604,631.5000000000009,-650.0,35.193400000000004,13.486813698630137,6.02,6.5000000000009095,-9.313413698630132,-0.1854098264760187
IMOEX,LONG_QUARTERLY_SHORT_PERP,5,2026-09-03,2026-09-10,7,0.82987,919.4999999999982,-940.0,36.8996,13.486813698630137,6.02,6.5000000000009095,-9.607213698632865,-0.1912587459787756
IMOEX,LONG_QUARTERLY_SHORT_PERP,5,2026-03-18,2026-03-25,7,1.63815,-375.0,315.0,75.2053,13.486813698630137,6.02,6.5000000000009095,-10.801513698631052,-0.21503466348070538
IMOEX,LONG_QUARTERLY_SHORT_PERP,10,2026-05-26,2026-06-09,14,1.72962,-723.4999999999991,575.0,177.0339,26.973627397260273,6.02,6.5000000000009095,-10.959727397260284,-0.2181843543844059
IMOEX,LONG_QUARTERLY_SHORT_PERP,3,2026-02-02,2026-02-05,3,1.76146,-360.9999999999991,315.0,53.2387,5.78006301369863,6.02,6.5000000000009095,-11.061363013698628,-0.22020769862931885
IMOEX,LONG_QUARTERLY_SHORT_PERP,3,2026-02-03,2026-02-06,3,1.24805,-553.4999999999991,505.0,54.01310000000001,5.78006301369863,6.02,6.5000000000009095,-12.786963013698621,-0.25456064448998383
IMOEX,LONG_QUARTERLY_SHORT_PERP,3,2026-09-24,2026-09-29,5,2.10953,-515.0,495.0,28.2732,9.633438356164383,6.02,6.5000000000009095,-13.880238356165293,-0.2763253806110766
IMOEX,LONG_QUARTERLY_SHORT_PERP,40,2026-01-22,2026-03-20,57,1.86866,467.5,-970.0,610.8259,109.82119726027398,6.02,6.5000000000009095,-14.015297260274838,-0.27901410987676734
IMOEX,LONG_QUARTERLY_SHORT_PERP,10,2026-07-23,2026-08-06,14,1.22604,1370.0,-1410.0,65.2537,26.973627397260273,6.02,6.5000000000009095,-14.239927397261187,-0.2834860077294365
IMOEX,LONG_QUARTERLY_SHORT_PERP,40,2026-03-04,2026-04-29,56,0.65031,-2255.999999999999,1700.0,661.6221,107.89450958904109,6.02,6.5000000000009095,-14.792409589041046,-0.2944847274925305
IMOEX,LONG_QUARTERLY_SHORT_PERP,3,2026-04-06,2026-04-09,3,1.42741,-564.0000000000009,515.0,52.426700000000004,5.78006301369863,6.02,6.5000000000009095,-14.873363013700445,-0.2960963342464479
IMOEX,LONG_QUARTERLY_SHORT_PERP,5,2026-04-03,2026-04-10,7,2.09223,-418.4999999999991,350.0,79.2029,13.486813698630137,6.02,6.5000000000009095,-15.303913698630137,-0.304667662694328
IMOEX,LONG_QUARTERLY_SHORT_PERP,10,2026-06-25,2026-07-09,14,1.92728,-825.0,700.0,148.8315,26.973627397260273,6.02,6.5000000000009095,-15.662127397261177,-0.31179891895048284
IMOEX,LONG_QUARTERLY_SHORT_PERP,5,2026-05-18,2026-05-25,7,1.24339,-752.5,700.0,61.2534,13.486813698630137,6.02,6.5000000000009095,-17.253413698631046,-0.3434779709670435
IMOEX,LONG_QUARTERLY_SHORT_PERP,5,2026-03-31,2026-04-07,7,2.2783,115.99999999999909,-215.0,107.6326,13.486813698630137,6.02,6.5000000000009095,-17.37421369863196,-0.34588283643992235
IMOEX,LONG_QUARTERLY_SHORT_PERP,5,2026-07-30,2026-08-06,7,1.68021,738.4999999999991,-760.0,30.060299999999998,13.486813698630137,6.02,6.5000000000009095,-17.446513698631957,-0.34732217231482154
IMOEX,LONG_QUARTERLY_SHORT_PERP,3,2026-07-24,2026-07-29,5,0.7378,708.4999999999991,-715.0,11.0133,9.633438356164383,6.02,6.5000000000009095,-17.640138356166204,-0.3511768184538826
IMOEX,LONG_QUARTERLY_SHORT_PERP,20,2026-04-29,2026-05-28,29,2.61105,-744.0000000000009,560.0,234.50369999999998,55.87394246575343,6.02,6.5000000000009095,-17.890242465755268,-0.35615584774006886
IMOEX,LONG_QUARTERLY_SHORT_PERP,40,2026-02-16,2026-04-14,57,1.15253,-1113.5000000000036,570.0,647.538,109.82119726027398,6.02,6.5000000000009095,-18.303197260278512,-0.3643768802500127
IMOEX,LONG_QUARTERLY_SHORT_PERP,3,2026-07-20,2026-07-23,3,0.61006,1419.4999999999982,-1445.0,25.3151,5.78006301369863,6.02,6.5000000000009095,-18.484963013701357,-0.3679954413804358
IMOEX,LONG_QUARTERLY_SHORT_PERP,40,2026-01-16,2026-03-16,59,1.31493,693.0000000000018,-1195.0,609.0227,113.67457260273972,6.02,6.5000000000009095,-19.17187260273882,-0.38167031848021304
IMOEX,LONG_QUARTERLY_SHORT_PERP,20,2026-05-12,2026-06-09,28,0.5431,-1915.4999999999973,1670.0,291.4829,53.947254794520546,6.02,6.5000000000009095,-20.484354794518755,-0.4077989865824982
IMOEX,LONG_QUARTERLY_SHORT_PERP,5,2026-04-08,2026-04-15,7,1.3586,-329.0000000000009,245.0,88.25540000000001,13.486813698630137,6.02,6.5000000000009095,-21.751413698631946,-0.4330233757429491
IMOEX,LONG_QUARTERLY_SHORT_PERP,10,2026-04-28,2026-05-13,15,1.6169,-105.0,20.0,104.66250000000001,28.90031506849315,6.02,6.5000000000009095,-21.75781506849405,-0.4331508131052039
IMOEX,LONG_QUARTERLY_SHORT_PERP,5,2026-01-21,2026-01-28,7,1.59889,96.99999999999818,-175.0,82.1894,13.486813698630137,6.02,6.5000000000009095,-21.81741369863286,-0.4343372923092653
IMOEX,LONG_QUARTERLY_SHORT_PERP,5,2026-09-22,2026-09-29,7,1.71671,-422.5,370.0,56.5815,13.486813698630137,6.02,6.5000000000009095,-21.925313698631047,-0.4364853468168589
IMOEX,LONG_QUARTERLY_SHORT_PERP,10,2026-05-12,2026-05-26,14,0.5431,-1191.9999999999982,1095.0,114.44900000000001,26.973627397260273,6.02,6.5000000000009095,-22.04462739725935,-0.4388606232594956
IMOEX,LONG_QUARTERLY_SHORT_PERP,20,2026-08-26,2026-09-23,28,0.69972,2299.499999999998,-2410.0,154.4385,53.947254794520546,6.02,6.5000000000009095,-22.52875479452327,-0.44849854761500796
IMOEX,LONG_QUARTERLY_SHORT_PERP,5,2026-05-28,2026-06-04,7,2.3438,-122.5,40.0,85.8125,13.486813698630137,6.02,6.5000000000009095,-22.694313698631046,-0.4517944655969073
IMOEX,LONG_QUARTERLY_SHORT_PERP,3,2026-03-25,2026-03-30,5,1.16043,-461.5000000000009,395.0,65.5202,9.633438356164383,6.02,6.5000000000009095,-23.1332383561662,-0.46053250164072745
IMOEX,LONG_QUARTERLY_SHORT_PERP,5,2026-05-21,2026-05-28,7,2.01882,-886.9999999999982,805.0,84.2555,13.486813698630137,6.02,6.5000000000009095,-23.75131369862923,-0.47283703848440184
IMOEX,LONG_QUARTERLY_SHORT_PERP,5,2026-06-03,2026-06-10,7,1.65114,-904.4999999999982,805.0,100.0136,13.486813698630137,6.02,6.5000000000009095,-25.49321369862923,-0.507514481921289
IMOEX,LONG_QUARTERLY_SHORT_PERP,3,2026-05-04,2026-05-07,3,1.34264,-99.00000000000091,55.0,36.1139,5.78006301369863,6.02,6.5000000000009095,-26.186163013700448,-0.5213095968406368
IMOEX,LONG_QUARTERLY_SHORT_PERP,3,2026-01-12,2026-01-15,3,1.83817,-64.00000000000091,5.0,49.9331,5.78006301369863,6.02,6.5000000000009095,-27.366963013700445,-0.5448167586813144
IMOEX,LONG_QUARTERLY_SHORT_PERP,5,2026-08-14,2026-08-21,7,0.93708,-42.00000000000273,15.0,25.3417,13.486813698630137,6.02,6.5000000000009095,-27.665113698633775,-0.5507522908659661
IMOEX,LONG_QUARTERLY_SHORT_PERP,40,2026-06-08,2026-08-04,57,1.82202,-2972.0000000000027,2485.0,581.4635,109.82119726027398,6.02,6.5000000000009095,-27.87769726027766,-0.554984367583641
IMOEX,LONG_QUARTERLY_SHORT_PERP,3,2026-06-03,2026-06-08,5,1.65114,-902.9999999999973,840.0,57.1267,9.633438356164383,6.02,6.5000000000009095,-28.026738356162564,-0.55795145190095
IMOEX,LONG_QUARTERLY_SHORT_PERP,3,2026-03-26,2026-03-31,5,2.26858,-526.5000000000009,455.0,65.6174,9.633438356164383,6.02,6.5000000000009095,-28.0360383561662,-0.5581365946899097
IMOEX,LONG_QUARTERLY_SHORT_PERP,3,2026-05-11,2026-05-14,3,0.48071,-13.000000000001819,-20.0,22.9059,5.78006301369863,6.02,6.5000000000009095,-28.39416301370136,-0.5652660783313531
IMOEX,LONG_QUARTERLY_SHORT_PERP,3,2026-05-18,2026-05-21,3,1.24339,-83.00000000000182,35.0,37.6674,5.78006301369863,6.02,6.5000000000009095,-28.632663013701357,-0.5700140950141119
IMOEX,LONG_QUARTERLY_SHORT_PERP,3,2026-09-23,2026-09-28,5,0.7213,-625.0,580.0,38.224000000000004,9.633438356164383,6.02,6.5000000000009095,-28.92943835616529,-0.5759222471191441
IMOEX,LONG_QUARTERLY_SHORT_PERP,3,2026-07-09,2026-07-14,5,2.40448,-220.0,160.0,52.4004,9.633438356164383,6.02,6.5000000000009095,-29.753038356165295,-0.592318333240403
IMOEX,LONG_QUARTERLY_SHORT_PERP,3,2026-07-27,2026-07-30,3,0.5539,-104.00000000000091,70.0,22.276400000000002,5.78006301369863,6.02,6.5000000000009095,-30.023663013700446,-0.597705882040163
IMOEX,LONG_QUARTERLY_SHORT_PERP,3,2026-04-09,2026-04-14,5,2.70231,-133.00000000000182,80.0,44.1875,9.633438356164383,6.02,6.5000000000009095,-30.96593835616711,-0.6164645363201798
IMOEX,LONG_QUARTERLY_SHORT_PERP,10,2026-03-16,2026-03-30,14,1.66734,-694.5000000000027,530.0,172.36989999999997,26.973627397260273,6.02,6.5000000000009095,-31.623727397263938,-0.6295596865963378
IMOEX,LONG_QUARTERLY_SHORT_PERP,5,2026-06-30,2026-07-07,7,1.20098,-1651.500000000001,1575.0,70.6007,13.486813698630137,6.02,6.5000000000009095,-31.906113698631952,-0.63518138416396
IMOEX,LONG_QUARTERLY_SHORT_PERP,5,2026-06-04,2026-06-11,7,2.37447,-738.0000000000018,645.0,86.87530000000001,13.486813698630137,6.02,6.5000000000009095,-32.13151369863286,-0.6396686083161535
IMOEX,LONG_QUARTERLY_SHORT_PERP,10,2026-05-29,2026-06-15,17,1.5941,-386.5000000000009,225.0,174.5192,32.7536904109589,6.02,6.5000000000009095,-32.25449041096071,-0.642116807400948
IMOEX,LONG_QUARTERLY_SHORT_PERP,5,2026-07-06,2026-07-13,7,1.54841,-388.4999999999991,295.0,86.83489999999999,13.486813698630137,6.02,6.5000000000009095,-32.67191369863015,-0.6504267978983337
IMOEX,LONG_QUARTERLY_SHORT_PERP,5,2026-07-31,2026-08-07,7,0.41478,508.4999999999991,-550.0,34.0763,13.486813698630137,6.02,6.5000000000009095,-33.430513698631955,-0.6655288752800924
IMOEX,LONG_QUARTERLY_SHORT_PERP,5,2026-04-01,2026-04-08,7,2.57355,-202.99999999999727,100.0,95.4831,13.486813698630137,6.02,6.5000000000009095,-33.52371369862833,-0.667384284734247
IMOEX,LONG_QUARTERLY_SHORT_PERP,3,2026-06-05,2026-06-10,5,1.51618,-472.5,400.0,61.1071,9.633438356164383,6.02,6.5000000000009095,-33.54633835616529,-0.6678346924970445
IMOEX,LONG_QUARTERLY_SHORT_PERP,10,2026-05-21,2026-06-04,14,2.01882,-1009.4999999999982,845.0,170.06799999999998,26.973627397260273,6.02,6.5000000000009095,-33.925627397259376,-0.6753855130199055
IMOEX,LONG_QUARTERLY_SHORT_PERP,5,2026-03-24,2026-03-31,7,1.50352,-729.0000000000009,620.0,99.9075,13.486813698630137,6.02,6.5000000000009095,-35.09931369863196,-0.6987510565806707
IMOEX,LONG_QUARTERLY_SHORT_PERP,3,2026-05-25,2026-05-28,3,1.3736,-217.5,140.0,60.6695,5.78006301369863,6.02,6.5000000000009095,-35.13056301369954,-0.6993731625314702
IMOEX,LONG_QUARTERLY_SHORT_PERP,10,2026-04-30,2026-05-15,15,0.9382,-325.5000000000018,240.0,90.7649,28.90031506849315,6.02,6.5000000000009095,-36.155415068495884,-0.7197757396951293
IMOEX,LONG_QUARTERLY_SHORT_PERP,10,2026-07-20,2026-08-03,14,0.61006,2559.000000000001,-2625.0,69.03999999999999,26.973627397260273,6.02,6.5000000000009095,-36.45362739726028,-0.7257124990744908
IMOEX,LONG_QUARTERLY_SHORT_PERP,3,2026-06-30,2026-07-03,3,1.20098,-1112.5,1050.0,43.8434,5.78006301369863,6.02,6.5000000000009095,-36.95666301369954,-0.7357268449817255
IMOEX,LONG_QUARTERLY_SHORT_PERP,3,2026-06-17,2026-06-22,5,1.60355,-1753.499999999999,1665.0,72.7348,9.633438356164383,6.02,6.5000000000009095,-37.91863835616438,-0.7548776834489191
IMOEX,LONG_QUARTERLY_SHORT_PERP,3,2026-08-20,2026-08-25,5,0.9663,-70.99999999999909,45.0,10.209,9.633438356164383,6.02,6.5000000000009095,-37.94443835616438,-0.7553913053793813
IMOEX,LONG_QUARTERLY_SHORT_PERP,3,2026-05-12,2026-05-15,3,0.5431,-603.4999999999991,560.0,23.465500000000002,5.78006301369863,6.02,6.5000000000009095,-38.33456301369863,-0.7631578394771932
IMOEX,LONG_QUARTERLY_SHORT_PERP,5,2026-09-16,2026-09-23,7,1.03703,210.0,-275.0,52.2324,13.486813698630137,6.02,6.5000000000009095,-38.77441369863105,-0.7719143107140152
IMOEX,LONG_QUARTERLY_SHORT_PERP,3,2026-07-02,2026-07-07,5,2.25511,-708.0000000000018,655.0,36.367000000000004,9.633438356164383,6.02,6.5000000000009095,-38.78643835616711,-0.7721536955131165
IMOEX,LONG_QUARTERLY_SHORT_PERP,40,2026-03-19,2026-05-15,57,2.15337,-2861.500000000001,2350.0,594.9597,109.82119726027398,6.02,6.5000000000009095,-38.88149726027579,-0.7740461117083064
IMOEX,LONG_QUARTERLY_SHORT_PERP,3,2026-05-05,2026-05-08,3,0.72619,-522.5,465.0,36.373,5.78006301369863,6.02,6.5000000000009095,-39.42706301369954,-0.7849071402147964
IMOEX,LONG_QUARTERLY_SHORT_PERP,10,2026-03-24,2026-04-07,14,1.50352,-613.0000000000018,405.0,207.5401,26.973627397260273,6.02,6.5000000000009095,-39.953527397263,-0.7953879019591891
IMOEX,LONG_QUARTERLY_SHORT_PERP,3,2026-09-14,2026-09-17,3,0.23777,-1177.5,1120.0,35.5895,5.78006301369863,6.02,6.5000000000009095,-40.21056301369954,-0.8005049224828951
IMOEX,LONG_QUARTERLY_SHORT_PERP,10,2026-07-27,2026-08-10,14,0.5539,691.9999999999982,-765.0,70.4855,26.973627397260273,6.02,6.5000000000009095,-42.008127397262996,-0.8362905228245822
IMOEX,LONG_QUARTERLY_SHORT_PERP,3,2026-08-06,2026-08-11,5,1.73811,333.50000000000364,-380.0,26.5794,9.633438356164383,6.02,6.5000000000009095,-42.07403835616165,-0.8376026667760599
IMOEX,LONG_QUARTERLY_SHORT_PERP,10,2026-05-28,2026-06-11,14,2.3438,-860.5000000000018,685.0,172.68779999999998,26.973627397260273,6.02,6.5000000000009095,-42.305827397263016,-0.8422170828516573
IMOEX,LONG_QUARTERLY_SHORT_PERP,10,2026-04-01,2026-04-15,14,2.57355,-531.9999999999982,345.0,183.73850000000002,26.973627397260273,6.02,6.5000000000009095,-42.75512739725934,-0.8511616694157919
IMOEX,LONG_QUARTERLY_SHORT_PERP,20,2026-05-08,2026-06-05,28,0.7521,-615.5000000000018,370.0,269.0347,53.947254794520546,6.02,6.5000000000009095,-42.932554794523284,-0.854693863303371
IMOEX,LONG_QUARTERLY_SHORT_PERP,3,2026-08-31,2026-09-03,3,0.5475,315.9999999999991,-360.0,18.7394,5.78006301369863,6.02,6.5000000000009095,-43.56066301370045,-0.867198132918596
IMOEX,LONG_QUARTERLY_SHORT_PERP,40,2026-04-07,2026-06-03,57,1.18176,-2418.000000000002,1955.0,541.7769,109.82119726027398,6.02,6.5000000000009095,-43.564297260276746,-0.8672704828698476
IMOEX,LONG_QUARTERLY_SHORT_PERP,3,2026-06-16,2026-06-19,3,2.27319,-793.4999999999991,700.0,68.095,5.78006301369863,6.02,6.5000000000009095,-43.705063013698634,-0.8700728231030057
IMOEX,LONG_QUARTERLY_SHORT_PERP,3,2026-02-17,2026-02-20,3,1.69695,74.00000000000091,-150.0,50.3712,5.78006301369863,6.02,6.5000000000009095,-43.92886301369863,-0.8745281947323618
IMOEX,LONG_QUARTERLY_SHORT_PERP,3,2026-09-08,2026-09-11,3,0.69174,25.0,-70.0,18.2995,5.78006301369863,6.02,6.5000000000009095,-45.000563013699534,-0.8958634126733133
IMOEX,LONG_QUARTERLY_SHORT_PERP,10,2026-01-08,2026-01-22,14,3.13494,322.5,-495.0,166.4913,26.973627397260273,6.02,6.5000000000009095,-45.50232739726118,-0.9058524510966461
IMOEX,LONG_QUARTERLY_SHORT_PERP,5,2026-01-13,2026-01-20,7,1.25044,309.0000000000009,-410.0,81.462,13.486813698630137,6.02,6.5000000000009095,-45.544813698630136,-0.9066982610240615
IMOEX,LONG_QUARTERLY_SHORT_PERP,20,2026-05-11,2026-06-08,28,0.48071,-1658.499999999999,1395.0,282.4478,53.947254794520546,6.02,6.5000000000009095,-47.51945479452057,-0.9460090738783548
IMOEX,LONG_QUARTERLY_SHORT_PERP,5,2026-05-15,2026-05-22,7,0.59906,-166.5000000000009,85.0,59.951299999999996,13.486813698630137,6.02,6.5000000000009095,-47.555513698631955,-0.9467269282946351
IMOEX,LONG_QUARTERLY_SHORT_PERP,5,2026-05-22,2026-05-29,7,0.985,-711.9999999999982,600.0,90.34649999999999,13.486813698630137,6.02,6.5000000000009095,-47.66031369862924,-0.9488132685392481
IMOEX,LONG_QUARTERLY_SHORT_PERP,5,2026-05-26,2026-06-02,7,1.72962,289.0000000000009,-400.0,88.9297,13.486813698630137,6.02,6.5000000000009095,-48.07711369863014,-0.9571108507337058
IMOEX,LONG_QUARTERLY_SHORT_PERP,5,2026-08-31,2026-09-07,7,0.5475,810.0,-865.0,31.974999999999998,13.486813698630137,6.02,6.5000000000009095,-49.03181369863104,-0.9761168529434925
IMOEX,LONG_QUARTERLY_SHORT_PERP,3,2026-02-25,2026-03-02,5,1.47454,332.99999999999727,-400.0,39.833600000000004,9.633438356164383,6.02,6.5000000000009095,-49.31983835616802,-0.9818507979289494
IMOEX,LONG_QUARTERLY_SHORT_PERP,5,2026-09-15,2026-09-22,7,1.28973,-449.0000000000009,370.0,55.3897,13.486813698630137,6.02,6.5000000000009095,-49.617113698631954,-0.9877689039473627
IMOEX,LONG_QUARTERLY_SHORT_PERP,10,2026-04-02,2026-04-16,14,3.48831,-515.4999999999973,335.0,169.88479999999998,26.973627397260273,6.02,6.5000000000009095,-50.108827397258466,-0.9975578550761668
IMOEX,LONG_QUARTERLY_SHORT_PERP,40,2026-03-03,2026-04-28,56,0.5146,-1856.9999999999982,1285.0,642.0147,107.89450958904109,6.02,6.5000000000009095,-50.39980958904023,-1.0033506781410118
IMOEX,LONG_QUARTERLY_SHORT_PERP,5,2026-07-27,2026-08-03,7,0.5539,404.0000000000009,-460.0,30.8079,13.486813698630137,6.02,6.5000000000009095,-51.198913698630136,-1.019259104319603
IMOEX,LONG_QUARTERLY_SHORT_PERP,20,2026-08-27,2026-09-24,28,1.14302,2039.4999999999982,-2190.0,164.1036,53.947254794520546,6.02,6.5000000000009095,-52.86365479452327,-1.052400481660378
IMOEX,LONG_QUARTERLY_SHORT_PERP,5,2026-08-11,2026-08-18,7,0.84306,-1831.0000000000036,1760.0,44.13890000000001,13.486813698630137,6.02,6.5000000000009095,-52.86791369863468,-1.0524852671856242
IMOEX,LONG_QUARTERLY_SHORT_PERP,10,2026-04-16,2026-04-30,14,2.10294,-976.5000000000009,830.0,131.7166,26.973627397260273,6.02,6.5000000000009095,-54.27702739726209,-1.0805376585859887
IMOEX,LONG_QUARTERLY_SHORT_PERP,5,2026-05-11,2026-05-18,7,0.48071,40.0,-110.0,41.330400000000004,13.486813698630137,6.02,6.5000000000009095,-54.67641369863104,-1.088488571884794
IMOEX,LONG_QUARTERLY_SHORT_PERP,5,2026-05-14,2026-05-21,7,1.56043,-30.0,-55.0,56.091899999999995,13.486813698630137,6.02,6.5000000000009095,-54.914913698631054,-1.0932365885675535
IMOEX,LONG_QUARTERLY_SHORT_PERP,20,2026-04-20,2026-05-19,29,0.58739,-1116.500000000001,900.0,228.38439999999997,55.87394246575343,6.02,6.5000000000009095,-56.509542465755274,-1.12498218181331
IMOEX,LONG_QUARTERLY_SHORT_PERP,10,2026-02-05,2026-02-19,14,2.67641,176.5000000000009,-360.0,165.90910000000002,26.973627397260273,6.02,6.5000000000009095,-57.084527397260246,-1.136428882220524
IMOEX,LONG_QUARTERLY_SHORT_PERP,3,2026-07-28,2026-07-31,3,0.46529,294.0000000000009,-355.0,21.7713,5.78006301369863,6.02,6.5000000000009095,-57.52876301369864,-1.1452726479141304
IMOEX,LONG_QUARTERLY_SHORT_PERP,20,2026-04-21,2026-05-20,29,1.01019,-1386.9999999999982,1170.0,226.9188,55.87394246575343,6.02,6.5000000000009095,-58.47514246575251,-1.164113006096822
IMOEX,LONG_QUARTERLY_SHORT_PERP,10,2026-02-09,2026-02-24,15,1.36524,335.9999999999991,-520.0,166.4265,28.90031506849315,6.02,6.5000000000009095,-58.99381506849497,-1.174438650418462
IMOEX,LONG_QUARTERLY_SHORT_PERP,10,2026-09-15,2026-09-29,14,1.28973,-871.5000000000009,740.0,111.9712,26.973627397260273,6.02,6.5000000000009095,-59.02242739726209,-1.175008259702818
IMOEX,LONG_QUARTERLY_SHORT_PERP,10,2026-05-11,2026-05-25,14,0.48071,-712.5,590.0,102.5838,26.973627397260273,6.02,6.5000000000009095,-59.40982739726118,-1.182720551790434
IMOEX,LONG_QUARTERLY_SHORT_PERP,40,2026-01-28,2026-03-26,57,1.74739,-216.99999999999818,-330.0,609.4959,109.82119726027398,6.02,6.5000000000009095,-59.84529726027306,-1.191389810383386
IMOEX,LONG_QUARTERLY_SHORT_PERP,3,2026-09-16,2026-09-21,5,1.03703,-335.9999999999991,270.0,27.8523,9.633438356164383,6.02,6.5000000000009095,-60.30113835616439,-1.2004646159514327
IMOEX,LONG_QUARTERLY_SHORT_PERP,3,2026-01-15,2026-01-20,5,2.2787,282.5,-365.0,44.033300000000004,9.633438356164383,6.02,6.5000000000009095,-60.620138356165285,-1.2068152126885576
IMOEX,LONG_QUARTERLY_SHORT_PERP,3,2026-04-02,2026-04-07,5,3.48831,136.5000000000009,-225.0,47.013999999999996,9.633438356164383,6.02,6.5000000000009095,-63.63943835616439,-1.266922914031323
IMOEX,LONG_QUARTERLY_SHORT_PERP,3,2026-02-10,2026-02-13,3,1.49154,489.0000000000009,-595.0,59.8892,5.78006301369863,6.02,6.5000000000009095,-64.41086301369863,-1.2822803024735203
IMOEX,LONG_QUARTERLY_SHORT_PERP,20,2026-04-03,2026-05-04,31,2.09223,-1681.9999999999982,1395.0,294.1055,59.72731780821917,6.02,6.5000000000009095,-65.14181780821825,-1.296832023893737
IMOEX,LONG_QUARTERLY_SHORT_PERP,5,2026-04-06,2026-04-13,7,1.42741,-744.0000000000009,625.0,79.6996,13.486813698630137,6.02,6.5000000000009095,-65.30721369863195,-1.300124696627255
IMOEX,LONG_QUARTERLY_SHORT_PERP,10,2026-07-29,2026-08-12,14,0.08214,534.0000000000009,-645.0,84.64840000000001,26.973627397260273,6.02,6.5000000000009095,-65.84522739726026,-1.3108353801351793
IMOEX,LONG_QUARTERLY_SHORT_PERP,5,2026-03-17,2026-03-24,7,1.52629,-280.0,160.0,79.9825,13.486813698630137,6.02,6.5000000000009095,-66.02431369863105,-1.3144005991983327
IMOEX,LONG_QUARTERLY_SHORT_PERP,10,2026-05-14,2026-05-28,14,1.56043,-916.9999999999982,750.0,140.3474,26.973627397260273,6.02,6.5000000000009095,-66.14622739725937,-1.316827635990551
IMOEX,LONG_QUARTERLY_SHORT_PERP,3,2026-07-29,2026-08-03,5,0.08214,190.50000000000182,-260.0,25.3336,9.633438356164383,6.02,6.5000000000009095,-66.31983835616347,-1.3202838528844147
IMOEX,LONG_QUARTERLY_SHORT_PERP,20,2026-02-04,2026-03-05,29,1.39941,175.9999999999991,-485.0,310.4606,55.87394246575343,6.02,6.5000000000009095,-66.93334246575525,-1.3324973864159988
IMOEX,LONG_QUARTERLY_SHORT_PERP,20,2026-02-16,2026-03-17,29,1.15253,435.0,-710.0,275.2188,55.87394246575343,6.02,6.5000000000009095,-68.17514246575435,-1.3572189256891463
IMOEX,LONG_QUARTERLY_SHORT_PERP,20,2026-08-28,2026-09-25,28,0.24637,1417.5,-1590.0,170.62269999999998,53.947254794520546,6.02,6.5000000000009095,-68.34455479452147,-1.3605915569816047
IMOEX,LONG_QUARTERLY_SHORT_PERP,10,2026-07-28,2026-08-11,14,0.46529,1226.500000000001,-1330.0,74.26320000000001,26.973627397260273,6.02,6.5000000000009095,-68.73042739726026,-1.3682734419091658
IMOEX,LONG_QUARTERLY_SHORT_PERP,3,2026-08-18,2026-08-21,3,0.3366,-198.4999999999991,130.0,17.4262,5.78006301369863,6.02,6.5000000000009095,-69.37386301369862,-1.3810828466937803
IMOEX,LONG_QUARTERLY_SHORT_PERP,40,2026-06-09,2026-08-05,57,1.44661,-2728.499999999999,2215.0,566.2963,109.82119726027398,6.02,6.5000000000009095,-69.544897260274,-1.3844877668449878
IMOEX,LONG_QUARTERLY_SHORT_PERP,5,2026-01-30,2026-02-06,7,1.57079,-599.0000000000009,470.0,84.10820000000001,13.486813698630137,6.02,6.5000000000009095,-70.89861369863195,-1.4114373191848135
IMOEX,LONG_QUARTERLY_SHORT_PERP,40,2026-04-23,2026-06-22,60,2.41028,-5071.999999999998,4530.0,598.6724,115.6012602739726,6.02,6.5000000000009095,-71.44886027397165,-1.4223915326831102
IMOEX,LONG_QUARTERLY_SHORT_PERP,5,2026-05-08,2026-05-15,7,0.7521,280.49999999999727,-360.0,33.7036,13.486813698630137,6.02,6.5000000000009095,-71.80321369863377,-1.4294459392738375
IMOEX,LONG_QUARTERLY_SHORT_PERP,3,2026-05-27,2026-06-01,5,1.99353,-301.00000000000364,200.0,50.6539,9.633438356164383,6.02,6.5000000000009095,-72.49953835616893,-1.4433082499262202
IMOEX,LONG_QUARTERLY_SHORT_PERP,5,2026-05-05,2026-05-12,7,0.72619,361.49999999999636,-455.0,46.6111,13.486813698630137,6.02,6.5000000000009095,-72.89571369863468,-1.4511952400114407
IMOEX,LONG_QUARTERLY_SHORT_PERP,5,2026-07-24,2026-07-31,7,0.7378,530.5000000000018,-610.0,31.9632,13.486813698630137,6.02,6.5000000000009095,-73.54361369862923,-1.4640935209704913
IMOEX,LONG_QUARTERLY_SHORT_PERP,3,2026-08-26,2026-08-31,5,0.69972,1003.4999999999991,-1075.0,19.3689,9.633438356164383,6.02,6.5000000000009095,-74.28453835616621,-1.4788437206964995
IMOEX,LONG_QUARTERLY_SHORT_PERP,5,2026-05-25,2026-06-01,7,1.3736,-418.0000000000018,280.0,87.88539999999999,13.486813698630137,6.02,6.5000000000009095,-76.12141369863288,-1.5154119167978835
IMOEX,LONG_QUARTERLY_SHORT_PERP,3,2026-06-08,2026-06-11,3,1.82202,-132.00000000000273,20.0,53.493300000000005,5.78006301369863,6.02,6.5000000000009095,-76.80676301370225,-1.5290557322338025
IMOEX,LONG_QUARTERLY_SHORT_PERP,20,2026-04-16,2026-05-15,29,2.10294,-1302.0000000000027,1070.0,222.48149999999998,55.87394246575343,6.02,6.5000000000009095,-77.91244246575708,-1.5510674072197144
IMOEX,LONG_QUARTERLY_SHORT_PERP,40,2026-04-22,2026-06-19,58,1.05497,-3965.999999999999,3410.0,602.0998999999999,111.74788493150686,6.02,6.5000000000009095,-78.16798493150692,-1.55615470235822
IMOEX,LONG_QUARTERLY_SHORT_PERP,5,2026-06-29,2026-07-06,7,1.4166,-1684.000000000001,1560.0,71.3373,13.486813698630137,6.02,6.5000000000009095,-78.66951369863195,-1.5661390501703503
IMOEX,LONG_QUARTERLY_SHORT_PERP,5,2026-06-25,2026-07-02,7,1.92728,-135.0,10.0,71.8786,13.486813698630137,6.02,6.5000000000009095,-79.12821369863103,-1.5752707703061035
IMOEX,LONG_QUARTERLY_SHORT_PERP,40,2026-03-31,2026-05-27,57,2.2783,-2375.999999999999,1855.0,563.9037,109.82119726027398,6.02,6.5000000000009095,-79.43749726027401,-1.5814279338716546
IMOEX,LONG_QUARTERLY_SHORT_PERP,20,2026-07-21,2026-08-18,28,0.63358,521.4999999999964,-690.0,154.9513,53.947254794520546,6.02,6.5000000000009095,-80.01595479452509,-1.5929437662527517
IMOEX,LONG_QUARTERLY_SHORT_PERP,3,2026-03-18,2026-03-23,5,1.63815,-486.5000000000009,380.0,48.5658,9.633438356164383,6.02,6.5000000000009095,-80.0876383561662,-1.5943708301795927
IMOEX,LONG_QUARTERLY_SHORT_PERP,10,2026-05-18,2026-06-01,14,1.24339,-1170.5000000000018,980.0,149.1388,26.973627397260273,6.02,6.5000000000009095,-80.854827397263,-1.6096438967035227
IMOEX,LONG_QUARTERLY_SHORT_PERP,3,2026-08-24,2026-08-27,3,0.29979,139.49999999999818,-225.0,22.9034,5.78006301369863,6.02,6.5000000000009095,-80.89666301370134,-1.6104767529080626
IMOEX,LONG_QUARTERLY_SHORT_PERP,3,2026-03-03,2026-03-06,3,0.5146,188.4999999999991,-290.0,38.0276,5.78006301369863,6.02,6.5000000000009095,-81.77246301370045,-1.6279120275862844
IMOEX,LONG_QUARTERLY_SHORT_PERP,5,2026-03-06,2026-03-13,7,0.73899,58.00000000000182,-180.0,65.4333,13.486813698630137,6.02,6.5000000000009095,-82.57351369862921,-1.6438592058495012
IMOEX,LONG_QUARTERLY_SHORT_PERP,10,2026-05-15,2026-05-29,14,0.59906,-878.4999999999991,685.0,150.2978,26.973627397260273,6.02,6.5000000000009095,-82.69582739726027,-1.6462942057724792
IMOEX,LONG_QUARTERLY_SHORT_PERP,20,2026-03-31,2026-04-28,28,2.2783,-1133.499999999999,790.0,326.7275,53.947254794520546,6.02,6.5000000000009095,-83.23975479452052,-1.6571226181682914
IMOEX,LONG_QUARTERLY_SHORT_PERP,10,2026-06-01,2026-06-16,15,1.12749,-1023.4999999999991,795.0,185.9762,28.90031506849315,6.02,6.5000000000009095,-83.94411506849313,-1.6711449004806374
IMOEX,LONG_QUARTERLY_SHORT_PERP,40,2026-01-08,2026-03-06,57,3.13494,765.4999999999973,-1355.0,627.8478,109.82119726027398,6.02,6.5000000000009095,-83.9933972602776,-1.6721260018171389
IMOEX,LONG_QUARTERLY_SHORT_PERP,40,2026-03-30,2026-05-26,57,2.32408,-2728.499999999999,2200.0,566.7514,109.82119726027398,6.02,6.5000000000009095,-84.08979726027398,-1.6740451163169325
IMOEX,LONG_QUARTERLY_SHORT_PERP,3,2026-06-23,2026-06-26,3,1.39676,-615.0,505.0,43.67829999999999,5.78006301369863,6.02,6.5000000000009095,-84.62176301369955,-1.684635398379494
IMOEX,LONG_QUARTERLY_SHORT_PERP,40,2026-03-18,2026-05-14,57,1.63815,-2698.000000000002,2125.0,610.5028,109.82119726027398,6.02,6.5000000000009095,-84.83839726027672,-1.6889481154310886
IMOEX,LONG_QUARTERLY_SHORT_PERP,5,2026-08-07,2026-08-14,7,0.81638,-1563.499999999999,1450.0,54.638999999999996,13.486813698630137,6.02,6.5000000000009095,-84.86781369863014,-1.6895337327897861
IMOEX,LONG_QUARTERLY_SHORT_PERP,10,2026-08-28,2026-09-11,14,0.24637,1550.999999999999,-1660.0,62.6669,26.973627397260273,6.02,6.5000000000009095,-85.82672739726209,-1.7086236205819474
IMOEX,LONG_QUARTERLY_SHORT_PERP,3,2026-04-03,2026-04-08,5,2.09223,-58.49999999999909,-45.0,39.6777,9.633438356164383,6.02,6.5000000000009095,-85.97573835616437,-1.7115901049374271
IMOEX,LONG_QUARTERLY_SHORT_PERP,3,2026-06-25,2026-06-30,5,1.92728,808.4999999999991,-910.0,37.64490000000001,9.633438356164383,6.02,6.5000000000009095,-86.0085383561662,-1.71224308165526
IMOEX,LONG_QUARTERLY_SHORT_PERP,20,2026-04-17,2026-05-18,31,0.95,-800.9999999999991,560.0,225.4154,59.72731780821917,6.02,6.5000000000009095,-87.83191780821916,-1.748542603908288
IMOEX,LONG_QUARTERLY_SHORT_PERP,3,2026-06-18,2026-06-23,5,3.7275,-1165.5000000000018,1050.0,49.427400000000006,9.633438356164383,6.02,6.5000000000009095,-88.22603835616711,-1.7563886875002162
IMOEX,LONG_QUARTERLY_SHORT_PERP,10,2026-03-17,2026-03-31,14,1.52629,-1009.0000000000009,780.0,179.89000000000001,26.973627397260273,6.02,6.5000000000009095,-88.60362739726207,-1.763905664717599
IMOEX,LONG_QUARTERLY_SHORT_PERP,5,2026-03-16,2026-03-23,7,1.66734,-344.50000000000273,200.0,80.2102,13.486813698630137,6.02,6.5000000000009095,-90.29661369863378,-1.7976093427159012
IMOEX,LONG_QUARTERLY_SHORT_PERP,20,2026-04-15,2026-05-14,29,1.70448,-1075.5000000000018,815.0,237.52030000000002,55.87394246575343,6.02,6.5000000000009095,-91.37364246575613,-1.8190506448295618
IMOEX,LONG_QUARTERLY_SHORT_PERP,20,2026-04-02,2026-04-30,28,3.48831,-1491.9999999999982,1165.0,301.6014,53.947254794520546,6.02,6.5000000000009095,-91.86585479451962,-1.828849522600751
IMOEX,LONG_QUARTERLY_SHORT_PERP,3,2026-06-29,2026-07-02,3,1.4166,-1060.0,940.0,46.2435,5.78006301369863,6.02,6.5000000000009095,-92.05656301369955,-1.8326461087902919
IMOEX,LONG_QUARTERLY_SHORT_PERP,3,2026-04-10,2026-04-15,5,1.25021,30.99999999999909,-150.0,48.7302,9.633438356164383,6.02,6.5000000000009095,-92.42323835616621,-1.8399458179860488
IMOEX,LONG_QUARTERLY_SHORT_PERP,3,2026-03-16,2026-03-19,3,1.66734,26.99999999999818,-155.0,53.1781,5.78006301369863,6.02,6.5000000000009095,-93.12196301370135,-1.85385590742266
IMOEX,LONG_QUARTERLY_SHORT_PERP,40,2026-03-16,2026-05-12,57,1.66734,-2231.0000000000036,1635.0,624.6723,109.82119726027398,6.02,6.5000000000009095,-93.66889726027857,-1.8647441796537747
IMOEX,LONG_QUARTERLY_SHORT_PERP,10,2026-07-24,2026-08-07,14,0.7378,1039.000000000001,-1160.0,66.0395,26.973627397260273,6.02,6.5000000000009095,-94.45412739726027,-1.8803764051891796
IMOEX,LONG_QUARTERLY_SHORT_PERP,3,2026-08-11,2026-08-14,3,0.84306,-1987.5,1875.0,36.2234,5.78006301369863,6.02,6.5000000000009095,-94.57666301369953,-1.8828158230134384
IMOEX,LONG_QUARTERLY_SHORT_PERP,10,2026-08-26,2026-09-09,14,0.69972,1803.9999999999964,-1925.0,65.8831,26.973627397260273,6.02,6.5000000000009095,-94.61052739726482,-1.8834899892948613
IMOEX,LONG_QUARTERLY_SHORT_PERP,3,2026-05-08,2026-05-13,5,0.7521,880.0,-965.0,12.1087,9.633438356164383,6.02,6.5000000000009095,-95.0447383561653,-1.8921341858428538
IMOEX,LONG_QUARTERLY_SHORT_PERP,20,2026-05-14,2026-06-11,28,1.56043,-1777.5,1435.0,313.0352,53.947254794520546,6.02,6.5000000000009095,-95.93205479452148,-1.9097987277808044
IMOEX,LONG_QUARTERLY_SHORT_PERP,10,2026-01-09,2026-01-23,14,1.94677,305.9999999999991,-525.0,162.1275,26.973627397260273,6.02,6.5000000000009095,-96.36612739726209,-1.9184401699583349
IMOEX,LONG_QUARTERLY_SHORT_PERP,5,2026-08-20,2026-08-27,7,0.9663,-379.0000000000009,280.0,28.6364,13.486813698630137,6.02,6.5000000000009095,-96.37041369863196,-1.9185255009034563
IMOEX,LONG_QUARTERLY_SHORT_PERP,3,2026-04-21,2026-04-24,3,1.01019,-368.0000000000018,245.0,44.4896,5.78006301369863,6.02,6.5000000000009095,-96.81046301370135,-1.9272859264346347
IMOEX,LONG_QUARTERLY_SHORT_PERP,10,2026-08-03,2026-08-17,14,0.43837,-1846.500000000001,1700.0,88.88109999999999,26.973627397260273,6.02,6.5000000000009095,-97.1125273972621,-1.9332993718535603
IMOEX,LONG_QUARTERLY_SHORT_PERP,3,2026-08-12,2026-08-17,5,1.12066,-2190.0,2085.0,29.566300000000002,9.633438356164383,6.02,6.5000000000009095,-97.58713835616528,-1.9427478446027948
IMOEX,LONG_QUARTERLY_SHORT_PERP,3,2026-04-13,2026-04-16,3,1.47708,50.50000000000182,-185.0,54.9888,5.78006301369863,6.02,6.5000000000009095,-97.81126301369771,-1.9472096794580636
IMOEX,LONG_QUARTERLY_SHORT_PERP,3,2026-06-24,2026-06-29,5,1.29364,944.0000000000009,-1065.0,44.907900000000005,9.633438356164383,6.02,6.5000000000009095,-98.24553835616437,-1.955855157742938
IMOEX,LONG_QUARTERLY_SHORT_PERP,10,2026-06-29,2026-07-13,14,1.4166,-2072.5,1855.0,158.1722,26.973627397260273,6.02,6.5000000000009095,-98.82142739726117,-1.96731985700728
IMOEX,LONG_QUARTERLY_SHORT_PERP,3,2026-05-26,2026-05-29,3,1.72962,-290.0,150.0,59.314299999999996,5.78006301369863,6.02,6.5000000000009095,-98.98576301369953,-1.9705914219901761
IMOEX,LONG_QUARTERLY_SHORT_PERP,5,2026-05-13,2026-05-20,7,0.18706,-665.0,540.0,51.508,13.486813698630137,6.02,6.5000000000009095,-99.49881369863103,-1.9808051461459648
IMOEX,LONG_QUARTERLY_SHORT_PERP,20,2026-05-19,2026-06-17,29,0.88429,-2158.499999999999,1785.0,342.30760000000004,55.87394246575343,6.02,6.5000000000009095,-99.58634246575339,-1.9825476536785365
IMOEX,LONG_QUARTERLY_SHORT_PERP,10,2026-08-07,2026-08-21,14,0.81638,-1605.5000000000018,1465.0,79.9807,26.973627397260273,6.02,6.5000000000009095,-100.012927397263,-1.9910400325943483
IMOEX,LONG_QUARTERLY_SHORT_PERP,20,2026-03-23,2026-04-20,28,1.28475,-1194.4999999999982,800.0,360.82,53.947254794520546,6.02,6.5000000000009095,-100.14725479451964,-1.9937141991483363
IMOEX,LONG_QUARTERLY_SHORT_PERP,10,2026-07-21,2026-08-04,14,0.63358,1771.4999999999964,-1900.0,67.553,26.973627397260273,6.02,6.5000000000009095,-100.44062739726482,-1.999554610100531
IMOEX,LONG_QUARTERLY_SHORT_PERP,5,2026-08-28,2026-09-04,7,0.24637,1278.9999999999964,-1385.0,30.2286,13.486813698630137,6.02,6.5000000000009095,-101.77821369863467,-2.0261830464675485
IMOEX,LONG_QUARTERLY_SHORT_PERP,20,2026-05-15,2026-06-15,31,0.59906,-1265.0,910.0,324.817,59.72731780821917,6.02,6.5000000000009095,-102.43031780822007,-2.0391650221120226
IMOEX,LONG_QUARTERLY_SHORT_PERP,3,2026-02-19,2026-02-25,6,2.24833,104.00000000000091,-225.0,42.170100000000005,11.56012602739726,6.02,6.5000000000009095,-102.91002602739725,-2.0487149702357534
IMOEX,LONG_QUARTERLY_SHORT_PERP,20,2026-08-25,2026-09-22,28,0.4476,1638.9999999999964,-1830.0,154.2227,53.947254794520546,6.02,6.5000000000009095,-103.24455479452509,-2.0553747109786706
IMOEX,LONG_QUARTERLY_SHORT_PERP,3,2026-09-22,2026-09-25,3,1.71671,-383.99999999999636,260.0,37.2911,5.78006301369863,6.02,6.5000000000009095,-105.00896301369589,-2.0905002441435334
IMOEX,LONG_QUARTERLY_SHORT_PERP,40,2026-03-27,2026-05-25,59,1.95936,-2471.999999999998,1920.0,572.6959999999999,113.67457260273972,6.02,6.5000000000009095,-105.49857260273889,-2.10024730702326
IMOEX,LONG_QUARTERLY_SHORT_PERP,5,2026-05-04,2026-05-11,7,1.34264,231.99999999999818,-360.0,48.442,13.486813698630137,6.02,6.5000000000009095,-105.56481369863285,-2.1015660232848483
IMOEX,LONG_QUARTERLY_SHORT_PERP,10,2026-07-31,2026-08-14,14,0.41478,-1055.0,900.0,88.7153,26.973627397260273,6.02,6.5000000000009095,-105.77832739726118,-2.1058166170084744
IMOEX,LONG_QUARTERLY_SHORT_PERP,5,2026-08-10,2026-08-17,7,0.9985,-2134.499999999998,2005.0,49.2035,13.486813698630137,6.02,6.5000000000009095,-106.30331369862922,-2.1162679533485806
IMOEX,LONG_QUARTERLY_SHORT_PERP,20,2026-04-30,2026-05-29,29,0.9382,-1204.000000000001,925.0,241.06269999999998,55.87394246575343,6.02,6.5000000000009095,-106.33124246575527,-2.116823954406205
IMOEX,LONG_QUARTERLY_SHORT_PERP,3,2026-05-07,2026-05-12,5,2.01456,642.9999999999973,-745.0,17.7591,9.633438356164383,6.02,6.5000000000009095,-106.394338356168,-2.1180800564619413
IMOEX,LONG_QUARTERLY_SHORT_PERP,10,2026-05-08,2026-05-22,14,0.7521,113.99999999999636,-275.0,93.6549,26.973627397260273,6.02,6.5000000000009095,-106.83872739726482,-2.126926876507069
IMOEX,LONG_QUARTERLY_SHORT_PERP,10,2026-02-03,2026-02-17,14,1.24805,-443.4999999999991,205.0,170.9649,26.973627397260273,6.02,6.5000000000009095,-107.02872739726027,-2.1307093635917753
IMOEX,LONG_QUARTERLY_SHORT_PERP,20,2026-08-19,2026-09-16,28,0.50281,955.0,-1125.0,129.0753,53.947254794520546,6.02,6.5000000000009095,-107.39195479452145,-2.1379404316916966
IMOEX,LONG_QUARTERLY_SHORT_PERP,20,2026-05-20,2026-06-18,29,0.86363,-2405.0,1995.0,370.9463,55.87394246575343,6.02,6.5000000000009095,-107.44764246575433,-2.139049052203385
IMOEX,LONG_QUARTERLY_SHORT_PERP,5,2026-05-07,2026-05-14,7,2.01456,317.99999999999727,-435.0,35.234,13.486813698630137,6.02,6.5000000000009095,-107.77281369863375,-2.1455225047755646
IMOEX,LONG_QUARTERLY_SHORT_PERP,3,2026-07-30,2026-08-04,5,1.68021,490.9999999999991,-590.0,13.380299999999998,9.633438356164383,6.02,6.5000000000009095,-107.7731383561662,-2.1455289680014773
IMOEX,LONG_QUARTERLY_SHORT_PERP,10,2026-07-22,2026-08-05,14,0.67189,1525.0,-1655.0,60.133,26.973627397260273,6.02,6.5000000000009095,-109.36062739726117,-2.1771324248183146
IMOEX,LONG_QUARTERLY_SHORT_PERP,3,2026-04-20,2026-04-23,3,0.58739,43.49999999999909,-180.0,44.7544,5.78006301369863,6.02,6.5000000000009095,-110.04566301370043,-2.1907699951962503
IMOEX,LONG_QUARTERLY_SHORT_PERP,3,2026-07-31,2026-08-05,5,0.41478,650.0,-750.0,8.5314,9.633438356164383,6.02,6.5000000000009095,-113.62203835616528,-2.261967855950256
IMOEX,LONG_QUARTERLY_SHORT_PERP,3,2026-08-17,2026-08-20,3,0.45495,171.5000000000009,-285.0,18.0571,5.78006301369863,6.02,6.5000000000009095,-113.74296301369863,-2.264375203083695
IMOEX,LONG_QUARTERLY_SHORT_PERP,10,2026-03-02,2026-03-16,14,0.49678,-20.49999999999727,-180.0,125.28030000000001,26.973627397260273,6.02,6.5000000000009095,-114.71332739725844,-2.2836930491277077
IMOEX,LONG_QUARTERLY_SHORT_PERP,40,2026-01-21,2026-03-19,57,1.59889,376.9999999999982,-985.0,615.3279,109.82119726027398,6.02,6.5000000000009095,-115.0132972602767,-2.2896647971945234
IMOEX,LONG_QUARTERLY_SHORT_PERP,10,2026-02-04,2026-02-18,14,1.39941,-221.5000000000009,-25.0,170.1899,26.973627397260273,6.02,6.5000000000009095,-115.8037273972621,-2.305400543429165
IMOEX,LONG_QUARTERLY_SHORT_PERP,3,2026-08-28,2026-09-02,5,0.24637,590.0,-700.0,15.9157,9.633438356164383,6.02,6.5000000000009095,-116.23773835616528,-2.314040758411859
IMOEX,LONG_QUARTERLY_SHORT_PERP,20,2026-05-05,2026-06-02,28,0.72619,-541.5000000000009,240.0,249.9898,53.947254794520546,6.02,6.5000000000009095,-117.97745479452236,-2.3486747318818346
IMOEX,LONG_QUARTERLY_SHORT_PERP,10,2026-06-26,2026-07-10,14,1.14691,-1637.5,1400.0,157.5339,26.973627397260273,6.02,6.5000000000009095,-119.45972739726119,-2.378183558071354
IMOEX,LONG_QUARTERLY_SHORT_PERP,5,2026-02-17,2026-02-25,8,1.69695,130.50000000000182,-300.0,77.8725,15.413501369863013,6.02,6.5000000000009095,-119.5610013698621,-2.380199702773401
IMOEX,LONG_QUARTERLY_SHORT_PERP,40,2026-03-26,2026-05-22,57,2.26858,-2531.0000000000036,1955.0,578.5536,109.82119726027398,6.02,6.5000000000009095,-119.78759726027856,-2.3847107345048144
IMOEX,LONG_QUARTERLY_SHORT_PERP,3,2026-06-09,2026-06-15,6,1.44661,46.99999999999818,-200.0,56.799600000000005,11.56012602739726,6.02,6.5000000000009095,-120.28052602739999,-2.394523875006719
IMOEX,LONG_QUARTERLY_SHORT_PERP,20,2026-07-20,2026-08-17,28,0.61006,712.5,-925.0,157.9211,53.947254794520546,6.02,6.5000000000009095,-121.04615479452146,-2.409765879866647
IMOEX,LONG_QUARTERLY_SHORT_PERP,3,2026-04-14,2026-04-17,3,1.69146,-165.9999999999991,15.0,47.5742,5.78006301369863,6.02,6.5000000000009095,-121.72586301369863,-2.4232973933427955
IMOEX,LONG_QUARTERLY_SHORT_PERP,5,2026-04-10,2026-04-17,7,1.25021,-190.50000000000182,15.0,79.2596,13.486813698630137,6.02,6.5000000000009095,-122.24721369863285,-2.433676352460764
IMOEX,LONG_QUARTERLY_SHORT_PERP,3,2026-05-15,2026-05-20,5,0.59906,-65.49999999999727,-65.0,29.9131,9.633438356164383,6.02,6.5000000000009095,-122.74033835616255,-2.4434933927149807
IMOEX,LONG_QUARTERLY_SHORT_PERP,5,2026-08-19,2026-08-26,7,0.50281,-1134.4999999999982,1010.0,26.869200000000003,13.486813698630137,6.02,6.5000000000009095,-123.63761369862921,-2.4613561947907034
IMOEX,LONG_QUARTERLY_SHORT_PERP,5,2026-02-20,2026-03-02,10,1.46688,389.4999999999982,-550.0,67.3349,19.266876712328767,6.02,6.5000000000009095,-124.95197671233149,-2.487522305969989
IMOEX,LONG_QUARTERLY_SHORT_PERP,10,2026-04-03,2026-04-17,14,2.09223,-609.0000000000009,365.0,158.4625,26.973627397260273,6.02,6.5000000000009095,-125.03112739726208,-2.489098024093688
IMOEX,LONG_QUARTERLY_SHORT_PERP,20,2026-02-27,2026-03-27,28,1.5466,-429.0000000000009,90.0,279.3772,53.947254794520546,6.02,6.5000000000009095,-126.09005479452235,-2.510178967271978
IMOEX,LONG_QUARTERLY_SHORT_PERP,5,2026-06-11,2026-06-19,8,1.06064,-1156.9999999999982,950.0,108.5993,15.413501369863013,6.02,6.5000000000009095,-126.3342013698621,-2.5150393949983996
IMOEX,LONG_QUARTERLY_SHORT_PERP,40,2026-02-18,2026-04-16,57,1.32191,-1039.4999999999982,380.0,655.4236000000001,109.82119726027398,6.02,6.5000000000009095,-126.41759726027298,-2.51669962593737
IMOEX,LONG_QUARTERLY_SHORT_PERP,5,2026-02-26,2026-03-05,7,1.93998,237.5,-395.0,56.2175,13.486813698630137,6.02,6.5000000000009095,-127.28931369863103,-2.5340536057778693
IMOEX,LONG_QUARTERLY_SHORT_PERP,3,2026-05-06,2026-05-11,5,0.87064,106.99999999999818,-245.0,32.4737,9.633438356164383,6.02,6.5000000000009095,-127.6797383561671,-2.541826112223746
IMOEX,LONG_QUARTERLY_SHORT_PERP,3,2026-06-15,2026-06-18,3,1.77724,-1205.4999999999973,1020.0,76.0424,5.78006301369863,6.02,6.5000000000009095,-127.75766301369681,-2.5433774228063433
IMOEX,LONG_QUARTERLY_SHORT_PERP,10,2026-04-07,2026-04-21,14,1.18176,-632.5,395.0,148.3466,26.973627397260273,6.02,6.5000000000009095,-128.64702739726118,-2.5610827348827168
IMOEX,LONG_QUARTERLY_SHORT_PERP,5,2026-08-26,2026-09-02,7,0.69972,1002.5,-1135.0,29.8096,13.486813698630137,6.02,6.5000000000009095,-128.69721369863106,-2.562081835076219
IMOEX,LONG_QUARTERLY_SHORT_PERP,40,2026-03-25,2026-05-21,57,1.16043,-2353.000000000002,1755.0,591.3894,109.82119726027398,6.02,6.5000000000009095,-128.9517972602767,-2.567150040517936
IMOEX,LONG_QUARTERLY_SHORT_PERP,5,2026-08-17,2026-08-24,7,0.45495,-346.9999999999982,220.0,23.790100000000002,13.486813698630137,6.02,6.5000000000009095,-129.21671369862923,-2.572423951079089
IMOEX,LONG_QUARTERLY_SHORT_PERP,5,2026-07-28,2026-08-04,7,0.46529,645.4999999999973,-780.0,31.0038,13.486813698630137,6.02,6.5000000000009095,-129.50301369863377,-2.5781235618811658
IMOEX,LONG_QUARTERLY_SHORT_PERP,20,2026-04-06,2026-05-05,29,1.42741,-1753.499999999999,1405.0,287.0933,55.87394246575343,6.02,6.5000000000009095,-129.8006424657534,-2.5840487038163986
IMOEX,LONG_QUARTERLY_SHORT_PERP,5,2026-06-05,2026-06-15,10,1.51618,-369.0000000000009,180.0,89.48589999999999,19.266876712328767,6.02,6.5000000000009095,-131.3009767123306,-2.61391709808249
IMOEX,LONG_QUARTERLY_SHORT_PERP,3,2026-08-14,2026-08-19,5,0.93708,236.99999999999818,-360.0,12.9436,9.633438356164383,6.02,6.5000000000009095,-132.2098383561671,-2.632010558238697
IMOEX,LONG_QUARTERLY_SHORT_PERP,20,2026-03-02,2026-03-30,28,0.49678,-715.0,350.0,297.6502,53.947254794520546,6.02,6.5000000000009095,-133.81705479452148,-2.6640067446626414
IMOEX,LONG_QUARTERLY_SHORT_PERP,3,2026-01-19,2026-01-22,3,1.59034,6.5000000000009095,-175.0,49.656099999999995,5.78006301369863,6.02,6.5000000000009095,-137.14396301369865,-2.7302382571433994
IMOEX,LONG_QUARTERLY_SHORT_PERP,20,2026-04-13,2026-05-12,29,1.47708,-648.0000000000018,325.0,254.0048,55.87394246575343,6.02,6.5000000000009095,-137.38914246575618,-2.735119247200585
IMOEX,LONG_QUARTERLY_SHORT_PERP,5,2026-06-15,2026-06-22,7,1.77724,-2467.9999999999973,2245.0,111.50220000000002,13.486813698630137,6.02,6.5000000000009095,-137.5046136986283,-2.7374180285006084
IMOEX,LONG_QUARTERLY_SHORT_PERP,20,2026-03-05,2026-04-02,28,2.41346,-921.5000000000009,505.0,345.2681,53.947254794520546,6.02,6.5000000000009095,-137.69915479452237,-2.7412909189357753
IMOEX,LONG_QUARTERLY_SHORT_PERP,10,2026-02-06,2026-02-20,14,1.32549,184.0000000000009,-450.0,167.32299999999998,26.973627397260273,6.02,6.5000000000009095,-138.1706273972603,-2.750676913834154
IMOEX,LONG_QUARTERLY_SHORT_PERP,3,2026-05-14,2026-05-19,5,1.56043,-99.49999999999818,-45.0,27.2674,9.633438356164383,6.02,6.5000000000009095,-139.38603835616348,-2.774873104648746
IMOEX,LONG_QUARTERLY_SHORT_PERP,10,2026-04-15,2026-04-29,14,1.70448,-1248.499999999999,1005.0,143.364,26.973627397260273,6.02,6.5000000000009095,-139.62962739726026,-2.7797224330800447
IMOEX,LONG_QUARTERLY_SHORT_PERP,3,2026-08-25,2026-08-28,3,0.4476,-162.5,20.0,20.891099999999998,5.78006301369863,6.02,6.5000000000009095,-139.90896301369955,-2.7852833981406
IMOEX,LONG_QUARTERLY_SHORT_PERP,5,2026-01-19,2026-01-26,7,1.59034,-19.00000000000091,-175.0,79.2631,13.486813698630137,6.02,6.5000000000009095,-140.74371369863198,-2.8019014701657725
IMOEX,LONG_QUARTERLY_SHORT_PERP,5,2026-05-12,2026-05-19,7,0.5431,-424.4999999999982,265.0,44.7423,13.486813698630137,6.02,6.5000000000009095,-140.76451369862923,-2.802315552962369
IMOEX,LONG_QUARTERLY_SHORT_PERP,20,2026-03-30,2026-04-27,28,2.32408,-1088.499999999999,680.0,333.3415,53.947254794520546,6.02,6.5000000000009095,-141.62575479452056,-2.8194609914997675
IMOEX,LONG_QUARTERLY_SHORT_PERP,3,2026-04-16,2026-04-21,5,2.10294,19.49999999999818,-165.0,25.4758,9.633438356164383,6.02,6.5000000000009095,-142.17763835616714,-2.8304477938378736
IMOEX,LONG_QUARTERLY_SHORT_PERP,3,2026-06-11,2026-06-17,6,1.06064,-480.49999999999727,305.0,56.5398,11.56012602739726,6.02,6.5000000000009095,-143.04032602739545,-2.847622030546479
IMOEX,SHORT_QUARTERLY_LONG_PERP,5,2026-08-05,2026-08-12,7,-0.07011,-61.99999999999818,0.0,-55.1671,13.486813698630137,6.02,6.5000000000009095,-143.17391369862924,-2.8502814707629525
IMOEX,LONG_QUARTERLY_SHORT_PERP,40,2026-04-20,2026-06-17,58,0.58739,-3275.0,2685.0,570.692,111.74788493150686,6.02,6.5000000000009095,-143.57588493150777,-2.8582838444304426
IMOEX,LONG_QUARTERLY_SHORT_PERP,40,2026-03-23,2026-05-19,57,1.28475,-2310.999999999999,1700.0,589.2044,109.82119726027398,6.02,6.5000000000009095,-144.13679726027402,-2.8694503899002424
IMOEX,SHORT_QUARTERLY_LONG_PERP,3,2026-08-05,2026-08-10,5,-0.07011,-6.499999999996362,-80.0,-35.529900000000005,9.633438356164383,6.02,6.5000000000009095,-144.18333835616167,-2.8703769219744917
IMOEX,LONG_QUARTERLY_SHORT_PERP,5,2026-06-17,2026-06-24,7,1.60355,-2633.000000000002,2415.0,99.6388,13.486813698630137,6.02,6.5000000000009095,-144.36801369863286,-2.8740534066996384
IMOEX,LONG_QUARTERLY_SHORT_PERP,40,2026-04-24,2026-06-23,60,0.98371,-4589.499999999998,3970.0,602.8029,115.6012602739726,6.02,6.5000000000009095,-144.81836027397168,-2.8830188283043845
IMOEX,LONG_QUARTERLY_SHORT_PERP,40,2026-04-13,2026-06-09,57,1.47708,-2563.499999999999,1995.0,545.4877,109.82119726027398,6.02,6.5000000000009095,-145.35349726027397,-2.893672242721678
IMOEX,LONG_QUARTERLY_SHORT_PERP,10,2026-06-04,2026-06-19,15,2.37447,-1895.0,1595.0,195.4746,28.90031506849315,6.02,6.5000000000009095,-145.94571506849405,-2.905462012253149
IMOEX,LONG_QUARTERLY_SHORT_PERP,20,2026-05-06,2026-06-03,28,0.87064,-648.5000000000036,310.0,257.7948,53.947254794520546,6.02,6.5000000000009095,-147.1724547945251,-2.929883734201151
IMOEX,LONG_QUARTERLY_SHORT_PERP,10,2026-05-04,2026-05-18,14,1.34264,271.9999999999982,-470.0,89.7724,26.973627397260273,6.02,6.5000000000009095,-147.721227397263,-2.940808604108239
IMOEX,LONG_QUARTERLY_SHORT_PERP,5,2026-04-09,2026-04-16,7,2.70231,-129.49999999999818,-75.0,82.26169999999999,13.486813698630137,6.02,6.5000000000009095,-148.24511369862924,-2.951238041838871
IMOEX,LONG_QUARTERLY_SHORT_PERP,5,2026-02-19,2026-02-27,8,2.24833,61.99999999999818,-260.0,77.0359,15.413501369863013,6.02,6.5000000000009095,-148.89760136986575,-2.964227653362248
IMOEX,LONG_QUARTERLY_SHORT_PERP,10,2026-05-07,2026-05-21,14,2.01456,287.99999999999727,-490.0,91.3259,26.973627397260273,6.02,6.5000000000009095,-150.16772739726392,-2.9895131022817143
IMOEX,LONG_QUARTERLY_SHORT_PERP,3,2026-02-24,2026-02-27,3,1.27559,31.99999999999818,-215.0,49.611200000000004,5.78006301369863,6.02,6.5000000000009095,-151.68886301370136,-3.019795606615398
IMOEX,LONG_QUARTERLY_SHORT_PERP,5,2026-06-16,2026-06-23,7,2.27319,-1773.499999999999,1545.0,102.7379,13.486813698630137,6.02,6.5000000000009095,-151.76891369863014,-3.021389241783147
IMOEX,LONG_QUARTERLY_SHORT_PERP,3,2026-01-21,2026-01-26,5,1.59889,-203.00000000000182,25.0,48.2936,9.633438356164383,6.02,6.5000000000009095,-151.85983835616713,-3.023199354113796
IMOEX,LONG_QUARTERLY_SHORT_PERP,20,2026-05-18,2026-06-16,29,1.24339,-2194.000000000001,1775.0,335.115,55.87394246575343,6.02,6.5000000000009095,-152.27894246575525,-3.031542806122757
IMOEX,LONG_QUARTERLY_SHORT_PERP,40,2026-04-21,2026-06-18,58,1.01019,-3791.999999999998,3165.0,597.8651,111.74788493150686,6.02,6.5000000000009095,-153.40278493150598,-3.053916067238804
IMOEX,LONG_QUARTERLY_SHORT_PERP,3,2026-03-17,2026-03-20,3,1.52629,-72.5,-115.0,52.0998,5.78006301369863,6.02,6.5000000000009095,-153.70026301369953,-3.0598382093646324
IMOEX,LONG_QUARTERLY_SHORT_PERP,3,2026-02-12,2026-02-17,5,2.46339,-179.0000000000009,0.0,47.1249,9.633438356164383,6.02,6.5000000000009095,-154.02853835616622,-3.0663734580127255
IMOEX,LONG_QUARTERLY_SHORT_PERP,3,2026-09-15,2026-09-18,3,1.28973,-754.0000000000009,590.0,28.093899999999998,5.78006301369863,6.02,6.5000000000009095,-154.20616301370046,-3.069909578923593
IMOEX,LONG_QUARTERLY_SHORT_PERP,20,2026-04-09,2026-05-08,29,2.70231,-1711.9999999999982,1355.0,271.0396,55.87394246575343,6.02,6.5000000000009095,-154.35434246575252,-3.0728595097847475
IMOEX,LONG_QUARTERLY_SHORT_PERP,20,2026-04-10,2026-05-11,31,1.25021,-1031.500000000001,685.0,263.3446,59.72731780821917,6.02,6.5000000000009095,-155.40271780822098,-3.0937303844842576
IMOEX,LONG_QUARTERLY_SHORT_PERP,3,2026-08-13,2026-08-18,5,1.5646,-991.0000000000036,840.0,17.2863,9.633438356164383,6.02,6.5000000000009095,-155.86713835616894,-3.1029759882975614
IMOEX,LONG_QUARTERLY_SHORT_PERP,20,2026-03-24,2026-04-21,28,1.50352,-1245.5000000000018,800.0,355.8867,53.947254794520546,6.02,6.5000000000009095,-156.08055479452327,-3.107224645780502
IMOEX,LONG_QUARTERLY_SHORT_PERP,10,2026-08-27,2026-09-10,14,1.14302,1971.9999999999982,-2155.0,63.57769999999999,26.973627397260273,6.02,6.5000000000009095,-158.915927397263,-3.1636707523618255
IMOEX,LONG_QUARTERLY_SHORT_PERP,5,2026-06-08,2026-06-16,8,1.82202,-495.5000000000018,270.0,93.9976,15.413501369863013,6.02,6.5000000000009095,-159.43590136986575,-3.174022304129197
IMOEX,LONG_QUARTERLY_SHORT_PERP,20,2026-02-25,2026-03-25,28,1.47454,79.49999999999818,-445.0,271.9636,53.947254794520546,6.02,6.5000000000009095,-160.0036547945233,-3.1853250409508633
IMOEX,LONG_QUARTERLY_SHORT_PERP,3,2026-06-19,2026-06-24,5,1.47845,-1956.500000000001,1770.0,47.5793,9.633438356164383,6.02,6.5000000000009095,-161.07413835616623,-3.206636042247718
IMOEX,LONG_QUARTERLY_SHORT_PERP,5,2026-08-27,2026-09-03,7,1.14302,1052.5,-1215.0,26.678099999999997,13.486813698630137,6.02,6.5000000000009095,-161.82871369863105,-3.2216579974444532
IMOEX,LONG_QUARTERLY_SHORT_PERP,3,2026-06-10,2026-06-16,6,2.84208,-494.0000000000009,305.0,51.110699999999994,11.56012602739726,6.02,6.5000000000009095,-161.96942602739907,-3.2244592741088574
IMOEX,LONG_QUARTERLY_SHORT_PERP,40,2026-01-20,2026-03-18,57,1.49806,685.0,-1335.0,609.7831,109.82119726027398,6.02,6.5000000000009095,-162.5580972602749,-3.2361784390327766
IMOEX,LONG_QUARTERLY_SHORT_PERP,40,2026-04-08,2026-06-04,57,1.3586,-2444.000000000001,1850.0,551.9356,109.82119726027398,6.02,6.5000000000009095,-164.40559726027578,-3.2729581489757584
IMOEX,LONG_QUARTERLY_SHORT_PERP,20,2026-02-18,2026-03-19,29,1.32191,520.0,-900.0,282.9454,55.87394246575343,6.02,6.5000000000009095,-165.44854246575434,-3.293720921448779
IMOEX,LONG_QUARTERLY_SHORT_PERP,20,2026-05-21,2026-06-19,29,2.01882,-2904.499999999998,2440.0,365.5426,55.87394246575343,6.02,6.5000000000009095,-167.35134246575254,-3.3316015342116514
IMOEX,LONG_QUARTERLY_SHORT_PERP,40,2026-04-16,2026-06-15,60,2.10294,-2567.0000000000027,1980.0,547.2985,115.6012602739726,6.02,6.5000000000009095,-167.82276027397626,-3.340986438270334
IMOEX,LONG_QUARTERLY_SHORT_PERP,40,2026-03-17,2026-05-13,57,1.52629,-2247.5,1590.0,611.28,109.82119726027398,6.02,6.5000000000009095,-168.56119726027492,-3.3556871138682887
IMOEX,LONG_QUARTERLY_SHORT_PERP,20,2026-08-24,2026-09-21,28,0.29979,1625.999999999999,-1870.0,141.5316,53.947254794520546,6.02,6.5000000000009095,-168.93565479452238,-3.3631417495898464
IMOEX,LONG_QUARTERLY_SHORT_PERP,5,2026-07-29,2026-08-05,7,0.08214,472.00000000000273,-645.0,29.481299999999997,13.486813698630137,6.02,6.5000000000009095,-169.52551369862832,-3.3748845584668654
IMOEX,LONG_QUARTERLY_SHORT_PERP,20,2026-04-01,2026-04-29,28,2.57355,-1780.4999999999973,1350.0,327.1025,53.947254794520546,6.02,6.5000000000009095,-169.86475479451872,-3.3816381114344334
IMOEX,LONG_QUARTERLY_SHORT_PERP,5,2026-08-18,2026-08-25,7,0.3366,-478.99999999999636,310.0,24.9001,13.486813698630137,6.02,6.5000000000009095,-170.1067136986274,-3.386454987380974
IMOEX,LONG_QUARTERLY_SHORT_PERP,5,2026-02-12,2026-02-19,7,2.46339,-152.5,-75.0,82.82730000000001,13.486813698630137,6.02,6.5000000000009095,-170.67951369863104,-3.3978581905503726
IMOEX,LONG_QUARTERLY_SHORT_PERP,20,2026-05-07,2026-06-04,28,2.01456,-721.5000000000009,355.0,261.3939,53.947254794520546,6.02,6.5000000000009095,-171.5733547945224,-3.415652624240216
IMOEX,LONG_QUARTERLY_SHORT_PERP,20,2026-06-18,2026-07-16,28,3.7275,-4625.0,4185.0,333.3326,53.947254794520546,6.02,6.5000000000009095,-173.13465479452145,-3.446734714163851
IMOEX,LONG_QUARTERLY_SHORT_PERP,3,2026-04-15,2026-04-20,5,1.70448,-58.49999999999909,-130.0,36.403299999999994,9.633438356164383,6.02,6.5000000000009095,-174.2501383561644,-3.4689415676649995
IMOEX,LONG_QUARTERLY_SHORT_PERP,40,2026-04-15,2026-06-11,57,1.70448,-2853.000000000002,2250.0,550.5554999999999,109.82119726027398,6.02,6.5000000000009095,-174.78569726027678,-3.479603381548964
IMOEX,LONG_QUARTERLY_SHORT_PERP,40,2026-04-01,2026-05-28,57,2.57355,-2524.499999999998,1910.0,561.6062000000001,109.82119726027398,6.02,6.5000000000009095,-175.23499726027302,-3.488547968113097
IMOEX,LONG_QUARTERLY_SHORT_PERP,10,2026-02-11,2026-02-26,15,1.66252,-28.49999999999909,-275.0,169.0311,28.90031506849315,6.02,6.5000000000009095,-175.88921506849314,-3.5015720229038183
IMOEX,LONG_QUARTERLY_SHORT_PERP,10,2026-02-16,2026-03-03,15,1.15253,149.49999999999818,-425.0,139.8216,28.90031506849315,6.02,6.5000000000009095,-177.0987150684959,-3.5256505393726227
IMOEX,LONG_QUARTERLY_SHORT_PERP,5,2026-06-26,2026-07-03,7,1.14691,-646.5000000000009,425.0,70.0192,13.486813698630137,6.02,6.5000000000009095,-177.48761369863195,-3.5333926659293864
IMOEX,LONG_QUARTERLY_SHORT_PERP,3,2026-01-13,2026-01-16,3,1.25044,159.0000000000009,-370.0,50.578,5.78006301369863,6.02,6.5000000000009095,-178.72206301369863,-3.5579678690403163
IMOEX,LONG_QUARTERLY_SHORT_PERP,10,2026-08-25,2026-09-08,14,0.4476,1363.499999999999,-1570.0,65.2585,26.973627397260273,6.02,6.5000000000009095,-180.73512739726212,-3.5980436060492345
IMOEX,LONG_QUARTERLY_SHORT_PERP,5,2026-03-03,2026-03-10,7,0.5146,80.0,-290.0,54.8874,13.486813698630137,6.02,6.5000000000009095,-181.11941369863104,-3.605693911163932
IMOEX,LONG_QUARTERLY_SHORT_PERP,20,2026-07-24,2026-08-21,28,0.7378,-566.5000000000009,305.0,146.0202,53.947254794520546,6.02,6.5000000000009095,-181.9470547945224,-3.6221704467221247
IMOEX,LONG_QUARTERLY_SHORT_PERP,10,2026-06-02,2026-06-17,15,1.83405,-1680.0,1355.0,183.6712,28.90031506849315,6.02,6.5000000000009095,-182.74911506849406,-3.638137723709108
IMOEX,LONG_QUARTERLY_SHORT_PERP,40,2026-04-09,2026-06-05,57,2.70231,-2327.5,1725.0,540.0743,109.82119726027398,6.02,6.5000000000009095,-184.7668972602749,-3.6783073820267145
IMOEX,LONG_QUARTERLY_SHORT_PERP,40,2026-04-02,2026-05-29,57,3.48831,-2695.999999999999,2090.0,542.6641,109.82119726027398,6.02,6.5000000000009095,-185.67709726027402,-3.6964274859455526
IMOEX,LONG_QUARTERLY_SHORT_PERP,40,2026-04-14,2026-06-10,57,1.69146,-2666.999999999998,2045.0,556.9939,109.82119726027398,6.02,6.5000000000009095,-187.34729726027302,-3.7296775382035783
IMOEX,LONG_QUARTERLY_SHORT_PERP,20,2026-01-29,2026-02-27,29,2.02061,-439.50000000000273,-10.0,329.50620000000004,55.87394246575343,6.02,6.5000000000009095,-188.38774246575704,-3.7503905411098026
IMOEX,LONG_QUARTERLY_SHORT_PERP,40,2026-04-10,2026-06-08,59,1.25021,-2690.0,2080.0,545.7924,113.67457260273972,6.02,6.5000000000009095,-190.4021726027406,-3.7904934673012076
IMOEX,LONG_QUARTERLY_SHORT_PERP,5,2026-05-06,2026-05-13,7,0.87064,415.0,-620.0,39.7753,13.486813698630137,6.02,6.5000000000009095,-191.23151369863103,-3.8070038461648776
IMOEX,LONG_QUARTERLY_SHORT_PERP,40,2026-02-04,2026-04-02,57,1.39941,-745.5000000000018,20.0,655.7286999999999,109.82119726027398,6.02,6.5000000000009095,-192.11249726027683,-3.8245423142903725
IMOEX,LONG_QUARTERLY_SHORT_PERP,20,2026-05-22,2026-06-22,31,0.985,-3566.4999999999964,3070.0,376.36789999999996,59.72731780821917,6.02,6.5000000000009095,-192.3794178082165,-3.8298561223179974
IMOEX,LONG_QUARTERLY_SHORT_PERP,5,2026-06-19,2026-06-26,7,1.47845,-1595.0,1350.0,78.3212,13.486813698630137,6.02,6.5000000000009095,-192.68561369863104,-3.835951817059635
IMOEX,LONG_QUARTERLY_SHORT_PERP,3,2026-04-17,2026-04-22,5,0.95,177.5,-375.0,26.525499999999997,9.633438356164383,6.02,6.5000000000009095,-193.12793835616532,-3.8447575397144287
IMOEX,LONG_QUARTERLY_SHORT_PERP,10,2026-06-24,2026-07-08,14,1.29364,-525.0,225.0,144.0595,26.973627397260273,6.02,6.5000000000009095,-195.43412739726116,-3.8906687516251988
IMOEX,LONG_QUARTERLY_SHORT_PERP,3,2026-08-27,2026-09-01,5,1.14302,753.4999999999991,-940.0,11.7698,9.633438356164383,6.02,6.5000000000009095,-196.88363835616622,-3.9195253646848336
IMOEX,LONG_QUARTERLY_SHORT_PERP,5,2026-08-24,2026-08-31,7,0.29979,875.9999999999991,-1080.0,30.842100000000002,13.486813698630137,6.02,6.5000000000009095,-199.16471369863194,-3.9649366174339202
IMOEX,LONG_QUARTERLY_SHORT_PERP,10,2026-05-05,2026-05-19,14,0.72619,-63.00000000000182,-190.0,91.3534,26.973627397260273,6.02,6.5000000000009095,-201.14022739726303,-4.004264801912407
IMOEX,LONG_QUARTERLY_SHORT_PERP,40,2026-03-24,2026-05-20,57,1.50352,-2632.5,1970.0,582.8054999999999,109.82119726027398,6.02,6.5000000000009095,-202.03569726027496,-4.022091660815922
IMOEX,LONG_QUARTERLY_SHORT_PERP,5,2026-02-13,2026-02-20,7,1.86301,-215.0,-40.0,78.866,13.486813698630137,6.02,6.5000000000009095,-202.14081369863106,-4.024184300660563
IMOEX,LONG_QUARTERLY_SHORT_PERP,10,2026-02-02,2026-02-16,14,1.76146,-190.49999999999727,-140.0,166.47590000000002,26.973627397260273,6.02,6.5000000000009095,-203.51772739725843,-4.051595660039188
IMOEX,LONG_QUARTERLY_SHORT_PERP,10,2026-04-13,2026-04-27,14,1.47708,-200.0,-100.0,135.04389999999998,26.973627397260273,6.02,6.5000000000009095,-204.44972739726123,-4.070149754581513
IMOEX,LONG_QUARTERLY_SHORT_PERP,5,2026-01-12,2026-01-19,7,1.83817,227.5,-485.0,78.9858,13.486813698630137,6.02,6.5000000000009095,-204.52101369863107,-4.0715689099196934
IMOEX,LONG_QUARTERLY_SHORT_PERP,5,2026-06-22,2026-06-29,7,2.06753,64.49999999999818,-315.0,71.8119,13.486813698630137,6.02,6.5000000000009095,-204.6949136986329,-4.0750308809936575
IMOEX,LONG_QUARTERLY_SHORT_PERP,40,2026-02-05,2026-04-03,57,2.67641,-500.0,-235.0,649.8869000000001,109.82119726027398,6.02,6.5000000000009095,-207.4542972602748,-4.129964210908988
IMOEX,LONG_QUARTERLY_SHORT_PERP,10,2026-04-14,2026-04-28,14,1.69146,-593.9999999999964,290.0,134.29829999999998,26.973627397260273,6.02,6.5000000000009095,-209.19532739725756,-4.1646243372636205
IMOEX,LONG_QUARTERLY_SHORT_PERP,5,2026-02-09,2026-02-16,7,1.36524,300.0,-570.0,86.3299,13.486813698630137,6.02,6.5000000000009095,-209.67691369863104,-4.174211673922361
IMOEX,LONG_QUARTERLY_SHORT_PERP,10,2026-08-11,2026-08-25,14,0.84306,-2310.0,2070.0,69.039,26.973627397260273,6.02,6.5000000000009095,-210.4546273972612,-4.189694263505195
IMOEX,LONG_QUARTERLY_SHORT_PERP,20,2026-06-19,2026-07-17,28,1.47845,-5105.5,4620.0,339.3815,53.947254794520546,6.02,6.5000000000009095,-212.58575479452145,-4.232120378537799
IMOEX,LONG_QUARTERLY_SHORT_PERP,10,2026-03-05,2026-03-19,14,2.41346,122.5,-440.0,142.6747,26.973627397260273,6.02,6.5000000000009095,-214.3189273972612,-4.266624078461946
IMOEX,LONG_QUARTERLY_SHORT_PERP,10,2026-08-06,2026-08-20,14,1.73811,-1905.4999999999973,1645.0,85.4094,26.973627397260273,6.02,6.5000000000009095,-214.58422739725845,-4.271905624901874
IMOEX,LONG_QUARTERLY_SHORT_PERP,10,2026-02-25,2026-03-11,14,1.47454,295.0,-585.0,114.8666,26.973627397260273,6.02,6.5000000000009095,-214.62702739726117,-4.272757679887346
IMOEX,LONG_QUARTERLY_SHORT_PERP,3,2026-06-26,2026-07-01,5,1.14691,358.4999999999991,-590.0,37.8584,9.633438356164383,6.02,6.5000000000009095,-215.7950383561662,-4.296010239713452
IMOEX,LONG_QUARTERLY_SHORT_PERP,20,2026-05-04,2026-06-01,28,1.34264,-898.5000000000036,510.0,238.9112,53.947254794520546,6.02,6.5000000000009095,-216.0560547945251,-4.301206509750358
IMOEX,LONG_QUARTERLY_SHORT_PERP,20,2026-08-20,2026-09-17,28,0.9663,993.4999999999991,-1275.0,131.7342,53.947254794520546,6.02,6.5000000000009095,-216.2330547945224,-4.304730195087195
IMOEX,LONG_QUARTERLY_SHORT_PERP,20,2026-07-23,2026-08-20,28,1.22604,-535.4999999999973,235.0,150.6631,53.947254794520546,6.02,6.5000000000009095,-216.30415479451875,-4.306145641569906
IMOEX,LONG_QUARTERLY_SHORT_PERP,20,2026-06-17,2026-07-15,28,1.60355,-4219.000000000001,3730.0,339.0367,53.947254794520546,6.02,6.5000000000009095,-216.43055479452238,-4.308661990872707
IMOEX,LONG_QUARTERLY_SHORT_PERP,40,2026-03-05,2026-04-30,56,2.41346,-2413.499999999999,1670.0,646.8695,107.89450958904109,6.02,6.5000000000009095,-217.0450095890411,-4.320894450475122
IMOEX,LONG_QUARTERLY_SHORT_PERP,3,2026-06-22,2026-06-25,3,2.06753,-860.5000000000018,615.0,46.1768,5.78006301369863,6.02,6.5000000000009095,-217.62326301370135,-4.3324062194778445
IMOEX,LONG_QUARTERLY_SHORT_PERP,20,2026-03-25,2026-04-22,28,1.16043,-1291.500000000001,785.0,354.83209999999997,53.947254794520546,6.02,6.5000000000009095,-218.1351547945224,-4.342596872371369
IMOEX,LONG_QUARTERLY_SHORT_PERP,20,2026-04-14,2026-05-13,29,1.69146,-698.9999999999964,310.0,238.9608,55.87394246575343,6.02,6.5000000000009095,-218.4331424657507,-4.348529159307421
IMOEX,LONG_QUARTERLY_SHORT_PERP,5,2026-06-09,2026-06-17,8,1.44661,-667.5,380.0,95.567,15.413501369863013,6.02,6.5000000000009095,-219.86650136986393,-4.377064220058409
IMOEX,LONG_QUARTERLY_SHORT_PERP,5,2026-01-16,2026-01-23,7,1.31493,160.0,-435.0,80.6634,13.486813698630137,6.02,6.5000000000009095,-220.34341369863105,-4.38655850808021
IMOEX,LONG_QUARTERLY_SHORT_PERP,20,2026-07-22,2026-08-19,28,0.67189,56.99999999999818,-365.0,153.2605,53.947254794520546,6.02,6.5000000000009095,-221.20675479452328,-4.403745753053827
IMOEX,LONG_QUARTERLY_SHORT_PERP,5,2026-04-13,2026-04-20,7,1.47708,44.00000000000091,-310.0,70.3627,13.486813698630137,6.02,6.5000000000009095,-221.64411369863012,-4.4124526183496435
IMOEX,LONG_QUARTERLY_SHORT_PERP,5,2026-02-10,2026-02-17,7,1.49154,200.0,-485.0,88.384,13.486813698630137,6.02,6.5000000000009095,-222.62281369863103,-4.431936408401721
IMOEX,LONG_QUARTERLY_SHORT_PERP,5,2026-04-15,2026-04-22,7,1.70448,-44.00000000000091,-210.0,57.05489999999999,13.486813698630137,6.02,6.5000000000009095,-222.95191369863198,-4.438488074189144
IMOEX,LONG_QUARTERLY_SHORT_PERP,10,2026-08-10,2026-08-24,14,0.9985,-2481.4999999999964,2225.0,72.9936,26.973627397260273,6.02,6.5000000000009095,-223.00002739725753,-4.4394459133662645
IMOEX,LONG_QUARTERLY_SHORT_PERP,20,2026-08-18,2026-09-15,28,0.3366,1609.000000000001,-1890.0,123.73310000000001,53.947254794520546,6.02,6.5000000000009095,-223.73415479452055,-4.454060794412283
IMOEX,LONG_QUARTERLY_SHORT_PERP,5,2026-06-23,2026-06-30,7,1.39676,-149.0000000000009,-120.0,69.8541,13.486813698630137,6.02,6.5000000000009095,-225.15271369863194,-4.482301219327154
IMOEX,LONG_QUARTERLY_SHORT_PERP,5,2026-06-10,2026-06-18,8,2.84208,-1101.9999999999982,800.0,104.4212,15.413501369863013,6.02,6.5000000000009095,-225.51230136986212,-4.489459828391788
IMOEX,LONG_QUARTERLY_SHORT_PERP,5,2026-06-18,2026-06-25,7,3.7275,-2123.000000000002,1840.0,81.6366,13.486813698630137,6.02,6.5000000000009095,-227.37021369863288,-4.526446825172111
IMOEX,LONG_QUARTERLY_SHORT_PERP,40,2026-04-17,2026-06-16,60,0.95,-2995.0,2335.0,560.5304,115.6012602739726,6.02,6.5000000000009095,-227.59086027397353,-4.5308394189696415
IMOEX,LONG_QUARTERLY_SHORT_PERP,5,2026-08-12,2026-08-19,7,1.12066,-1530.0,1290.0,37.9604,13.486813698630137,6.02,6.5000000000009095,-228.04641369863106,-4.539908497628601
IMOEX,LONG_QUARTERLY_SHORT_PERP,3,2026-08-21,2026-08-26,5,0.27351,-855.4999999999973,635.0,14.4711,9.633438356164383,6.02,6.5000000000009095,-228.18233835616257,-4.542614462163435
IMOEX,LONG_QUARTERLY_SHORT_PERP,5,2026-01-20,2026-01-27,7,1.49806,150.0,-435.0,80.70439999999999,13.486813698630137,6.02,6.5000000000009095,-230.30241369863106,-4.58482055480388
IMOEX,LONG_QUARTERLY_SHORT_PERP,10,2026-04-08,2026-04-22,14,1.3586,-373.0000000000018,35.0,145.31029999999998,26.973627397260273,6.02,6.5000000000009095,-232.183327397263,-4.6222654588706895
IMOEX,LONG_QUARTERLY_SHORT_PERP,5,2026-04-16,2026-04-23,7,2.10294,36.99999999999818,-305.0,60.1283,13.486813698630137,6.02,6.5000000000009095,-233.87851369863287,-4.656012934087831
IMOEX,LONG_QUARTERLY_SHORT_PERP,3,2026-02-27,2026-03-04,5,1.5466,-118.49999999999909,-110.0,16.6169,9.633438356164383,6.02,6.5000000000009095,-234.0365383561644,-4.659158861594108
IMOEX,LONG_QUARTERLY_SHORT_PERP,5,2026-04-17,2026-04-24,7,0.95,-179.0000000000009,-90.0,60.4654,13.486813698630137,6.02,6.5000000000009095,-234.54141369863197,-4.669209832448404
IMOEX,LONG_QUARTERLY_SHORT_PERP,40,2026-04-06,2026-06-02,57,1.42741,-2295.0,1645.0,537.0831,109.82119726027398,6.02,6.5000000000009095,-235.25809726027495,-4.68347744463683
IMOEX,LONG_QUARTERLY_SHORT_PERP,3,2026-01-30,2026-02-04,5,1.57079,-317.5,60.0,44.089200000000005,9.633438356164383,6.02,6.5000000000009095,-235.5642383561653,-4.689572048538572
IMOEX,LONG_QUARTERLY_SHORT_PERP,10,2026-08-24,2026-09-07,14,0.29979,1685.999999999999,-1945.0,62.817099999999996,26.973627397260273,6.02,6.5000000000009095,-235.6765273972621,-4.691807479316009
IMOEX,LONG_QUARTERLY_SHORT_PERP,10,2026-06-03,2026-06-18,15,1.65114,-2006.4999999999964,1605.0,204.4348,28.90031506849315,6.02,6.5000000000009095,-238.48551506849043,-4.7477283192516735
IMOEX,LONG_QUARTERLY_SHORT_PERP,10,2026-08-19,2026-09-02,14,0.50281,-131.99999999999818,-125.0,56.6788,26.973627397260273,6.02,6.5000000000009095,-239.8148273972594,-4.774192038805518
IMOEX,LONG_QUARTERLY_SHORT_PERP,5,2026-08-21,2026-08-28,7,0.27351,-442.99999999999727,200.0,28.365000000000002,13.486813698630137,6.02,6.5000000000009095,-240.6418136986283,-4.790655538827794
IMOEX,LONG_QUARTERLY_SHORT_PERP,20,2026-03-26,2026-04-23,28,2.26858,-1025.5000000000018,495.0,356.2491,53.947254794520546,6.02,6.5000000000009095,-240.7181547945233,-4.792175324139699
IMOEX,LONG_QUARTERLY_SHORT_PERP,10,2026-06-23,2026-07-07,14,1.39676,-1800.5000000000018,1455.0,140.4548,26.973627397260273,6.02,6.5000000000009095,-244.53882739726302,-4.868236612429711
IMOEX,LONG_QUARTERLY_SHORT_PERP,10,2026-08-20,2026-09-03,14,0.9663,673.4999999999991,-935.0,55.314499999999995,26.973627397260273,6.02,6.5000000000009095,-245.67912739726208,-4.890937507286505
IMOEX,LONG_QUARTERLY_SHORT_PERP,5,2026-06-24,2026-07-01,7,1.29364,720.0,-1010.0,68.6003,13.486813698630137,6.02,6.5000000000009095,-247.40651369863104,-4.9253260145253694
IMOEX,LONG_QUARTERLY_SHORT_PERP,20,2026-03-27,2026-04-24,28,1.95936,-1097.5,570.0,346.4926,53.947254794520546,6.02,6.5000000000009095,-247.47465479452148,-4.9266825556577345
IMOEX,LONG_QUARTERLY_SHORT_PERP,40,2026-01-13,2026-03-11,57,1.25044,834.5000000000027,-1570.0,609.3534000000001,109.82119726027398,6.02,6.5000000000009095,-248.4877972602721,-4.946852020351216
IMOEX,LONG_QUARTERLY_SHORT_PERP,40,2026-08-04,2026-09-29,56,0.48488,-512.5,60.0,323.1026,107.89450958904109,6.02,6.5000000000009095,-249.81190958904202,-4.973212219205917
IMOEX,LONG_QUARTERLY_SHORT_PERP,20,2026-07-27,2026-08-24,28,0.5539,-1789.4999999999982,1460.0,143.47910000000002,53.947254794520546,6.02,6.5000000000009095,-252.48815479451963,-5.026490445129443
IMOEX,LONG_QUARTERLY_SHORT_PERP,5,2026-08-25,2026-09-01,7,0.4476,445.49999999999727,-705.0,30.1972,13.486813698630137,6.02,6.5000000000009095,-255.30961369863377,-5.082659560208908
IMOEX,LONG_QUARTERLY_SHORT_PERP,10,2026-08-14,2026-08-28,14,0.93708,-485.0,215.0,53.7067,26.973627397260273,6.02,6.5000000000009095,-255.78692739726117,-5.0921618386323555
IMOEX,LONG_QUARTERLY_SHORT_PERP,10,2026-06-05,2026-06-22,17,1.51618,-2836.999999999998,2425.0,200.9881,32.7536904109589,6.02,6.5000000000009095,-256.285590410958,-5.102089135521695
IMOEX,LONG_QUARTERLY_SHORT_PERP,40,2026-02-06,2026-04-06,59,1.32549,-285.9999999999991,-495.0,650.9060999999999,113.67457260273972,6.02,6.5000000000009095,-256.28847260273983,-5.102146513696383
IMOEX,LONG_QUARTERLY_SHORT_PERP,5,2026-02-27,2026-03-06,7,1.5466,270.0,-550.0,48.141400000000004,13.486813698630137,6.02,6.5000000000009095,-257.8654136986311,-5.133539983847409
IMOEX,LONG_QUARTERLY_SHORT_PERP,5,2026-04-14,2026-04-21,7,1.69146,23.00000000000182,-320.0,63.55,13.486813698630137,6.02,6.5000000000009095,-259.4568136986292,-5.165221299356563
IMOEX,LONG_QUARTERLY_SHORT_PERP,3,2026-03-04,2026-03-09,5,0.65031,510.0,-785.0,36.793400000000005,9.633438356164383,6.02,6.5000000000009095,-260.3600383561653,-5.183202539366042
IMOEX,LONG_QUARTERLY_SHORT_PERP,40,2026-02-17,2026-04-15,57,1.69695,-1037.5,250.0,647.6133,109.82119726027398,6.02,6.5000000000009095,-262.2278972602749,-5.2203875508450865
IMOEX,LONG_QUARTERLY_SHORT_PERP,40,2026-03-02,2026-04-27,56,0.49678,-1803.499999999999,1030.0,630.9917,107.89450958904109,6.02,6.5000000000009095,-262.92280958904104,-5.234221745101004
IMOEX,LONG_QUARTERLY_SHORT_PERP,10,2026-01-13,2026-01-27,14,1.25044,459.0000000000009,-845.0,162.16639999999998,26.973627397260273,6.02,6.5000000000009095,-263.3272273972603,-5.242272824766537
IMOEX,LONG_QUARTERLY_SHORT_PERP,20,2026-07-28,2026-08-25,28,0.46529,-1083.499999999999,740.0,143.3022,53.947254794520546,6.02,6.5000000000009095,-266.66505479452053,-5.308721714352957
IMOEX,LONG_QUARTERLY_SHORT_PERP,40,2026-05-20,2026-07-16,57,0.86363,-7030.0,6180.0,704.2789,109.82119726027398,6.02,6.5000000000009095,-268.0622972602749,-5.336537775305832
IMOEX,LONG_QUARTERLY_SHORT_PERP,40,2026-04-03,2026-06-01,59,2.09223,-2580.500000000002,1905.0,533.0167,113.67457260273972,6.02,6.5000000000009095,-268.6778726027424,-5.34879254258269
IMOEX,LONG_QUARTERLY_SHORT_PERP,20,2026-02-17,2026-03-18,29,1.69695,585.0,-1060.0,274.6308,55.87394246575343,6.02,6.5000000000009095,-268.7631424657543,-5.350490080243558
IMOEX,LONG_QUARTERLY_SHORT_PERP,10,2026-06-22,2026-07-06,14,2.06753,-1619.5000000000027,1245.0,143.1492,26.973627397260273,6.02,6.5000000000009095,-270.84442739726387,-5.391923940102602
IMOEX,LONG_QUARTERLY_SHORT_PERP,40,2026-01-09,2026-03-09,59,1.94677,875.9999999999991,-1635.0,613.649,113.67457260273972,6.02,6.5000000000009095,-271.5455726027415,-5.4058822173883225
IMOEX,LONG_QUARTERLY_SHORT_PERP,5,2026-01-14,2026-01-21,7,1.46417,351.00000000000364,-680.0,82.8092,13.486813698630137,6.02,6.5000000000009095,-272.1976136986274,-5.418862938566983
IMOEX,LONG_QUARTERLY_SHORT_PERP,20,2026-02-24,2026-03-24,28,1.27559,119.00000000000091,-600.0,275.10470000000004,53.947254794520546,6.02,6.5000000000009095,-272.3625547945205,-5.422146557329973
IMOEX,LONG_QUARTERLY_SHORT_PERP,10,2026-04-06,2026-04-20,14,1.42741,-700.0,315.0,150.0623,26.973627397260273,6.02,6.5000000000009095,-274.43132739726116,-5.463331323915495
IMOEX,LONG_QUARTERLY_SHORT_PERP,40,2026-02-19,2026-04-17,57,2.24833,-1285.5000000000018,490.0,642.4403,109.82119726027398,6.02,6.5000000000009095,-275.4008972602767,-5.482633352782153
IMOEX,LONG_QUARTERLY_SHORT_PERP,10,2026-05-06,2026-05-20,14,0.87064,-250.0,-80.0,91.2833,26.973627397260273,6.02,6.5000000000009095,-278.21032739726115,-5.538563001249439
IMOEX,LONG_QUARTERLY_SHORT_PERP,5,2026-02-25,2026-03-04,7,1.47454,-160.50000000000182,-145.0,51.4827,13.486813698630137,6.02,6.5000000000009095,-280.02411369863285,-5.5746715447206014
IMOEX,LONG_QUARTERLY_SHORT_PERP,10,2026-01-14,2026-01-28,14,1.46417,448.0000000000018,-855.0,164.99859999999998,26.973627397260273,6.02,6.5000000000009095,-281.4950273972594,-5.603954239814845
IMOEX,LONG_QUARTERLY_SHORT_PERP,20,2026-02-26,2026-03-26,28,1.93998,-136.99999999999818,-355.0,275.2496,53.947254794520546,6.02,6.5000000000009095,-283.2176547945196,-5.638248007615134
IMOEX,LONG_QUARTERLY_SHORT_PERP,3,2026-01-14,2026-01-19,5,1.46417,167.00000000000273,-480.0,51.83970000000001,9.633438356164383,6.02,6.5000000000009095,-283.31373835616256,-5.640160822515007
IMOEX,LONG_QUARTERLY_SHORT_PERP,20,2026-05-25,2026-06-23,29,1.3736,-3215.0,2620.0,376.59950000000003,55.87394246575343,6.02,6.5000000000009095,-286.7944424657543,-5.70945407693886
IMOEX,LONG_QUARTERLY_SHORT_PERP,5,2026-08-13,2026-08-20,7,1.5646,-1399.000000000001,1105.0,31.9774,13.486813698630137,6.02,6.5000000000009095,-288.02941369863197,-5.734039670299155
IMOEX,LONG_QUARTERLY_SHORT_PERP,20,2026-08-17,2026-09-14,28,0.45495,2342.5,-2680.0,114.2018,53.947254794520546,6.02,6.5000000000009095,-289.7654547945215,-5.768600475687995
IMOEX,LONG_QUARTERLY_SHORT_PERP,40,2026-07-21,2026-09-15,56,0.63358,2130.4999999999973,-2580.0,278.6844,107.89450958904109,6.02,6.5000000000009095,-291.23010958904473,-5.79775856960363
IMOEX,LONG_QUARTERLY_SHORT_PERP,40,2026-04-27,2026-06-24,58,1.00897,-5664.000000000001,4890.0,605.6496,111.74788493150686,6.02,6.5000000000009095,-292.6182849315087,-5.82539412383681
IMOEX,LONG_QUARTERLY_SHORT_PERP,10,2026-06-18,2026-07-02,14,3.7275,-2258.000000000002,1850.0,153.5152,26.973627397260273,6.02,6.5000000000009095,-293.978427397263,-5.85247160441681
IMOEX,LONG_QUARTERLY_SHORT_PERP,10,2026-06-08,2026-06-23,15,1.82202,-2269.000000000001,1815.0,196.7355,28.90031506849315,6.02,6.5000000000009095,-298.68481506849497,-5.94616555485094
IMOEX,LONG_QUARTERLY_SHORT_PERP,40,2026-01-29,2026-03-27,57,2.02061,-868.5000000000036,80.0,608.8833999999999,109.82119726027398,6.02,6.5000000000009095,-301.95779726027854,-6.011323517320378
IMOEX,LONG_QUARTERLY_SHORT_PERP,20,2026-07-30,2026-08-27,28,1.68021,-1545.999999999999,1165.0,144.1061,53.947254794520546,6.02,6.5000000000009095,-303.36115479452053,-6.039261315997344
IMOEX,LONG_QUARTERLY_SHORT_PERP,40,2026-05-19,2026-07-15,57,0.88429,-6377.5,5515.0,681.3443,109.82119726027398,6.02,6.5000000000009095,-303.49689726027486,-6.041963653489839
IMOEX,LONG_QUARTERLY_SHORT_PERP,20,2026-02-20,2026-03-23,31,1.46688,24.49999999999818,-530.0,272.8254,59.72731780821917,6.02,6.5000000000009095,-304.9219178082219,-6.070332715690791
IMOEX,LONG_QUARTERLY_SHORT_PERP,10,2026-06-11,2026-06-26,15,1.06064,-2751.999999999998,2300.0,186.9205,28.90031506849315,6.02,6.5000000000009095,-306.49981506849224,-6.101745220996631
IMOEX,LONG_QUARTERLY_SHORT_PERP,10,2026-02-12,2026-02-27,15,2.46339,-90.50000000000182,-335.0,159.8632,28.90031506849315,6.02,6.5000000000009095,-307.0571150684959,-6.1128398528512164
IMOEX,LONG_QUARTERLY_SHORT_PERP,20,2026-08-21,2026-09-18,28,0.27351,1053.499999999999,-1430.0,134.4008,53.947254794520546,6.02,6.5000000000009095,-308.5664547945223,-6.142887526642094
IMOEX,LONG_QUARTERLY_SHORT_PERP,20,2026-01-30,2026-03-02,31,1.57079,-25.50000000000182,-530.0,318.7661,59.72731780821917,6.02,6.5000000000009095,-308.9812178082219,-6.151144556866148
IMOEX,LONG_QUARTERLY_SHORT_PERP,20,2026-06-16,2026-07-14,28,2.27319,-3775.999999999999,3195.0,336.179,53.947254794520546,6.02,6.5000000000009095,-311.2882547945205,-6.197072649523118
IMOEX,LONG_QUARTERLY_SHORT_PERP,5,2026-01-15,2026-01-22,7,2.2787,298.0000000000018,-665.0,78.7088,13.486813698630137,6.02,6.5000000000009095,-314.29801369862923,-6.256990408381778
IMOEX,LONG_QUARTERLY_SHORT_PERP,10,2026-02-13,2026-03-02,17,1.86301,174.49999999999818,-590.0,146.2009,32.7536904109589,6.02,6.5000000000009095,-314.5727904109616,-6.262460615569148
IMOEX,LONG_QUARTERLY_SHORT_PERP,10,2026-08-17,2026-08-31,14,0.45495,529.0000000000009,-860.0,54.6322,26.973627397260273,6.02,6.5000000000009095,-315.86142739726023,-6.288114577451605
IMOEX,LONG_QUARTERLY_SHORT_PERP,40,2026-07-22,2026-09-16,56,0.67189,1011.9999999999982,-1490.0,282.3358,107.89450958904109,6.02,6.5000000000009095,-316.0787095890438,-6.292440193684119
IMOEX,LONG_QUARTERLY_SHORT_PERP,40,2026-02-11,2026-04-09,57,1.66252,-1098.499999999999,245.0,658.1398,109.82119726027398,6.02,6.5000000000009095,-317.7013972602739,-6.324744378731949
IMOEX,LONG_QUARTERLY_SHORT_PERP,40,2026-02-12,2026-04-10,57,2.46339,-1247.5,400.0,646.008,109.82119726027398,6.02,6.5000000000009095,-323.8331972602748,-6.44681519087176
IMOEX,LONG_QUARTERLY_SHORT_PERP,40,2026-02-03,2026-04-01,57,1.24805,-949.0000000000009,110.0,634.8397,109.82119726027398,6.02,6.5000000000009095,-326.50149726027576,-6.499935245021068
IMOEX,LONG_QUARTERLY_SHORT_PERP,5,2026-02-24,2026-03-03,7,1.27559,113.49999999999909,-475.0,59.725,13.486813698630137,6.02,6.5000000000009095,-327.78181369863194,-6.525423562876521
IMOEX,LONG_QUARTERLY_SHORT_PERP,10,2026-02-27,2026-03-13,14,1.5466,328.0000000000018,-730.0,113.57469999999999,26.973627397260273,6.02,6.5000000000009095,-327.9189273972593,-6.528153198635504
IMOEX,LONG_QUARTERLY_SHORT_PERP,20,2026-08-14,2026-09-11,28,0.93708,1065.999999999999,-1445.0,116.3736,53.947254794520546,6.02,6.5000000000009095,-329.0936547945223,-6.551539468152899
IMOEX,LONG_QUARTERLY_SHORT_PERP,10,2026-02-10,2026-02-25,15,1.49154,330.5000000000018,-785.0,166.25650000000002,28.90031506849315,6.02,6.5000000000009095,-329.6638150684922,-6.5628901201137175
IMOEX,LONG_QUARTERLY_SHORT_PERP,10,2026-06-15,2026-06-29,14,1.77724,-2403.499999999999,1930.0,183.31410000000002,26.973627397260273,6.02,6.5000000000009095,-329.6795273972602,-6.56320291843286
IMOEX,LONG_QUARTERLY_SHORT_PERP,10,2026-08-21,2026-09-04,14,0.27351,835.9999999999991,-1185.0,58.593599999999995,26.973627397260273,6.02,6.5000000000009095,-329.9000273972621,-6.567592594233938
IMOEX,LONG_QUARTERLY_SHORT_PERP,3,2026-02-11,2026-02-16,5,1.66252,-117.99999999999727,-245.0,54.7893,9.633438356164383,6.02,6.5000000000009095,-330.3641383561625,-6.576832034802117
IMOEX,LONG_QUARTERLY_SHORT_PERP,3,2026-02-26,2026-03-03,5,1.93998,60.0,-395.0,25.5798,9.633438356164383,6.02,6.5000000000009095,-331.5736383561653,-6.600910551270922
IMOEX,LONG_QUARTERLY_SHORT_PERP,10,2026-01-12,2026-01-26,14,1.83817,208.4999999999991,-660.0,158.2489,26.973627397260273,6.02,6.5000000000009095,-332.74472739726207,-6.624224389024061
IMOEX,LONG_QUARTERLY_SHORT_PERP,40,2026-02-02,2026-03-31,57,1.76146,-764.4999999999982,-70.0,621.5847,109.82119726027398,6.02,6.5000000000009095,-335.256497260273,-6.674228268323125
IMOEX,LONG_QUARTERLY_SHORT_PERP,20,2026-05-28,2026-06-26,29,2.3438,-3612.5,2985.0,359.6083,55.87394246575343,6.02,6.5000000000009095,-336.28564246575434,-6.694716312786884
IMOEX,LONG_QUARTERLY_SHORT_PERP,10,2026-08-12,2026-08-26,14,1.12066,-2664.499999999998,2300.0,64.8296,26.973627397260273,6.02,6.5000000000009095,-339.1640273972593,-6.752018701357899
IMOEX,LONG_QUARTERLY_SHORT_PERP,5,2026-02-11,2026-02-18,7,1.66252,-188.4999999999991,-210.0,84.9779,13.486813698630137,6.02,6.5000000000009095,-339.52891369863016,-6.75928279463345
IMOEX,LONG_QUARTERLY_SHORT_PERP,40,2026-04-29,2026-06-26,58,2.61105,-4356.500000000001,3545.0,594.112,111.74788493150686,6.02,6.5000000000009095,-341.6558849315087,-6.80162616946555
IMOEX,LONG_QUARTERLY_SHORT_PERP,5,2026-03-05,2026-03-12,7,2.41346,92.5,-470.0,61.131299999999996,13.486813698630137,6.02,6.5000000000009095,-342.37551369863104,-6.815952414294438
IMOEX,LONG_QUARTERLY_SHORT_PERP,40,2026-07-30,2026-09-24,56,1.68021,493.4999999999991,-1025.0,308.2097,107.89450958904109,6.02,6.5000000000009095,-343.7048095890429,-6.842415806596318
IMOEX,LONG_QUARTERLY_SHORT_PERP,10,2026-04-10,2026-04-24,14,1.25021,-369.50000000000273,-75.0,139.725,26.973627397260273,6.02,6.5000000000009095,-344.26862739726386,-6.853640193847762
IMOEX,LONG_QUARTERLY_SHORT_PERP,3,2026-02-13,2026-02-18,5,1.86301,-339.0000000000009,-25.0,41.713899999999995,9.633438356164383,6.02,6.5000000000009095,-344.4395383561662,-6.857042659609333
IMOEX,LONG_QUARTERLY_SHORT_PERP,40,2026-02-09,2026-04-07,57,1.36524,-158.00000000000182,-715.0,649.0713,109.82119726027398,6.02,6.5000000000009095,-346.2698972602767,-6.893481127584818
IMOEX,LONG_QUARTERLY_SHORT_PERP,20,2026-07-31,2026-08-28,28,0.41478,-1540.0,1115.0,142.422,53.947254794520546,6.02,6.5000000000009095,-349.0452547945214,-6.948732464579425
IMOEX,LONG_QUARTERLY_SHORT_PERP,20,2026-05-29,2026-06-29,31,1.5941,-2790.0,2155.0,357.8333,59.72731780821917,6.02,6.5000000000009095,-349.41401780822,-6.956073734772404
IMOEX,LONG_QUARTERLY_SHORT_PERP,20,2026-05-26,2026-06-24,29,1.72962,-4024.000000000001,3370.0,372.2397,55.87394246575343,6.02,6.5000000000009095,-350.1542424657552,-6.970809999019643
IMOEX,LONG_QUARTERLY_SHORT_PERP,10,2026-06-09,2026-06-24,15,1.44661,-3300.500000000002,2795.0,195.20579999999998,28.90031506849315,6.02,6.5000000000009095,-351.7145150684959,-7.001871635696643
IMOEX,LONG_QUARTERLY_SHORT_PERP,3,2026-01-20,2026-01-23,3,1.49806,10.0,-395.0,49.7794,5.78006301369863,6.02,6.5000000000009095,-353.5206630136995,-7.037828116096464
IMOEX,LONG_QUARTERLY_SHORT_PERP,20,2026-02-19,2026-03-20,29,2.24833,356.5000000000009,-920.0,274.6467,55.87394246575343,6.02,6.5000000000009095,-357.2472424657534,-7.112016214243123
IMOEX,LONG_QUARTERLY_SHORT_PERP,40,2026-07-28,2026-09-22,56,0.46529,555.4999999999973,-1090.0,297.5249,107.89450958904109,6.02,6.5000000000009095,-357.3896095890447,-7.114850434270223
IMOEX,LONG_QUARTERLY_SHORT_PERP,10,2026-06-19,2026-07-03,14,1.47845,-2241.500000000001,1775.0,148.3404,26.973627397260273,6.02,6.5000000000009095,-357.65322739726207,-7.1200984919276165
IMOEX,LONG_QUARTERLY_SHORT_PERP,40,2026-02-27,2026-04-24,56,1.5466,-1526.500000000001,660.0,625.8697999999999,107.89450958904109,6.02,6.5000000000009095,-361.04470958904295,-7.1876155318683095
IMOEX,LONG_QUARTERLY_SHORT_PERP,10,2026-06-16,2026-06-30,14,2.27319,-1922.5,1425.0,172.59199999999998,26.973627397260273,6.02,6.5000000000009095,-364.40162739726117,-7.254444470048897
IMOEX,LONG_QUARTERLY_SHORT_PERP,40,2026-08-03,2026-09-28,56,0.43837,-646.5000000000009,85.0,316.8069,107.89450958904109,6.02,6.5000000000009095,-365.1076095890429,-7.26849904122001
IMOEX,LONG_QUARTERLY_SHORT_PERP,40,2026-02-25,2026-04-22,56,1.47454,-1212.0000000000027,340.0,626.7957,107.89450958904109,6.02,6.5000000000009095,-365.6188095890447,-7.2786759222608275
IMOEX,LONG_QUARTERLY_SHORT_PERP,40,2026-05-21,2026-07-17,57,2.01882,-8009.999999999998,7060.0,704.9241000000001,109.82119726027398,6.02,6.5000000000009095,-367.41709726027295,-7.314475921688043
IMOEX,LONG_QUARTERLY_SHORT_PERP,20,2026-02-02,2026-03-03,29,1.76146,-40.99999999999909,-565.0,306.2975,55.87394246575343,6.02,6.5000000000009095,-368.0964424657534,-7.3280002083504066
IMOEX,LONG_QUARTERLY_SHORT_PERP,10,2026-04-09,2026-04-23,14,2.70231,-92.5,-380.0,142.39,26.973627397260273,6.02,6.5000000000009095,-369.60362739726116,-7.358004984865298
IMOEX,LONG_QUARTERLY_SHORT_PERP,10,2026-08-13,2026-08-27,14,1.5646,-1778.0000000000018,1385.0,60.6138,26.973627397260273,6.02,6.5000000000009095,-371.879827397263,-7.4033191801412075
IMOEX,LONG_QUARTERLY_SHORT_PERP,40,2026-02-13,2026-04-13,59,1.86301,-1429.000000000001,540.0,642.1487000000001,113.67457260273972,6.02,6.5000000000009095,-373.04587260274144,-7.426532606088639
IMOEX,LONG_QUARTERLY_SHORT_PERP,20,2026-08-11,2026-09-08,28,0.84306,-946.5000000000009,500.0,134.2975,53.947254794520546,6.02,6.5000000000009095,-378.6697547945223,-7.538491878493024
IMOEX,LONG_QUARTERLY_SHORT_PERP,10,2026-06-17,2026-07-01,14,1.60355,-1913.0000000000018,1405.0,168.2391,26.973627397260273,6.02,6.5000000000009095,-379.25452739726296,-7.550133430163602
IMOEX,LONG_QUARTERLY_SHORT_PERP,3,2026-03-05,2026-03-10,5,2.41346,-97.5,-290.0,24.2497,9.633438356164383,6.02,6.5000000000009095,-385.40373835616526,-7.672550856656985
IMOEX,LONG_QUARTERLY_SHORT_PERP,10,2026-02-17,2026-03-04,15,1.69695,-30.0,-445.0,129.3552,28.90031506849315,6.02,6.5000000000009095,-387.0651150684941,-7.705625256432599
IMOEX,LONG_QUARTERLY_SHORT_PERP,20,2026-08-04,2026-09-01,28,0.48488,-1283.499999999999,815.0,142.4956,53.947254794520546,6.02,6.5000000000009095,-392.47165479452053,-7.813257712680699
IMOEX,LONG_QUARTERLY_SHORT_PERP,20,2026-07-29,2026-08-26,28,0.08214,-2130.4999999999973,1655.0,149.478,53.947254794520546,6.02,6.5000000000009095,-392.48925479451873,-7.813608090431677
IMOEX,LONG_QUARTERLY_SHORT_PERP,40,2026-02-20,2026-04-20,59,1.46688,-1170.0,270.0,633.6454,113.67457260273972,6.02,6.5000000000009095,-392.5491726027406,-7.814800923777722
IMOEX,LONG_QUARTERLY_SHORT_PERP,10,2026-02-19,2026-03-06,15,2.24833,331.9999999999982,-810.0,125.1773,28.90031506849315,6.02,6.5000000000009095,-394.2430150684959,-7.848521646148251
IMOEX,LONG_QUARTERLY_SHORT_PERP,40,2026-07-20,2026-09-14,56,0.61006,3055.0,-3605.0,272.1229,107.89450958904109,6.02,6.5000000000009095,-398.29160958904197,-7.929120364493237
IMOEX,LONG_QUARTERLY_SHORT_PERP,20,2026-08-03,2026-08-31,28,0.43837,-1317.5,840.0,143.51330000000002,53.947254794520546,6.02,6.5000000000009095,-400.45395479452145,-7.9721679582437615
IMOEX,LONG_QUARTERLY_SHORT_PERP,40,2026-07-29,2026-09-23,56,0.08214,169.0000000000009,-755.0,303.9165,107.89450958904109,6.02,6.5000000000009095,-402.4980095890411,-8.01286064698528
IMOEX,LONG_QUARTERLY_SHORT_PERP,40,2026-07-31,2026-09-25,56,0.41478,-122.5,-475.0,313.0447,107.89450958904109,6.02,6.5000000000009095,-404.869809589042,-8.060078030499627
IMOEX,LONG_QUARTERLY_SHORT_PERP,40,2026-07-27,2026-09-21,56,0.5539,-163.4999999999991,-410.0,285.0107,107.89450958904109,6.02,6.5000000000009095,-408.9038095890411,-8.140386203657886
IMOEX,LONG_QUARTERLY_SHORT_PERP,40,2026-05-13,2026-07-09,57,0.18706,-6018.000000000002,5075.0,652.9224,109.82119726027398,6.02,6.5000000000009095,-412.4187972602766,-8.210361969287732
IMOEX,LONG_QUARTERLY_SHORT_PERP,10,2026-08-18,2026-09-01,14,0.3366,-33.49999999999909,-395.0,55.097300000000004,26.973627397260273,6.02,6.5000000000009095,-412.8963273972602,-8.219868556528478
IMOEX,LONG_QUARTERLY_SHORT_PERP,20,2026-06-11,2026-07-10,29,1.06064,-4389.499999999998,3700.0,344.45439999999996,55.87394246575343,6.02,6.5000000000009095,-413.43954246575254,-8.23068278800658
IMOEX,LONG_QUARTERLY_SHORT_PERP,40,2026-02-24,2026-04-21,56,1.27559,-1126.500000000001,200.0,630.9914,107.89450958904109,6.02,6.5000000000009095,-415.9231095890429,-8.28012521204907
IMOEX,LONG_QUARTERLY_SHORT_PERP,20,2026-06-15,2026-07-13,28,1.77724,-4475.999999999999,3785.0,341.48629999999997,53.947254794520546,6.02,6.5000000000009095,-415.9809547945206,-8.281276784378738
IMOEX,LONG_QUARTERLY_SHORT_PERP,20,2026-02-13,2026-03-16,31,1.86301,154.0000000000009,-770.0,271.4812,59.72731780821917,6.02,6.5000000000009095,-416.7661178082192,-8.296907673635452
IMOEX,LONG_QUARTERLY_SHORT_PERP,20,2026-08-07,2026-09-04,28,0.81638,-769.5000000000027,280.0,138.5743,53.947254794520546,6.02,6.5000000000009095,-417.39295479452414,-8.309386635766883
IMOEX,LONG_QUARTERLY_SHORT_PERP,40,2026-04-28,2026-06-25,58,1.6169,-5298.000000000002,4395.0,608.7534,111.74788493150686,6.02,6.5000000000009095,-418.5144849315095,-8.331713863442452
IMOEX,LONG_QUARTERLY_SHORT_PERP,40,2026-07-23,2026-09-17,56,1.22604,458.0000000000018,-1040.0,282.3973,107.89450958904109,6.02,6.5000000000009095,-420.0172095890402,-8.361629845595695
IMOEX,LONG_QUARTERLY_SHORT_PERP,20,2026-08-12,2026-09-09,28,1.12066,-860.5000000000018,375.0,130.7127,53.947254794520546,6.02,6.5000000000009095,-421.2545547945232,-8.386262699591358
IMOEX,LONG_QUARTERLY_SHORT_PERP,20,2026-05-27,2026-06-25,29,1.99353,-4055.500000000002,3330.0,371.57719999999995,55.87394246575343,6.02,6.5000000000009095,-422.3167424657562,-8.407408547739092
IMOEX,LONG_QUARTERLY_SHORT_PERP,40,2026-01-15,2026-03-13,57,2.2787,799.0000000000009,-1705.0,605.4986,109.82119726027398,6.02,6.5000000000009095,-422.8425972602739,-8.417877173890366
IMOEX,LONG_QUARTERLY_SHORT_PERP,40,2026-01-30,2026-03-30,59,1.57079,-740.5000000000018,-180.0,616.4163,113.67457260273972,6.02,6.5000000000009095,-430.27827260274245,-8.565905310467386
IMOEX,LONG_QUARTERLY_SHORT_PERP,20,2026-06-01,2026-06-30,29,1.12749,-2945.999999999999,2220.0,358.5682,55.87394246575343,6.02,6.5000000000009095,-435.8257424657534,-8.676343379468133
IMOEX,LONG_QUARTERLY_SHORT_PERP,20,2026-02-05,2026-03-06,29,2.67641,508.4999999999991,-1170.0,291.0864,55.87394246575343,6.02,6.5000000000009095,-438.8075424657552,-8.735704537307372
IMOEX,LONG_QUARTERLY_SHORT_PERP,10,2026-06-10,2026-06-25,15,2.84208,-3225.0,2640.0,186.0578,28.90031506849315,6.02,6.5000000000009095,-440.3625150684941,-8.766660662502495
IMOEX,LONG_QUARTERLY_SHORT_PERP,40,2026-04-30,2026-06-29,60,0.9382,-3994.000000000001,3080.0,598.896,115.6012602739726,6.02,6.5000000000009095,-443.2252602739744,-8.823651698117207
IMOEX,LONG_QUARTERLY_SHORT_PERP,20,2026-06-10,2026-07-09,29,2.84208,-4050.0,3340.0,334.88930000000005,55.87394246575343,6.02,6.5000000000009095,-443.5046424657543,-8.829213590391573
IMOEX,LONG_QUARTERLY_SHORT_PERP,20,2026-08-10,2026-09-07,28,0.9985,-795.4999999999973,280.0,135.8107,53.947254794520546,6.02,6.5000000000009095,-446.1565547945187,-8.88200740162087
IMOEX,LONG_QUARTERLY_SHORT_PERP,20,2026-08-06,2026-09-03,28,1.73811,-1231.9999999999982,710.0,140.72390000000001,53.947254794520546,6.02,6.5000000000009095,-447.74335479451963,-8.913597141126974
IMOEX,LONG_QUARTERLY_SHORT_PERP,40,2026-05-18,2026-07-14,57,1.24339,-5970.0,4970.0,671.2940000000001,109.82119726027398,6.02,6.5000000000009095,-451.04719726027474,-8.979369464584469
IMOEX,LONG_QUARTERLY_SHORT_PERP,10,2026-02-26,2026-03-12,14,1.93998,330.0,-865.0,117.34880000000001,26.973627397260273,6.02,6.5000000000009095,-457.14482739726117,-9.100760029010905
IMOEX,LONG_QUARTERLY_SHORT_PERP,40,2026-02-10,2026-04-08,57,1.49154,-508.4999999999991,-480.0,647.7419,109.82119726027398,6.02,6.5000000000009095,-463.09929726027394,-9.219300583503856
IMOEX,LONG_QUARTERLY_SHORT_PERP,40,2026-01-12,2026-03-10,57,1.83817,568.4999999999991,-1520.0,606.8582,109.82119726027398,6.02,6.5000000000009095,-466.98299726027574,-9.296616610299827
IMOEX,LONG_QUARTERLY_SHORT_PERP,40,2026-07-24,2026-09-18,56,0.7378,486.9999999999982,-1125.0,280.421,107.89450958904109,6.02,6.5000000000009095,-477.9935095890438,-9.515811982302814
IMOEX,LONG_QUARTERLY_SHORT_PERP,20,2026-02-03,2026-03-04,29,1.24805,-473.4999999999991,-240.0,300.3201,55.87394246575343,6.02,6.5000000000009095,-481.5738424657534,-9.58708862896297
IMOEX,LONG_QUARTERLY_SHORT_PERP,5,2026-03-02,2026-03-09,7,0.49678,16.50000000000091,-530.0,48.44250000000001,13.486813698630137,6.02,6.5000000000009095,-491.06431369863014,-9.776023286157693
IMOEX,LONG_QUARTERLY_SHORT_PERP,20,2026-06-04,2026-07-03,29,2.37447,-4136.500000000001,3370.0,343.81500000000005,55.87394246575343,6.02,6.5000000000009095,-491.0789424657552,-9.776314513119361
IMOEX,LONG_QUARTERLY_SHORT_PERP,10,2026-02-24,2026-03-10,14,1.27559,193.4999999999991,-765.0,114.61240000000001,26.973627397260273,6.02,6.5000000000009095,-496.3812273972621,-9.881871482979049
IMOEX,LONG_QUARTERLY_SHORT_PERP,40,2026-05-14,2026-07-10,57,1.56043,-6166.999999999998,5135.0,657.4896,109.82119726027398,6.02,6.5000000000009095,-496.851597260273,-9.89123552472598
IMOEX,LONG_QUARTERLY_SHORT_PERP,40,2026-01-14,2026-03-12,57,1.46417,698.0000000000018,-1695.0,616.5937,109.82119726027398,6.02,6.5000000000009095,-502.747497260273,-10.008610080532595
IMOEX,LONG_QUARTERLY_SHORT_PERP,40,2026-05-15,2026-07-13,59,0.59906,-5740.999999999999,4695.0,666.3033,113.67457260273972,6.02,6.5000000000009095,-505.89127260273966,-10.071195815429355
IMOEX,LONG_QUARTERLY_SHORT_PERP,40,2026-02-26,2026-04-23,56,1.93998,-1162.5,140.0,631.4987,107.89450958904109,6.02,6.5000000000009095,-511.415809589042,-10.18117734069343
IMOEX,LONG_QUARTERLY_SHORT_PERP,20,2026-06-05,2026-07-06,31,1.51618,-4456.500000000001,3670.0,344.1373,59.72731780821917,6.02,6.5000000000009095,-514.610017808221,-10.244767084562893
IMOEX,LONG_QUARTERLY_SHORT_PERP,20,2026-08-13,2026-09-10,28,1.5646,193.99999999999636,-770.0,124.1915,53.947254794520546,6.02,6.5000000000009095,-518.275754794525,-10.317743941441627
IMOEX,LONG_QUARTERLY_SHORT_PERP,20,2026-06-03,2026-07-02,29,1.65114,-4264.499999999998,3455.0,357.95000000000005,55.87394246575343,6.02,6.5000000000009095,-519.9439424657525,-10.35095393260708
IMOEX,LONG_QUARTERLY_SHORT_PERP,20,2026-06-08,2026-07-07,29,1.82202,-4069.5000000000027,3270.0,337.19030000000004,55.87394246575343,6.02,6.5000000000009095,-530.703642465757,-10.565156176219245
IMOEX,LONG_QUARTERLY_SHORT_PERP,20,2026-02-10,2026-03-11,29,1.49154,625.5000000000018,-1370.0,281.1231,55.87394246575343,6.02,6.5000000000009095,-531.7708424657525,-10.586401808939659
IMOEX,LONG_QUARTERLY_SHORT_PERP,20,2026-06-09,2026-07-08,29,1.44661,-3825.500000000002,3020.0,339.2653,55.87394246575343,6.02,6.5000000000009095,-534.6286424657561,-10.643294396260437
IMOEX,LONG_QUARTERLY_SHORT_PERP,40,2026-05-12,2026-07-08,57,0.5431,-5740.999999999999,4690.0,630.7482,109.82119726027398,6.02,6.5000000000009095,-542.5929972602739,-10.801847391781532
IMOEX,LONG_QUARTERLY_SHORT_PERP,20,2026-02-09,2026-03-10,29,1.36524,529.4999999999982,-1285.0,281.0389,55.87394246575343,6.02,6.5000000000009095,-542.8550424657561,-10.807064142336108
IMOEX,LONG_QUARTERLY_SHORT_PERP,40,2026-05-08,2026-07-06,59,0.7521,-5072.000000000003,4040.0,613.172,113.67457260273972,6.02,6.5000000000009095,-545.0225726027434,-10.850214956804862
IMOEX,LONG_QUARTERLY_SHORT_PERP,20,2026-06-02,2026-07-01,29,1.83405,-3593.000000000002,2760.0,351.9103,55.87394246575343,6.02,6.5000000000009095,-549.4836424657561,-10.939025162811307
IMOEX,LONG_QUARTERLY_SHORT_PERP,40,2026-05-11,2026-07-07,57,0.48071,-5728.000000000002,4665.0,619.6381,109.82119726027398,6.02,6.5000000000009095,-565.7030972602766,-11.261919259036196
IMOEX,LONG_QUARTERLY_SHORT_PERP,10,2026-02-20,2026-03-09,17,1.46688,405.9999999999991,-1080.0,115.7774,32.7536904109589,6.02,6.5000000000009095,-603.4962904109608,-12.01429960106628
IMOEX,LONG_QUARTERLY_SHORT_PERP,20,2026-02-11,2026-03-12,29,1.66252,301.5000000000009,-1140.0,286.3799,55.87394246575343,6.02,6.5000000000009095,-620.5140424657534,-12.353086060853318
IMOEX,LONG_QUARTERLY_SHORT_PERP,20,2026-02-12,2026-03-13,29,2.46339,237.5,-1065.0,273.4379,55.87394246575343,6.02,6.5000000000009095,-622.4560424657543,-12.391747060425317
IMOEX,LONG_QUARTERLY_SHORT_PERP,40,2026-05-04,2026-06-30,57,1.34264,-3844.5000000000027,2730.0,597.4793999999999,109.82119726027398,6.02,6.5000000000009095,-639.3617972602776,-12.728303898157087
IMOEX,LONG_QUARTERLY_SHORT_PERP,40,2026-05-07,2026-07-03,57,2.01456,-4858.000000000002,3725.0,605.2089,109.82119726027398,6.02,6.5000000000009095,-650.1322972602767,-12.942721146298176
IMOEX,LONG_QUARTERLY_SHORT_PERP,40,2026-05-06,2026-07-02,57,0.87064,-4913.000000000002,3765.0,615.7448,109.82119726027398,6.02,6.5000000000009095,-654.5963972602766,-13.031591675746826
IMOEX,LONG_QUARTERLY_SHORT_PERP,40,2026-05-05,2026-07-01,57,0.72619,-4134.500000000003,3000.0,601.9001000000001,109.82119726027398,6.02,6.5000000000009095,-654.9410972602775,-13.038453903631735
IMOEX,LONG_QUARTERLY_SHORT_PERP,20,2026-02-06,2026-03-09,31,1.32549,590.0,-1530.0,283.10040000000004,59.72731780821917,6.02,6.5000000000009095,-729.14691780822,-14.515730523839027
