pair,n_obs,start,end,calendar_days,entry_basis_bps,exit_basis_bps,funding_income_bps,basis_pnl_bps,gross_strategy_bps,capital_cost_bps,roundtrip_buffer_bps,screen_net_bps,crosses_dividend_event
SBER-SBERF,3,2026-07-16,2026-07-21,5,109.01739946574284,-41.809198023565756,24.052414988087506,148.72572377445894,172.77813876254643,23.034246575342465,12.0,137.74389218720398,False
SBER-SBERF,20,2026-06-23,2026-07-21,28,26.36632922105475,-41.809198023565756,206.82269457374437,62.17245532372075,268.9951498974651,128.99178082191773,12.0,128.0033690755474,False
SBER-SBERF,10,2026-07-07,2026-07-21,14,18.395879323029884,-41.809198023565756,123.7648003210917,55.187637969094155,178.95243829018585,64.4958904109589,12.0,102.45654787922695,False
SBER-SBERF,5,2026-07-16,2026-07-23,7,109.01739946574284,23.898941618298863,33.783842321854024,86.27535917984419,120.0592015016982,32.24794520547945,12.0,75.81125629621874,False
SBER-SBERF,20,2026-06-22,2026-07-20,28,8.280064915708873,4.214720870532318,210.28119100453748,4.6368363527965535,214.918027357334,128.99178082191773,12.0,73.92624653541628,False
SBER-SBERF,10,2026-07-06,2026-07-20,14,20.75174883689801,4.214720870532318,131.7950262743917,17.069986946480267,148.86501322087196,64.4958904109589,12.0,72.36912280991305,False
SBER-SBERF,20,2026-06-24,2026-07-22,28,13.579756226813622,10.617321401484858,208.11175145733966,4.305776364599743,212.41752782193944,128.99178082191773,12.0,71.42574700002172,False
SBER-SBERF,40,2026-05-25,2026-07-21,57,14.04582058805115,-41.809198023565756,299.57394344216243,48.38004869217839,347.9539921343408,264.8534246575344,12.0,71.10056747680642,False
SBER-SBERF,5,2026-07-14,2026-07-21,7,23.76425855513231,-41.809198023565756,52.29291146116241,61.10809342748545,113.40100488864786,32.24794520547945,12.0,69.15305968316841,False
SBER-SBERF,10,2026-07-16,2026-07-30,14,109.01739946574284,19.019751280175967,54.19500397083243,90.24619161071404,144.44119558154648,64.25342465753425,12.0,68.18777092401223,False
SBER-SBERF,20,2026-07-01,2026-07-29,28,24.752475247524774,11.24410591222258,191.06663626889002,14.656070870244548,205.72270713913457,128.8301369863013,12.0,64.89257015283326,False
SBER-SBERF,20,2026-06-25,2026-07-23,28,11.519176040113432,23.898941618298863,209.85702669738444,-9.825179563627199,200.03184713375728,128.99178082191773,12.0,59.04006631183955,False
SBER-SBERF,10,2026-07-01,2026-07-15,14,24.752475247524774,26.728686475980812,134.68310317873892,-0.32569046378477556,134.35741271495417,64.4958904109589,12.0,57.86152230399526,False
SBER-SBERF,20,2026-06-26,2026-07-24,28,2.005481649842711,13.826606875935177,204.60090915168126,-10.36165519085508,194.23925396082618,128.99178082191773,12.0,53.24747313890845,False
SBER-SBERF,3,2026-01-12,2026-01-15,3,22.06177296429912,-37.43816018184298,17.86502206177296,59.499933146141615,77.36495520791458,15.517808219178079,12.0,49.8471469887365,False
SBER-SBERF,20,2026-07-02,2026-07-30,28,18.26939046670084,19.019751280175967,187.66949011792062,0.9965122072736328,188.66600232519426,128.7493150684931,12.0,47.91668725670115,False
SBER-SBERF,20,2026-06-30,2026-07-28,28,4.868707195950783,13.578978273633968,195.49287545846994,-7.140770554057919,188.35210490441204,128.91095890410952,12.0,47.441146000302524,False
SBER-SBERF,3,2026-01-28,2026-02-02,5,30.305026681600733,-36.16517622304083,17.65564266420713,66.53929771394819,84.1949403781553,25.863013698630134,12.0,46.33192667952516,False
SBER-SBERF,10,2026-07-08,2026-07-22,14,19.75490524341872,10.617321401484858,111.8251523471506,10.37969597535667,122.20484832250727,64.4958904109589,12.0,45.70895791154837,False
SBER-SBERF,5,2026-07-13,2026-07-20,7,28.575316369574555,4.214720870532318,62.97047217308478,24.833310654511436,87.80378282759621,32.24794520547945,12.0,43.555837622116755,False
SBER-SBERF,20,2026-07-16,2026-08-13,28,109.01739946574284,22.341537241901133,96.34069742256877,86.6363439462867,182.97704136885545,127.61780821917816,12.0,43.359233149677294,False
SBER-SBERF,10,2026-07-09,2026-07-23,14,35.30929585115583,23.898941618298863,104.4598356759693,13.920010864397641,118.37984654036696,64.4958904109589,12.0,41.88395612940805,False
SBER-SBERF,3,2026-03-12,2026-03-17,5,19.280002528525575,-43.47962088272928,14.440089762634722,63.21312304434401,77.65321280697873,25.054794520547944,12.0,40.598418286430785,False
SBER-SBERF,20,2026-07-03,2026-07-31,28,11.952588067334347,10.487487342687452,178.26023440353265,2.3241143464256178,180.58434874995828,128.6684931506849,12.0,39.915855599273385,False
SBER-SBERF,20,2026-06-29,2026-07-27,28,-12.991230919129348,3.6431199679398674,195.88437804481978,-16.23903864891014,179.64533939590964,128.99178082191773,12.0,38.653558573991916,False
SBER-SBERF,3,2026-07-17,2026-07-22,5,70.73449557016164,10.617321401484858,11.882680765933122,60.731637610745516,72.61431837667864,23.034246575342465,12.0,37.580071801336175,False
SBER-SBERF,10,2026-02-03,2026-02-17,14,29.95293110825914,-26.38607330179843,64.38826898390442,56.943484414601826,121.33175339850622,72.25479452054792,12.0,37.076958877958305,False
SBER-SBERF,3,2026-02-12,2026-02-17,5,33.4207077326365,-26.38607330179843,14.314547837483618,60.288335517694364,74.60288335517798,25.701369863013696,12.0,36.901513492164284,False
SBER-SBERF,40,2026-06-23,2026-08-18,56,26.36632922105475,5.041048538094728,282.6428176166141,21.809185898897038,304.45200351551114,256.2054794520546,12.0,36.24652406345655,False
SBER-SBERF,10,2026-01-19,2026-02-02,14,35.24142019629694,-36.16517622304083,48.81595415321784,71.4709175943619,120.28687174757974,72.41643835616436,12.0,35.870433391415375,False
SBER-SBERF,5,2026-01-08,2026-01-15,7,16.442953020134876,-37.43816018184298,29.124496644295302,54.02684563758435,83.15134228187965,36.20821917808219,12.0,34.94312310379746,False
SBER-SBERF,40,2026-05-22,2026-07-20,59,24.809278670223645,4.214720870532318,299.5909570179247,21.398002853066977,320.98895987099166,274.309589041096,12.0,34.679370829895674,False
SBER-SBERF,5,2026-07-17,2026-07-24,7,70.73449557016164,13.826606875935177,21.086381823378105,57.51643326664607,78.60281509002418,32.24794520547945,12.0,34.354869884544726,False
SBER-SBERF,10,2026-06-30,2026-07-14,14,4.868707195950783,23.76425855513231,128.2839430036678,-17.851926385145724,110.43201661852206,64.4958904109589,12.0,33.93612620756315,False
SBER-SBERF,20,2026-07-06,2026-08-03,28,20.75174883689801,17.058175485979987,168.68828865013222,4.685878769621661,173.3741674197539,128.42602739726027,12.0,32.94814002249362,False
SBER-SBERF,20,2026-06-17,2026-07-15,28,10.339317605037035,26.728686475980812,187.50477801798414,-13.785756806719133,173.719021211265,129.39589041095883,12.0,32.32313080030616,False
SBER-SBERF,40,2026-05-26,2026-07-22,57,18.747070770190888,10.617321401484858,297.9931260740509,9.998437744102269,307.99156381815317,264.7726027397262,12.0,31.218961078426958,False
SBER-SBERF,10,2026-06-26,2026-07-10,14,2.005481649842711,6.87639676809404,112.37148205093924,-4.67945718296632,107.69202486797292,64.4958904109589,12.0,31.19613445701401,False
SBER-SBERF,40,2026-07-01,2026-08-26,56,24.752475247524774,2.618780396557163,275.18043251693587,22.472642001042132,297.65307451797804,255.55890410958872,12.0,30.094170408389317,False
SBER-SBERF,3,2026-03-05,2026-03-10,5,28.91826617516191,-20.648030495553638,17.259438159400027,49.574170585992185,66.83360874539221,25.054794520547944,12.0,29.778814224844268,False
SBER-SBERF,40,2026-06-25,2026-08-20,56,11.519176040113432,7.377079414259136,292.98820978452363,4.743190134164059,297.73139991868766,256.0438356164381,12.0,29.68756430224954,False
SBER-SBERF,10,2026-07-13,2026-07-27,14,28.575316369574555,3.6431199679398674,80.97190093890326,25.17349299224609,106.14539393114936,64.4958904109589,12.0,29.64950352019045,False
SBER-SBERF,5,2026-07-03,2026-07-10,7,11.952588067334347,6.87639676809404,68.03213918124771,5.312261363259903,73.34440054450762,32.24794520547945,12.0,29.096455339028168,False
SBER-SBERF,3,2026-07-07,2026-07-10,3,18.395879323029884,6.87639676809404,42.92862398822663,11.706468660109904,54.63509264833653,13.820547945205478,12.0,28.814544703131055,False
SBER-SBERF,20,2026-07-07,2026-08-04,28,18.395879323029884,8.432888264229277,158.56311458960465,10.368586527527,168.93170111713167,128.34520547945206,12.0,28.586495637679604,False
SBER-SBERF,5,2026-01-14,2026-01-21,7,39.85531515841689,-8.15687298117429,27.115680889543842,48.228280527831664,75.3439614173755,36.20821917808219,12.0,27.135742239293307,False
SBER-SBERF,5,2026-07-01,2026-07-08,7,24.752475247524774,19.75490524341872,64.4391610213653,5.536737884315265,69.97589890568057,32.24794520547945,12.0,25.727953700201112,False
SBER-SBERF,10,2026-07-17,2026-07-31,14,70.73449557016164,10.487487342687452,41.11496141754787,60.37439268362177,101.48935410116964,64.17260273972603,12.0,25.316751361443607,False
SBER-SBERF,20,2026-07-09,2026-08-06,28,35.30929585115583,10.886742756803791,140.16500305561215,24.784409587830563,164.9494126434427,128.18356164383565,12.0,24.765850999607068,False
SBER-SBERF,5,2026-02-04,2026-02-11,7,30.60620022378835,-5.559916274202603,35.86388468373593,36.20088198512548,72.06476666886141,36.20821917808219,12.0,23.85654749077922,False
SBER-SBERF,5,2026-07-07,2026-07-14,7,18.395879323029884,23.76425855513231,72.24496621847615,-5.017057997191588,67.22790822128455,32.24794520547945,12.0,22.979963015805097,False
SBER-SBERF,20,2026-07-08,2026-08-05,28,19.75490524341872,4.171156453127711,147.1017210205585,15.736958414249328,162.8386794348078,128.26438356164385,12.0,22.574295873163948,False
SBER-SBERF,5,2026-07-08,2026-07-15,7,19.75490524341872,26.728686475980812,72.21489318958011,-6.026920243757572,66.18797294582255,32.24794520547945,12.0,21.940027740343098,False
SBER-SBERF,3,2026-07-15,2026-07-20,5,26.728686475980812,4.214720870532318,33.634407109136355,22.910302693697066,56.54470980283342,23.034246575342465,12.0,21.510463227490952,False
SBER-SBERF,20,2026-06-16,2026-07-14,28,8.430913348944635,23.76425855513231,176.3544106167057,-13.427010148321836,162.92740046838387,129.47671232876706,12.0,21.4506881396168,False
SBER-SBERF,40,2026-07-16,2026-09-10,56,109.01739946574284,15.08560202077014,194.00368204461776,93.49505450870089,287.4987365533186,254.34657534246557,12.0,21.152161210853052,False
SBER-SBERF,5,2026-01-26,2026-02-02,7,4.2880232212949565,-36.16517622304083,28.72612725533529,40.57129663225313,69.29742388758842,36.20821917808219,12.0,21.089204709506234,False
SBER-SBERF,5,2026-02-10,2026-02-17,7,14.196104324859515,-26.38607330179843,27.559920765929352,41.26774513040608,68.82766589633543,36.04657534246575,12.0,20.78109055386968,False
SBER-SBERF,40,2026-06-22,2026-08-17,56,8.280064915708873,8.487084870849593,288.06180240453085,0.6624051932561127,288.7242075977869,256.2863013698628,12.0,20.43790622792409,False
SBER-SBERF,40,2026-07-02,2026-08-27,56,18.26939046670084,2.961756321497866,272.2863311742235,15.612024580635353,287.89835575485887,255.47808219178052,12.0,20.420273563078354,False
SBER-SBERF,3,2026-07-09,2026-07-14,5,35.30929585115583,23.76425855513231,43.01079649623141,11.543423643646872,54.55422013987828,23.034246575342465,12.0,19.519973564535817,False
SBER-SBERF,40,2026-05-29,2026-07-27,59,16.221106154661324,3.6431199679398674,291.86573915213523,13.101662663381349,304.9674018155166,273.74383561643845,12.0,19.223566199078164,False
SBER-SBERF,3,2026-03-06,2026-03-11,5,25.148023174381695,-14.599003459327964,15.620742344177755,39.79117590883046,55.41191825300822,25.054794520547944,12.0,18.357123732460273,False
SBER-SBERF,10,2026-06-23,2026-07-07,14,26.36632922105475,18.395879323029884,86.37349044627453,8.463266169722592,94.83675661599713,64.4958904109589,12.0,18.340866205038225,False
SBER-SBERF,10,2026-01-28,2026-02-11,14,30.305026681600733,-5.559916274202603,66.81072534422557,35.90486856841794,102.71559391264353,72.41643835616436,12.0,18.299155556479164,False
SBER-SBERF,5,2026-07-06,2026-07-13,7,20.75174883689801,28.575316369574555,69.83833718244804,-7.36352378083567,62.474813401612366,32.24794520547945,12.0,18.226868196132912,False
SBER-SBERF,3,2026-02-26,2026-03-03,5,23.76425855513231,-11.86543950229324,19.70120405576679,35.487959442332205,55.18916349809899,25.054794520547944,12.0,18.13436897755105,False
SBER-SBERF,40,2026-06-24,2026-08-19,56,13.579756226813622,17.009264620730935,287.91070482246954,-1.987281399048063,285.92342342342147,256.12465753424635,12.0,17.798765889175115,False
SBER-SBERF,3,2026-06-23,2026-06-26,3,26.36632922105475,2.005481649842711,18.71781517528726,24.413267797272226,43.13108297255948,13.820547945205478,12.0,17.310535027354007,False
SBER-SBERF,20,2026-06-11,2026-07-10,29,13.075965130759926,6.87639676809404,156.50466998754672,6.8493150684940005,163.3539850560407,134.48767123287664,12.0,16.866313823164063,False
SBER-SBERF,40,2026-06-10,2026-08-06,57,25.16465763638731,10.886742756803791,275.8481421647819,15.533739281719896,291.3818814465018,262.7520547945206,12.0,16.629826651981205,False
SBER-SBERF,40,2026-06-03,2026-07-30,57,17.008380492933295,19.019751280175967,291.3012957293503,0.9277298450682722,292.22902557441853,263.8835616438358,12.0,16.345463930582753,False
SBER-SBERF,3,2026-01-27,2026-01-30,3,10.822510822510178,-14.724167266539911,17.101862783680964,25.580480125933775,42.68234290961474,15.517808219178079,12.0,15.16453469043666,False
SBER-SBERF,10,2026-06-24,2026-07-08,14,13.579756226813622,19.75490524341872,97.49403815580285,-5.96184419713854,91.53219395866432,64.4958904109589,12.0,15.036303547705415,False
SBER-SBERF,5,2026-03-04,2026-03-11,7,17.67920282867097,-14.599003459327964,29.510768241722914,32.46544519446911,61.976213436192026,35.07671232876712,12.0,14.899501107424904,False
SBER-SBERF,3,2026-02-10,2026-02-13,3,14.196104324859515,-10.37109058499408,16.991086167051833,24.760647078243647,41.75173324529548,15.517808219178079,12.0,14.233925026117404,False
SBER-SBERF,40,2026-06-16,2026-08-11,56,8.430913348944635,2.445842068483639,276.88024980484,6.245120999219005,283.125370804059,257.25616438356155,12.0,13.869206420497449,False
SBER-SBERF,5,2026-07-15,2026-07-22,7,26.728686475980812,10.617321401484858,41.064981949458485,17.00916412107977,58.07414607053826,32.24794520547945,12.0,13.826200865058809,False
SBER-SBERF,40,2026-06-19,2026-08-14,56,11.507479861909697,10.97293343087058,280.15886715253805,1.9179133103184465,282.0767804628565,256.7712328767122,12.0,13.305547586144314,False
SBER-SBERF,40,2026-06-17,2026-08-12,56,10.339317605037035,8.803126870664535,279.4065858320018,2.5065012375844873,281.91308706958625,257.0945205479451,12.0,12.818566521641173,False
SBER-SBERF,40,2026-06-30,2026-08-25,56,4.868707195950783,3.680529996319404,278.79515725924244,1.6229023986501145,280.4180596578925,255.63972602739693,12.0,12.778333630495581,False
SBER-SBERF,40,2026-06-26,2026-08-21,56,2.005481649842711,10.609885486410064,288.2639213851193,-7.6876796577317394,280.5762417273876,255.96301369862985,12.0,12.613228028757732,False
SBER-SBERF,10,2026-07-10,2026-07-24,14,6.87639676809404,13.826606875935177,94.87089565067905,-5.844937252880038,89.02595839779902,64.4958904109589,12.0,12.530067986840109,False
SBER-SBERF,40,2026-01-19,2026-03-17,57,35.24142019629694,-43.47962088272928,233.64402872011064,81.02233054475923,314.66635926486987,290.15068493150716,12.0,12.51567433336271,False
SBER-SBERF,3,2026-01-19,2026-01-22,3,35.24142019629694,9.143752857421195,13.590672551215336,26.019366313155277,39.61003886437061,15.517808219178079,12.0,12.09223064519253,False
SBER-SBERF,3,2026-02-18,2026-02-24,6,15.634971282705301,-20.559860825556385,17.368857689853225,36.37523931078451,53.74409700063774,30.065753424657533,12.0,11.678343575980204,False
SBER-SBERF,20,2026-06-19,2026-07-17,28,11.507479861909697,70.73449557016164,204.271192942079,-51.78365937859442,152.48753356348462,129.2342465753424,12.0,11.253286988142207,False
SBER-SBERF,40,2026-06-08,2026-08-04,57,12.499999999999734,8.432888264229277,281.13156250000003,5.000000000000782,286.13156250000077,263.07534246575347,12.0,11.056220034247303,False
SBER-SBERF,5,2026-02-06,2026-02-13,7,16.30018961445101,-10.37109058499408,32.28535311533216,26.945211403479664,59.23056451881183,36.20821917808219,12.0,11.022345340729643,False
SBER-SBERF,3,2026-06-24,2026-06-29,5,13.579756226813622,-12.991230919129348,18.784446210916798,26.82829888712061,45.61274509803741,23.034246575342465,12.0,10.578498522694943,False
SBER-SBERF,40,2026-05-28,2026-07-24,57,5.895128762023472,13.826606875935177,292.6658392801737,-5.584858827179858,287.08098045299386,264.61095890410974,12.0,10.47002154888412,False
SBER-SBERF,3,2026-01-16,2026-01-21,5,28.190501459273154,-8.15687298117429,11.684465375431149,36.481825417883485,48.16629079331464,25.863013698630134,12.0,10.303277094684503,False
SBER-SBERF,40,2026-06-11,2026-08-07,57,13.075965130759926,4.955752212389974,275.91500622665006,8.717310087174022,284.63231631382405,262.5904109589041,12.0,10.041905354919948,False
SBER-SBERF,40,2026-06-04,2026-07-31,57,8.051529790660261,10.487487342687452,286.670692431562,-0.9290226681540183,285.74166976340797,263.7219178082193,12.0,10.019751955188667,False
SBER-SBERF,40,2026-06-18,2026-08-13,56,19.023462270133518,22.341537241901133,279.50095117311355,-0.6341154090038621,278.8668357641097,256.93287671232866,12.0,9.933959051781017,False
SBER-SBERF,10,2026-07-03,2026-07-17,14,11.952588067334347,70.73449557016164,140.04880640127496,-53.786646302996374,86.26216009827858,64.4958904109589,12.0,9.766269687319678,False
SBER-SBERF,10,2026-03-03,2026-03-17,14,-11.86543950229324,-43.47962088272928,58.07298848731681,32.710130519833946,90.78311900715075,70.15342465753423,12.0,8.629694349616514,False
SBER-SBERF,40,2026-06-01,2026-07-28,57,4.334499520108892,13.578978273633968,291.88426886281303,-7.120963497322461,284.7633053654906,264.20684931506867,12.0,8.556456050421957,False
SBER-SBERF,3,2026-02-03,2026-02-06,3,29.95293110825914,16.30018961445101,21.90579638589908,13.824429742273654,35.73022612817273,15.517808219178079,12.0,8.212417908994652,False
SBER-SBERF,20,2026-01-14,2026-02-11,28,39.85531515841689,-5.559916274202603,119.2598298613437,45.54893160961932,164.80876147096302,144.83287671232875,12.0,7.975884758634265,False
SBER-SBERF,3,2026-07-01,2026-07-06,5,24.752475247524774,20.75174883689801,37.99537519541427,4.5596664929646415,42.55504168837892,23.034246575342465,12.0,7.520795113036456,False
SBER-SBERF,5,2026-02-12,2026-02-19,7,33.4207077326365,3.5128057737754403,25.083551769331585,29.816513761468713,54.90006553080029,35.723287671232875,12.0,7.176777859567416,False
SBER-SBERF,10,2026-03-05,2026-03-19,14,28.91826617516191,-4.052748074944157,56.1634040930469,33.04944705732692,89.21285115037382,70.15342465753423,12.0,7.059426492839592,False
SBER-SBERF,40,2026-06-02,2026-07-29,57,4.5906656465177775,11.24410591222258,287.19112471308335,-4.896710022954094,282.2944146901293,264.04520547945225,12.0,6.249209210677066,False
SBER-SBERF,5,2026-03-06,2026-03-13,7,25.148023174381695,-2.526448760460376,25.61214745018145,27.694658432546145,53.306805882727595,35.07671232876712,12.0,6.230093553960472,False
SBER-SBERF,5,2026-07-02,2026-07-09,7,18.26939046670084,35.30929585115583,66.68659691081216,-16.276366052149218,50.410230858662935,32.24794520547945,12.0,6.162285653183481,False
SBER-SBERF,40,2026-07-06,2026-08-31,56,20.75174883689801,5.075222040964444,257.16738628376345,16.065870067276443,273.23325635103987,255.15479452054768,12.0,6.078461830492188,False
SBER-SBERF,10,2026-01-16,2026-01-30,14,28.190501459273154,-14.724167266539911,46.79789068718493,43.11488458477088,89.91277527195581,72.41643835616436,12.0,5.496336915791446,False
SBER-SBERF,10,2026-06-25,2026-07-09,14,11.519176040113432,35.30929585115583,105.61661471744138,-23.71595067082222,81.90066404661918,64.4958904109589,12.0,5.404773635660277,False
SBER-SBERF,40,2026-07-03,2026-08-28,56,11.952588067334347,4.102334601328028,264.4510109897407,8.3004083800923,272.751419369833,255.3972602739723,12.0,5.354159095860695,False
SBER-SBERF,5,2026-06-22,2026-06-29,7,8.280064915708873,-12.991230919129348,28.049879111052228,21.528168780842485,49.57804789189471,32.24794520547945,12.0,5.330102686415259,False
SBER-SBERF,20,2026-07-17,2026-08-14,28,70.73449557016164,10.97293343087058,84.81244641326093,60.017147756500066,144.82959416976098,127.53698630136994,12.0,5.292607868391045,False
SBER-SBERF,5,2026-06-23,2026-06-30,7,26.36632922105475,4.868707195950783,28.031639595065265,21.48367566159852,49.51531525666379,32.24794520547945,12.0,5.267370051184336,False
SBER-SBERF,40,2026-06-15,2026-08-10,56,4.004929143561764,3.8691523039058318,274.0144793592113,0.6161429451627175,274.63062230437407,257.417808219178,12.0,5.212814085196044,False
SBER-SBERF,10,2026-07-14,2026-07-28,14,23.76425855513231,13.578978273633968,70.29603476371537,11.203150461705054,81.49918522542043,64.4150684931507,12.0,5.0841167322697345,False
SBER-SBERF,3,2026-02-06,2026-02-11,5,16.30018961445101,-5.559916274202603,20.784072386148164,21.95535743987309,42.73942982602126,25.863013698630134,12.0,4.876416127391124,False
SBER-SBERF,5,2026-03-12,2026-03-19,7,19.280002528525575,-4.052748074944157,28.438003729574262,23.38885552640757,51.82685925598184,35.07671232876712,12.0,4.750146927214715,False
SBER-SBERF,20,2026-02-16,2026-03-17,29,1.9292604501619515,-43.47962088272928,115.43826366559485,46.623794212218286,162.06205787781315,145.31780821917806,12.0,4.744249658635084,False
SBER-SBERF,5,2026-02-03,2026-02-10,7,29.95293110825914,14.196104324859515,36.910898258780165,15.799348276884176,52.71024653566434,36.20821917808219,12.0,4.502027357582151,False
SBER-SBERF,20,2026-07-13,2026-08-10,28,28.575316369574555,3.8691523039058318,119.29582256089266,24.833310654511436,144.1291332154041,127.86027397260281,12.0,4.268859242801284,False
SBER-SBERF,3,2026-02-04,2026-02-09,5,30.60620022378835,11.928034193697812,22.707496873560192,18.758638846837133,41.46613572039732,25.863013698630134,12.0,3.6031220217671844,False
SBER-SBERF,3,2026-08-24,2026-08-27,3,17.438409023449175,2.961756321497866,14.668299198575246,14.470169189672129,29.138468388247375,13.57808219178082,12.0,3.5603861964665544,False
SBER-SBERF,3,2026-05-22,2026-05-27,5,24.809278670223645,1.2403100775193465,15.039074613905601,23.568814736711246,38.60788935061685,23.438356164383563,12.0,3.169533186233288,False
SBER-SBERF,5,2026-01-19,2026-01-26,7,35.24142019629694,4.2880232212949565,20.13240234503656,30.959752321981348,51.092154667017915,36.20821917808219,12.0,2.8839354889357267,False
SBER-SBERF,10,2026-02-06,2026-02-20,14,16.30018961445101,-10.509554140126776,59.208941818302776,27.27786833438652,86.4868101526893,71.76986301369861,12.0,2.7169471389906903,False
SBER-SBERF,20,2026-06-15,2026-07-13,28,4.004929143561764,28.575316369574555,165.97935921133703,-21.873074553297485,144.10628465803956,129.55753424657527,12.0,2.548750411464283,False
SBER-SBERF,3,2026-07-06,2026-07-09,3,20.75174883689801,35.30929585115583,42.161863640927805,-14.057636308864984,28.104227332062823,13.820547945205478,12.0,2.2836793868573455,False
SBER-SBERF,3,2026-03-31,2026-04-03,3,15.912418051047261,8.263149531226865,21.090955381579782,7.637960664501058,28.72891604608084,14.547945205479449,12.0,2.1809708406013915,False
SBER-SBERF,10,2026-02-09,2026-02-24,15,11.928034193697812,-20.559860825556385,56.94079056359961,33.464762598985814,90.40555316258542,76.29589041095888,12.0,2.1096627516265443,False
SBER-SBERF,3,2026-07-02,2026-07-07,5,18.26939046670084,18.395879323029884,37.01909981730609,1.8881720266004987e-12,37.01909981730798,23.034246575342465,12.0,1.9848532419655172,False
SBER-SBERF,40,2026-05-27,2026-07-23,57,1.2403100775193465,23.898941618298863,296.88217054263566,-18.29457364341008,278.5875968992256,264.691780821918,12.0,1.895816077307643,False
SBER-SBERF,10,2026-06-29,2026-07-13,14,-12.991230919129348,28.575316369574555,118.57843455667425,-40.27281584930202,78.30561870737223,64.4958904109589,12.0,1.8097282964133257,False
SBER-SBERF,40,2026-06-09,2026-08-05,57,2.492056569685097,4.171156453127711,277.855896828858,-1.2460282848409328,276.6098685440171,262.91369863013705,12.0,1.6961699138800554,False
SBER-SBERF,5,2026-03-10,2026-03-17,7,-20.648030495553638,-43.47962088272928,24.820520965692502,23.506988564166207,48.32750952985871,35.07671232876712,12.0,1.2507972010915864,False
SBER-SBERF,5,2026-06-30,2026-07-07,7,4.868707195950783,18.395879323029884,58.17520854295824,-12.98321918919538,45.19198935376286,32.24794520547945,12.0,0.9440441482834032,False
SBER-SBERF,3,2026-09-01,2026-09-04,3,20.20498879541588,9.61949551090191,16.08096690055472,10.286176114030695,26.36714301458542,13.57808219178082,12.0,0.7890608228045988,False
SBER-SBERF,3,2026-06-30,2026-07-03,3,4.868707195950783,11.952588067334347,33.32597617579279,-6.816190074328267,26.509786101464524,13.820547945205478,12.0,0.6892381562590462,False
SBER-SBERF,3,2026-09-15,2026-09-18,3,17.198413534096346,10.479150104789614,19.021094380681618,7.019760626162248,26.040855006843866,13.57808219178082,12.0,0.4627728150630457,False
SBER-SBERF,10,2026-07-15,2026-07-29,14,26.728686475980812,11.24410591222258,60.09441821716191,15.967786725910734,76.06220494307264,64.33424657534248,12.0,-0.2720416322698327,False
SBER-SBERF,3,2026-07-08,2026-07-13,5,19.75490524341872,28.575316369574555,42.67829639054443,-8.370722560773348,34.30757382977109,23.034246575342465,12.0,-0.7266727455713777,False
SBER-SBERF,3,2026-03-23,2026-03-26,3,15.46375485214746,7.9133957964039325,18.003913276738093,7.574084009215423,25.577997285953515,14.547945205479449,12.0,-0.969947919525934,False
SBER-SBERF,20,2026-02-09,2026-03-10,29,11.928034193697812,-20.648030495553638,123.85010437029919,33.4647625989877,157.31486696928687,146.44931506849312,12.0,-1.134448099206253,False
SBER-SBERF,3,2026-09-14,2026-09-17,3,14.260869565219103,10.51143571713542,20.08139130434783,4.173913043478419,24.255304347826243,13.57808219178082,12.0,-1.3227778439545776,False
SBER-SBERF,3,2026-05-05,2026-05-08,3,9.962640099625553,1.5605980211619297,15.860211706102119,8.40597758405921,24.26618929016133,14.063013698630137,12.0,-1.796824408468808,False
SBER-SBERF,3,2026-05-07,2026-05-12,5,17.253819368197032,-2.1410001529287292,14.055902374752957,19.449760015058022,33.50566238981098,23.438356164383563,12.0,-1.9326937745725843,False
SBER-SBERF,3,2026-05-25,2026-05-28,3,14.04582058805115,5.895128762023472,15.843997752668706,8.11536300642958,23.95936075909829,14.063013698630137,12.0,-2.103652939531848,False
SBER-SBERF,5,2026-09-01,2026-09-08,7,20.20498879541588,2.507163323781647,23.880459939017673,17.63344476690857,41.513904705926244,31.68219178082191,12.0,-2.168287074895666,False
SBER-SBERF,10,2026-02-27,2026-03-13,14,17.42546652726329,-2.526448760460376,59.97021829357159,19.960079840319217,79.9302981338908,70.15342465753423,12.0,-2.2231265236434297,False
SBER-SBERF,20,2026-01-20,2026-02-17,28,12.169851659376008,-26.38607330179843,115.14422918790909,39.14087425582994,154.28510344373905,144.67123287671234,12.0,-2.3861294329732914,False
SBER-SBERF,3,2026-07-03,2026-07-08,5,11.952588067334347,19.75490524341872,40.2065141604967,-7.636375709683634,32.57013845081307,23.034246575342465,12.0,-2.464108124529396,False
SBER-SBERF,5,2026-08-13,2026-08-20,7,22.341537241901133,7.377079414259136,25.972037043710138,15.134589744514285,41.10662678822442,31.68219178082191,12.0,-2.575564992597492,False
SBER-SBERF,5,2026-01-05,2026-01-13,8,23.7633041033547,3.7008377350855604,30.30591070352768,20.081665439456444,50.38757614298412,41.38082191780821,12.0,-2.9932457748240893,False
SBER-SBERF,3,2026-01-26,2026-01-29,3,4.2880232212949565,-1.620640477114632,18.508757462809644,5.937262921791403,24.446020384601045,15.517808219178079,12.0,-3.0717878345770337,False
SBER-SBERF,5,2026-08-19,2026-08-26,7,17.009264620730935,2.618780396557163,26.112478286045167,14.475969889983864,40.58844817602903,31.68219178082191,12.0,-3.093743604792877,False
SBER-SBERF,5,2026-01-16,2026-01-23,7,28.190501459273154,4.56204379561953,21.41483152029716,23.547360042452787,44.96219156274995,36.20821917808219,12.0,-3.2460276153322383,False
SBER-SBERF,3,2026-03-18,2026-03-23,5,30.264266325543687,15.46375485214746,18.726092789616548,14.97613178996032,33.70222457957687,25.054794520547944,12.0,-3.3525699409710725,False
SBER-SBERF,3,2026-03-16,2026-03-19,3,-0.6321112515794702,-4.052748074944157,20.186472819216185,3.4766118836919615,23.663084702908147,15.032876712328765,12.0,-3.3697920094206175,False
SBER-SBERF,20,2026-01-16,2026-02-13,28,28.190501459273154,-10.37109058499408,114.39672326877157,38.803396126293975,153.2001193950655,144.83287671232875,12.0,-3.6327573172632412,False
SBER-SBERF,5,2026-03-18,2026-03-25,7,30.264266325543687,16.402750615105433,28.987551090449596,14.040123553086914,43.02767464353651,34.75342465753424,12.0,-3.7257500139977324,False
SBER-SBERF,5,2026-02-16,2026-02-24,8,1.9292604501619515,-20.559860825556385,25.382315112540194,22.829581993568475,48.21189710610867,40.08767123287671,12.0,-3.875774126768036,False
SBER-SBERF,5,2026-01-23,2026-01-30,7,4.56204379561953,-14.724167266539911,24.939715849843584,19.225755995828173,44.16547184567175,36.20821917808219,12.0,-4.0427473324104355,False
SBER-SBERF,40,2026-06-05,2026-08-03,59,11.173531146217996,17.058175485979987,284.0535087991558,-3.7245103820728316,280.32899841708297,272.6123287671235,12.0,-4.283330350040501,False
SBER-SBERF,3,2026-09-11,2026-09-16,5,10.941691373711482,-2.500535829106365,16.646548072850486,13.412395877452896,30.058943950303387,22.630136986301366,12.0,-4.571193035997979,False
SBER-SBERF,5,2026-03-09,2026-03-16,7,18.337021814731624,-0.6321112515794702,23.209611128675306,18.969332911791522,42.17894404046683,35.07671232876712,12.0,-4.897768288300291,False
SBER-SBERF,5,2026-03-03,2026-03-10,7,-11.86543950229324,-20.648030495553638,33.01606644646121,8.979251515249642,41.99531796171085,35.07671232876712,12.0,-5.081394367056269,False
SBER-SBERF,3,2026-04-14,2026-04-17,3,13.244615433130047,5.5577855312316515,13.642269244110874,7.568351676073042,21.210620920183917,14.547945205479449,12.0,-5.337324285295532,False
SBER-SBERF,3,2026-08-13,2026-08-18,5,22.341537241901133,5.041048538094728,11.77399012648193,17.29667399373061,29.07066412021254,22.630136986301366,12.0,-5.559472866088825,False
SBER-SBERF,3,2026-08-17,2026-08-20,3,8.487084870849593,7.377079414259136,18.599999999999998,1.107011070111792,19.70701107011179,13.57808219178082,12.0,-5.871071121669031,False
SBER-SBERF,3,2026-04-27,2026-04-30,3,7.143078977609463,4.690284856632143,17.680983881487002,2.484549209604054,20.165533091091053,14.063013698630137,12.0,-5.897480607539084,False
SBER-SBERF,3,2026-04-01,2026-04-06,5,16.103059581322743,4.075490626371803,18.334754191531687,11.99835811941689,30.333112310948575,24.246575342465746,12.0,-5.913463031517171,False
SBER-SBERF,20,2026-02-12,2026-03-13,29,33.4207077326365,-2.526448760460376,115.97739187418085,36.04193971166523,152.0193315858461,145.9643835616438,12.0,-5.945051975797725,False
SBER-SBERF,3,2026-04-07,2026-04-10,3,10.38160254192011,4.727536323236858,14.859219177651243,5.662692295592752,20.521911473243993,14.547945205479449,12.0,-6.026033732235456,False
SBER-SBERF,20,2026-06-10,2026-07-09,29,25.16465763638731,35.30929585115583,147.58854231390583,-7.145520069589952,140.44302224431587,134.56849315068484,12.0,-6.1254709063689745,False
SBER-SBERF,20,2026-07-10,2026-08-07,28,6.87639676809404,4.955752212389974,131.87072374075984,2.0629190304281337,133.93364277118798,128.10273972602744,12.0,-6.1690969548394605,False
SBER-SBERF,10,2026-08-13,2026-08-27,14,22.341537241901133,2.961756321497866,49.72325321610032,19.45875824294694,69.18201145904726,63.36438356164381,12.0,-6.182372102596553,False
SBER-SBERF,5,2026-09-15,2026-09-22,7,17.198413534096346,6.767586821014859,26.60559474921905,10.529640939242375,37.13523568846143,31.68219178082191,12.0,-6.546956092360482,False
SBER-SBERF,3,2026-05-18,2026-05-21,3,19.063432032715433,11.77235973852886,11.81502321434062,7.379393044922335,19.194416259262955,14.063013698630137,12.0,-6.868597439367182,False
SBER-SBERF,40,2026-07-09,2026-09-03,56,35.30929585115583,8.958967926895323,233.13336049433013,26.82148434847435,259.9548448428045,254.91232876712306,12.0,-6.957483924318552,False
SBER-SBERF,10,2026-02-25,2026-03-11,14,-1.5746543633654575,-14.599003459327964,62.23034044027336,12.912165779612165,75.14250621988553,70.15342465753423,12.0,-7.010918437648698,False
SBER-SBERF,3,2026-08-03,2026-08-06,3,17.058175485979987,10.886742756803791,12.373929421798929,6.04143715128526,18.41536657308419,13.57808219178082,12.0,-7.162715618696632,False
SBER-SBERF,5,2026-05-05,2026-05-12,7,9.962640099625553,-2.1410001529287292,25.46886674968867,12.141967621419251,37.61083437110792,32.81369863013699,12.0,-7.20286425902907,False
SBER-SBERF,10,2026-06-15,2026-06-29,14,4.004929143561764,-12.991230919129348,53.5015403573629,16.327788046826022,69.82932840418891,65.06164383561645,12.0,-7.232315431427537,False
SBER-SBERF,10,2026-06-19,2026-07-03,14,11.507479861909697,11.952588067334347,69.43773174785832,0.0,69.43773174785832,64.73835616438357,12.0,-7.3006244165252525,False
SBER-SBERF,5,2026-06-19,2026-06-26,7,11.507479861909697,2.005481649842711,27.47155095256361,9.589566551592233,37.06111750415585,32.490410958904114,12.0,-7.429293454748262,False
SBER-SBERF,5,2026-02-09,2026-02-16,7,11.928034193697812,1.9292604501619515,30.785593585368275,9.940028494748727,40.725622080117,36.20821917808219,12.0,-7.48259709796519,False
SBER-SBERF,3,2026-01-20,2026-01-23,3,12.169851659376008,4.56204379561953,12.400421011084434,7.565042923396317,19.965463934480756,15.517808219178079,12.0,-7.552344284697323,False
SBER-SBERF,3,2026-05-26,2026-05-29,3,18.747070770190888,16.221106154661324,15.498828308076861,2.4996094360251235,17.998437744101988,14.063013698630137,12.0,-8.064575954528149,False
SBER-SBERF,5,2026-08-24,2026-08-31,7,17.438409023449175,5.075222040964444,23.355595132086673,12.243989314338119,35.59958444642479,31.68219178082191,12.0,-8.082607334397117,False
SBER-SBERF,5,2026-06-18,2026-06-25,7,19.023462270133518,11.519176040113432,28.166455294863667,8.243500317059219,36.40995561192289,32.57123287671233,12.0,-8.16127726478944,False
SBER-SBERF,3,2026-01-08,2026-01-13,5,16.442953020134876,3.7008377350855604,16.946979865771812,12.751677852350749,29.69865771812256,25.863013698630134,12.0,-8.164355980507572,False
SBER-SBERF,5,2026-09-09,2026-09-16,7,5.414380594859214,-2.500535829106365,27.574718452209062,7.941091539126856,35.51580999133592,31.68219178082191,12.0,-8.166381789485989,False
SBER-SBERF,20,2026-01-19,2026-02-16,28,35.24142019629694,1.9292604501619515,115.39984190764771,33.265265792766975,148.66510770041467,144.83287671232875,12.0,-8.167769011914089,False
SBER-SBERF,10,2026-02-04,2026-02-18,14,30.60620022378835,15.634971282705301,61.34996379911801,14.480352794049816,75.83031659316784,72.09315068493149,12.0,-8.26283409176365,False
SBER-SBERF,10,2026-03-18,2026-04-01,14,30.264266325543687,16.103059581322743,57.7117718635924,14.352126298710791,72.06389816230319,68.69863013698628,12.0,-8.634731974683092,False
SBER-SBERF,3,2026-08-04,2026-08-07,3,8.432888264229277,4.955752212389974,13.289529163738578,3.513703443428176,16.803232607166755,13.57808219178082,12.0,-8.774849584614065,False
SBER-SBERF,5,2026-05-26,2026-06-02,7,18.747070770190888,4.5906656465177775,21.918450242149664,14.060303077643763,35.97875331979343,32.81369863013699,12.0,-8.834945310343564,False
SBER-SBERF,10,2026-06-22,2026-07-06,14,8.280064915708873,20.75174883689801,79.86553174576888,-12.254496075249381,67.6110356705195,64.4958904109589,12.0,-8.884854740439408,False
SBER-SBERF,3,2026-07-28,2026-07-31,3,13.578978273633968,10.487487342687452,13.682472108044626,2.9359953024069316,16.618467410451558,13.57808219178082,12.0,-8.959614781329263,False
SBER-SBERF,20,2026-07-14,2026-08-11,28,23.76425855513231,2.445842068483639,109.29318305268875,21.387832699619615,130.68101575230838,127.7794520547946,12.0,-9.09843630248622,False
SBER-SBERF,10,2026-05-26,2026-06-09,14,18.747070770190888,2.492056569685097,52.21402905795969,16.247461334164193,68.46149039212389,65.62739726027397,12.0,-9.165906868150074,False
SBER-SBERF,5,2026-09-21,2026-09-28,7,19.834114677246273,11.011194714627415,25.494771006130545,9.015506671474936,34.51027767760548,31.68219178082191,12.0,-9.17191410321643,False
SBER-SBERF,20,2026-02-10,2026-03-11,29,14.196104324859515,-14.599003459327964,119.63255199735889,29.382634532848677,149.01518653020756,146.2876712328767,12.0,-9.272484702669146,False
SBER-SBERF,3,2026-07-10,2026-07-15,5,6.87639676809404,26.728686475980812,45.33917827058622,-19.597730789068248,25.741447481517966,23.034246575342465,12.0,-9.292799093824499,False
SBER-SBERF,3,2026-01-05,2026-01-09,4,23.7633041033547,18.057784911715835,17.700984001606535,5.689805207847673,23.39078920945421,20.690410958904106,12.0,-9.299621749449898,False
SBER-SBERF,3,2026-03-25,2026-03-30,5,16.402750615105433,7.631645891630345,17.852501419468805,8.83225033121032,26.684751750679123,24.246575342465746,12.0,-9.561823591786624,False
SBER-SBERF,5,2026-04-09,2026-04-16,7,20.78674687411519,8.070523963248366,23.77121980410066,12.598028408555136,36.3692482126558,33.94520547945204,12.0,-9.575957266796244,False
SBER-SBERF,3,2026-09-21,2026-09-24,3,19.834114677246273,19.33197293523925,15.586729174179588,0.3606202668586695,15.947349441038257,13.57808219178082,12.0,-9.630732750742563,False
SBER-SBERF,5,2026-09-10,2026-09-17,7,15.08560202077014,10.51143571713542,29.045747965197865,4.911591355598736,33.9573393207966,31.68219178082191,12.0,-9.72485246002531,False
SBER-SBERF,5,2026-03-23,2026-03-30,7,15.46375485214746,7.631645891630345,28.24028781519235,7.889670842932433,36.12995865812478,33.94520547945204,12.0,-9.815246821327264,False
SBER-SBERF,5,2026-03-05,2026-03-12,7,28.91826617516191,19.280002528525575,27.570865641286385,9.533494343458576,37.10435998474496,35.07671232876712,12.0,-9.972352344022163,False
SBER-SBERF,3,2026-03-24,2026-03-27,3,10.404514928901154,13.06231680897163,18.889239209256864,-2.522306649432195,16.36693255982467,14.547945205479449,12.0,-10.18101264565478,False
SBER-SBERF,5,2026-03-27,2026-04-03,7,13.06231680897163,8.263149531226865,30.899706894354534,4.778896393525464,35.67860328788,33.94520547945204,12.0,-10.26660219157204,False
SBER-SBERF,5,2026-05-22,2026-05-29,7,24.809278670223645,16.221106154661324,25.84630651863797,8.683247534578848,34.52955405321682,32.81369863013699,12.0,-10.28414457692017,False
SBER-SBERF,10,2026-08-24,2026-09-07,14,17.438409023449175,0.7140816909467773,48.378970020777686,16.696349065004032,65.07531908578171,63.36438356164381,12.0,-10.289064475862098,False
SBER-SBERF,10,2026-03-06,2026-03-20,14,25.148023174381695,10.307346326836608,57.18915133380022,14.643152734450767,71.83230406825099,70.15342465753423,12.0,-10.32112058928324,False
SBER-SBERF,5,2026-06-26,2026-07-03,7,2.005481649842711,11.952588067334347,43.88227822715422,-10.027408249214899,33.85486997793932,32.24794520547945,12.0,-10.39307522754013,False
SBER-SBERF,3,2026-06-22,2026-06-25,3,8.280064915708873,11.519176040113432,18.337694167522272,-2.9808233696543898,15.356870797867883,13.820547945205478,12.0,-10.463677147337595,False
SBER-SBERF,10,2026-01-06,2026-01-21,15,13.374348000536607,-8.15687298117429,57.20108332218804,21.73331550087047,78.93439882305852,77.5890410958904,12.0,-10.654642272831879,False
SBER-SBERF,3,2026-06-08,2026-06-11,3,12.499999999999734,13.075965130759926,16.00125,-0.6250000000012079,15.37624999999879,14.063013698630137,12.0,-10.686763698631347,False
SBER-SBERF,10,2026-03-23,2026-04-06,14,15.46375485214746,4.075490626371803,57.759017893773475,11.361126013823133,69.12014390759661,67.89041095890408,12.0,-10.77026705130747,False
SBER-SBERF,40,2026-05-18,2026-07-14,57,19.063432032715433,23.76425855513231,269.0403714294499,-2.4597976816401954,266.58057374780975,265.4191780821918,12.0,-10.838604334382069,False
SBER-SBERF,40,2026-05-19,2026-07-15,57,8.954210022540376,26.728686475980812,281.30916725846794,-14.82076141661834,266.48840584184956,265.33835616438364,12.0,-10.849950322534085,False
SBER-SBERF,5,2026-08-03,2026-08-10,7,17.058175485979987,3.8691523039058318,19.669497849959132,13.149010270443318,32.81850812040245,31.68219178082191,12.0,-10.863683660419461,False
SBER-SBERF,5,2026-03-31,2026-04-07,7,15.912418051047261,10.38160254192011,29.51244351091592,5.410222137356499,34.92266564827242,33.94520547945204,12.0,-11.022539831179621,False
SBER-SBERF,3,2026-04-21,2026-04-24,3,12.9842025535587,8.610350871798289,11.157139765666058,4.328067517851099,15.485207283517155,14.547945205479449,12.0,-11.062737921962293,False
SBER-SBERF,3,2026-08-25,2026-08-28,3,3.680529996319404,4.102334601328028,14.808244387191758,-0.36805299963161225,14.440191387560144,13.57808219178082,12.0,-11.137890804220676,False
SBER-SBERF,3,2026-06-03,2026-06-08,5,17.008380492933295,12.499999999999734,19.451093175000775,4.638649225346634,24.089742400347408,23.438356164383563,12.0,-11.348613764036156,False
SBER-SBERF,3,2026-03-30,2026-04-02,3,7.631645891630345,11.066493818574497,18.572564233019587,-3.497837700331138,15.074726532688452,14.547945205479449,12.0,-11.473218672790997,False
SBER-SBERF,10,2026-03-12,2026-03-26,14,19.280002528525575,7.9133957964039325,58.65008375738803,11.378362147982353,70.02844590537038,69.66849315068492,12.0,-11.640047245314548,False
SBER-SBERF,3,2026-06-16,2026-06-19,3,8.430913348944635,11.507479861909697,17.170960187353632,-2.8103044496497063,14.360655737703926,14.063013698630137,12.0,-11.70235796092621,False
SBER-SBERF,3,2026-06-10,2026-06-16,6,25.16465763638731,8.430913348944635,11.484714800546788,16.776438424258124,28.261153224804907,28.126027397260277,12.0,-11.86487417245537,False
SBER-SBERF,10,2026-06-18,2026-07-02,14,19.023462270133518,18.26939046670084,63.352885225110974,1.5852885225114575,64.93817374762243,64.81917808219178,12.0,-11.881004334569354,False
SBER-SBERF,3,2026-06-04,2026-06-09,5,8.051529790660261,2.492056569685097,17.736281431933605,5.574136008917068,23.310417440850674,23.438356164383563,12.0,-12.127938723532889,False
SBER-SBERF,40,2026-07-08,2026-09-02,56,19.75490524341872,4.010500218754043,238.65532712783764,16.07178731667988,254.72711444451753,254.99315068493127,12.0,-12.26603624041374,False
SBER-SBERF,3,2026-08-18,2026-08-21,3,5.041048538094728,10.609885486410064,18.58850640933314,-5.401123433675432,13.187382975657709,13.57808219178082,12.0,-12.390699216123112,False
SBER-SBERF,3,2026-09-22,2026-09-25,3,6.767586821014859,10.493938845665962,16.727337488869104,-3.5618878005330683,13.165449688336034,13.57808219178082,12.0,-12.412632503444787,False
SBER-SBERF,10,2026-08-19,2026-09-02,14,17.009264620730935,4.010500218754043,49.89215402431963,13.028372900984861,62.92052692530449,63.36438356164381,12.0,-12.44385663633932,False
SBER-SBERF,3,2026-04-22,2026-04-27,5,19.60183767228063,7.143078977609463,11.2052067381317,12.55742725880454,23.762633996936238,24.246575342465746,12.0,-12.483941345529509,False
SBER-SBERF,5,2026-01-22,2026-01-29,7,9.143752857421195,-1.620640477114632,24.810593690810528,10.776565867674456,35.58715955848498,36.20821917808219,12.0,-12.621059619597212,False
SBER-SBERF,20,2026-03-18,2026-04-15,28,30.264266325543687,2.8045246330732354,108.44279429658981,27.456241614927844,135.89903591151764,136.58904109589045,12.0,-12.690005184372808,False
SBER-SBERF,5,2026-03-30,2026-04-06,7,7.631645891630345,4.075490626371803,29.743067921648436,3.497837700331138,33.24090562197958,33.94520547945204,12.0,-12.704299857472463,False
SBER-SBERF,5,2026-09-11,2026-09-18,7,10.941691373711482,10.479150104789614,30.122123394042077,0.7059155724988936,30.828038966540966,31.68219178082191,12.0,-12.854152814280944,False
SBER-SBERF,3,2026-04-13,2026-04-16,3,6.9444444444433095,8.070523963248366,14.8510101010101,-1.2626262626269085,13.588383838383193,14.547945205479449,12.0,-12.959561367096256,False
SBER-SBERF,3,2026-06-01,2026-06-04,3,4.334499520108892,8.051529790660261,16.81847735224001,-3.7152853029506967,13.103192049289312,14.063013698630137,12.0,-12.959821649340824,False
SBER-SBERF,5,2026-06-02,2026-06-09,7,4.5906656465177775,2.492056569685097,29.6743687834736,2.1423106350401326,31.816679418513733,32.81369863013699,12.0,-12.997019211623257,False
SBER-SBERF,3,2026-03-09,2026-03-12,3,18.337021814731624,19.280002528525575,14.956370534302877,-0.9484666455905646,14.007903888712312,15.032876712328765,12.0,-13.024972823616453,False
SBER-SBERF,3,2026-08-21,2026-08-26,5,10.609885486410064,2.618780396557163,13.542970036219955,8.048878644862521,21.591848681082478,22.630136986301366,12.0,-13.038288305218888,False
SBER-SBERF,10,2026-03-02,2026-03-16,14,10.523630333567624,-0.6321112515794702,57.918872377064865,11.161426111359868,69.08029848842473,70.15342465753423,12.0,-13.0731261691095,False
SBER-SBERF,5,2026-08-21,2026-08-28,7,10.609885486410064,4.102334601328028,23.912120879522924,6.58544616397786,30.49756704350078,31.68219178082191,12.0,-13.18462473732113,False
SBER-SBERF,5,2026-05-25,2026-06-01,7,14.04582058805115,4.334499520108892,21.86403645670766,9.676009738435678,31.540046195143336,32.81369863013699,12.0,-13.273652434993654,False
SBER-SBERF,5,2026-04-01,2026-04-08,7,16.103059581322743,11.271133375079234,27.763569195794258,4.736193994507092,32.49976319030135,33.94520547945204,12.0,-13.44544228915069,False
SBER-SBERF,3,2026-08-31,2026-09-03,3,5.075222040964444,8.958967926895323,16.059090085191226,-3.9876744607581522,12.071415624433072,13.57808219178082,12.0,-13.506666567347748,False
SBER-SBERF,20,2026-01-26,2026-02-24,29,4.2880232212949565,-20.559860825556385,121.44671306527691,25.728139327768996,147.1748523930459,148.71232876712332,12.0,-13.537476374077414,False
SBER-SBERF,3,2026-08-06,2026-08-11,5,10.886742756803791,2.445842068483639,12.564003511852501,8.428446005268098,20.9924495171206,22.630136986301366,12.0,-13.637687469180765,False
SBER-SBERF,5,2026-05-21,2026-05-28,7,11.77235973852886,5.895128762023472,25.27773475014715,5.886179869264777,31.163914619411923,32.81369863013699,12.0,-13.649784010725067,False
SBER-SBERF,3,2026-02-16,2026-02-19,3,1.9292604501619515,3.5128057737754403,14.957234726688103,-1.6077170418010087,13.349517684887095,15.032876712328765,12.0,-13.68335902744167,False
SBER-SBERF,5,2026-06-25,2026-07-02,7,11.519176040113432,18.26939046670084,37.59926819352215,-7.114785201248012,30.484482992274142,32.24794520547945,12.0,-13.763462213205312,False
SBER-SBERF,3,2026-06-25,2026-06-30,5,11.519176040113432,4.868707195950783,14.63341916248814,6.437186610649846,21.070605773137988,23.034246575342465,12.0,-13.963640802204477,False
SBER-SBERF,3,2026-06-17,2026-06-22,5,10.339317605037035,8.280064915708873,18.940063289156246,2.5065012375844873,21.446564526740737,23.438356164383563,12.0,-13.991791637642827,False
SBER-SBERF,10,2026-05-22,2026-06-05,14,24.809278670223645,11.173531146217996,49.958134342243994,13.645103268622394,63.603237610866394,65.62739726027397,12.0,-14.024159649407572,False
SBER-SBERF,5,2026-04-08,2026-04-15,7,11.271133375079234,2.8045246330732354,23.377582968065123,8.453350031309915,31.830932999375037,33.94520547945204,12.0,-14.114272480077005,False
SBER-SBERF,3,2026-01-14,2026-01-19,5,39.85531515841689,35.24142019629694,19.64163708218903,4.019023377319464,23.66066045950849,25.863013698630134,12.0,-14.202353239121642,False
SBER-SBERF,20,2026-02-26,2026-03-26,28,23.76425855513231,7.9133957964039325,121.40114068441063,15.842839036755386,137.24397972116603,139.82191780821913,12.0,-14.577938087053099,False
SBER-SBERF,5,2026-08-18,2026-08-25,7,5.041048538094728,3.680529996319404,27.63538816073743,1.4402995823118112,29.07568774304924,31.68219178082191,12.0,-14.60650403777267,False
SBER-SBERF,5,2026-05-20,2026-05-27,7,6.187161639596983,1.2403100775193465,25.0877030162413,4.949729311677283,30.03743232791858,32.81369863013699,12.0,-14.77626630221841,False
SBER-SBERF,5,2026-05-04,2026-05-11,7,12.430467074799889,7.413127413127274,25.009788992821406,4.972186829919145,29.981975822740548,32.81369863013699,12.0,-14.831722807396442,False
SBER-SBERF,5,2026-08-31,2026-09-07,7,5.075222040964444,0.7140816909467773,24.449157150625336,4.35019032082464,28.799347471449977,31.68219178082191,12.0,-14.882844309371933,False
SBER-SBERF,5,2026-08-20,2026-08-27,7,7.377079414259136,2.961756321497866,24.311902917634907,4.426247648556104,28.738150566191013,31.68219178082191,12.0,-14.944041214630897,False
SBER-SBERF,3,2026-05-04,2026-05-07,3,12.430467074799889,17.253819368197032,15.765872152646136,-4.661425153051185,11.10444699959495,14.063013698630137,12.0,-14.958566699035186,False
SBER-SBERF,3,2026-06-02,2026-06-05,3,4.5906656465177775,11.173531146217996,17.50726855394032,-6.426931905127357,11.080336648812963,14.063013698630137,12.0,-14.982677049817173,False
SBER-SBERF,3,2026-04-09,2026-04-14,5,20.78674687411519,13.244615433130047,13.6698056754118,7.558817045134514,21.228622720546312,24.246575342465746,12.0,-15.017952621919434,False
SBER-SBERF,10,2026-02-26,2026-03-12,14,23.76425855513231,19.280002528525575,62.604245880861846,4.435994930291076,67.04024081115291,70.15342465753423,12.0,-15.113183846381318,False
SBER-SBERF,3,2026-07-23,2026-07-28,5,23.898941618298863,13.578978273633968,9.890368347179544,9.863055271044,19.753423618223547,22.953424657534242,12.0,-15.200001039310695,False
SBER-SBERF,5,2026-08-04,2026-08-11,7,8.432888264229277,2.445842068483639,22.438510189739983,5.973295853828498,28.411806043568486,31.68219178082191,12.0,-15.270385737253424,False
SBER-SBERF,10,2026-04-01,2026-04-15,14,16.103059581322743,2.8045246330732354,51.33971140791261,13.26134318461914,64.60105459253175,67.89041095890408,12.0,-15.289356366372331,False
SBER-SBERF,5,2026-05-29,2026-06-05,7,16.221106154661324,11.173531146217996,24.253985089060112,4.9911095860488555,29.24509467510897,32.81369863013699,12.0,-15.56860395502802,False
SBER-SBERF,5,2026-04-21,2026-04-28,7,12.9842025535587,-0.6253517603649339,16.32207005286425,13.602497913251332,29.924567966115585,33.783561643835604,12.0,-15.858993677720019,False
SBER-SBERF,20,2026-03-06,2026-04-03,28,25.148023174381695,8.263149531226865,117.79620551346534,16.871458585343248,134.6676640988086,138.52876712328768,12.0,-15.861103024479092,False
SBER-SBERF,10,2026-01-12,2026-01-26,14,22.06177296429912,4.2880232212949565,50.71968177563845,17.716272228906696,68.43595400454515,72.41643835616436,12.0,-15.98048435161921,False
SBER-SBERF,3,2026-04-08,2026-04-13,5,11.271133375079234,6.9444444444433095,15.863807138384471,4.383218534754014,20.247025673138484,24.246575342465746,12.0,-15.999549669327262,False
SBER-SBERF,40,2026-06-29,2026-08-24,56,-12.991230919129348,17.438409023449175,279.9084118220202,-28.255927249107,251.65248457291318,255.72054794520514,12.0,-16.06806337229196,False
SBER-SBERF,3,2026-09-02,2026-09-07,5,4.010500218754043,0.7140816909467773,15.24755724077585,3.281318360798272,18.52887560157412,22.630136986301366,12.0,-16.101261384727245,False
SBER-SBERF,3,2026-02-27,2026-03-04,5,17.42546652726329,17.67920282867097,20.938757405823274,1.8009510775530848e-12,20.938757405825076,25.054794520547944,12.0,-16.116037114722868,False
SBER-SBERF,10,2026-02-16,2026-03-03,15,1.9292604501619515,-11.86543950229324,57.21028938906752,13.82636655948575,71.03665594855327,75.16438356164382,12.0,-16.127727613090542,False
SBER-SBERF,3,2026-09-03,2026-09-08,5,8.958967926895323,2.507163323781647,11.938362300662963,6.450456907364516,18.38881920802748,22.630136986301366,12.0,-16.241317778273885,False
SBER-SBERF,3,2026-07-22,2026-07-27,5,10.617321401484858,3.6431199679398674,11.948657667222811,6.825420900955817,18.774078568178627,23.034246575342465,12.0,-16.260168007163838,False
SBER-SBERF,5,2026-03-25,2026-04-01,7,16.402750615105433,16.103059581322743,29.04043908901647,0.3154375118286198,29.355876600845086,33.94520547945204,12.0,-16.589328878606956,False
SBER-SBERF,3,2026-04-20,2026-04-23,3,5.840762373194863,6.719814288769221,10.864432831232708,-0.9222256378736415,9.942207193359067,14.547945205479449,12.0,-16.605738012120383,False
SBER-SBERF,10,2026-01-09,2026-01-23,14,18.057784911715835,4.56204379561953,54.42984216158373,13.376136971641827,67.80597913322556,72.41643835616436,12.0,-16.6104592229388,False
SBER-SBERF,20,2026-02-18,2026-03-19,29,15.634971282705301,-4.052748074944157,120.86662412252713,19.783024888321783,140.64964901084892,145.31780821917806,12.0,-16.668159208329143,False
SBER-SBERF,10,2026-06-10,2026-06-25,15,25.16465763638731,11.519176040113432,50.73940598980987,14.60171492481755,65.34112091462742,70.07260273972601,12.0,-16.731481825098584,False
SBER-SBERF,3,2026-08-19,2026-08-24,5,17.009264620730935,17.438409023449175,17.838737695425596,0.0,17.838737695425596,22.630136986301366,12.0,-16.79139929087577,False
SBER-SBERF,3,2026-07-30,2026-08-04,5,19.019751280175967,8.432888264229277,7.512435991221655,10.241404535482314,17.753840526703968,22.630136986301366,12.0,-16.8762964595974,False
SBER-SBERF,5,2026-08-14,2026-08-21,7,10.97293343087058,10.609885486410064,26.30614484272129,0.3657644476953514,26.671909290416643,31.68219178082191,12.0,-17.010282490405267,False
SBER-SBERF,3,2026-03-04,2026-03-09,5,17.67920282867097,18.337021814731624,20.98649951783992,-0.9643201542921748,20.022179363547746,25.054794520547944,12.0,-17.032615157000198,False
SBER-SBERF,5,2026-02-26,2026-03-05,7,23.76425855513231,28.91826617516191,35.1137515842839,-5.069708491760715,30.044043092523186,35.07671232876712,12.0,-17.032669236243937,False
SBER-SBERF,10,2026-09-02,2026-09-16,14,4.010500218754043,-2.500535829106365,51.707014729473535,6.562636721598616,58.26965145107215,63.36438356164381,12.0,-17.094732110571663,False
SBER-SBERF,3,2026-08-20,2026-08-25,5,7.377079414259136,3.680529996319404,13.775958098188928,3.688539707128689,17.464497805317617,22.630136986301366,12.0,-17.16563918098375,False
SBER-SBERF,10,2026-03-27,2026-04-10,14,13.06231680897163,4.727536323236858,54.37842487574869,8.283420415446914,62.66184529119561,67.89041095890408,12.0,-17.228565667708473,False
SBER-SBERF,3,2026-04-29,2026-05-05,6,17.807491642976014,9.962640099625553,14.871442406823082,7.810303352183975,22.681745759007054,28.126027397260277,12.0,-17.444281638253223,False
SBER-SBERF,20,2026-03-05,2026-04-02,28,28.91826617516191,11.066493818574497,115.4080335579001,17.795856107790307,133.20388966569038,138.69041095890412,12.0,-17.48652129321374,False
SBER-SBERF,5,2026-01-28,2026-02-04,7,30.305026681600733,30.60620022378835,30.913762434943013,-0.3294024639301306,30.584359971012884,36.20821917808219,12.0,-17.623859207069305,False
SBER-SBERF,10,2026-09-14,2026-09-28,14,14.260869565219103,11.011194714627415,53.668521739130426,3.8260869565222135,57.49460869565265,63.36438356164381,12.0,-17.86977486599116,False
SBER-SBERF,10,2026-02-10,2026-02-25,15,14.196104324859515,-1.5746543633654575,54.39650049521294,15.846814130074659,70.2433146252876,76.13424657534244,12.0,-17.89093195005485,False
SBER-SBERF,20,2026-08-19,2026-09-16,28,17.009264620730935,-2.500535829106365,101.21742906774753,19.54255935147729,120.75998841922483,126.72876712328771,12.0,-17.968778704062885,False
SBER-SBERF,3,2026-08-11,2026-08-14,3,2.445842068483639,10.97293343087058,15.628930817610062,-8.036338225018106,7.592592592591957,13.57808219178082,12.0,-17.985489599188863,False
SBER-SBERF,3,2026-09-04,2026-09-09,5,9.61949551090191,5.414380594859214,12.351788513609804,4.275331338178871,16.627119851788677,22.630136986301366,12.0,-18.00301713451269,False
SBER-SBERF,10,2026-03-25,2026-04-08,14,16.402750615105433,11.271133375079234,56.77685950413224,5.047000189263296,61.823859693395534,67.89041095890408,12.0,-18.06655126550855,False
SBER-SBERF,40,2026-07-07,2026-09-01,56,18.395879323029884,20.20498879541588,248.94441099739112,-1.9012448612217544e-12,248.9444109973892,255.07397260273947,12.0,-18.12956160535026,False
SBER-SBERF,40,2026-01-12,2026-03-10,57,22.06177296429912,-20.648030495553638,241.29629629629625,43.789276641262276,285.08557293755854,291.2821917808221,12.0,-18.196618843263536,False
SBER-SBERF,10,2026-08-14,2026-08-28,14,10.97293343087058,4.102334601328028,50.212143379663495,6.949524506217913,57.16166788588142,63.36438356164381,12.0,-18.20271567576239,False
SBER-SBERF,3,2026-09-17,2026-09-22,5,10.51143571713542,6.767586821014859,12.793142194352821,3.6246330059089757,16.417775200261797,22.630136986301366,12.0,-18.21236178603957,False
SBER-SBERF,5,2026-07-30,2026-08-06,7,19.019751280175967,10.886742756803791,17.784564740307243,7.681053401610695,25.465618141917936,31.68219178082191,12.0,-18.216573638903974,False
SBER-SBERF,10,2026-02-24,2026-03-10,14,-20.559860825556385,-20.648030495553638,63.87442669618853,1.7979888932724345e-12,63.87442669619032,70.15342465753423,12.0,-18.27899796134391,False
SBER-SBERF,5,2026-05-18,2026-05-25,7,19.063432032715433,14.04582058805115,21.295390954094028,5.227070073486944,26.52246102758097,32.81369863013699,12.0,-18.29123760255602,False
SBER-SBERF,5,2026-07-23,2026-07-30,7,23.898941618298863,19.019751280175967,21.449489776563862,4.17283107620943,25.622320852773292,32.005479452054786,12.0,-18.383158599281494,False
SBER-SBERF,20,2026-06-08,2026-07-07,29,12.499999999999734,18.395879323029884,132.9840625,-4.6874999999992895,128.2965625000007,134.7301369863013,12.0,-18.433574486300586,False
SBER-SBERF,10,2026-02-12,2026-02-27,15,33.4207077326365,17.42546652726329,53.95773263433814,15.399737876802991,69.35747051114113,75.81095890410957,12.0,-18.45348839296844,False
SBER-SBERF,5,2026-07-29,2026-08-05,7,11.24410591222258,4.171156453127711,18.330431628581792,6.891548784911054,25.221980413492844,31.68219178082191,12.0,-18.460211367329066,False
SBER-SBERF,10,2026-01-05,2026-01-20,15,23.7633041033547,12.169851659376008,59.55987683245197,11.379610415691541,70.93948724814351,77.5890410958904,12.0,-18.649553847746887,False
SBER-SBERF,3,2026-09-23,2026-09-28,5,10.32984255894931,11.011194714627415,16.29621714041462,-0.35620146755174714,15.940015672862872,22.630136986301366,12.0,-18.690121313438496,False
SBER-SBERF,40,2026-05-14,2026-07-10,57,15.114127082047624,6.87639676809404,250.08297347316474,8.945095619988294,259.028069093153,265.74246575342465,12.0,-18.714396660271632,False
SBER-SBERF,10,2026-03-20,2026-04-03,14,10.307346326836608,8.263149531226865,59.467453773113434,2.1864067965997105,61.65386056971315,68.37534246575339,12.0,-18.72148189604024,False
SBER-SBERF,3,2026-09-08,2026-09-11,3,2.507163323781647,10.941691373711482,15.282234957020059,-8.595988538682274,6.686246418337784,13.57808219178082,12.0,-18.891835773443038,False
SBER-SBERF,5,2026-09-18,2026-09-25,7,10.479150104789614,10.493938845665962,24.778131097781312,0.0,24.778131097781312,31.68219178082191,12.0,-18.904060683040598,False
SBER-SBERF,10,2026-06-11,2026-06-26,15,13.075965130759926,2.005481649842711,51.83686176836862,11.207970112080126,63.04483188044875,69.9917808219178,12.0,-18.946948941469053,False
SBER-SBERF,5,2026-04-03,2026-04-10,7,8.263149531226865,4.727536323236858,23.42126171937073,3.4959478785975047,26.917209597968235,33.94520547945204,12.0,-19.027995881483807,False
SBER-SBERF,5,2026-06-17,2026-06-24,7,10.339317605037035,13.579756226813622,27.705611429645643,-2.5065012375844873,25.199110192061156,32.65205479452055,12.0,-19.452944602459397,False
SBER-SBERF,5,2026-09-14,2026-09-21,7,14.260869565219103,19.834114677246273,29.07826086956522,-4.8695652173908295,24.20869565217439,31.68219178082191,12.0,-19.47349612864752,False
SBER-SBERF,3,2026-05-14,2026-05-19,5,15.114127082047624,8.954210022540376,9.735348550277607,6.169031462060106,15.904380012337713,23.438356164383563,12.0,-19.533976152045852,False
SBER-SBERF,5,2026-01-29,2026-02-05,7,-1.620640477114632,2.3221098026193765,32.51037209905355,-3.889537145078041,28.620834953975507,36.20821917808219,12.0,-19.587384224106682,False
SBER-SBERF,5,2026-07-31,2026-08-07,7,10.487487342687452,4.955752212389974,18.642412845363808,5.424562418632797,24.066975263996607,31.68219178082191,12.0,-19.615216516825303,False
SBER-SBERF,3,2026-05-12,2026-05-15,3,-2.1410001529287292,1.8577001671937765,10.316256308304022,-3.976143141152942,6.340113167151079,14.063013698630137,12.0,-19.722900531479056,False
SBER-SBERF,3,2026-04-02,2026-04-07,5,11.066493818574497,10.38160254192011,15.88579378379233,0.6323710753482358,16.518164859140565,24.246575342465746,12.0,-19.72841048332518,False
SBER-SBERF,5,2026-03-20,2026-03-27,7,10.307346326836608,13.06231680897163,29.17385057471264,-2.498750624688934,26.675099950023707,34.430136986301356,12.0,-19.75503703627765,False
SBER-SBERF,20,2026-07-15,2026-08-12,28,26.728686475980812,8.803126870664535,101.8199805609553,18.05054151624683,119.87052207720212,127.69863013698638,12.0,-19.828108059784256,False
SBER-SBERF,5,2026-06-10,2026-06-18,8,25.16465763638731,19.023462270133518,23.139990058406863,6.52417049832172,29.664160556728582,37.5013698630137,12.0,-19.837209306285118,False
SBER-SBERF,3,2026-07-31,2026-08-05,5,10.487487342687452,4.171156453127711,8.509330247360047,6.1478374077830145,14.657167655143061,22.630136986301366,12.0,-19.972969331158303,False
SBER-SBERF,5,2026-07-24,2026-07-31,7,13.826606875935177,10.487487342687452,20.95067264573991,2.989536621823022,23.94020926756293,31.92465753424657,12.0,-19.98444826668364,False
SBER-SBERF,10,2026-01-22,2026-02-05,14,9.143752857421195,2.3221098026193765,57.56514923910914,6.857814643066407,64.42296388217555,72.41643835616436,12.0,-19.99347447398881,False
SBER-SBERF,3,2026-04-23,2026-04-28,5,6.719814288769221,-0.6253517603649339,8.73636946760744,7.330706496838911,16.06707596444635,24.084931506849312,12.0,-20.017855542402962,False
SBER-SBERF,10,2026-05-18,2026-06-01,14,19.063432032715433,4.334499520108892,42.83337945453986,14.75878608984467,57.59216554438453,65.62739726027397,12.0,-20.035231715889438,False
SBER-SBERF,5,2026-07-28,2026-08-04,7,13.578978273633968,8.432888264229277,18.720640046975923,4.7709923664141325,23.491632413390057,31.68219178082191,12.0,-20.190559367431852,False
SBER-SBERF,5,2026-02-27,2026-03-06,7,17.42546652726329,25.148023174381695,34.47897855083484,-7.603839939169569,26.875138611665268,35.07671232876712,12.0,-20.201573717101855,False
SBER-SBERF,5,2026-04-23,2026-04-30,7,6.719814288769221,4.690284856632143,23.111579461803966,2.1381227282461293,25.249702190050094,33.460273972602735,12.0,-20.21057178255264,False
SBER-SBERF,10,2026-06-16,2026-06-30,14,8.430913348944635,4.868707195950783,52.94145199063231,3.747072599529983,56.688524590162295,64.98082191780823,12.0,-20.292297327645933,False
SBER-SBERF,10,2026-09-11,2026-09-25,14,10.941691373711482,10.493938845665962,54.32479175490612,0.7059155724988936,55.03070732740502,63.36438356164381,12.0,-20.333676234238794,False
SBER-SBERF,5,2026-03-26,2026-04-02,7,7.9133957964039325,11.066493818574497,28.7550645733097,-3.165358318562381,25.589706254747316,33.94520547945204,12.0,-20.355499224704726,False
SBER-SBERF,3,2026-08-12,2026-08-17,5,8.803126870664535,8.487084870849593,13.526532624388182,0.7042501496525163,14.230782774040698,22.630136986301366,12.0,-20.39935421226067,False
SBER-SBERF,10,2026-08-12,2026-08-26,14,8.803126870664535,2.618780396557163,48.61438783055742,6.338251346878651,54.95263917743606,63.36438356164381,12.0,-20.41174438420775,False
SBER-SBERF,10,2026-08-17,2026-08-31,14,8.487084870849593,5.075222040964444,51.56162361623617,3.321033210333278,54.88265682656945,63.36438356164381,12.0,-20.48172673507436,False
SBER-SBERF,5,2026-03-02,2026-03-09,7,10.523630333567624,18.337021814731624,34.507940557433514,-7.972447222397575,26.53549333503594,35.07671232876712,12.0,-20.54121899373118,False
SBER-SBERF,5,2026-08-26,2026-09-02,7,2.618780396557163,4.010500218754043,24.58211747100636,-1.4964459408911508,23.085671530115206,31.68219178082191,12.0,-20.596520250706703,False
SBER-SBERF,10,2026-01-27,2026-02-10,14,10.822510822510178,14.196104324859515,67.0684113865932,-3.2795487340949343,63.78886265249826,72.41643835616436,12.0,-20.627575703666103,False
SBER-SBERF,3,2026-08-28,2026-09-02,5,4.102334601328028,4.010500218754043,13.935257701200864,0.0,13.935257701200864,22.630136986301366,12.0,-20.6948792851005,False
SBER-SBERF,10,2026-07-02,2026-07-16,14,18.26939046670084,109.01739946574284,137.80036538780934,-82.04617173227129,55.75419365553804,64.4958904109589,12.0,-20.741696755420868,False
SBER-SBERF,3,2026-08-05,2026-08-10,5,4.171156453127711,3.8691523039058318,13.490562758524801,0.34759637109356967,13.83815912961837,22.630136986301366,12.0,-20.791977856682998,False
SBER-SBERF,5,2026-02-13,2026-02-20,7,-10.37109058499408,-10.509554140126776,26.230756765516123,0.32409658078077797,26.554853346296902,35.56164383561644,12.0,-21.006790489319535,False
SBER-SBERF,5,2026-04-13,2026-04-20,7,6.9444444444433095,5.840762373194863,23.9760101010101,0.9469696969688357,24.922979797978936,33.94520547945204,12.0,-21.022225681473106,False
SBER-SBERF,3,2026-04-10,2026-04-15,5,4.727536323236858,2.8045246330732354,13.295092817296478,1.8910145292950382,15.186107346591518,24.246575342465746,12.0,-21.060467995874227,False
SBER-SBERF,5,2026-06-03,2026-06-10,7,17.008380492933295,25.16465763638731,31.760522002659492,-8.040325323932056,23.720196678727437,32.81369863013699,12.0,-21.093501951409554,False
SBER-SBERF,5,2026-04-22,2026-04-29,7,19.60183767228063,17.807491642976014,22.37825421133231,2.1439509954038694,24.52220520673618,33.62191780821917,12.0,-21.09971260148299,False
SBER-SBERF,5,2026-06-15,2026-06-22,7,4.004929143561764,8.280064915708873,27.410659272951325,-3.696857670979807,23.713801601971518,32.81369863013699,12.0,-21.099897028165472,False
SBER-SBERF,5,2026-05-07,2026-05-14,7,17.253819368197032,15.114127082047624,21.827963735608748,1.882234840166963,23.710198575775713,32.81369863013699,12.0,-21.103500054361277,False
SBER-SBERF,3,2026-09-18,2026-09-23,5,10.479150104789614,10.32984255894931,13.415841584158414,0.0,13.415841584158414,22.630136986301366,12.0,-21.21429540214295,False
SBER-SBERF,5,2026-09-02,2026-09-09,7,4.010500218754043,5.414380594859214,23.854819892081085,-1.458363715909422,22.396456176171668,31.68219178082191,12.0,-21.28573560465024,False
SBER-SBERF,5,2026-06-08,2026-06-16,8,12.499999999999734,8.430913348944635,23.991249999999997,4.062499999999858,28.05374999999986,37.5013698630137,12.0,-21.44761986301384,False
SBER-SBERF,10,2026-04-27,2026-05-12,15,7.143078977609463,-2.1410001529287292,51.519612410323305,9.317059536010788,60.83667194633409,70.31506849315068,12.0,-21.478396546816583,False
SBER-SBERF,3,2026-05-11,2026-05-14,3,7.413127413127274,15.114127082047624,12.304247104247104,-7.722007722007722,4.582239382239382,14.063013698630137,12.0,-21.480774316390754,False
SBER-SBERF,3,2026-02-19,2026-02-25,6,3.5128057737754403,-1.5746543633654575,15.463051670179475,5.1095356709448865,20.57258734112436,30.065753424657533,12.0,-21.493166083533172,False
SBER-SBERF,20,2026-06-09,2026-07-08,29,2.492056569685097,19.75490524341872,141.00024920565698,-15.886860631734287,125.11338857392269,134.64931506849308,12.0,-21.53592649457039,False
SBER-SBERF,5,2026-06-04,2026-06-11,7,8.051529790660261,13.075965130759926,28.189025145546882,-4.95478756348399,23.234237582062892,32.81369863013699,12.0,-21.579461048074098,False
SBER-SBERF,20,2026-02-03,2026-03-04,29,29.95293110825914,17.67920282867097,125.96622889305814,11.849511207665003,137.81574010072316,147.41917808219176,12.0,-21.603437981468602,False
SBER-SBERF,3,2026-07-24,2026-07-29,5,13.826606875935177,11.24410591222258,10.858370702541105,2.242152466367798,13.100523168908902,22.872602739726027,12.0,-21.772079570817127,False
SBER-SBERF,3,2026-09-10,2026-09-15,5,15.08560202077014,17.198413534096346,14.834760033679483,-2.10496772382632,12.729792309853162,22.630136986301366,12.0,-21.900344676448206,False
SBER-SBERF,10,2026-01-08,2026-01-22,14,16.442953020134876,9.143752857421195,55.44194630872483,7.046979865773032,62.48892617449786,72.41643835616436,12.0,-21.9275121816665,False
SBER-SBERF,3,2026-05-06,2026-05-11,5,4.688965301657966,7.413127413127274,16.320412628946546,-2.813379180993279,13.507033447953265,23.438356164383563,12.0,-21.931322716430298,False
SBER-SBERF,5,2026-04-30,2026-05-08,8,4.690284856632143,1.5605980211619297,24.418873706263092,3.126856571088018,27.545730277351108,37.5013698630137,12.0,-21.955639585662592,False
SBER-SBERF,10,2026-01-30,2026-02-13,14,-14.724167266539911,-10.37109058499408,66.69197042078397,-4.253648321444783,62.438322099339196,72.41643835616436,12.0,-21.978116256825167,False
SBER-SBERF,10,2026-04-09,2026-04-23,14,20.78674687411519,6.719814288769221,44.00680293534062,13.857831249409395,57.86463418475002,67.89041095890408,12.0,-22.025776774154068,False
SBER-SBERF,10,2026-03-24,2026-04-07,14,10.404514928901154,10.38160254192011,57.8115836932875,0.0,57.8115836932875,67.89041095890408,12.0,-22.07882726561658,False
SBER-SBERF,10,2026-09-01,2026-09-15,14,20.20498879541588,17.198413534096346,50.998126446493515,2.2041805958656595,53.20230704235918,63.36438356164381,12.0,-22.162076519284632,False
SBER-SBERF,10,2026-08-03,2026-08-17,14,17.058175485979987,8.487084870849593,44.28622196950852,8.88446639894808,53.17068836845659,63.36438356164381,12.0,-22.193695193187224,False
SBER-SBERF,10,2026-07-28,2026-08-11,14,13.578978273633968,2.445842068483639,42.15722254844392,11.009982384028602,53.16720493247252,63.36438356164381,12.0,-22.19717862917129,False
SBER-SBERF,10,2026-03-31,2026-04-14,14,15.912418051047261,13.244615433130047,55.0973839984724,2.545986888168828,57.643370886641236,67.89041095890408,12.0,-22.24704007226285,False
SBER-SBERF,3,2026-08-26,2026-08-31,5,2.618780396557163,5.075222040964444,14.996632996632997,-2.618780396557919,12.377852600075077,22.630136986301366,12.0,-22.25228438622629,False
SBER-SBERF,10,2026-08-06,2026-08-20,14,10.886742756803791,7.377079414259136,49.23757682177349,3.863037752414878,53.100614574188356,63.36438356164381,12.0,-22.263768987455457,False
SBER-SBERF,5,2026-09-04,2026-09-11,7,9.61949551090191,10.941691373711482,22.765783098190106,-1.4251104460602986,21.340672652129808,31.68219178082191,12.0,-22.341519128692102,False
SBER-SBERF,5,2026-05-14,2026-05-21,7,15.114127082047624,11.77235973852886,19.076187538556447,3.392967304133672,22.469154842690116,32.81369863013699,12.0,-22.344543787446874,False
SBER-SBERF,20,2026-03-09,2026-04-06,28,18.337021814731624,4.075490626371803,113.449889345558,14.22699968384409,127.67688902940212,138.0438356164384,12.0,-22.36694658703628,False
SBER-SBERF,5,2026-04-29,2026-05-07,8,17.807491642976014,17.253819368197032,26.430691368052738,0.6248242681757835,27.05551563622852,37.5013698630137,12.0,-22.44585422678518,False
SBER-SBERF,5,2026-06-11,2026-06-19,8,13.075965130759926,11.507479861909697,25.080323785803238,1.867995018680021,26.948318804483257,37.5013698630137,12.0,-22.553051058530443,False
SBER-SBERF,5,2026-03-24,2026-03-31,7,10.404514928901154,15.912418051047261,28.573635589746825,-5.359901630041174,23.213733959705646,33.94520547945204,12.0,-22.731471519746396,False
SBER-SBERF,5,2026-04-10,2026-04-17,7,4.727536323236858,5.5577855312316515,24.08553689054178,-0.945507264648415,23.140029625893362,33.94520547945204,12.0,-22.80517585355868,False
SBER-SBERF,3,2026-06-19,2026-06-24,5,11.507479861909697,13.579756226813622,14.056066999104976,-1.5982610919305245,12.457805907174452,23.276712328767125,12.0,-22.818906421592672,False
SBER-SBERF,10,2026-09-04,2026-09-18,14,9.61949551090191,10.479150104789614,53.17122702009406,-0.7125552230291367,52.45867179706492,63.36438356164381,12.0,-22.90571176457889,False
SBER-SBERF,20,2026-01-23,2026-02-20,28,4.56204379561953,-10.509554140126776,117.73136079249218,15.31543274243908,133.04679353493128,144.18630136986306,12.0,-23.139507834931777,False
SBER-SBERF,20,2026-06-18,2026-07-16,28,19.023462270133518,109.01739946574284,194.8836398224477,-76.7279644895376,118.15567533291009,129.31506849315062,12.0,-23.159393160240526,False
SBER-SBERF,3,2026-04-15,2026-04-20,5,2.8045246330732354,5.840762373194863,16.190520706740205,-3.1161384811948123,13.074382225545392,24.246575342465746,12.0,-23.172193116920354,False
SBER-SBERF,5,2026-04-14,2026-04-21,7,13.244615433130047,12.9842025535587,22.745419570496043,0.0,22.745419570496043,33.94520547945204,12.0,-23.199785908956,False
SBER-SBERF,5,2026-08-11,2026-08-18,7,2.445842068483639,5.041048538094728,22.720824598183093,-2.4458420684833397,20.274982529699752,31.68219178082191,12.0,-23.407209251122158,False
SBER-SBERF,3,2026-03-27,2026-04-01,5,13.06231680897163,16.103059581322743,16.015356187077867,-3.185930929018183,12.829425258059684,24.246575342465746,12.0,-23.41715008440606,False
SBER-SBERF,3,2026-06-15,2026-06-18,3,4.004929143561764,19.023462270133518,17.099507085643868,-14.479359211337869,2.620147874306,14.063013698630137,12.0,-23.442865824324137,False
SBER-SBERF,5,2026-04-07,2026-04-14,7,10.38160254192011,13.244615433130047,25.291156762198387,-2.8313461477954824,22.4598106144029,33.94520547945204,12.0,-23.48539486504914,False
SBER-SBERF,5,2026-04-06,2026-04-13,7,4.075490626371803,6.9444444444433095,25.246410433256003,-2.821493510564141,22.42491692269186,33.94520547945204,12.0,-23.520288556760182,False
SBER-SBERF,5,2026-08-10,2026-08-17,7,3.8691523039058318,8.487084870849593,24.36475553992262,-4.220893422441243,20.143862117481373,31.68219178082191,12.0,-23.538329663340537,False
SBER-SBERF,5,2026-07-20,2026-07-27,7,4.214720870532318,3.6431199679398674,20.27548948235565,0.3831564427774148,20.658645925133058,32.24794520547945,12.0,-23.589299280346395,False
SBER-SBERF,3,2026-03-02,2026-03-05,3,10.523630333567624,28.91826617516191,21.92646214682059,-18.49607755596426,3.4303845908563293,15.032876712328765,12.0,-23.602492121472437,False
SBER-SBERF,10,2026-07-23,2026-08-06,14,23.898941618298863,10.886742756803791,39.89454117825576,12.139144948977398,52.03368612723315,63.68767123287669,12.0,-23.653985105643535,False
SBER-SBERF,3,2026-05-28,2026-06-02,5,5.895128762023472,4.5906656465177775,10.524976729754886,1.2410797393738897,11.766056469128777,23.438356164383563,12.0,-23.672299695254786,False
SBER-SBERF,5,2026-06-01,2026-06-08,7,4.334499520108892,12.499999999999734,29.14827084429858,-8.049784823059255,21.098486021239328,32.81369863013699,12.0,-23.715212608897662,False
SBER-SBERF,10,2026-03-09,2026-03-23,14,18.337021814731624,15.46375485214746,55.586784698071455,2.8453999367680995,58.43218463483955,70.15342465753423,12.0,-23.72124002269468,False
SBER-SBERF,3,2026-08-07,2026-08-12,5,4.955752212389974,8.803126870664535,14.741946902654867,-3.8938053097349963,10.848141592919871,22.630136986301366,12.0,-23.781995393381493,False
SBER-SBERF,5,2026-06-24,2026-07-01,7,13.579756226813622,24.752475247524774,31.962109167991517,-11.5924748277697,20.369634340221822,32.24794520547945,12.0,-23.87831086525763,False
SBER-SBERF,10,2026-09-03,2026-09-17,14,8.958967926895323,10.51143571713542,52.907364271635906,-1.4334348683039047,51.473929403332,63.36438356164381,12.0,-23.89045415831181,False
SBER-SBERF,10,2026-03-30,2026-04-13,14,7.631645891630345,6.9444444444433095,55.35073772576952,0.6359704909704481,55.98670821673997,67.89041095890408,12.0,-23.903702742164114,False
SBER-SBERF,5,2026-08-05,2026-08-12,7,4.171156453127711,8.803126870664535,24.21564878862665,-4.518752824220357,19.69689596440629,31.68219178082191,12.0,-23.98529581641562,False
SBER-SBERF,10,2026-01-14,2026-01-28,14,39.85531515841689,30.305026681600733,51.3302967378927,9.04280259896784,60.37309933686054,72.41643835616436,12.0,-24.043339019303822,False
SBER-SBERF,10,2026-05-14,2026-05-28,14,15.114127082047624,5.895128762023472,44.243985194324495,9.253547193091036,53.49753238741553,65.62739726027397,12.0,-24.129864872858434,False
SBER-SBERF,5,2026-05-28,2026-06-04,7,5.895128762023472,8.051529790660261,22.838659633881477,-2.1718895439029837,20.666770089978492,32.81369863013699,12.0,-24.1469285401585,False
SBER-SBERF,5,2026-08-17,2026-08-24,7,8.487084870849593,17.438409023449175,28.333579335793356,-8.856088560885944,19.477490774907412,31.68219178082191,12.0,-24.204701005914497,False
SBER-SBERF,5,2026-08-28,2026-09-04,7,4.102334601328028,9.61949551090191,25.406877004549862,-5.967032147384507,19.439844857165355,31.68219178082191,12.0,-24.242346923656555,False
SBER-SBERF,5,2026-08-07,2026-08-14,7,4.955752212389974,10.97293343087058,25.050619469026547,-5.6637168141601775,19.386902654866372,31.68219178082191,12.0,-24.295289125955538,False
SBER-SBERF,20,2026-05-29,2026-06-29,31,16.221106154661324,-12.991230919129348,103.7233677511932,28.698880119785354,132.42224787097857,144.75205479452052,12.0,-24.329806923541952,False
SBER-SBERF,5,2026-07-22,2026-07-29,7,10.617321401484858,11.24410591222258,20.787198543910208,-1.1375701501603805,19.649628393749826,32.08630136986301,12.0,-24.436672976113183,False
SBER-SBERF,5,2026-02-24,2026-03-03,7,-20.559860825556385,-11.86543950229324,31.30950498181243,-8.85655543254698,22.452949549265455,35.07671232876712,12.0,-24.623762779501668,False
SBER-SBERF,5,2026-04-16,2026-04-23,7,8.070523963248366,6.719814288769221,19.94350633225726,1.2416190712678052,21.185125403525067,33.94520547945204,12.0,-24.760080075926975,False
SBER-SBERF,5,2026-05-06,2026-05-13,7,4.688965301657966,7.674597083653367,23.176305095342297,-3.1259768677701127,20.050328227572187,32.81369863013699,12.0,-24.763370402564803,False
SBER-SBERF,3,2026-05-29,2026-06-03,5,16.221106154661324,17.008380492933295,11.591228124902518,-0.9358330473852686,10.655395077517248,23.438356164383563,12.0,-24.782961086866315,False
SBER-SBERF,10,2026-05-25,2026-06-08,14,14.04582058805115,12.499999999999734,51.2497659029902,1.5606467320060982,52.8104126349963,65.62739726027397,12.0,-24.81698462527767,False
SBER-SBERF,5,2026-08-27,2026-09-03,7,2.961756321497866,8.958967926895323,25.06867572470475,-6.293732183185217,18.77494354151953,31.68219178082191,12.0,-24.90724823930238,False
SBER-SBERF,5,2026-05-08,2026-05-15,7,1.5605980211619297,1.8577001671937765,20.160429476575427,-0.312119604232058,19.848309872343368,32.81369863013699,12.0,-24.965388757793622,False
SBER-SBERF,3,2026-07-27,2026-07-30,3,3.6431199679398674,19.019751280175967,15.849393420525336,-15.301103865352937,0.5482895551724009,13.57808219178082,12.0,-25.02979263660842,False
SBER-SBERF,5,2026-05-13,2026-05-20,7,7.674597083653367,6.187161639596983,18.042363775901766,1.5349194167309708,19.577283192632734,32.81369863013699,12.0,-25.236415437504256,False
SBER-SBERF,3,2026-09-07,2026-09-10,3,0.7140816909467773,15.08560202077014,14.889317337903458,-14.63867466438047,0.2506426735229875,13.57808219178082,12.0,-25.327439518257833,False
SBER-SBERF,40,2026-07-13,2026-09-07,56,28.575316369574555,0.7140816909467773,213.33718873316099,27.894951694107814,241.23214042726877,254.58904109589022,12.0,-25.35690066862145,False
SBER-SBERF,3,2026-07-14,2026-07-17,3,23.76425855513231,70.73449557016164,43.88138240086909,-43.45464421509956,0.42673818576953015,13.820547945205478,12.0,-25.393809759435946,False
SBER-SBERF,40,2026-07-17,2026-09-11,56,70.73449557016164,10.941691373711482,181.0202915118605,59.65990282937835,240.6801943412389,254.26575342465736,12.0,-25.585559083418474,False
SBER-SBERF,10,2026-04-02,2026-04-16,14,11.066493818574497,8.070523963248366,51.445916463780954,2.845669839062568,54.29158630284353,67.89041095890408,12.0,-25.598824656060557,False
SBER-SBERF,10,2026-09-09,2026-09-23,14,5.414380594859214,10.32984255894931,54.75707479064395,-5.053421888535459,49.703652902108495,63.36438356164381,12.0,-25.660730659535318,False
SBER-SBERF,5,2026-01-09,2026-01-16,7,18.057784911715835,28.190501459273154,32.837413055109685,-10.366506153024982,22.4709069020847,36.20821917808219,12.0,-25.73731227599749,False
SBER-SBERF,10,2026-02-05,2026-02-19,14,2.3221098026193765,3.5128057737754403,59.49709736274672,-1.3269198872124885,58.17017747553424,71.93150684931504,12.0,-25.761329373780804,False
SBER-SBERF,10,2026-08-21,2026-09-04,14,10.609885486410064,9.61949551090191,48.836571177697294,0.7317162404433709,49.56828741814067,63.36438356164381,12.0,-25.796096143503142,False
SBER-SBERF,10,2026-05-21,2026-06-04,14,11.77235973852886,8.051529790660261,48.08172496050064,3.717587285851623,51.79931224635226,65.62739726027397,12.0,-25.828085013921708,False
SBER-SBERF,3,2026-05-27,2026-06-01,5,1.2403100775193465,4.334499520108892,12.63875968992248,-3.100775193797392,9.53798449612509,23.438356164383563,12.0,-25.900371668258472,False
SBER-SBERF,10,2026-09-10,2026-09-24,14,15.08560202077014,19.33197293523925,53.283749649172044,-3.859107493685575,49.424642155486474,63.36438356164381,12.0,-25.93974140615734,False
SBER-SBERF,10,2026-09-08,2026-09-22,14,2.507163323781647,6.767586821014859,53.58846704871061,-4.297994269341137,49.29047277936947,63.36438356164381,12.0,-26.07391078227434,False
SBER-SBERF,3,2026-06-11,2026-06-17,6,13.075965130759926,10.339317605037035,11.240037359900374,2.801992528020916,14.04202988792129,28.126027397260277,12.0,-26.083997509338985,False
SBER-SBERF,5,2026-04-27,2026-05-05,8,7.143078977609463,9.962640099625553,26.113233330227647,-2.7951178608023537,23.31811546942529,37.5013698630137,12.0,-26.18325439358841,False
SBER-SBERF,20,2026-02-27,2026-03-27,28,17.42546652726329,13.06231680897163,120.99071697874093,4.435573297848315,125.42629027658926,139.6602739726027,12.0,-26.233983696013453,False
SBER-SBERF,3,2026-04-03,2026-04-08,5,8.263149531226865,11.271133375079234,13.097409820435404,-3.1781344350855205,9.919275385349884,24.246575342465746,12.0,-26.327299957115862,False
SBER-SBERF,10,2026-04-14,2026-04-28,14,13.244615433130047,-0.6253517603649339,39.39484721390053,13.875311406134808,53.270158620035346,67.72876712328764,12.0,-26.458608503252293,False
SBER-SBERF,5,2026-01-20,2026-01-27,7,12.169851659376008,10.822510822510178,20.4219978291616,1.3156596388521025,21.7376574680137,36.20821917808219,12.0,-26.470561710068488,False
SBER-SBERF,3,2026-03-20,2026-03-25,5,10.307346326836608,16.402750615105433,16.11944027986007,-5.934532733634887,10.18490754622518,24.73150684931506,12.0,-26.54659930308988,False
SBER-SBERF,10,2026-08-04,2026-08-18,14,8.432888264229277,5.041048538094728,45.28706957132818,3.513703443428176,48.80077301475635,63.36438356164381,12.0,-26.56361054688746,False
SBER-SBERF,10,2026-08-25,2026-09-08,14,3.680529996319404,2.507163323781647,47.69635627530365,1.104158998896929,48.80051527420058,63.36438356164381,12.0,-26.563868287443235,False
SBER-SBERF,5,2026-06-29,2026-07-06,7,-12.991230919129348,20.75174883689801,50.81097759012667,-33.12763884377986,17.68333874634681,32.24794520547945,12.0,-26.564606459132644,False
SBER-SBERF,5,2026-06-05,2026-06-15,10,11.173531146217996,4.004929143561764,25.16806853099103,7.1386448989732205,32.306713429964255,46.87671232876712,12.0,-26.569998898802865,False
SBER-SBERF,3,2026-08-10,2026-08-13,3,3.8691523039058318,22.341537241901133,16.74287724234963,-17.938797045374283,-1.1959198030246543,13.57808219178082,12.0,-26.774001994805474,False
SBER-SBERF,10,2026-07-24,2026-08-07,14,13.826606875935177,4.955752212389974,40.214499252615845,8.59491778774358,48.80941704035942,63.60684931506847,12.0,-26.797432274709053,False
SBER-SBERF,3,2026-04-06,2026-04-09,3,4.075490626371803,20.78674687411519,16.334252931218256,-16.61546178443882,-0.28120885322056444,14.547945205479449,12.0,-26.829154058700013,False
SBER-SBERF,10,2026-08-11,2026-08-25,14,2.445842068483639,3.680529996319404,49.53738644304682,-1.0482180293511376,48.48916841369568,63.36438356164381,12.0,-26.875215147948133,False
SBER-SBERF,5,2026-09-03,2026-09-10,7,8.958967926895323,15.08560202077014,23.238129367496867,-6.450456907364516,16.78767246013235,31.68219178082191,12.0,-26.89451932068956,False
SBER-SBERF,20,2026-01-27,2026-02-25,29,10.822510822510178,-1.5746543633654575,121.10455201364293,12.462285189555903,133.56683720319882,148.55068493150688,12.0,-26.983847728308064,False
SBER-SBERF,3,2026-02-17,2026-02-20,3,-26.38607330179843,-10.509554140126776,15.742188756958523,-15.767287704733697,-0.025098947775174785,15.032876712328765,12.0,-27.057975660103942,False
SBER-SBERF,5,2026-04-28,2026-05-06,8,-0.6253517603649339,4.688965301657966,27.750297042086178,-5.315489963104744,22.434807078981432,37.5013698630137,12.0,-27.066562784032268,False
SBER-SBERF,3,2026-04-30,2026-05-06,6,4.690284856632143,4.688965301657966,13.035239673556175,-1.7774121778808672e-12,13.035239673554397,28.126027397260277,12.0,-27.09078772370588,False
SBER-SBERF,3,2026-05-20,2026-05-25,5,6.187161639596983,14.04582058805115,16.02722351121423,-7.733952049497294,8.293271461716937,23.438356164383563,12.0,-27.145084702666626,False
SBER-SBERF,10,2026-01-26,2026-02-09,14,4.2880232212949565,11.928034193697812,64.76135501533793,-7.586502622291723,57.17485239304621,72.41643835616436,12.0,-27.241585963118155,False
SBER-SBERF,3,2026-08-14,2026-08-19,5,10.97293343087058,17.009264620730935,13.45427944403804,-6.21799561082721,7.23628383321083,22.630136986301366,12.0,-27.393853153090536,False
SBER-SBERF,3,2026-06-18,2026-06-23,5,19.023462270133518,26.36632922105475,14.5570703868104,-6.658211794545959,7.898858592264441,23.35753424657534,12.0,-27.458675654310902,False
SBER-SBERF,40,2026-05-21,2026-07-17,57,11.77235973852886,70.73449557016164,299.2134204901019,-49.567830478018706,249.64559001208318,265.1767123287672,12.0,-27.531122316684048,False
SBER-SBERF,5,2026-01-13,2026-01-20,7,3.7008377350855604,12.169851659376008,29.406520203209634,-8.747434646571602,20.659085556638033,36.20821917808219,12.0,-27.549133621444156,False
SBER-SBERF,5,2026-09-17,2026-09-24,7,10.51143571713542,19.33197293523925,25.041864511218243,-9.06158251477038,15.980281996447863,31.68219178082191,12.0,-27.701909784374045,False
SBER-SBERF,10,2026-08-20,2026-09-03,14,7.377079414259136,8.958967926895323,49.28811183652392,-1.844269853565393,47.44384198295852,63.36438356164381,12.0,-27.920541578685295,False
SBER-SBERF,3,2026-02-11,2026-02-16,5,-5.559916274202603,1.9292604501619515,17.31325222396651,-7.522239665097403,9.791012558869106,25.863013698630134,12.0,-28.072001139761028,False
SBER-SBERF,3,2026-01-22,2026-01-27,5,9.143752857421195,10.822510822510178,11.357520736725228,-1.6328130102544367,9.724707726470792,25.863013698630134,12.0,-28.138305972159344,False
SBER-SBERF,20,2026-01-08,2026-02-05,28,16.442953020134876,2.3221098026193765,114.59496644295302,14.093959731544158,128.68892617449717,144.83287671232875,12.0,-28.143950537831586,False
SBER-SBERF,5,2026-04-02,2026-04-09,7,11.066493818574497,20.78674687411519,27.58149682233535,-9.801751667878785,17.779745154456563,33.94520547945204,12.0,-28.16546032499548,False
SBER-SBERF,3,2026-05-21,2026-05-26,5,11.77235973852886,18.747070770190888,14.054338734161528,-6.815576690726801,7.2387620434347255,23.438356164383563,12.0,-28.199594120948838,False
SBER-SBERF,5,2026-08-12,2026-08-19,7,8.803126870664535,17.009264620730935,23.207155181520474,-7.746751646185685,15.46040353533479,31.68219178082191,12.0,-28.22178824548712,False
SBER-SBERF,10,2026-05-13,2026-05-27,14,7.674597083653367,1.2403100775193465,42.93752877973907,6.446661550267983,49.38419033000705,65.62739726027397,12.0,-28.243206930266915,False
SBER-SBERF,10,2026-05-19,2026-06-02,14,8.954210022540376,4.5906656465177775,45.01775403711365,4.322722079848186,49.34047611696184,65.62739726027397,12.0,-28.286921143312128,False
SBER-SBERF,3,2026-09-09,2026-09-14,5,5.414380594859214,14.260869565219103,15.576090095293099,-9.384926364425633,6.191163730867465,22.630136986301366,12.0,-28.4389732554339,False
SBER-SBERF,3,2026-07-29,2026-08-03,5,11.24410591222258,17.058175485979987,12.332245194051506,-6.16612259702633,6.1661225970251765,22.630136986301366,12.0,-28.46401438927619,False
SBER-SBERF,3,2026-02-09,2026-02-12,3,11.928034193697812,33.4207077326365,20.83297438785991,-21.868062688447203,-1.0350883005872908,15.517808219178079,12.0,-28.55289651976537,False
SBER-SBERF,10,2026-03-16,2026-03-30,14,-0.6321112515794702,7.631645891630345,60.64917825537295,-8.217446270543329,52.43173198482962,69.02191780821917,12.0,-28.590185823389554,False
SBER-SBERF,5,2026-03-19,2026-03-26,7,-4.052748074944157,7.9133957964039325,29.799544845216197,-11.846494372915032,17.953050472301165,34.5917808219178,12.0,-28.638730349616637,False
SBER-SBERF,5,2026-03-13,2026-03-20,7,-2.526448760460376,10.307346326836608,31.326701405337126,-12.948049897362015,18.37865150797511,35.07671232876712,12.0,-28.698060820792012,False
SBER-SBERF,3,2026-04-16,2026-04-21,5,8.070523963248366,12.9842025535587,12.433262974919293,-4.966476285074751,7.466786689844543,24.246575342465746,12.0,-28.779788652621203,False
SBER-SBERF,3,2026-06-09,2026-06-15,6,2.492056569685097,4.004929143561764,12.875521774344278,-1.5575353560511658,11.317986418293112,28.126027397260277,12.0,-28.808040978967163,False
SBER-SBERF,3,2026-03-26,2026-03-31,5,7.9133957964039325,15.912418051047261,15.304824006077487,-7.913395796404153,7.391428209673334,24.246575342465746,12.0,-28.85514713279241,False
SBER-SBERF,3,2026-05-19,2026-05-22,3,8.954210022540376,24.809278670223645,12.94006854602155,-15.747059005156109,-2.8069904591345587,14.063013698630137,12.0,-28.870004157764697,False
SBER-SBERF,3,2026-02-05,2026-02-10,5,2.3221098026193765,14.196104324859515,20.901642063360423,-11.94227898490674,8.959363078453686,25.863013698630134,12.0,-28.90365062017645,False
SBER-SBERF,5,2026-04-17,2026-04-24,7,5.5577855312316515,8.610350871798289,20.056504152900857,-3.0876586284627394,16.968845524438116,33.94520547945204,12.0,-28.976359955013926,False
SBER-SBERF,10,2026-06-03,2026-06-18,15,17.008380492933295,19.023462270133518,54.793889352753816,-1.546216408448878,53.24767294430493,70.31506849315068,12.0,-29.067395548845745,False
SBER-SBERF,20,2026-03-02,2026-03-30,28,10.523630333567624,7.631645891630345,119.1134638688692,2.870081000064795,121.98354486893399,139.1753424657534,12.0,-29.191797596819413,False
SBER-SBERF,3,2026-02-25,2026-03-02,5,-1.5746543633654575,10.523630333567624,19.80001889585236,-11.96737316159089,7.832645734261474,25.054794520547944,12.0,-29.222148786286468,False
SBER-SBERF,10,2026-08-26,2026-09-09,14,2.618780396557163,5.414380594859214,49.05985783763561,-2.992891881780175,46.06696595585544,63.36438356164381,12.0,-29.297417605788375,False
SBER-SBERF,20,2026-07-30,2026-08-27,28,19.019751280175967,2.961756321497866,93.17446964155086,16.09363569861209,109.26810534016295,126.72876712328771,12.0,-29.460661783124763,False
SBER-SBERF,40,2026-01-28,2026-03-26,57,30.305026681600733,7.9133957964039325,248.58356940509915,22.06996508333935,270.65353448843854,288.2109589041098,12.0,-29.557424415671278,False
SBER-SBERF,10,2026-07-29,2026-08-12,14,11.24410591222258,8.803126870664535,43.59920203119333,2.1762785636562305,45.77548059484956,63.36438356164381,12.0,-29.58890296679425,False
SBER-SBERF,10,2026-04-03,2026-04-17,14,8.263149531226865,5.5577855312316515,47.70888288574607,2.542507548070584,50.25139043381666,67.89041095890408,12.0,-29.639020525087425,False
SBER-SBERF,5,2026-09-16,2026-09-23,7,-2.500535829106365,10.32984255894931,26.900764449524903,-12.859898549687676,14.040865899837224,31.68219178082191,12.0,-29.641325880984688,False
SBER-SBERF,20,2026-07-23,2026-08-20,28,23.898941618298863,7.377079414259136,93.08068737908273,16.311976025188983,109.39266340427172,127.05205479452059,12.0,-29.65939139024887,False
SBER-SBERF,20,2026-06-04,2026-07-03,29,8.051529790660261,11.952588067334347,120.4059829059829,-3.096742227177714,117.3092406788052,135.05342465753418,12.0,-29.744183978728984,False
SBER-SBERF,10,2026-07-22,2026-08-05,14,10.617321401484858,4.171156453127711,39.95032610344305,6.067040800848178,46.01736690429122,63.76849315068491,12.0,-29.75112624639369,False
SBER-SBERF,3,2026-05-15,2026-05-20,5,1.8577001671937765,6.187161639596983,9.881726422688711,-4.334633723449946,5.547092699238765,23.438356164383563,12.0,-29.8912634651448,False
SBER-SBERF,3,2026-05-08,2026-05-13,5,1.5605980211619297,7.674597083653367,11.77783326570742,-6.2423920846464815,5.535441181060938,23.438356164383563,12.0,-29.902914983322624,False
SBER-SBERF,10,2026-05-29,2026-06-15,17,16.221106154661324,4.004929143561764,49.54924041550988,12.16582961599608,61.71507003150596,79.6904109589041,12.0,-29.975340927398136,False
SBER-SBERF,3,2026-06-05,2026-06-10,5,11.173531146217996,25.16465763638731,19.277755361743072,-13.966913932772236,5.310841428970837,23.438356164383563,12.0,-30.127514735412724,False
SBER-SBERF,3,2026-06-29,2026-07-02,3,-12.991230919129348,18.26939046670084,26.519649236765186,-30.854173432932402,-4.334524196167217,13.820547945205478,12.0,-30.155072141372695,False
SBER-SBERF,10,2026-08-07,2026-08-21,14,4.955752212389974,10.609885486410064,50.509380530973445,-5.309734513275544,45.19964601769791,63.36438356164381,12.0,-30.164737543945904,False
SBER-SBERF,20,2026-01-12,2026-02-09,28,22.06177296429912,11.928034193697812,116.34911084369568,10.028078620134862,126.37718946383055,144.83287671232875,12.0,-30.455687248498208,False
SBER-SBERF,3,2026-07-20,2026-07-23,3,4.214720870532318,23.898941618298863,15.279895781447564,-19.924135024329733,-4.644239242882173,13.820547945205478,12.0,-30.46478718808765,False
SBER-SBERF,20,2026-06-03,2026-07-02,29,17.008380492933295,18.26939046670084,116.58533568358227,0.0,116.58533568358227,135.13424657534242,12.0,-30.548910891760144,False
SBER-SBERF,5,2026-04-20,2026-04-27,7,5.840762373194863,7.143078977609463,16.62342453120197,-1.2296341838309395,15.393790347371027,33.94520547945204,12.0,-30.551415132081015,False
SBER-SBERF,5,2026-08-06,2026-08-13,7,10.886742756803791,22.341537241901133,23.925899912203686,-10.886742756804294,13.039157155399392,31.68219178082191,12.0,-30.643034625422516,False
SBER-SBERF,20,2026-02-04,2026-03-05,29,30.60620022378835,28.91826617516191,127.8480221154479,0.6581978542762671,128.50621996972419,147.25753424657532,12.0,-30.751314276851133,False
SBER-SBERF,10,2026-04-23,2026-05-08,15,6.719814288769221,1.5605980211619297,46.96508751030881,5.192583768594519,52.15767127890332,70.96164383561641,12.0,-30.80397255671309,False
SBER-SBERF,5,2026-03-16,2026-03-23,7,-0.6321112515794702,15.46375485214746,32.36694058154235,-16.118836915296807,16.248103666245548,35.07671232876712,12.0,-30.828608662521575,False
SBER-SBERF,5,2026-07-10,2026-07-17,7,6.87639676809404,70.73449557016164,74.57692968884305,-61.19993123603138,13.376998452811666,32.24794520547945,12.0,-30.870946752667788,False
SBER-SBERF,5,2026-05-19,2026-05-26,7,8.954210022540376,18.747070770190888,23.357828758452463,-9.57174174823063,13.786087010221834,32.81369863013699,12.0,-31.027611619915156,False
SBER-SBERF,10,2026-05-07,2026-05-21,14,17.253819368197032,11.77235973852886,41.22909935062898,5.332998713806692,46.56209806443567,65.62739726027397,12.0,-31.065299195838293,False
SBER-SBERF,20,2026-03-23,2026-04-20,28,15.46375485214746,5.840762373194863,107.14425474169218,9.467605011519279,116.61185975321146,135.78082191780825,12.0,-31.168962164596792,False
SBER-SBERF,10,2026-04-21,2026-05-06,15,12.9842025535587,4.688965301657966,43.75923578693542,8.346987355857573,52.10622314279299,71.28493150684929,12.0,-31.1787083640563,False
SBER-SBERF,5,2026-02-18,2026-02-26,8,15.634971282705301,23.76425855513231,29.11359285258456,-8.296107211231362,20.817485641353198,40.08767123287671,12.0,-31.27018559152351,False
SBER-SBERF,3,2026-03-10,2026-03-13,3,-20.648030495553638,-2.526448760460376,13.674396442185516,-18.106734434563215,-4.4323379923777,15.032876712328765,12.0,-31.465214704706465,False
SBER-SBERF,10,2026-07-31,2026-08-14,14,10.487487342687452,10.97293343087058,44.23477506147837,-0.3616374945751087,43.87313756690326,63.36438356164381,12.0,-31.491245994740552,False
SBER-SBERF,40,2026-02-04,2026-04-02,57,30.60620022378835,11.066493818574497,247.36556308826434,19.087737773974332,266.4533008622386,285.94794520547947,12.0,-31.49464434324085,False
SBER-SBERF,3,2026-04-24,2026-04-29,5,8.610350871798289,17.807491642976014,13.321135336264954,-8.9178634029343,4.403271933330655,23.923287671232874,12.0,-31.52001573790222,False
SBER-SBERF,5,2026-01-12,2026-01-19,7,22.06177296429912,35.24142019629694,30.287137317823234,-13.70504078085389,16.582096536969345,36.20821917808219,12.0,-31.626122641112843,False
SBER-SBERF,10,2026-04-29,2026-05-14,15,17.807491642976014,15.114127082047624,48.16864006998032,2.4992970726995822,50.667937142679904,70.31506849315068,12.0,-31.647131350470772,False
SBER-SBERF,40,2026-02-12,2026-04-10,57,33.4207077326365,4.727536323236858,235.00819134993446,28.50589777195483,263.5140891218893,283.36164383561646,12.0,-31.847554713727163,False
SBER-SBERF,20,2026-03-04,2026-04-01,28,17.67920282867097,16.103059581322743,117.66730954676952,1.2857602057186361,118.95306975248815,138.85205479452054,12.0,-31.898985042032393,False
SBER-SBERF,3,2026-01-13,2026-01-16,3,3.7008377350855604,28.190501459273154,20.366719375567744,-24.896544763316818,-4.529825387749081,15.517808219178079,12.0,-32.047633606927164,False
SBER-SBERF,10,2026-04-22,2026-05-07,15,19.60183767228063,17.253819368197032,48.290045941807044,2.7565084226638588,51.04655436447091,71.12328767123286,12.0,-32.07673330676195,False
SBER-SBERF,10,2026-06-04,2026-06-19,15,8.051529790660261,11.507479861909697,53.13576117923944,-3.096742227177714,50.03901895206172,70.31506849315068,12.0,-32.27604954108896,False
SBER-SBERF,3,2026-01-06,2026-01-12,6,13.374348000536607,22.06177296429912,19.44429584057777,-8.69332620034553,10.750969640232244,31.03561643835616,12.0,-32.284646798123916,False
SBER-SBERF,5,2026-09-08,2026-09-15,7,2.507163323781647,17.198413534096346,26.438753581661892,-15.042979942691945,11.395773638969947,31.68219178082191,12.0,-32.28641814185196,False
SBER-SBERF,20,2026-01-28,2026-02-26,29,30.305026681600733,23.76425855513231,122.37565056986627,5.5998418868178375,127.97549245668411,148.38904109589043,12.0,-32.413548639206326,False
SBER-SBERF,10,2026-06-17,2026-07-01,14,10.339317605037035,24.752475247524774,57.94028260801454,-13.472444152019513,44.46783845599502,64.9,12.0,-32.432161544004984,False
SBER-SBERF,10,2026-04-16,2026-04-30,14,8.070523963248366,4.690284856632143,43.43028308914825,3.4144524459899936,46.84473553513824,67.40547945205476,12.0,-32.56074391691652,False
SBER-SBERF,5,2026-02-25,2026-03-04,7,-1.5746543633654575,17.67920282867097,33.31716688186943,-18.895852360404028,14.421314521465405,35.07671232876712,12.0,-32.65539780730172,False
SBER-SBERF,20,2026-08-03,2026-08-31,28,17.058175485979987,5.075222040964444,93.94399232382102,12.08287430257052,106.02686662639155,126.72876712328771,12.0,-32.70190049689616,False
SBER-SBERF,10,2026-04-06,2026-04-20,14,4.075490626371803,5.840762373194863,49.05856166530817,-1.8809956737100215,47.177565991598144,67.89041095890408,12.0,-32.71284496730594,False
SBER-SBERF,10,2026-06-01,2026-06-16,15,4.334499520108892,8.430913348944635,52.91742778414192,-4.024892411529628,48.89253537261229,70.31506849315068,12.0,-33.42253312053838,False
SBER-SBERF,10,2026-08-28,2026-09-11,14,4.102334601328028,10.941691373711482,49.23733870366227,-7.458790184231694,41.778548519430565,63.36438356164381,12.0,-33.58583504221325,False
SBER-SBERF,10,2026-05-28,2026-06-11,14,5.895128762023472,13.075965130759926,51.081911262798634,-7.136208501396779,43.94570276140185,65.62739726027397,12.0,-33.68169449887212,False
SBER-SBERF,10,2026-05-05,2026-05-19,14,9.962640099625553,8.954210022540376,43.00840597758406,0.9339975093391256,43.94240348692319,65.62739726027397,12.0,-33.684993773350776,False
SBER-SBERF,5,2026-09-07,2026-09-14,7,0.7140816909467773,14.260869565219103,23.836046843758925,-13.924592973435676,9.911453870323252,31.68219178082191,12.0,-33.77073791049866,False
SBER-SBERF,3,2026-05-13,2026-05-18,5,7.674597083653367,19.063432032715433,12.685188027628548,-11.35840368380674,1.326784343821809,23.438356164383563,12.0,-34.11157182056175,False
SBER-SBERF,3,2026-04-28,2026-05-04,6,-0.6253517603649339,12.430467074799889,18.910949909323996,-13.132386967668035,5.778562941655963,28.126027397260277,12.0,-34.34746445560431,False
SBER-SBERF,20,2026-08-13,2026-09-10,28,22.341537241901133,15.08560202077014,97.49054088140969,6.8466001225180255,104.33714100392771,126.72876712328771,12.0,-34.39162611936,False
SBER-SBERF,3,2026-03-19,2026-03-24,5,-4.052748074944157,10.404514928901154,16.62000810549615,-14.340493188265098,2.2795149172310536,24.893150684931506,12.0,-34.61363576770045,False
SBER-SBERF,20,2026-07-28,2026-08-25,28,13.578978273633968,3.680529996319404,94.18893129770991,9.908984145624698,104.09791544333461,126.72876712328771,12.0,-34.630851679953096,False
SBER-SBERF,20,2026-01-22,2026-02-19,28,9.143752857421195,3.5128057737754403,116.13545816733068,5.551564234862487,121.68702240219316,144.3479452054795,12.0,-34.66092280328634,False
SBER-SBERF,10,2026-07-27,2026-08-10,14,3.6431199679398674,3.8691523039058318,41.04229662282779,-0.36431199679579396,40.677984626032,63.36438356164381,12.0,-34.68639893561181,False
SBER-SBERF,10,2026-04-07,2026-04-21,14,10.38160254192011,12.9842025535587,47.98219397867052,-2.8313461477954824,45.150847830875044,67.89041095890408,12.0,-34.73956312802904,False
SBER-SBERF,10,2026-04-30,2026-05-15,15,4.690284856632143,1.8577001671937765,44.61586567024171,2.8141709139793933,47.4300365842211,70.31506849315068,12.0,-34.88503190892958,False
SBER-SBERF,20,2026-08-21,2026-09-18,28,10.609885486410064,10.479150104789614,103.43760289759632,2.0796626371348926e-12,103.4376028975984,126.72876712328771,12.0,-35.291164225689315,False
SBER-SBERF,10,2026-06-05,2026-06-22,17,11.173531146217996,8.280064915708873,52.783761134734156,3.4141345169003894,56.19789565163455,79.6904109589041,12.0,-35.49251530726954,False
SBER-SBERF,5,2026-06-09,2026-06-17,8,2.492056569685097,10.339317605037035,21.76094947355305,-7.787676780261142,13.973272693291909,37.5013698630137,12.0,-35.52809716972179,False
SBER-SBERF,5,2026-06-16,2026-06-23,7,8.430913348944635,26.36632922105475,26.0512099921936,-16.861826697892912,9.189383294300688,32.73287671232877,12.0,-35.54349341802808,False
SBER-SBERF,10,2026-01-23,2026-02-06,14,4.56204379561953,16.30018961445101,59.73214285714287,-11.405109489051835,48.32703336809103,72.41643835616436,12.0,-36.08940498807333,False
SBER-SBERF,10,2026-02-18,2026-03-05,15,15.634971282705301,28.91826617516191,64.47383535417997,-13.401403956603671,51.07243139757629,75.16438356164382,12.0,-36.09195216406753,False
SBER-SBERF,3,2026-03-11,2026-03-16,5,-14.599003459327964,-0.6321112515794702,14.882414548224318,-13.964264178488616,0.9181503697357037,25.054794520547944,12.0,-36.136644150812245,False
SBER-SBERF,10,2026-03-13,2026-03-27,14,-2.526448760460376,13.06231680897163,60.82393810200538,-15.474498657824384,45.34943944418099,69.50684931506848,12.0,-36.15740987088749,False
SBER-SBERF,20,2026-03-12,2026-04-09,28,19.280002528525575,20.78674687411519,114.93346818799583,-1.5803280761089595,113.35314011188687,137.5589041095891,12.0,-36.20576399770222,False
SBER-SBERF,20,2026-03-31,2026-04-28,28,15.912418051047261,-0.6253517603649339,94.85456049901342,16.548914773088338,111.40347527210174,135.6191780821918,12.0,-36.215702810090065,False
SBER-SBERF,10,2026-07-30,2026-08-13,14,19.019751280175967,22.341537241901133,42.7037307973665,-3.6576444769555927,39.04608632041091,63.36438356164381,12.0,-36.318297241232905,False
SBER-SBERF,20,2026-07-29,2026-08-26,28,11.24410591222258,2.618780396557163,93.6753717809213,8.705114254624922,102.38048603554621,126.72876712328771,12.0,-36.3482810877415,False
SBER-SBERF,5,2026-08-25,2026-09-01,7,3.680529996319404,20.20498879541588,23.771071034228928,-16.562384983437198,7.208686050791733,31.68219178082191,12.0,-36.473505730030176,False
SBER-SBERF,10,2026-03-26,2026-04-09,14,7.9133957964039325,20.78674687411519,56.36711825778678,-12.977969106103602,43.38914915168318,67.89041095890408,12.0,-36.50126180722091,False
SBER-SBERF,10,2026-08-31,2026-09-14,14,5.075222040964444,14.260869565219103,48.65071596882363,-9.787928221861106,38.86278774696253,63.36438356164381,12.0,-36.50159581468128,False
SBER-SBERF,20,2026-06-05,2026-07-06,31,11.173531146217996,20.75174883689801,127.62717651075454,-8.069772494490545,119.55740401626399,144.18630136986297,12.0,-36.62889735359899,False
SBER-SBERF,5,2026-07-27,2026-08-03,7,3.6431199679398674,17.058175485979987,20.878356224270462,-13.843855878175972,7.034500346094491,31.68219178082191,12.0,-36.64769143472742,False
SBER-SBERF,10,2026-08-10,2026-08-24,14,3.8691523039058318,17.438409023449175,51.37284558564895,-12.66268026732373,38.710165318325224,63.36438356164381,12.0,-36.65421824331859,False
SBER-SBERF,10,2026-06-02,2026-06-17,15,4.5906656465177775,10.339317605037035,51.053710788064265,-5.508798775822703,45.54491201224157,70.31506849315068,12.0,-36.77015648090911,False
SBER-SBERF,5,2026-01-27,2026-02-03,7,10.822510822510178,29.95293110825914,30.29187983733438,-19.021382657747637,11.270497179586746,36.20821917808219,12.0,-36.93772199849544,False
SBER-SBERF,5,2026-05-11,2026-05-18,7,7.413127413127274,19.063432032715433,19.537915057915058,-11.737451737451597,7.800463320463461,32.81369863013699,12.0,-37.01323530967353,False
SBER-SBERF,20,2026-03-20,2026-04-17,28,10.307346326836608,5.5577855312316515,106.35525987006496,4.685157421288644,111.0404172913536,136.26575342465756,12.0,-37.225336133303955,False
SBER-SBERF,10,2026-03-19,2026-04-02,14,-4.052748074944157,11.066493818574497,58.119836643077605,-14.963992892103944,43.15584375097365,68.53698630136984,12.0,-37.381142550396184,False
SBER-SBERF,10,2026-03-04,2026-03-18,14,17.67920282867097,30.264266325543687,58.209900353584054,-13.500482160079482,44.709418193504575,70.15342465753423,12.0,-37.444006464029655,False
SBER-SBERF,20,2026-08-24,2026-09-21,28,17.438409023449175,19.834114677246273,104.1670376966459,-2.968239833777979,101.19879786286792,126.72876712328771,12.0,-37.52996926041979,False
SBER-SBERF,20,2026-05-22,2026-06-22,31,24.809278670223645,8.280064915708873,102.69769893940332,17.056379085778435,119.75407802518177,145.31780821917803,12.0,-37.563730193996264,False
SBER-SBERF,3,2026-01-21,2026-01-26,5,-8.15687298117429,4.2880232212949565,12.66272961597442,-12.398446931384235,0.26428268459018395,25.863013698630134,12.0,-37.59873101403995,False
SBER-SBERF,10,2026-05-06,2026-05-20,14,4.688965301657966,6.187161639596983,41.54860894029384,-1.5629884338841677,39.985620506409674,65.62739726027397,12.0,-37.64177675386429,False
SBER-SBERF,5,2026-02-19,2026-02-27,8,3.5128057737754403,17.42546652726329,28.1420450916523,-14.051223095101161,14.090821996551137,40.08767123287671,12.0,-37.99684923632557,False
SBER-SBERF,5,2026-05-27,2026-06-03,7,1.2403100775193465,17.008380492933295,22.327751937984498,-15.813953488371812,6.513798449612685,32.81369863013699,12.0,-38.299900180524304,False
SBER-SBERF,20,2026-08-20,2026-09-17,28,7.377079414259136,10.51143571713542,103.74497436464902,-3.3196857364181263,100.42528862823092,126.72876712328771,12.0,-38.303478495056794,False
SBER-SBERF,20,2026-08-10,2026-09-07,28,3.8691523039058318,0.7140816909467773,97.23672177277524,3.1656700668299327,100.40239183960516,126.72876712328771,12.0,-38.32637528368255,False
SBER-SBERF,20,2026-07-31,2026-08-28,28,10.487487342687452,4.102334601328028,93.88037031679445,6.509474902358123,100.38984521915256,126.72876712328771,12.0,-38.33892190413515,False
SBER-SBERF,5,2026-05-12,2026-05-19,7,-2.1410001529287292,8.954210022540376,17.231075087933938,-11.010857929347413,6.220217158586523,32.81369863013699,12.0,-38.59348147155047,False
SBER-SBERF,40,2026-02-03,2026-04-01,57,29.95293110825914,16.103059581322743,246.45699614890884,13.1661235640689,259.62311971297777,286.27123287671236,12.0,-38.64811316373459,False
SBER-SBERF,3,2026-08-27,2026-09-01,5,2.961756321497866,20.20498879541588,13.33604827662804,-17.40031838880557,-4.064270112177531,22.630136986301366,12.0,-38.6944070984789,False
SBER-SBERF,5,2026-07-09,2026-07-16,7,35.30929585115583,109.01739946574284,72.68554355944863,-67.22346710124516,5.462076458203472,32.24794520547945,12.0,-38.785868747275984,False
SBER-SBERF,3,2026-09-16,2026-09-21,5,-2.500535829106365,19.834114677246273,17.989211973994426,-22.14760305779826,-4.158391083803836,22.630136986301366,12.0,-38.7885280701052,False
SBER-SBERF,20,2026-08-28,2026-09-25,28,4.102334601328028,10.493938845665962,106.63757738494817,-6.71291116580704,99.92466621914114,126.72876712328771,12.0,-38.804100904146566,False
SBER-SBERF,10,2026-04-13,2026-04-27,14,6.9444444444433095,7.143078977609463,41.04545454545455,-0.3156565656580728,40.729797979796466,67.89041095890408,12.0,-39.16061297910762,False
SBER-SBERF,20,2026-04-09,2026-05-08,29,20.78674687411519,1.5605980211619297,92.43330918711223,19.211993323045373,111.64530251015759,138.8520547945205,12.0,-39.20675228436292,False
SBER-SBERF,10,2026-08-18,2026-09-01,14,5.041048538094728,20.20498879541588,50.89118536655624,-14.763070718710392,36.12811464784585,63.36438356164381,12.0,-39.236268913797964,False
SBER-SBERF,10,2026-08-27,2026-09-10,14,2.961756321497866,15.08560202077014,49.075932027692424,-12.95768390655743,36.11824812113499,63.36438356164381,12.0,-39.24613544050882,False
SBER-SBERF,20,2026-08-25,2026-09-22,28,3.680529996319404,6.767586821014859,102.76407802723593,-3.312476996686603,99.45160103054933,126.72876712328771,12.0,-39.27716609273838,False
SBER-SBERF,5,2026-04-24,2026-05-04,10,8.610350871798289,12.430467074799889,23.736277253298073,-3.6901503736261168,20.046126879671956,47.36164383561643,12.0,-39.315516955944474,False
SBER-SBERF,10,2026-04-10,2026-04-24,14,4.727536323236858,8.610350871798289,44.5579753537773,-4.0971981468074095,40.460777206969894,67.89041095890408,12.0,-39.42963375193419,False
SBER-SBERF,20,2026-01-09,2026-02-06,28,18.057784911715835,16.30018961445101,115.72799625468163,1.6720171214538029,117.40001337613545,144.83287671232875,12.0,-39.43286333619331,False
SBER-SBERF,3,2026-04-17,2026-04-22,5,5.5577855312316515,19.60183767228063,10.871954796677677,-14.20322969092474,-3.3312748942470605,24.246575342465746,12.0,-39.577850236712806,False
SBER-SBERF,10,2026-05-04,2026-05-18,14,12.430467074799889,19.063432032715433,44.666708101556914,-6.836756891141032,37.82995121041588,65.62739726027397,12.0,-39.79744604985809,False
SBER-SBERF,10,2026-04-28,2026-05-13,15,-0.6253517603649339,7.674597083653367,50.932399474704525,-8.442248764929705,42.49015070977482,70.31506849315068,12.0,-39.82491778337586,False
SBER-SBERF,20,2026-08-31,2026-09-28,28,5.075222040964444,11.011194714627415,104.5858256298713,-5.8002537611029545,98.78557186876834,126.72876712328771,12.0,-39.94319525451937,False
SBER-SBERF,20,2026-05-26,2026-06-24,29,18.747070770190888,13.579756226813622,101.67036400562412,5.936572410560779,107.60693641618491,135.7808219178082,12.0,-40.17388550162329,False
SBER-SBERF,3,2026-06-26,2026-07-01,5,2.005481649842711,24.752475247524774,18.22681997459723,-23.3972859148335,-5.170465940236268,23.034246575342465,12.0,-40.204712515578734,False
SBER-SBERF,10,2026-08-05,2026-08-19,14,4.171156453127711,17.009264620730935,47.124335221940285,-12.165872988286793,34.95846223365349,63.36438356164381,12.0,-40.40592132799032,False
SBER-SBERF,20,2026-08-12,2026-09-09,28,8.803126870664535,5.414380594859214,94.79101376809042,3.5212507482665845,98.31226451635702,126.72876712328771,12.0,-40.41650260693069,False
SBER-SBERF,20,2026-08-06,2026-09-03,28,10.886742756803791,8.958967926895323,96.16470588235293,2.1071115013170245,98.27181738366997,126.72876712328771,12.0,-40.45694973961774,False
SBER-SBERF,20,2026-08-14,2026-09-11,28,10.97293343087058,10.941691373711482,98.50219458668617,-0.3657644476953514,98.13643013899083,126.72876712328771,12.0,-40.59233698429688,False
SBER-SBERF,10,2026-09-07,2026-09-21,14,0.7140816909467773,19.834114677246273,53.68466152527849,-18.923164810053297,34.7614967152252,63.36438356164381,12.0,-40.60288684641861,False
SBER-SBERF,20,2026-03-16,2026-04-13,28,-0.6321112515794702,6.9444444444433095,115.66403286978507,-7.585335018961828,108.07869785082325,136.91232876712334,12.0,-40.833630916300095,False
SBER-SBERF,20,2026-05-28,2026-06-26,29,5.895128762023472,2.005481649842711,102.74185541421036,4.033509152962936,106.7753645671733,135.61917808219175,12.0,-40.843813515018454,False
SBER-SBERF,10,2026-05-20,2026-06-03,14,6.187161639596983,17.008380492933295,47.363650425367354,-10.827532869296915,36.536117556070444,65.62739726027397,12.0,-41.09127970420352,False
SBER-SBERF,20,2026-08-26,2026-09-23,28,2.618780396557163,10.32984255894931,105.81219603441825,-8.230452674896013,97.58174335952224,126.72876712328771,12.0,-41.147023763765475,False
SBER-SBERF,5,2026-04-15,2026-04-22,7,2.8045246330732354,19.60183767228063,21.64095852419681,-17.138761646567925,4.5021968776288865,33.94520547945204,12.0,-41.44300860182315,False
SBER-SBERF,10,2026-01-13,2026-01-27,14,3.7008377350855604,10.822510822510178,50.295730579012876,-7.4016754701755305,42.89405510883735,72.41643835616436,12.0,-41.522383247327014,False
SBER-SBERF,40,2026-01-14,2026-03-12,57,39.85531515841689,19.280002528525575,241.92812646526895,19.425279657042807,261.35340612231175,290.95890410958924,12.0,-41.60549798727749,False
SBER-SBERF,20,2026-05-18,2026-06-16,29,19.063432032715433,8.430913348944635,95.38634197337267,10.761614857178696,106.14795683055137,135.9424657534246,12.0,-41.79450892287325,False
SBER-SBERF,20,2026-03-13,2026-04-10,28,-2.526448760460376,4.727536323236858,114.72666982472762,-7.263540186324376,107.46312963840326,137.39726027397265,12.0,-41.93413063556939,False
SBER-SBERF,3,2026-01-09,2026-01-14,5,18.057784911715835,39.85531515841689,17.544810058855003,-21.736222578920348,-4.191412520065345,25.863013698630134,12.0,-42.05442621869548,False
SBER-SBERF,20,2026-06-01,2026-06-30,29,4.334499520108892,4.868707195950783,105.40976500820459,-0.30960710858069124,105.1001578996239,135.29589041095886,12.0,-42.19573251133497,False
SBER-SBERF,40,2026-07-10,2026-09-04,56,6.87639676809404,9.61949551090191,226.8248237923328,-2.406738868832497,224.4180849235003,254.83150684931485,12.0,-42.41342192581456,False
SBER-SBERF,20,2026-07-24,2026-08-21,28,13.826606875935177,10.609885486410064,93.53624813153961,2.989536621823022,96.52578475336261,126.97123287671238,12.0,-42.44544812334976,False
SBER-SBERF,10,2026-04-24,2026-05-11,17,8.610350871798289,7.413127413127274,48.48457824656355,1.2300501245432043,49.714628371106755,80.1753424657534,12.0,-42.46071409464665,False
SBER-SBERF,40,2026-01-13,2026-03-11,57,3.7008377350855604,-14.599003459327964,241.0140295394139,19.17706826363208,260.19109780304603,291.12054794520566,12.0,-42.929450142159624,False
SBER-SBERF,20,2026-04-29,2026-05-28,29,17.807491642976014,5.895128762023472,92.98072417132681,11.871661095318577,104.8523852666454,135.9424657534246,12.0,-43.090080486779215,False
SBER-SBERF,10,2026-06-09,2026-06-24,15,2.492056569685097,13.579756226813622,49.306896766556605,-10.27973334994478,39.02716341661183,70.15342465753423,12.0,-43.1262612409224,False
SBER-SBERF,10,2026-05-11,2026-05-25,14,7.413127413127274,14.04582058805115,40.93065637065637,-6.4864864864858545,34.44416988417051,65.62739726027397,12.0,-43.18322737610345,False
SBER-SBERF,3,2026-02-02,2026-02-05,3,-36.16517622304083,2.3221098026193765,22.792280378748025,-38.466596528143604,-15.674316149395576,15.517808219178079,12.0,-43.19212436857366,False
SBER-SBERF,3,2026-03-03,2026-03-06,3,-11.86543950229324,25.148023174381695,21.01882435942661,-37.19975627745968,-16.180931918033064,15.032876712328765,12.0,-43.213808630361825,False
SBER-SBERF,20,2026-08-05,2026-09-02,28,4.171156453127711,4.010500218754043,95.04466613368557,0.34759637109356967,95.39226250477914,126.72876712328771,12.0,-43.33650461850857,False
SBER-SBERF,10,2026-04-08,2026-04-22,14,11.271133375079234,19.60183767228063,45.1208515967439,-8.766437069504468,36.35441452723943,67.89041095890408,12.0,-43.53599643166466,False
SBER-SBERF,40,2026-07-14,2026-09-08,56,23.76425855513231,2.507163323781647,201.41940521455734,21.387832699619615,222.80723791417694,254.50821917808202,12.0,-43.70098126390508,False
SBER-SBERF,20,2026-08-11,2026-09-08,28,2.445842068483639,2.507163323781647,94.8172606568833,0.0,94.8172606568833,126.72876712328771,12.0,-43.911506466404404,False
SBER-SBERF,5,2026-01-30,2026-02-06,7,-14.724167266539911,16.30018961445101,34.935868071461286,-30.757149401217124,4.178718670244166,36.20821917808219,12.0,-44.02950050783802,False
SBER-SBERF,20,2026-02-19,2026-03-20,29,3.5128057737754403,10.307346326836608,120.26697323880693,-7.025611547549673,113.24136169125725,145.31780821917806,12.0,-44.07644652792081,False
SBER-SBERF,5,2026-02-11,2026-02-18,7,-5.559916274202603,15.634971282705301,25.327708006279433,-21.58555729984383,3.742150706435603,35.88493150684931,12.0,-44.14278080041371,False
SBER-SBERF,20,2026-03-27,2026-04-24,28,13.06231680897163,8.610350871798289,99.42047916401172,4.141710207722552,103.56218937173428,135.78082191780825,12.0,-44.21863254607398,False
SBER-SBERF,20,2026-05-07,2026-06-04,28,17.253819368197032,8.051529790660261,89.91718166703265,9.097468394140618,99.01465006117327,131.2547945205479,12.0,-44.24014445937463,False
SBER-SBERF,20,2026-08-17,2026-09-14,28,8.487084870849593,14.260869565219103,101.08302583025831,-6.642066420664459,94.44095940959384,126.72876712328771,12.0,-44.287807713693866,False
SBER-SBERF,20,2026-03-24,2026-04-21,28,10.404514928901154,12.9842025535587,105.8996752530189,-2.8375949806089786,103.06208027240991,135.78082191780825,12.0,-44.71874164539834,False
SBER-SBERF,10,2026-04-20,2026-05-05,15,5.840762373194863,9.962640099625553,42.470949892407006,-3.9963110974483693,38.474638794958636,71.44657534246572,12.0,-44.971936547507084,False
SBER-SBERF,10,2026-06-08,2026-06-23,15,12.499999999999734,26.36632922105475,50.06281249999999,-12.812500000000782,37.25031249999922,70.23424657534245,12.0,-44.983934075343235,False
SBER-SBERF,20,2026-02-06,2026-03-09,31,16.30018961445101,18.337021814731624,126.88699644057083,-2.993912378163567,123.89308406240727,156.95616438356166,12.0,-45.06308032115439,False
SBER-SBERF,20,2026-04-02,2026-04-30,28,11.066493818574497,4.690284856632143,95.68501596736965,6.323710753471574,102.00872672084122,135.29589041095892,12.0,-45.287163690117694,False
SBER-SBERF,20,2026-08-07,2026-09-04,28,4.955752212389974,9.61949551090191,97.76070796460176,-4.601769911504264,93.15893805309751,126.72876712328771,12.0,-45.569829070190195,False
SBER-SBERF,5,2026-02-05,2026-02-12,7,2.3221098026193765,33.4207077326365,34.101509371371705,-31.514347321281985,2.5871620500897157,36.20821917808219,12.0,-45.62105712799247,False
SBER-SBERF,10,2026-02-19,2026-03-06,15,3.5128057737754403,25.148023174381695,62.895190649549725,-21.715526601520306,41.179664048029416,75.16438356164382,12.0,-45.9847195136144,False
SBER-SBERF,20,2026-05-14,2026-06-11,28,15.114127082047624,13.075965130759926,95.02652683528687,2.1591610117209497,97.18568784700783,131.2547945205479,12.0,-46.06910667354008,False
SBER-SBERF,20,2026-05-21,2026-06-19,29,11.77235973852886,11.507479861909697,101.23888596300999,0.6195978809746836,101.85848384398469,135.9424657534246,12.0,-46.08398190943993,False
SBER-SBERF,10,2026-05-15,2026-05-29,14,1.8577001671937765,16.221106154661324,45.78023407022106,-14.24236794847915,31.537866121741917,65.62739726027397,12.0,-46.08953113853205,False
SBER-SBERF,20,2026-03-26,2026-04-23,28,7.9133957964039325,6.719814288769221,100.59540389972143,0.9496074955676346,101.54501139528908,135.78082191780825,12.0,-46.235810522519174,False
SBER-SBERF,20,2026-05-04,2026-06-01,28,12.430467074799889,4.334499520108892,87.95798502128717,8.079803598619936,96.0377886199071,131.2547945205479,12.0,-47.2170059006408,False
SBER-SBERF,10,2026-05-27,2026-06-10,14,1.2403100775193465,25.16465763638731,54.17395348837209,-23.875968992247497,30.297984496124595,65.62739726027397,12.0,-47.32941276414937,False
SBER-SBERF,3,2026-02-24,2026-02-27,3,-20.559860825556385,17.42546652726329,17.61885181084928,-37.956666139490395,-20.33781432864111,15.032876712328765,12.0,-47.370691040969874,False
SBER-SBERF,20,2026-04-13,2026-05-12,29,6.9444444444433095,-2.1410001529287292,93.4090909090909,9.154040404039256,102.56313131313016,138.20547945205473,12.0,-47.642348138924575,False
SBER-SBERF,5,2026-05-15,2026-05-22,7,1.8577001671937765,24.809278670223645,19.975540281131956,-22.9116353953808,-2.9360951142488414,32.81369863013699,12.0,-47.74979374438583,False
SBER-SBERF,10,2026-07-20,2026-08-03,14,4.214720870532318,17.058175485979987,42.23380206138166,-14.176788382696829,28.057013678684832,63.930136986301356,12.0,-47.873123307616524,False
SBER-SBERF,20,2026-01-13,2026-02-10,28,3.7008377350855604,14.196104324859515,119.09935067119739,-10.766073411164754,108.33327726003263,144.83287671232875,12.0,-48.499599452296124,False
SBER-SBERF,40,2026-02-26,2026-04-23,56,23.76425855513231,6.719814288769221,222.09854245880862,16.793409378959844,238.89195183776846,275.6027397260273,12.0,-48.710787888258864,False
SBER-SBERF,40,2026-02-06,2026-04-06,59,16.30018961445101,4.075490626371803,246.25827484115632,11.97564951265805,258.23392435381436,295.0,12.0,-48.76607564618564,False
SBER-SBERF,40,2026-05-15,2026-07-13,59,1.8577001671937765,28.575316369574555,261.7716267261131,-24.15010217351011,237.62152455260298,274.8753424657534,12.0,-49.25381791315044,False
SBER-SBERF,3,2026-01-23,2026-01-28,5,4.56204379561953,30.305026681600733,13.999283107403546,-25.417101147029115,-11.417818039625573,25.863013698630134,12.0,-49.280831738255706,False
SBER-SBERF,20,2026-03-25,2026-04-22,28,16.402750615105433,19.60183767228063,102.23645195886695,-3.785250141945231,98.45120181692172,135.78082191780825,12.0,-49.32962010088653,False
SBER-SBERF,20,2026-05-05,2026-06-02,28,9.962640099625553,4.5906656465177775,88.40037359900374,5.292652552927021,93.69302615193077,131.2547945205479,12.0,-49.56176836861714,False
SBER-SBERF,40,2026-07-15,2026-09-09,56,26.728686475980812,5.414380594859214,195.26520410996946,21.521799500140983,216.78700361011047,254.4273972602738,12.0,-49.64039365016333,False
SBER-SBERF,5,2026-01-06,2026-01-14,8,13.374348000536607,39.85531515841689,30.13073425170523,-26.414337301055358,3.7163969506498726,41.38082191780821,12.0,-49.66442496715834,False
SBER-SBERF,3,2026-02-13,2026-02-18,5,-10.37109058499408,15.634971282705301,13.893372224923025,-26.251823043266963,-12.35845081834394,25.539726027397258,12.0,-49.8981768457412,False
SBER-SBERF,10,2026-04-15,2026-04-29,14,2.8045246330732354,17.807491642976014,44.40902433704154,-14.957464709734039,29.4515596273075,67.56712328767121,12.0,-50.115563660363705,False
SBER-SBERF,40,2026-03-05,2026-04-30,56,28.91826617516191,4.690284856632143,211.5765221812635,24.151519003431765,235.7280411846953,273.9863013698631,12.0,-50.25826018516781,False
SBER-SBERF,20,2026-02-25,2026-03-25,28,-1.5746543633654575,16.402750615105433,119.60791106352157,-17.951059742386335,101.65685132113524,139.98356164383557,12.0,-50.326710322700336,False
SBER-SBERF,20,2026-08-18,2026-09-15,28,5.041048538094728,17.198413534096346,100.87750252052426,-12.60262134523858,88.27488117528569,126.72876712328771,12.0,-50.453885948002025,False
SBER-SBERF,20,2026-08-27,2026-09-24,28,2.961756321497866,19.33197293523925,105.30487579134427,-17.030098848618575,88.27477694272568,126.72876712328771,12.0,-50.45399018056203,False
SBER-SBERF,5,2026-02-17,2026-02-25,8,-26.38607330179843,-1.5746543633654575,26.15696495800753,-24.77716639315374,1.3797985648537954,40.08767123287671,12.0,-50.707872668022915,False
SBER-SBERF,40,2026-01-16,2026-03-16,59,28.190501459273154,-0.6321112515794702,233.0601618466437,28.853807375961946,261.91396922260566,300.6575342465756,12.0,-50.74356502396995,False
SBER-SBERF,20,2026-03-30,2026-04-27,28,7.631645891630345,7.143078977609463,96.69899516662426,0.3179852454843203,97.01698041210858,135.78082191780825,12.0,-50.76384150569967,False
SBER-SBERF,10,2026-01-20,2026-02-03,14,12.169851659376008,29.95293110825914,50.80255237969938,-17.761405124494967,33.04114725520441,72.41643835616436,12.0,-51.375291100959956,False
SBER-SBERF,20,2026-03-19,2026-04-16,28,-4.052748074944157,8.070523963248366,108.84403154908502,-12.158244224833568,96.68578732425145,136.427397260274,12.0,-51.741609936022556,False
SBER-SBERF,3,2026-03-13,2026-03-18,5,-2.526448760460376,30.264266325543687,18.283909679456816,-33.159639981051996,-14.87573030159518,25.054794520547944,12.0,-51.93052482214313,False
SBER-SBERF,20,2026-05-27,2026-06-25,29,1.2403100775193465,11.519176040113432,104.81581395348837,-9.302325581393939,95.51348837209443,135.69999999999996,12.0,-52.18651162790553,False
SBER-SBERF,20,2026-04-22,2026-05-21,29,19.60183767228063,11.77235973852886,88.54303215926492,7.963246554364193,96.50627871362913,136.7506849315068,12.0,-52.24440621787768,False
SBER-SBERF,3,2026-01-29,2026-02-03,5,-1.620640477114632,29.95293110825914,16.58563464281084,-31.11629716063722,-14.530662517826382,25.863013698630134,12.0,-52.39367621645651,False
SBER-SBERF,40,2026-02-09,2026-04-07,57,11.928034193697812,10.38160254192011,242.8309201153043,0.9940028494758145,243.82492296478014,284.3315068493151,12.0,-52.50658388453493,False
SBER-SBERF,20,2026-05-19,2026-06-17,29,8.954210022540376,10.339317605037035,96.52545774539168,-1.2350634513836918,95.29039429400798,135.9424657534246,12.0,-52.65207145941663,False
SBER-SBERF,5,2026-02-20,2026-03-02,10,-10.509554140126776,10.523630333567624,30.330254777070063,-21.019108280255573,9.311146496814489,50.10958904109588,12.0,-52.79844254428139,False
SBER-SBERF,20,2026-04-07,2026-05-06,29,10.38160254192011,4.688965301657966,92.51234781514457,5.662692295590965,98.17504011073551,139.1753424657534,12.0,-53.000302355017894,False
SBER-SBERF,20,2026-04-01,2026-04-29,28,16.103059581322743,17.807491642976014,96.33765905718167,-1.8944775978024777,94.44318145937918,135.45753424657536,12.0,-53.01435278719619,False
SBER-SBERF,40,2026-07-23,2026-09-17,56,23.898941618298863,10.51143571713542,199.7773225598422,12.897841508287812,212.67516406813,253.780821917808,12.0,-53.10565784967801,False
SBER-SBERF,10,2026-01-29,2026-02-12,14,-1.620640477114632,33.4207077326365,65.83041618047453,-34.68170621029409,31.14870997018044,72.41643835616436,12.0,-53.26772838598392,False
SBER-SBERF,20,2026-07-20,2026-08-17,28,4.214720870532318,8.487084870849593,89.98160849074677,-4.5978773133071975,85.38373117743957,127.29452054794525,12.0,-53.91078937050568,False
SBER-SBERF,20,2026-04-14,2026-05-13,29,13.244615433130047,7.674597083653367,90.76251143136452,5.3609157705515145,96.12342720191602,138.0438356164383,12.0,-53.92040841452227,False
SBER-SBERF,40,2026-02-18,2026-04-16,57,15.634971282705301,8.070523963248366,232.27026164645824,7.338864071474735,239.60912571793295,281.745205479452,12.0,-54.136079761519056,False
SBER-SBERF,40,2026-02-10,2026-04-08,57,14.196104324859515,11.271133375079234,239.20501815780787,2.3109937273025154,241.51601188511037,284.00821917808224,12.0,-54.49220729297187,False
SBER-SBERF,20,2026-08-04,2026-09-01,28,8.432888264229277,20.20498879541588,94.94799718903725,-10.892480674633138,84.0555165144041,126.72876712328771,12.0,-54.673250608883606,False
SBER-SBERF,20,2026-07-22,2026-08-19,28,10.617321401484858,17.009264620730935,91.3578795692401,-7.2046109510107135,84.15326861822939,127.13287671232881,12.0,-54.97960809409942,False
SBER-SBERF,10,2026-03-11,2026-03-25,14,-14.599003459327964,16.402750615105433,57.82189215779619,-31.102224761179926,26.719667396616263,69.83013698630135,12.0,-55.110469589685096,False
SBER-SBERF,20,2026-04-28,2026-05-27,29,-0.6253517603649339,1.2403100775193465,94.666062159965,-1.8760552810956874,92.7900068788693,135.9424657534246,12.0,-55.15245887455531,False
SBER-SBERF,40,2026-07-22,2026-09-16,56,10.617321401484858,-2.500535829106365,197.41126952828753,13.271651751856737,210.68292128014428,253.86164383561623,12.0,-55.17872255547195,False
SBER-SBERF,3,2026-07-13,2026-07-16,3,28.575316369574555,109.01739946574284,44.69961899578174,-74.15974962579966,-29.460130630017925,13.820547945205478,12.0,-55.280678575223405,False
SBER-SBERF,20,2026-04-16,2026-05-15,29,8.070523963248366,1.8577001671937765,87.72069778991805,6.20809535634432,93.92879314626236,137.72054794520542,12.0,-55.79175479894306,False
SBER-SBERF,10,2026-02-02,2026-02-16,14,-36.16517622304083,1.9292604501619515,66.46567596002103,-38.13782219884353,28.3278537611775,72.41643835616436,12.0,-56.08858459498686,False
SBER-SBERF,10,2026-04-17,2026-05-04,17,5.5577855312316515,12.430467074799889,43.889523574273625,-6.792848982615569,37.096674591658065,81.30684931506846,12.0,-56.2101747234104,False
SBER-SBERF,40,2026-02-05,2026-04-03,57,2.3221098026193765,8.263149531226865,247.58633272516175,-6.302869464257906,241.28346326090383,285.6246575342466,12.0,-56.34119427334275,False
SBER-SBERF,20,2026-05-12,2026-06-09,28,-2.1410001529287292,2.492056569685097,91.48096039149718,-4.587857470562291,86.8931029209349,131.2547945205479,12.0,-56.36169159961301,False
SBER-SBERF,20,2026-05-11,2026-06-08,28,7.413127413127274,12.499999999999734,91.6469498069498,-4.942084942083959,86.70486486486585,131.2547945205479,12.0,-56.54992965568205,False
SBER-SBERF,20,2026-04-21,2026-05-20,29,12.9842025535587,6.187161639596983,84.84929050607474,6.801248956625666,91.65053946270041,136.91232876712323,12.0,-57.26178930442282,False
SBER-SBERF,10,2026-03-10,2026-03-24,14,-20.648030495553638,10.404514928901154,55.82433290978399,-31.130876747141617,24.693456162642367,69.9917808219178,12.0,-57.29832465927544,False
SBER-SBERF,20,2026-01-05,2026-02-03,29,23.7633041033547,29.95293110825914,111.25510408996587,-6.693888479817546,104.56121561014832,150.00547945205477,12.0,-57.44426384190645,False
SBER-SBERF,10,2026-05-12,2026-05-26,14,-2.1410001529287292,18.747070770190888,40.368863740633124,-20.492430035172323,19.8764337054608,65.62739726027397,12.0,-57.75096355481317,False
SBER-SBERF,20,2026-05-25,2026-06-23,29,14.04582058805115,26.36632922105475,101.25319932580061,-11.236656470441776,90.01654285535882,135.8616438356164,12.0,-57.845100980257584,False
SBER-SBERF,20,2026-07-27,2026-08-24,28,3.6431199679398674,17.438409023449175,94.25115669058981,-13.47954388138225,80.77161280920757,126.72876712328771,12.0,-57.95715431408014,False
SBER-SBERF,20,2026-05-20,2026-06-18,29,6.187161639596983,19.023462270133518,102.17788089713842,-12.374323279196725,89.8035576179417,135.9424657534246,12.0,-58.13890813548291,False
SBER-SBERF,20,2026-02-05,2026-03-06,29,2.3221098026193765,25.148023174381695,124.83131530933821,-23.88455796981348,100.94675733952472,147.09589041095887,12.0,-58.14913307143415,False
SBER-SBERF,20,2026-06-02,2026-07-01,29,4.5906656465177775,24.752475247524774,107.64988523335883,-18.66870696250998,88.98117827084886,135.21506849315062,12.0,-58.23389022230177,False
SBER-SBERF,20,2026-02-02,2026-03-03,29,-36.16517622304083,-11.86543950229324,124.96251972645976,-24.000526038927475,100.96199368753227,147.5808219178082,12.0,-58.61882823027594,False
SBER-SBERF,40,2026-02-27,2026-04-24,56,17.42546652726329,8.610350871798289,219.85996261445365,8.554319931564864,228.4142825460185,275.4410958904109,12.0,-59.026813344392394,False
SBER-SBERF,3,2026-02-20,2026-02-26,6,-10.509554140126776,23.76425855513231,16.93471337579618,-34.39490445859822,-17.46019108280204,30.065753424657533,12.0,-59.52594450745957,False
SBER-SBERF,40,2026-05-13,2026-07-09,57,7.674597083653367,35.30929585115583,242.4061396776669,-24.251726784342704,218.1544128933242,265.8232876712329,12.0,-59.668874777908684,False
SBER-SBERF,5,2026-02-02,2026-02-09,7,-36.16517622304083,11.928034193697812,35.917937927406626,-48.00105207785495,-12.083114150448324,36.20821917808219,12.0,-60.29133332853051,False
SBER-SBERF,40,2026-05-07,2026-07-03,57,17.253819368197032,11.952588067334347,211.89070489694765,5.960410327195086,217.85111522414275,266.30821917808214,12.0,-60.457103953939395,False
SBER-SBERF,20,2026-01-29,2026-02-27,29,-1.620640477114632,17.42546652726329,119.20750680669,-19.447685725397573,99.75982108129243,148.227397260274,12.0,-60.46757617898156,False
SBER-SBERF,20,2026-03-03,2026-03-31,28,-11.86543950229324,15.912418051047261,118.43504473591379,-27.899817208094298,90.53522752781949,139.013698630137,12.0,-60.4784711023175,False
SBER-SBERF,10,2026-05-08,2026-05-22,14,1.5605980211619297,24.809278670223645,40.29744998283342,-23.408970317425638,16.888479665407786,65.62739726027397,12.0,-60.73891759486618,False
SBER-SBERF,3,2026-03-17,2026-03-20,3,-43.47962088272928,10.307346326836608,20.05317651474866,-53.802120804528464,-33.7489442897798,15.032876712328765,12.0,-60.781821002108565,False
SBER-SBERF,20,2026-03-11,2026-04-08,28,-14.599003459327964,11.271133375079234,114.94652321558921,-26.024310514455973,88.92221270113325,137.7205479452055,12.0,-60.79833524407226,False
SBER-SBERF,40,2026-01-27,2026-03-25,57,10.822510822510178,16.402750615105433,245.65886134067952,-6.2311425947807475,239.42771874589877,288.5342465753427,12.0,-61.106527829443934,False
SBER-SBERF,10,2026-02-20,2026-03-09,17,-10.509554140126776,18.337021814731624,64.7920382165605,-28.980891719744207,35.81114649681629,85.18630136986299,12.0,-61.3751548730467,False
SBER-SBERF,40,2026-01-26,2026-03-24,57,4.2880232212949565,10.404514928901154,246.02170399445853,-6.5969588019919065,239.42474519246664,288.85753424657565,12.0,-61.43278905410901,False
SBER-SBERF,20,2026-02-13,2026-03-16,31,-10.37109058499408,-0.6321112515794702,115.95981202398313,-9.722897423432551,106.23691460055059,155.82465753424657,12.0,-61.58774293369598,False
SBER-SBERF,10,2026-02-13,2026-03-02,17,-10.37109058499408,10.523630333567624,57.096742829363144,-21.066277750770833,36.030465078592314,85.6712328767123,12.0,-61.64076779811998,False
SBER-SBERF,40,2026-07-28,2026-09-22,56,13.578978273633968,6.767586821014859,196.65883734586023,6.605989430417161,203.26482677627737,253.45753424657514,12.0,-62.19270747029776,False
SBER-SBERF,20,2026-05-08,2026-06-05,28,1.5605980211619297,11.173531146217996,90.57835762664253,-9.67570773120267,80.90264989543986,131.2547945205479,12.0,-62.35214462510804,False
SBER-SBERF,20,2026-04-08,2026-05-07,29,11.271133375079234,17.253819368197032,94.48434564809017,-5.948653725735683,88.53569192235449,139.01369863013696,12.0,-62.47800670778247,False
SBER-SBERF,40,2026-08-03,2026-09-28,56,17.058175485979987,11.011194714627415,196.47073456768186,6.396815807242859,202.86755037492472,253.45753424657514,12.0,-62.58998387165042,False
SBER-SBERF,5,2026-01-21,2026-01-28,7,-8.15687298117429,30.305026681600733,23.58967666155502,-38.174165551894546,-14.58448889033952,36.20821917808219,12.0,-62.79270806842171,False
SBER-SBERF,10,2026-02-11,2026-02-26,15,-5.559916274202603,23.76425855513231,55.168759811616965,-30.08895866038775,25.07980115122921,75.972602739726,12.0,-62.892801588496795,False
SBER-SBERF,40,2026-03-12,2026-05-08,57,19.280002528525575,1.5605980211619297,207.69398527134234,17.699674452416396,225.39365972375873,276.4109589041097,12.0,-63.01729918035096,False
SBER-SBERF,3,2026-01-30,2026-02-04,5,-14.724167266539911,30.60620022378835,19.72187684052091,-45.15411295072297,-25.432236110202062,25.863013698630134,12.0,-63.295249808832196,False
SBER-SBERF,40,2026-07-24,2026-09-18,56,13.826606875935177,10.479150104789614,199.18871449925257,2.9895366218251462,202.17825112107772,253.6999999999998,12.0,-63.52174887892207,False
SBER-SBERF,20,2026-02-24,2026-03-24,28,-20.559860825556385,10.404514928901154,119.46038272971691,-30.997944013916225,88.46243871580069,140.14520547945202,12.0,-63.68276676365133,False
SBER-SBERF,20,2026-02-11,2026-03-12,29,-5.559916274202603,19.280002528525575,119.78774201988487,-25.510204081633624,94.27753793825126,146.12602739726026,12.0,-63.848489459009,False
SBER-SBERF,20,2026-05-13,2026-06-10,28,7.674597083653367,25.16465763638731,96.5709900230238,-17.19109746738303,79.37989255564077,131.2547945205479,12.0,-63.87490196490714,False
SBER-SBERF,5,2026-03-11,2026-03-18,7,-14.599003459327964,30.264266325543687,28.33571360563649,-45.38385858008845,-17.04814497445196,35.07671232876712,12.0,-64.12485730321909,False
SBER-SBERF,40,2026-01-22,2026-03-20,57,9.143752857421195,10.307346326836608,239.12024035007508,-1.6328130102544367,237.4874273398206,289.6657534246579,12.0,-64.1783260848373,False
SBER-SBERF,40,2026-05-11,2026-07-07,57,7.413127413127274,18.395879323029884,223.09065637065635,-9.57528957528789,213.51536679536846,265.9849315068493,12.0,-64.46956471148084,False
SBER-SBERF,20,2026-05-15,2026-06-15,31,1.8577001671937765,4.004929143561764,94.9597498297108,-2.167316861724973,92.79243296798583,145.31780821917803,12.0,-64.5253752511922,False
SBER-SBERF,40,2026-01-05,2026-03-04,58,23.7633041033547,17.67920282867097,239.34199076243394,5.355110783857081,244.697101546291,297.4246575342466,12.0,-64.72755598795558,False
SBER-SBERF,20,2026-04-06,2026-05-05,29,4.075490626371803,9.962640099625553,92.37099504671139,-5.956486300081438,86.41450874662995,139.33698630136985,12.0,-64.9224775547399,False
SBER-SBERF,20,2026-01-21,2026-02-18,28,-8.15687298117429,15.634971282705301,115.03344317922281,-24.14434402427515,90.88909915494766,144.50958904109592,12.0,-65.62048988614826,False
SBER-SBERF,20,2026-05-06,2026-06-03,28,4.688965301657966,17.008380492933295,89.40825257893091,-12.503907471084004,76.90434510784692,131.2547945205479,12.0,-66.35044941270098,False
SBER-SBERF,40,2026-02-19,2026-04-17,57,3.5128057737754403,5.5577855312316515,229.00651465798046,-2.2354218560386148,226.77109280194185,281.5835616438356,12.0,-66.81246884189375,False
SBER-SBERF,20,2026-04-27,2026-05-26,29,7.143078977609463,18.747070770190888,92.51032640765243,-11.491040094411245,81.01928631324118,135.9424657534246,12.0,-66.92317944018343,False
SBER-SBERF,20,2026-03-10,2026-04-07,28,-20.648030495553638,10.38160254192011,114.07115628970773,-31.130876747141617,82.94027954256612,137.88219178082196,12.0,-66.94191223825584,False
SBER-SBERF,20,2026-01-06,2026-02-04,29,13.374348000536607,30.60620022378835,112.75411261201018,-17.72101110070793,95.03310151130225,150.00547945205477,12.0,-66.97237794075252,False
SBER-SBERF,40,2026-01-21,2026-03-19,57,-8.15687298117429,-4.052748074944157,238.62507749029334,-3.915299030963638,234.7097784593297,289.8273972602743,12.0,-67.11761880094463,False
SBER-SBERF,20,2026-04-20,2026-05-19,29,5.840762373194863,8.954210022540376,84.93728865662465,-3.074085459576475,81.86320319704816,137.07397260273967,12.0,-67.21076940569151,False
SBER-SBERF,40,2026-03-02,2026-04-27,56,10.523630333567624,7.143078977609463,216.08999298424646,3.1889788889604804,219.27897187320696,274.95616438356166,12.0,-67.6771925103547,False
SBER-SBERF,40,2026-05-12,2026-07-08,57,-2.1410001529287292,19.75490524341872,229.9238415659887,-20.186572870468517,209.73726869552019,265.90410958904107,12.0,-68.16684089352088,False
SBER-SBERF,40,2026-07-31,2026-09-25,56,10.487487342687452,10.493938845665962,197.2862722407059,2.0556711579924785e-12,197.28627224070797,253.45753424657514,12.0,-68.17126200586716,False
SBER-SBERF,40,2026-07-29,2026-09-23,56,11.24410591222258,10.32984255894931,196.26369241929635,0.7254261878867847,196.98911860718312,253.45753424657514,12.0,-68.46841563939202,False
SBER-SBERF,10,2026-01-15,2026-01-29,14,-37.43816018184298,-1.620640477114632,51.611512234255905,-35.766813745154764,15.844698489101143,72.41643835616436,12.0,-68.57173986706323,False
SBER-SBERF,20,2026-04-10,2026-05-11,31,4.727536323236858,7.413127413127274,94.24973998550222,-2.836521793943453,91.41321819155876,148.0657534246575,12.0,-68.65253523309873,False
SBER-SBERF,20,2026-04-30,2026-05-29,29,4.690284856632143,16.221106154661324,90.849879616022,-11.569369313029753,79.28051030299225,135.9424657534246,12.0,-68.66195545043236,False
SBER-SBERF,3,2026-07-21,2026-07-24,3,-41.809198023565756,13.826606875935177,13.017103762827821,-55.872291904219956,-42.85518814139214,13.820547945205478,12.0,-68.67573608659762,False
SBER-SBERF,10,2026-01-21,2026-02-04,14,-8.15687298117429,30.60620022378835,54.209925283043496,-38.500440471141204,15.70948481190229,72.41643835616436,12.0,-68.70695354426208,False
SBER-SBERF,5,2026-01-15,2026-01-22,7,-37.43816018184298,9.143752857421195,26.215403128760528,-46.79770022730235,-20.58229709854183,36.20821917808219,12.0,-68.79051627662402,False
SBER-SBERF,40,2026-07-30,2026-09-24,56,19.019751280175967,19.33197293523925,197.2121433796635,-0.7315288953907028,196.4806144842728,253.45753424657514,12.0,-68.97691976230234,False
SBER-SBERF,20,2026-04-15,2026-05-14,29,2.8045246330732354,15.114127082047624,92.45458228163658,-12.464553924777478,79.99002835685911,137.88219178082187,12.0,-69.89216342396276,False
SBER-SBERF,5,2026-03-17,2026-03-24,7,-43.47962088272928,10.404514928901154,30.529575526291094,-53.802120804528464,-23.27254527823737,34.915068493150685,12.0,-70.18761377138806,False
SBER-SBERF,40,2026-03-18,2026-05-14,57,30.264266325543687,15.114127082047624,201.01276091229605,14.97613178996032,215.98889270225638,274.4712328767124,12.0,-70.48234017445603,False
SBER-SBERF,3,2026-01-15,2026-01-20,5,-37.43816018184298,12.169851659376008,17.086508891563042,-49.806123813344335,-32.719614921781286,25.863013698630134,12.0,-70.58262862041141,False
SBER-SBERF,10,2026-02-17,2026-03-04,15,-26.38607330179843,17.67920282867097,60.19886089390868,-44.084049296906,16.11481159700268,75.16438356164382,12.0,-71.04957196464113,False
SBER-SBERF,40,2026-04-29,2026-06-26,58,17.807491642976014,2.005481649842711,196.4319410165891,15.933018838453178,212.3649598550423,271.5616438356163,12.0,-71.196683980574,False
SBER-SBERF,40,2026-03-04,2026-04-29,56,17.67920282867097,17.807491642976014,215.7422050787528,-0.6428801028638861,215.0993249758889,274.30958904109593,12.0,-71.21026406520704,False
SBER-SBERF,20,2026-01-30,2026-03-02,31,-14.724167266539911,10.523630333567624,124.33610365813756,-25.521889928670554,98.81421372946699,158.08767123287674,12.0,-71.27345750340976,False
SBER-SBERF,40,2026-01-29,2026-03-27,57,-1.620640477114632,13.06231680897163,242.9865162712304,-14.909892389471658,228.07662388175876,287.88767123287687,12.0,-71.8110473511181,False
SBER-SBERF,40,2026-01-09,2026-03-09,59,18.057784911715835,18.337021814731624,243.28116639914393,-1.3376136971649433,241.94355270197897,301.7890410958905,12.0,-71.84548839391155,False
SBER-SBERF,40,2026-05-20,2026-07-16,57,6.187161639596983,109.01739946574284,292.3288476411446,-87.23897911833102,205.0898685228136,265.2575342465754,12.0,-72.16766572376181,False
SBER-SBERF,20,2026-02-20,2026-03-23,31,-10.509554140126776,15.46375485214746,120.78598726114649,-26.114649681528444,94.67133757961805,155.33972602739726,12.0,-72.66838844777921,False
SBER-SBERF,20,2026-04-03,2026-05-04,31,8.263149531226865,12.430467074799889,92.88447481328461,-4.4493882091190065,88.4350866041656,149.1972602739726,12.0,-72.762173669807,False
SBER-SBERF,40,2026-01-08,2026-03-06,57,16.442953020134876,25.148023174381695,240.87147651006714,-10.067114093960113,230.80436241610698,291.92876712328774,12.0,-73.12440470718076,False
SBER-SBERF,20,2026-04-24,2026-05-25,31,8.610350871798289,14.04582058805115,89.23398628494111,-5.227713029304685,84.00627325563643,145.80273972602734,12.0,-73.79646647039091,False
SBER-SBERF,40,2026-02-16,2026-04-14,57,1.9292604501619515,13.244615433130047,231.62926045016079,-11.575562700963241,220.05369774919754,282.0684931506849,12.0,-74.01479540148736,False
SBER-SBERF,40,2026-03-09,2026-05-05,57,18.337021814731624,9.962640099625553,206.6035409421435,8.220044261776506,214.82358520392003,277.38082191780836,12.0,-74.55723671388833,False
SBER-SBERF,40,2026-03-16,2026-05-12,57,-0.6321112515794702,-2.1410001529287292,209.19121365360303,1.5802781289510548,210.7714917825541,275.1178082191782,12.0,-76.34631643662408,False
SBER-SBERF,40,2026-03-06,2026-05-04,59,25.148023174381695,12.430467074799889,210.83147641179093,12.414846883556478,223.2463232953474,287.7260273972604,12.0,-76.479704101913,False
SBER-SBERF,40,2026-05-04,2026-06-30,57,12.430467074799889,4.868707195950783,193.76083781348083,7.769041921748443,201.52987973522926,266.55068493150674,12.0,-77.02080519627748,False
SBER-SBERF,40,2026-03-31,2026-05-27,57,15.912418051047261,1.2403100775193465,191.2077525300745,14.639424606962622,205.8471771370371,271.5616438356164,12.0,-77.71446669857929,False
SBER-SBERF,5,2026-07-21,2026-07-28,7,-41.809198023565756,13.578978273633968,20.155834283542376,-55.872291904219956,-35.71645762067758,32.16712328767123,12.0,-79.88358090834882,False
SBER-SBERF,20,2026-04-23,2026-05-22,29,6.719814288769221,24.809278670223645,86.40092855615627,-17.71587403402621,68.68505452213006,136.58904109589037,12.0,-79.9039865737603,False
SBER-SBERF,40,2026-04-30,2026-06-29,60,4.690284856632143,-12.991230919129348,194.81973671867672,17.19771114098854,212.01744785966525,280.694520547945,12.0,-80.67707268827974,False
SBER-SBERF,10,2026-03-17,2026-03-31,14,-43.47962088272928,15.912418051047261,58.87797553880322,-59.119772279395235,-0.24179674059201878,68.86027397260273,12.0,-81.10207071319475,False
SBER-SBERF,40,2026-01-23,2026-03-23,59,4.56204379561953,15.46375485214746,241.31973409801878,-11.405109489051835,229.91462460896693,299.52602739726063,12.0,-81.6114027882937,False
SBER-SBERF,40,2026-07-20,2026-09-14,56,4.214720870532318,14.260869565219103,194.9415686424767,-11.494693283267994,183.44687535920875,254.02328767123268,12.0,-82.57641231202393,False
SBER-SBERF,40,2026-04-01,2026-05-28,57,16.103059581322743,5.895128762023472,190.3106943260396,10.103880521614412,200.41457484765402,271.4,12.0,-82.98542515234595,False
SBER-SBERF,40,2026-05-06,2026-07-02,57,4.688965301657966,18.26939046670084,207.2582056892779,-12.503907471084004,194.7542982181939,266.3890410958903,12.0,-83.63474287769643,False
SBER-SBERF,40,2026-01-06,2026-03-05,58,13.374348000536607,28.91826617516191,242.64544603450582,-17.052293700679886,225.59315233382594,297.2630136986302,12.0,-83.66986136480423,False
SBER-SBERF,40,2026-03-03,2026-04-28,56,-11.86543950229324,-0.6253517603649339,214.01661161530322,-11.224064394061594,202.79254722124162,274.6328767123288,12.0,-83.8403294910872,False
SBER-SBERF,40,2026-02-11,2026-04-09,57,-5.559916274202603,20.78674687411519,238.71696755625328,-27.14547357404634,211.57149398220693,283.68493150684935,12.0,-84.11343752464242,False
SBER-SBERF,40,2026-03-23,2026-05-19,57,15.46375485214746,8.954210022540376,194.34121248461514,6.311736674345587,200.65294915896072,272.85479452054796,12.0,-84.20184536158723,False
SBER-SBERF,20,2026-04-17,2026-05-18,31,5.5577855312316515,19.063432032715433,88.26936733874703,-13.585697965232894,74.68366937351414,146.9342465753424,12.0,-84.25057720182826,False
SBER-SBERF,40,2026-01-30,2026-03-30,59,-14.724167266539911,7.631645891630345,246.55192722989335,-22.577056475361484,223.97487075453185,297.26301369863023,12.0,-85.28814294409838,False
SBER-SBERF,40,2026-07-27,2026-09-21,56,3.6431199679398674,19.834114677246273,196.5321141025174,-16.394039855734107,180.1380742467833,253.45753424657514,12.0,-85.31945999979183,False
SBER-SBERF,40,2026-01-20,2026-03-18,57,12.169851659376008,30.264266325543687,236.24116041180147,-19.73489458277219,216.5062658290293,289.98904109589074,12.0,-85.48277526686144,False
SBER-SBERF,40,2026-05-08,2026-07-06,59,1.5605980211619297,20.75174883689801,218.92256312618994,-17.790817441243274,201.13174568494668,275.44109589041085,12.0,-86.30935020546417,False
SBER-SBERF,40,2026-03-25,2026-05-21,57,16.402750615105433,11.77235973852886,193.42722856602109,4.416125165606057,197.84335373162716,272.53150684931506,12.0,-86.6881531176879,False
SBER-SBERF,10,2026-07-21,2026-08-04,14,-41.809198023565756,8.432888264229277,39.54389965792474,-50.93120486506936,-11.387305207144621,63.849315068493134,12.0,-87.23662027563776,False
SBER-SBERF,40,2026-04-22,2026-06-19,58,19.60183767228063,11.507479861909697,188.63154670750384,8.57580398162244,197.2073506891263,272.6931506849314,12.0,-87.48579999580514,False
SBER-SBERF,40,2026-02-13,2026-04-13,59,-10.37109058499408,6.9444444444433095,234.5665208232053,-17.50121536217675,217.06530546102854,292.7369863013698,12.0,-87.67168084034128,False
SBER-SBERF,40,2026-02-25,2026-04-22,56,-1.5746543633654575,19.60183767228063,221.68015620571288,-21.73023021446606,199.9499259912468,275.7643835616438,12.0,-87.814457570397,False
SBER-SBERF,40,2026-03-24,2026-05-20,57,10.404514928901154,6.187161639596983,192.43434120503198,4.098748305325076,196.53308951035706,272.69315068493154,12.0,-88.16006117457448,False
SBER-SBERF,40,2026-04-09,2026-06-05,57,20.78674687411519,11.173531146217996,183.8332650940128,9.448521306415905,193.2817864004287,270.1068493150684,12.0,-88.82506291463972,False
SBER-SBERF,40,2026-04-13,2026-06-09,57,6.9444444444433095,2.492056569685097,187.82102272727272,4.419191919189694,192.24021464646242,269.46027397260264,12.0,-89.22005932614022,False
SBER-SBERF,40,2026-02-20,2026-04-20,59,-10.509554140126776,5.840762373194863,228.90955414012737,-16.56050955413955,212.34904458598783,291.1205479452054,12.0,-90.77150335921755,False
SBER-SBERF,20,2026-03-17,2026-04-14,28,-43.47962088272928,13.244615433130047,113.03262535581345,-56.61734805592748,56.41527729988597,136.7506849315069,12.0,-92.33540763162092,False
SBER-SBERF,40,2026-02-17,2026-04-15,57,-26.38607330179843,2.8045246330732354,230.31212794027738,-29.28210573736101,201.03002220291637,281.9068493150685,12.0,-92.87682711215211,False
SBER-SBERF,40,2026-05-05,2026-07-01,57,9.962640099625553,24.752475247524774,197.9103362391034,-13.698630136986232,184.21170610211715,266.46986301369856,12.0,-94.25815691158141,False
SBER-SBERF,40,2026-04-28,2026-06-25,58,-0.6253517603649339,11.519176040113432,200.36020261397033,-11.256331686572347,189.10387092739802,271.6424657534245,12.0,-94.5385948260265,False
SBER-SBERF,40,2026-04-08,2026-06-04,57,11.271133375079234,8.051529790660261,184.2241703193488,3.130870381966899,187.35504070131572,270.26849315068483,12.0,-94.91345244936912,False
SBER-SBERF,40,2026-03-19,2026-05-15,57,-4.052748074944157,1.8577001671937765,196.94485145119558,-5.923247186457516,191.02160426473807,274.1479452054795,12.0,-95.12634094074144,False
SBER-SBERF,40,2026-04-27,2026-06-24,58,7.143078977609463,13.579756226813622,193.5681232336408,-5.590235721604707,187.9778875120361,271.72328767123275,12.0,-95.74540015919666,False
SBER-SBERF,40,2026-02-24,2026-04-21,56,-20.559860825556385,12.9842025535587,225.70172386525385,-33.84469397437724,191.85702989087662,275.9260273972602,12.0,-96.0689975063836,False
SBER-SBERF,20,2026-02-17,2026-03-18,29,-26.38607330179843,30.264266325543687,118.47057309264086,-57.59886732953697,60.87170576310388,145.31780821917806,12.0,-96.44610245607419,False
SBER-SBERF,20,2026-07-21,2026-08-18,28,-41.809198023565756,5.041048538094728,88.53173698213607,-47.130368681110184,41.40136830102588,127.21369863013703,12.0,-97.81233032911115,False
SBER-SBERF,40,2026-03-13,2026-05-11,59,-2.526448760460376,7.413127413127274,209.16690352123797,-10.105795041844093,199.06110847939385,285.4630136986302,12.0,-98.40190521923637,False
SBER-SBERF,40,2026-01-15,2026-03-13,57,-37.43816018184298,-2.526448760460376,237.82056424655698,-34.76400588314014,203.05655836341685,290.7972602739728,12.0,-99.74070191055597,False
SBER-SBERF,40,2026-04-02,2026-05-29,57,11.066493818574497,16.221106154661324,187.55177538179404,-5.375154140448322,182.17662124134574,271.2383561643835,12.0,-101.06173492303776,False
SBER-SBERF,40,2026-04-06,2026-06-02,57,4.075490626371803,4.5906656465177775,181.38660731080319,-0.6269985579027465,180.75960875290045,270.5917808219177,12.0,-101.83217206901728,False
SBER-SBERF,40,2026-04-15,2026-06-11,57,2.8045246330732354,13.075965130759926,188.45533015487206,-10.283256987941819,178.17207316693023,269.13698630136975,12.0,-102.96491313443951,False
SBER-SBERF,40,2026-03-27,2026-05-25,59,13.06231680897163,14.04582058805115,191.86982286224037,-1.2743723716058246,190.5954504906345,281.5835616438356,12.0,-102.98811115320109,False
SBER-SBERF,40,2026-04-21,2026-06-18,58,12.9842025535587,19.023462270133518,186.95767768262897,-5.564658237241897,181.39301944538707,272.85479452054784,12.0,-103.46177507516077,False
SBER-SBERF,40,2026-04-14,2026-06-10,57,13.244615433130047,25.16465763638731,189.96468102551165,-12.298571473622502,177.66610955188915,269.29863013698616,12.0,-103.63252058509701,False
SBER-SBERF,40,2026-03-30,2026-05-26,57,7.631645891630345,18.747070770190888,191.41853218010684,-11.447468837444568,179.9710633426623,271.72328767123287,12.0,-103.75222432857058,False
SBER-SBERF,40,2026-02-02,2026-03-31,57,-36.16517622304083,15.912418051047261,246.38413992635455,-52.60389268805966,193.78024723829486,286.59452054794525,12.0,-104.81427330965039,False
SBER-SBERF,40,2026-04-03,2026-06-01,59,8.263149531226865,4.334499520108892,182.83839186397586,3.8137613221058766,186.65215318608173,280.4520547945205,12.0,-105.79990160843877,False
SBER-SBERF,40,2026-04-07,2026-06-03,57,10.38160254192011,17.008380492933295,182.49158461006073,-6.921068361280627,175.57051624878008,270.4301369863013,12.0,-106.85962073752123,False
SBER-SBERF,40,2026-03-10,2026-05-06,57,-20.648030495553638,4.688965301657966,207.4857052096569,-25.41296060991322,182.07274459974371,277.05753424657547,12.0,-106.98478964683176,False
SBER-SBERF,40,2026-04-23,2026-06-22,60,6.719814288769221,8.280064915708873,187.55215492226398,-0.9163383121039957,186.63581661015996,281.90684931506837,12.0,-107.27103270490841,False
SBER-SBERF,40,2026-04-16,2026-06-15,60,8.070523963248366,4.004929143561764,182.92215048423142,4.035261981623896,186.95741246585533,283.03835616438346,12.0,-108.08094369852813,False
SBER-SBERF,40,2026-04-20,2026-06-17,58,5.840762373194863,10.339317605037035,181.0384260682447,-4.3037196434056675,176.734706424839,273.01643835616426,12.0,-108.28173193132525,False
SBER-SBERF,40,2026-03-20,2026-05-18,59,10.307346326836608,19.063432032715433,195.64748875562216,-9.057971014493392,186.5895177411288,283.20000000000005,12.0,-108.61048225887126,False
SBER-SBERF,20,2026-01-15,2026-02-12,28,-37.43816018184298,33.4207077326365,119.5016044925792,-71.53362749030762,47.967977002271574,144.83287671232875,12.0,-108.86489971005719,False
SBER-SBERF,40,2026-03-11,2026-05-07,57,-14.599003459327964,17.253819368197032,210.72328541051766,-32.05433368243965,178.668951728078,276.7342465753426,12.0,-110.06529484726457,False
SBER-SBERF,40,2026-04-10,2026-06-08,59,4.727536323236858,12.499999999999734,187.76261464275584,-7.879227205395694,179.88338743736014,279.32054794520536,12.0,-111.43716050784522,False
SBER-SBERF,40,2026-03-26,2026-05-22,57,7.9133957964039325,24.809278670223645,190.13326158521144,-17.409470752089497,172.72379083312194,272.36986301369865,12.0,-111.64607218057671,False
SBER-SBERF,40,2026-04-17,2026-06-16,60,5.5577855312316515,8.430913348944635,184.0562571402106,-2.7788927656150615,181.27736437459552,282.876712328767,12.0,-113.59934795417146,False
SBER-SBERF,40,2026-04-24,2026-06-23,60,8.610350871798289,26.36632922105475,188.98951382268825,-16.29816415018828,172.69134967249997,281.6643835616437,12.0,-120.97303388914375,False
SBER-SBERF,40,2026-07-21,2026-09-15,56,-41.809198023565756,17.198413534096346,195.0148232611174,-60.43329532497054,134.5815279361469,253.94246575342444,12.0,-131.36093781727755,False
SBER-SBERF,40,2026-03-17,2026-05-13,57,-43.47962088272928,7.674597083653367,203.06265444649506,-51.299696581062484,151.76295786543258,274.7945205479453,12.0,-135.0315626825127,False
