pair,n_obs,start,end,calendar_days,entry_basis_bps,exit_basis_bps,funding_income_bps,basis_pnl_bps,gross_strategy_bps,capital_cost_bps,roundtrip_buffer_bps,screen_net_bps,crosses_dividend_event
GAZP-GAZPF,5,2026-03-09,2026-03-16,7,298.72523421901496,5.456813221078605,41.50591307018892,293.3497158654601,334.85562893564907,35.07671232876712,12.0,287.7789166068819,False
GAZP-GAZPF,3,2026-03-09,2026-03-12,3,298.72523421901496,9.975445058316712,24.503916449086162,288.74212870526947,313.24604515435567,15.032876712328765,12.0,286.2131684420269,False
GAZP-GAZPF,10,2026-03-09,2026-03-23,14,298.72523421901496,9.873167767906477,79.51005989863309,288.7421287052673,368.2521886039004,70.15342465753423,12.0,286.09876394636615,False
GAZP-GAZPF,20,2026-03-09,2026-04-06,28,298.72523421901496,2.2502250225020504,138.86806942097988,296.4214406389198,435.28951005989967,138.0438356164384,12.0,285.24567444346127,False
GAZP-GAZPF,40,2026-03-09,2026-05-05,57,298.72523421901496,11.711560983771463,268.7052680079865,287.97419751190404,556.6794655198905,277.38082191780836,12.0,267.29864360208217,False
GAZP-GAZPF,3,2026-01-28,2026-02-02,5,110.96246163531775,-36.764705882352814,18.279688360746047,147.9499488470918,166.22963720783784,25.863013698630134,12.0,128.3666235092077,False
GAZP-GAZPF,5,2026-03-03,2026-03-10,7,73.93571484162197,-55.269824211253706,42.73639971982255,129.9712039847449,172.70760370456748,35.07671232876712,12.0,125.63089137580036,False
GAZP-GAZPF,10,2026-03-04,2026-03-18,14,58.8235294117645,-47.780517879162375,86.1035294117647,107.45098039215722,193.55450980392195,70.15342465753423,12.0,111.40108514638771,False
GAZP-GAZPF,3,2026-01-20,2026-01-23,3,31.59941662615573,-80.72100313479602,19.86387943607195,115.05428617728096,134.91816561335293,15.517808219178079,12.0,107.40035739417485,False
GAZP-GAZPF,20,2026-02-04,2026-03-05,29,59.93690851735067,-55.25721846058151,147.89116719242904,115.93059936908621,263.82176656151523,147.25753424657532,12.0,104.56423231493991,False
GAZP-GAZPF,40,2026-01-28,2026-03-26,57,110.96246163531775,-1.4620951823951511,289.64743841976866,112.53639726135032,402.18383568111904,288.2109589041098,12.0,101.97287677700922,False
GAZP-GAZPF,10,2026-01-19,2026-02-02,14,86.08088354718157,-36.764705882352814,61.23030696767906,124.24882247847987,185.47912944615894,72.41643835616436,12.0,101.06269108999457,False
GAZP-GAZPF,40,2026-01-19,2026-03-17,57,86.08088354718157,-14.102162331558477,293.7193438362839,100.69839207406278,394.41773591034666,290.15068493150716,12.0,92.2670509788395,False
GAZP-GAZPF,10,2026-03-03,2026-03-17,14,73.93571484162197,-14.102162331558477,86.18569538485485,87.94458712740256,174.13028251225742,70.15342465753423,12.0,91.97685785472319,False
GAZP-GAZPF,3,2026-03-03,2026-03-06,3,73.93571484162197,-13.618824241505845,26.607518094793367,87.94458712740034,114.5521052221937,15.032876712328765,12.0,87.51922850986494,False
GAZP-GAZPF,20,2026-01-28,2026-02-26,29,110.96246163531775,0.0,136.76556228850242,110.96246163531885,247.72802392382127,148.38904109589043,12.0,87.33898282793083,False
GAZP-GAZPF,40,2026-01-20,2026-03-18,57,31.59941662615573,-47.780517879162375,295.67006968076487,81.8343866472213,377.5044563279862,289.98904109589074,12.0,75.51541523209545,False
GAZP-GAZPF,3,2026-01-26,2026-01-29,3,27.86624203821697,-51.02435253188986,15.569267515923569,80.41401273885391,95.98328025477748,15.517808219178079,12.0,68.4654720355994,False
GAZP-GAZPF,20,2026-02-19,2026-03-20,29,19.09307875894939,-40.18500265372427,162.34685759745426,61.25696101829495,223.60381861574922,145.31780821917806,12.0,66.28601039657116,False
GAZP-GAZPF,5,2026-01-16,2026-01-23,7,-2.4265954865321238,-80.72100313479602,31.375070775701694,80.88651621774649,112.2615869934482,36.20821917808219,12.0,64.05336781536602,False
GAZP-GAZPF,20,2026-03-03,2026-03-31,28,73.93571484162197,6.753207773693148,147.7079928399097,66.93127869873027,214.63927153863995,139.013698630137,12.0,63.62557290850296,False
GAZP-GAZPF,5,2026-01-14,2026-01-21,7,40.339178397958975,-38.69846785657938,30.78373260887462,80.67835679591701,111.46208940479164,36.20821917808219,12.0,63.25387022670945,False
GAZP-GAZPF,40,2026-01-22,2026-03-20,57,29.42579926833222,-40.18500265372427,293.2559249244473,71.57626849053422,364.83219341498153,289.6657534246579,12.0,63.166439990323624,False
GAZP-GAZPF,40,2026-03-03,2026-04-28,56,73.93571484162197,17.425939756037234,290.86699354035335,57.59203050821035,348.45902404856366,274.6328767123288,12.0,61.82614733623484,False
GAZP-GAZPF,10,2026-01-09,2026-01-23,14,1.6229814168622347,-80.72100313479602,60.57940436582001,85.20652438529555,145.78592875111556,72.41643835616436,12.0,61.3694903949512,False
GAZP-GAZPF,5,2026-01-22,2026-01-29,7,29.42579926833222,-51.02435253188986,27.66263718784794,81.91506282805798,109.57770001590595,36.20821917808219,12.0,61.36948083782376,False
GAZP-GAZPF,3,2026-03-13,2026-03-18,5,24.733343638891903,-47.780517879162375,25.3060751275313,72.65419693924855,97.96027206677986,25.054794520547944,12.0,60.90547754623192,False
GAZP-GAZPF,5,2026-03-13,2026-03-20,7,24.733343638891903,-40.18500265372427,42.02040500850209,65.69794404080739,107.71834904930947,35.07671232876712,12.0,60.64163672054235,False
GAZP-GAZPF,5,2026-06-17,2026-06-24,7,25.496266618103558,-53.05039787798393,31.195592788198873,72.84647605172074,104.04206883991961,32.65205479452055,12.0,59.390014045399056,False
GAZP-GAZPF,10,2026-02-18,2026-03-05,15,11.09526073862721,-55.25721846058151,78.60199714693294,67.36408305595135,145.9660802028843,75.16438356164382,12.0,58.8016966412405,False
GAZP-GAZPF,20,2026-01-30,2026-03-02,31,31.347962382446415,-58.34484876400925,136.9945141065831,90.90909090909065,227.90360501567375,158.08767123287674,12.0,57.815933782797,False
GAZP-GAZPF,40,2026-02-04,2026-04-02,57,59.93690851735067,-3.7316217628191595,290.90536277602524,63.8801261829666,354.7854889589918,285.94794520547947,12.0,56.83754375351231,False
GAZP-GAZPF,40,2026-03-04,2026-04-29,56,58.8235294117645,13.440860215052641,295.4564705882353,46.27450980392183,341.7309803921571,274.30958904109593,12.0,55.421391351061175,False
GAZP-GAZPF,20,2026-01-19,2026-02-16,28,86.08088354718157,6.312135079691306,131.78008770505116,79.5842130907913,211.36430079584247,144.83287671232875,12.0,54.53142408351371,False
GAZP-GAZPF,5,2026-03-04,2026-03-11,7,58.8235294117645,0.7684032580312916,41.809411764705885,58.03921568627299,99.84862745097887,35.07671232876712,12.0,52.77191512221174,False
GAZP-GAZPF,10,2026-06-09,2026-06-24,15,19.453532584667865,-53.05039787798393,69.24042797771686,65.43460960297064,134.6750375806875,70.15342465753423,12.0,52.52161292315327,False
GAZP-GAZPF,5,2026-02-20,2026-03-02,10,17.470023028667292,-58.34484876400925,36.175653140633685,77.82101167315093,113.9966648137846,50.10958904109588,12.0,51.887075772688725,False
GAZP-GAZPF,10,2026-01-30,2026-02-13,14,31.347962382446415,-35.29411764705892,69.14811912225706,66.6144200626966,135.76253918495365,72.41643835616436,12.0,51.34610082878929,False
GAZP-GAZPF,20,2026-03-04,2026-04-01,28,58.8235294117645,3.705075954056891,145.90196078431373,54.901960784312834,200.80392156862655,138.85205479452054,12.0,49.95186677410601,False
GAZP-GAZPF,20,2026-02-09,2026-03-10,29,1.6110842597072406,-55.269824211253706,148.42838730465604,59.61011760915054,208.03850491380658,146.44931506849312,12.0,49.589189845313456,False
GAZP-GAZPF,5,2026-02-26,2026-03-05,7,0.0,-55.25721846058151,40.26145339652449,56.08214849921074,96.34360189573523,35.07671232876712,12.0,49.26688956696811,False
GAZP-GAZPF,3,2026-01-19,2026-01-22,3,86.08088354718157,29.42579926833222,19.703589410427156,56.03378268637305,75.7373720968002,15.517808219178079,12.0,48.21956387762212,False
GAZP-GAZPF,3,2026-02-10,2026-02-13,3,18.706791378608756,-35.29411764705892,18.980073200488004,55.30703538023642,74.28710858072442,15.517808219178079,12.0,46.76930036154634,False
GAZP-GAZPF,3,2026-02-04,2026-02-09,5,59.93690851735067,1.6110842597072406,25.390378548895903,58.35962145110482,83.75000000000071,25.863013698630134,12.0,45.88698630137058,False
GAZP-GAZPF,3,2026-02-25,2026-03-02,5,0.0,-58.34484876400925,22.956726986624712,59.79543666404335,82.75216365066807,25.054794520547944,12.0,45.69736913012012,False
GAZP-GAZPF,5,2026-01-26,2026-02-02,7,27.86624203821697,-36.764705882352814,28.589171974522294,65.28662420382224,93.87579617834456,36.20821917808219,12.0,45.66757700026237,False
GAZP-GAZPF,3,2026-02-12,2026-02-17,5,55.111821086262225,-11.09526073862721,16.971246006389777,66.29392971245993,83.2651757188497,25.701369863013696,12.0,45.56380585583601,False
GAZP-GAZPF,3,2026-02-03,2026-02-06,3,42.429480631729355,-7.169600892217298,22.879704565097825,49.50106073701655,72.38076530211438,15.517808219178079,12.0,44.862957082936305,False
GAZP-GAZPF,5,2026-03-11,2026-03-18,7,0.7684032580312916,-47.780517879162375,43.39557399723375,48.409405255880124,91.80497925311387,35.07671232876712,12.0,44.72826692434675,False
GAZP-GAZPF,20,2026-02-11,2026-03-12,29,59.31388265469684,9.975445058316712,151.16383456235974,48.89387624238533,200.05771080474508,146.12602739726026,12.0,41.931683407484826,False
GAZP-GAZPF,5,2026-01-19,2026-01-26,7,86.08088354718157,27.86624203821697,32.07000162416761,57.657950300470496,89.7279519246381,36.20821917808219,12.0,41.51973274655592,False
GAZP-GAZPF,40,2026-02-12,2026-04-10,57,55.111821086262225,12.515644555695093,293.82188498402553,42.33226837060712,336.1541533546327,283.36164383561646,12.0,40.79250951901622,False
GAZP-GAZPF,10,2026-02-11,2026-02-26,15,59.31388265469684,0.0,69.21449182430267,59.313882654696606,128.52837447899927,75.972602739726,12.0,40.55577173927327,False
GAZP-GAZPF,20,2026-02-17,2026-03-18,29,-11.09526073862721,-47.780517879162375,159.70835314629895,38.0408939610084,197.74924710730733,145.31780821917806,12.0,40.431438888129264,False
GAZP-GAZPF,40,2026-01-12,2026-03-10,57,0.0,-55.269824211253706,282.08426454763674,59.59771542090878,341.6819799685455,291.2821917808221,12.0,38.3997881877234,False
GAZP-GAZPF,10,2026-02-03,2026-02-17,14,42.429480631729355,-11.09526073862721,68.91176239490846,53.4297163510652,122.34147874597367,72.25479452054792,12.0,38.086684225425756,False
GAZP-GAZPF,40,2026-02-11,2026-04-09,57,59.31388265469684,20.19574335870633,295.0344661750561,38.47386983007406,333.5083360051301,283.68493150684935,12.0,37.82340449828075,False
GAZP-GAZPF,20,2026-05-26,2026-06-24,29,3.4632034632031683,-53.05039787798393,137.11082251082252,48.48484848484868,185.5956709956712,135.7808219178082,12.0,37.814849077863016,False
GAZP-GAZPF,10,2026-01-28,2026-02-11,14,110.96246163531775,59.31388265469684,68.80931769890611,52.726843472102125,121.53616117100825,72.41643835616436,12.0,37.11972281484388,False
GAZP-GAZPF,3,2026-01-05,2026-01-09,4,45.26349822179032,1.6229814168622347,25.21338506304559,43.64694471387053,68.86032977691612,20.690410958904106,12.0,36.16991881801201,False
GAZP-GAZPF,10,2026-02-04,2026-02-18,14,59.93690851735067,11.09526073862721,69.67350157728707,48.89589905362924,118.5694006309163,72.09315068493149,12.0,34.47624994598482,False
GAZP-GAZPF,3,2026-02-11,2026-02-16,5,59.31388265469684,6.312135079691306,18.168483488297532,52.90157101635112,71.07005450464865,25.863013698630134,12.0,33.20704080601852,False
GAZP-GAZPF,3,2026-06-19,2026-06-24,5,4.785146904011661,-53.05039787798393,13.125657957699302,54.55067470571418,67.67633266341348,23.276712328767125,12.0,32.39962033464635,False
GAZP-GAZPF,5,2026-01-28,2026-02-04,7,110.96246163531775,59.93690851735067,29.301172582041392,51.15290784606843,80.45408042810983,36.20821917808219,12.0,32.245861250027644,False
GAZP-GAZPF,5,2026-02-11,2026-02-18,7,59.31388265469684,11.09526073862721,30.57310035267714,48.09233728759286,78.66543764027,35.88493150684931,12.0,30.780506133420687,False
GAZP-GAZPF,20,2026-01-26,2026-02-24,29,27.86624203821697,-31.52336669556388,130.4124203821656,59.71337579617948,190.12579617834507,148.71232876712332,12.0,29.413467411221745,False
GAZP-GAZPF,3,2026-01-13,2026-01-16,3,36.58435187494868,-2.4265954865321238,17.54136526149497,39.078739502785304,56.62010476428028,15.517808219178079,12.0,29.1022965451022,False
GAZP-GAZPF,40,2026-02-03,2026-04-01,57,42.429480631729355,3.705075954056891,287.1587962599198,38.50082501767855,325.6596212775983,286.27123287671236,12.0,27.388388400885958,False
GAZP-GAZPF,10,2026-03-06,2026-03-20,14,-13.618824241505845,-40.18500265372427,81.6138306726186,26.481047136263474,108.09487780888207,70.15342465753423,12.0,25.941453151347844,False
GAZP-GAZPF,5,2026-01-30,2026-02-06,7,31.347962382446415,-7.169600892217298,34.818965517241374,38.40125391849601,73.22021943573739,36.20821917808219,12.0,25.012000257655203,False
GAZP-GAZPF,3,2026-03-17,2026-03-20,3,-14.102162331558477,-40.18500265372427,24.53541209652147,27.420871200248033,51.9562832967695,15.032876712328765,12.0,24.923406584440734,False
GAZP-GAZPF,10,2026-02-12,2026-02-27,15,55.111821086262225,11.021018657009218,67.84025559105432,43.92971246006367,111.76996805111797,75.81095890410957,12.0,23.959009147008402,False
GAZP-GAZPF,10,2026-02-24,2026-03-10,14,-31.52336669556388,-55.269824211253706,80.83300496493025,25.21869335644993,106.05169832138019,70.15342465753423,12.0,23.898273663845956,False
GAZP-GAZPF,20,2026-02-12,2026-03-13,29,55.111821086262225,24.733343638891903,151.77875399361025,29.552715654952436,181.33146964856263,145.9643835616438,12.0,23.367086086918818,False
GAZP-GAZPF,40,2026-01-06,2026-03-05,58,-3.2351989647372292,-55.25721846058151,278.31769653833715,54.18958265933369,332.50727919767075,297.2630136986302,12.0,23.24426549904058,False
GAZP-GAZPF,10,2026-02-19,2026-03-06,15,19.09307875894939,-13.618824241505845,76.53221957040573,33.412887828160166,109.9451073985659,75.16438356164382,12.0,22.78072383692208,False
GAZP-GAZPF,10,2026-01-15,2026-01-29,14,-8.196721311475308,-51.02435253188986,60.432786885245896,45.90163934426248,106.33442622950838,72.41643835616436,12.0,21.917987873344018,False
GAZP-GAZPF,3,2026-02-18,2026-02-24,6,11.09526073862721,-31.52336669556388,20.240133143128862,42.796005706133464,63.03613884926233,30.065753424657533,12.0,20.9703854246048,False
GAZP-GAZPF,3,2026-09-01,2026-09-04,3,19.59428307976019,-7.636085960511796,18.60880590133702,27.66251728907435,46.27132319041137,13.57808219178082,12.0,20.69324099863055,False
GAZP-GAZPF,20,2026-02-16,2026-03-17,29,6.312135079691306,-14.102162331558477,157.33943506391037,20.514439008995193,177.8538740729056,145.31780821917806,12.0,20.536065853727536,False
GAZP-GAZPF,5,2026-02-12,2026-02-19,7,55.111821086262225,19.09307875894939,32.206869009584665,35.94249201277978,68.14936102236445,35.723287671232875,12.0,20.42607335113157,False
GAZP-GAZPF,10,2026-07-30,2026-08-13,14,19.605707439276365,-3.388681802778404,71.66321751443198,22.873325345822213,94.53654286025419,63.36438356164381,12.0,19.172159298610374,False
GAZP-GAZPF,10,2026-01-22,2026-02-05,14,29.42579926833222,-13.536109562863885,60.37855893112773,42.94576109432211,103.32432002544982,72.41643835616436,12.0,18.90788166928546,False
GAZP-GAZPF,5,2026-02-27,2026-03-06,7,11.021018657009218,-13.618824241505845,40.61087931984571,25.190899787450125,65.80177910729583,35.07671232876712,12.0,18.725066778528706,False
GAZP-GAZPF,20,2026-01-20,2026-02-17,28,31.59941662615573,-11.09526073862721,132.3902122832604,42.942796953492234,175.33300923675267,144.67123287671234,12.0,18.661776360040335,False
GAZP-GAZPF,40,2026-01-13,2026-03-11,57,36.58435187494868,0.7684032580312916,285.8659682381309,35.75288933233379,321.6188575704647,291.12054794520566,12.0,18.498309625259026,False
GAZP-GAZPF,5,2026-02-16,2026-02-24,8,6.312135079691306,-31.52336669556388,32.36152753668929,37.872810478144544,70.23433801483384,40.08767123287671,12.0,18.14666678195713,False
GAZP-GAZPF,3,2026-08-10,2026-08-13,3,14.99089838312484,-3.388681802778404,24.686797301638293,18.203233750937112,42.89003105257541,13.57808219178082,12.0,17.311948860794587,False
GAZP-GAZPF,40,2026-01-14,2026-03-12,57,40.339178397958975,9.975445058316712,289.9300238742076,29.636947394418325,319.56697126862593,290.95890410958924,12.0,16.608067159036693,False
GAZP-GAZPF,3,2026-01-16,2026-01-21,5,-2.4265954865321238,-38.69846785657938,17.168163067216696,37.20779746016404,54.375960527380734,25.863013698630134,12.0,16.5129468287506,False
GAZP-GAZPF,5,2026-02-06,2026-02-13,7,-7.169600892217298,-35.29411764705892,34.89524416474149,28.678403568867953,63.57364773360945,36.20821917808219,12.0,15.36542855552726,False
GAZP-GAZPF,3,2026-07-28,2026-07-31,3,24.004364429897063,3.2587442971965253,20.056737588652485,20.7310420076375,40.78777959628998,13.57808219178082,12.0,15.209697404509157,False
GAZP-GAZPF,5,2026-04-08,2026-04-15,7,20.598108025631223,-1.5564202334639177,39.01129081476961,22.123893805309127,61.13518462007873,33.94520547945204,12.0,15.18997914062669,False
GAZP-GAZPF,5,2026-02-03,2026-02-10,7,42.429480631729355,18.706791378608756,38.96204918676828,24.35766480710319,63.31971399387148,36.20821917808219,12.0,15.111494815789293,False
GAZP-GAZPF,5,2026-04-23,2026-04-30,7,30.358712151472567,1.651118632874926,31.403690980266838,28.760885196132076,60.16457617639892,33.460273972602735,12.0,14.704302203796182,False
GAZP-GAZPF,40,2026-02-19,2026-04-17,57,19.09307875894939,12.030798845041879,301.1145584725537,7.1599045346064765,308.2744630071602,281.5835616438356,12.0,14.690901363324599,False
GAZP-GAZPF,5,2026-08-06,2026-08-13,7,17.169224165682895,-3.388681802778404,37.837750831634295,20.388453696748332,58.22620452838263,31.68219178082191,12.0,14.544012747560721,False
GAZP-GAZPF,20,2026-07-28,2026-08-25,28,24.004364429897063,4.705328784848639,133.3355155482815,19.6399345335523,152.9754500818338,126.72876712328771,12.0,14.246682958546089,False
GAZP-GAZPF,3,2026-07-14,2026-07-17,3,15.052144930651767,-5.103342689460888,20.110740780561226,19.352757767981142,39.46349854854237,13.820547945205478,12.0,13.642950603336892,False
GAZP-GAZPF,5,2026-02-10,2026-02-17,7,18.706791378608756,-11.09526073862721,31.00203334688898,30.093533956893413,61.09556730378239,36.04657534246575,12.0,13.048991961316638,False
GAZP-GAZPF,3,2026-03-30,2026-04-02,3,17.58370576598889,-3.7316217628191595,18.33394387867243,21.246977800570885,39.58092167924332,14.547945205479449,12.0,13.032976473763867,False
GAZP-GAZPF,10,2026-07-03,2026-07-17,14,25.815778603883732,-5.103342689460888,59.42998760842627,29.9463031805031,89.37629078892938,64.4958904109589,12.0,12.880400377970474,False
GAZP-GAZPF,3,2026-03-12,2026-03-17,5,9.975445058316712,-14.102162331558477,25.695979128299573,23.78759975445076,49.48357888275033,25.054794520547944,12.0,12.428784362202386,False
GAZP-GAZPF,10,2026-01-06,2026-01-21,15,-3.2351989647372292,-38.69846785657938,65.18602394047234,36.39598835328396,101.58201229375629,77.5890410958904,12.0,11.992971197865899,False
GAZP-GAZPF,3,2026-07-06,2026-07-09,3,14.766374854973119,-1.0729613733906351,21.787786098512814,15.82111591604321,37.60890201455603,13.820547945205478,12.0,11.788354069350554,False
GAZP-GAZPF,3,2026-08-24,2026-08-27,3,24.070285232880018,5.876131155246878,19.13106270309303,18.05271392466069,37.18377662775372,13.57808219178082,12.0,11.6056944359729,False
GAZP-GAZPF,10,2026-02-09,2026-02-24,15,1.6110842597072406,-31.52336669556388,65.80473658772354,33.83276945384257,99.63750604156611,76.29589041095888,12.0,11.341615630607237,False
GAZP-GAZPF,20,2026-02-18,2026-03-19,29,11.09526073862721,7.6487685482629075,163.99587890315422,3.170074496750043,167.16595339990425,145.31780821917806,12.0,9.848145180726192,False
GAZP-GAZPF,20,2026-06-18,2026-07-16,28,30.927835051546282,-10.783608914448628,111.60074976569821,39.36269915651241,150.96344892221063,129.31506849315062,12.0,9.648380429060012,False
GAZP-GAZPF,10,2026-08-14,2026-08-28,14,20.096938172360357,-1.1752262310504857,63.62690625369429,21.279111006029886,84.90601725972418,63.36438356164381,12.0,9.541633698080368,False
GAZP-GAZPF,3,2026-09-08,2026-09-11,3,22.007042253522346,0.0,13.03036971830986,22.00704225352144,35.0374119718313,13.57808219178082,12.0,9.459329780050474,False
GAZP-GAZPF,10,2026-04-08,2026-04-22,14,20.598108025631223,5.593288054335233,73.9876411351846,15.257857796764464,89.24549893194907,67.89041095890408,12.0,9.355087973044988,False
GAZP-GAZPF,20,2026-01-16,2026-02-13,28,-2.4265954865321238,-35.29411764705892,131.75442853676293,33.97233681145367,165.72676534821656,144.83287671232875,12.0,8.893888635887805,False
GAZP-GAZPF,10,2026-06-23,2026-07-07,14,21.587675399863393,-2.12179079142949,61.58865665783535,23.550191345305574,85.13884800314092,64.4958904109589,12.0,8.642957592182015,False
GAZP-GAZPF,20,2026-02-10,2026-03-11,29,18.706791378608756,0.7684032580312916,148.97275315168767,17.893452623016238,166.8662057747039,146.2876712328767,12.0,8.578534541827196,False
GAZP-GAZPF,3,2026-07-13,2026-07-16,3,3.177629488402278,-10.783608914448628,20.800762631077216,12.710517953605587,33.5112805846828,13.820547945205478,12.0,7.690732639477325,False
GAZP-GAZPF,5,2026-07-28,2026-08-04,7,24.004364429897063,5.367686527106841,32.56737588652482,18.54882705946554,51.116202945990366,31.68219178082191,12.0,7.434011165168457,False
GAZP-GAZPF,10,2026-01-26,2026-02-09,14,27.86624203821697,1.6110842597072406,65.37261146496816,26.273885350319468,91.64649681528762,72.41643835616436,12.0,7.230058459123256,False
GAZP-GAZPF,10,2026-06-25,2026-07-09,14,19.37391659019294,-1.0729613733906351,63.11002345263588,20.393596410728772,83.50361986336465,64.4958904109589,12.0,7.007729452405741,False
GAZP-GAZPF,3,2026-08-26,2026-08-31,5,27.932960893852776,4.498931503769121,18.506193830459072,23.075054651443224,41.58124848190229,22.630136986301366,12.0,6.951111495600927,False
GAZP-GAZPF,5,2026-07-03,2026-07-10,7,25.815778603883732,4.3117387086355485,29.51053283767039,21.685254027260818,51.19578686493121,32.24794520547945,12.0,6.947841659451754,False
GAZP-GAZPF,20,2026-07-30,2026-08-27,28,19.605707439276365,5.876131155246878,131.26238971789564,14.159677595032726,145.42206731292836,126.72876712328771,12.0,6.693300189640652,False
GAZP-GAZPF,40,2026-02-20,2026-04-20,59,17.470023028667292,9.536676468251404,300.9711744620027,7.9409195584844205,308.9120940204871,291.1205479452054,12.0,5.791546075281701,False
GAZP-GAZPF,5,2026-01-20,2026-01-27,7,31.59941662615573,9.355266235282489,32.087181980230106,21.876519202724392,53.9637011829545,36.20821917808219,12.0,5.755482004872313,False
GAZP-GAZPF,3,2026-06-01,2026-06-04,3,17.21911321566738,5.14182877710212,19.597933706414118,12.0533792509674,31.651312957381517,14.063013698630137,12.0,5.5882992587513804,False
GAZP-GAZPF,40,2026-01-26,2026-03-24,57,27.86624203821697,11.915400655346797,291.1839171974523,15.127388535032798,306.31130573248504,288.85753424657565,12.0,5.453771485909385,False
GAZP-GAZPF,10,2026-08-11,2026-08-25,14,20.314337645674918,4.705328784848639,64.52688976798888,16.037634983428383,80.56452475141727,63.36438356164381,12.0,5.200141189773454,False
GAZP-GAZPF,3,2026-04-14,2026-04-17,3,17.982799061766475,12.030798845041879,25.113369820172014,6.254886630179694,31.368256450351705,14.547945205479449,12.0,4.820311244872258,False
GAZP-GAZPF,10,2026-01-13,2026-01-27,14,36.58435187494868,9.355266235282489,62.336409744741,26.60680136360037,88.94321110834137,72.41643835616436,12.0,4.52677275217701,False
GAZP-GAZPF,3,2026-04-27,2026-04-30,3,12.977532646605283,1.651118632874926,19.22783680752697,11.355341065778761,30.58317787330573,14.063013698630137,12.0,4.5201641746755925,False
GAZP-GAZPF,5,2026-09-16,2026-09-23,7,18.166274845052843,-9.746588693956282,19.28617225902971,28.852318871553326,48.138491130583034,31.68219178082191,12.0,4.4562993497611245,False
GAZP-GAZPF,10,2026-08-21,2026-09-04,14,14.154281670206714,-7.636085960511796,57.34607218683652,22.410945977826366,79.75701816466288,63.36438356164381,12.0,4.392634603019069,False
GAZP-GAZPF,5,2026-06-30,2026-07-07,7,12.884043607532814,-2.12179079142949,33.534192269573836,14.866204162537729,48.40039643211156,32.24794520547945,12.0,4.15245122663211,False
GAZP-GAZPF,5,2026-08-24,2026-08-31,7,24.070285232880018,4.498931503769121,28.507642315561437,19.256228186303595,47.763870501865036,31.68219178082191,12.0,4.081678721043126,False
GAZP-GAZPF,40,2026-02-25,2026-04-22,56,0.0,5.593288054335233,297.16679779701025,-5.5074744295824685,291.65932336742776,275.7643835616438,12.0,3.894939805783963,False
GAZP-GAZPF,20,2026-02-26,2026-03-26,28,0.0,-1.4620951823951511,153.44944707740916,1.5797788309622285,155.02922590837142,139.82191780821913,12.0,3.2073081001522894,False
GAZP-GAZPF,20,2026-08-26,2026-09-23,28,27.932960893852776,-9.746588693956282,101.70755404420693,40.07772649987662,141.78528054408358,126.72876712328771,12.0,3.0565134207958664,False
GAZP-GAZPF,5,2026-01-08,2026-01-15,7,13.092218312740211,-8.196721311475308,29.982816463464527,21.27485475820351,51.25767122166804,36.20821917808219,12.0,3.049452043585852,False
GAZP-GAZPF,20,2026-06-10,2026-07-09,29,26.536930561698036,-1.0729613733906351,122.05484298982752,27.421494913755176,149.4763379035827,134.56849315068484,12.0,2.9078447528978586,False
GAZP-GAZPF,10,2026-07-02,2026-07-16,14,10.303967027305294,-10.783608914448628,59.48892323544564,19.577537351880242,79.06646058732588,64.4958904109589,12.0,2.570570176366971,False
GAZP-GAZPF,3,2026-04-08,2026-04-13,5,20.598108025631223,7.028504490431686,25.00762892889838,13.732072017089319,38.73970094598771,24.246575342465746,12.0,2.4931256035219604,False
GAZP-GAZPF,10,2026-06-18,2026-07-02,14,30.927835051546282,10.303967027305294,57.49203373945642,21.5557638238041,79.04779756326052,64.81917808219178,12.0,2.2286194810687334,False
GAZP-GAZPF,10,2026-04-03,2026-04-17,14,18.79416629078312,12.030798845041879,74.5181175763043,7.517666516313977,82.03578409261827,67.89041095890408,12.0,2.1453731337141875,False
GAZP-GAZPF,10,2026-08-26,2026-09-09,14,27.932960893852776,5.634437683119664,55.58294874908915,21.860578090840225,77.44352683992936,63.36438356164381,12.0,2.0791432782855495,False
GAZP-GAZPF,3,2026-06-10,2026-06-16,6,26.536930561698036,6.275775506543457,21.687748783724018,20.344980097302432,42.03272888102644,28.126027397260277,12.0,1.9067014837661667,False
GAZP-GAZPF,40,2026-02-18,2026-04-16,57,11.09526073862721,16.462841015991714,301.1887779362815,-5.547630369314264,295.6411475669673,281.745205479452,12.0,1.895942087515266,False
GAZP-GAZPF,20,2026-02-20,2026-03-23,31,17.470023028667292,9.873167767906477,161.78432462479157,7.146827602634399,168.93115222742594,155.33972602739726,12.0,1.5914262000286783,False
GAZP-GAZPF,5,2026-03-30,2026-04-06,7,17.58370576598889,2.2502250225020504,32.14594475785771,15.385742545239909,47.53168730309763,33.94520547945204,12.0,1.5864818236455847,False
GAZP-GAZPF,40,2026-02-27,2026-04-24,56,11.021018657009218,17.849898580122314,295.2452176651185,-6.297724946862811,288.94749271825566,275.4410958904109,12.0,1.5063968278447533,False
GAZP-GAZPF,3,2026-06-16,2026-06-19,3,6.275775506543457,4.785146904011661,25.697507620584542,1.7930787161540083,27.490586336738552,14.063013698630137,12.0,1.4275726381084155,False
GAZP-GAZPF,10,2026-08-17,2026-08-31,14,18.037518037519185,4.498931503769121,63.51491101491101,13.22751322751316,76.74242424242416,63.36438356164381,12.0,1.3780406807803516,False
GAZP-GAZPF,5,2026-08-12,2026-08-19,7,17.452006980802626,7.0704690077771915,33.69655322862128,10.907504363001125,44.604057591622414,31.68219178082191,12.0,0.9218658108005044,False
GAZP-GAZPF,3,2026-08-11,2026-08-14,3,20.314337645674918,20.096938172360357,24.311985459210945,2.1383513311232782,26.450336790334227,13.57808219178082,12.0,0.8722545985534058,False
GAZP-GAZPF,5,2026-08-26,2026-09-02,7,27.932960893852776,11.372682815875557,28.76487733786738,15.788195287830392,44.55307262569777,31.68219178082191,12.0,0.8708808448758631,False
GAZP-GAZPF,10,2026-05-25,2026-06-08,14,16.286644951140072,6.167944312274187,68.1476084347677,10.286302074403425,78.43391050917113,65.62739726027397,12.0,0.8065132488971614,False
GAZP-GAZPF,5,2026-08-11,2026-08-18,7,20.314337645674918,12.904739558892153,35.7061905271036,8.553405324494632,44.259595851598235,31.68219178082191,12.0,0.5774040707763248,False
GAZP-GAZPF,20,2026-07-22,2026-08-19,28,17.570832418185578,7.0704690077771915,128.63386777948605,10.981770261365506,139.61563804085156,127.13287671232881,12.0,0.48276132852275566,False
GAZP-GAZPF,10,2026-03-12,2026-03-26,14,9.975445058316712,-1.4620951823951511,70.61617556783304,11.510128913442086,82.12630448127511,69.66849315068492,12.0,0.4578113305901894,False
GAZP-GAZPF,20,2026-03-13,2026-04-10,28,24.733343638891903,12.515644555695093,137.45401143917144,12.366671819446328,149.82068325861778,137.39726027397265,12.0,0.4234229846451285,False
GAZP-GAZPF,10,2026-04-16,2026-04-30,14,16.462841015991714,1.651118632874926,64.89965506428348,14.894951395420469,79.79460645970394,67.40547945205476,12.0,0.3891270076491793,False
GAZP-GAZPF,3,2026-03-23,2026-03-26,3,9.873167767906477,-1.4620951823951511,15.49175970228602,11.392116655274984,26.883876357561,14.547945205479449,12.0,0.33593115208155133,False
GAZP-GAZPF,3,2026-05-25,2026-05-28,3,16.286644951140072,12.964563526360884,22.693296759814842,3.4287673581352864,26.12206411795013,14.063013698630137,12.0,0.059050419319994774,False
GAZP-GAZPF,10,2026-07-22,2026-08-05,14,17.570832418185578,-1.0481081647617518,57.14254337799253,18.669009444321052,75.81155282231359,63.76849315068491,12.0,0.043059671628675744,False
GAZP-GAZPF,5,2026-08-21,2026-08-28,7,14.154281670206714,-1.1752262310504857,28.279075253597547,15.33380514272348,43.612880396321025,31.68219178082191,12.0,-0.06931138450088525,False
GAZP-GAZPF,3,2026-04-10,2026-04-15,5,12.515644555695093,-1.5564202334639177,21.783479349186482,14.080100125156978,35.86357947434346,24.246575342465746,12.0,-0.38299586812228625,False
GAZP-GAZPF,20,2026-08-07,2026-09-04,28,8.729812309036244,-7.636085960511796,121.9172850283719,16.368398079441913,138.2856831078138,126.72876712328771,12.0,-0.4430840154739002,False
GAZP-GAZPF,3,2026-08-17,2026-08-20,3,18.037518037519185,16.893930252201983,23.929773929773933,1.2025012025018178,25.132275132275748,13.57808219178082,12.0,-0.44580705950507316,False
GAZP-GAZPF,3,2026-08-25,2026-08-28,3,4.705328784848639,-1.1752262310504857,19.06716856840372,5.881660981060716,24.948829549464435,13.57808219178082,12.0,-0.629252642316386,False
GAZP-GAZPF,3,2026-01-22,2026-01-27,5,29.42579926833222,9.355266235282489,17.338158104024174,19.882296802928934,37.22045490695311,25.863013698630134,12.0,-0.6425587916770255,False
GAZP-GAZPF,40,2026-01-08,2026-03-06,57,13.092218312740211,-13.618824241505845,275.3113493167499,27.820963914572395,303.1323132313223,291.92876712328774,12.0,-0.7964538919654274,False
GAZP-GAZPF,3,2026-02-20,2026-02-26,6,17.470023028667292,0.0,23.716350353370917,17.470023028666628,41.186373382037544,30.065753424657533,12.0,-0.8793800426199887,False
GAZP-GAZPF,5,2026-07-08,2026-07-15,7,18.777383684540627,2.2614201718673677,26.633632380554975,16.691007719592196,43.32464010014717,32.24794520547945,12.0,-0.9233051053322825,False
GAZP-GAZPF,10,2026-03-30,2026-04-13,14,17.58370576598889,7.028504490431686,67.93098395486848,10.98981610374428,78.92080005861276,67.89041095890408,12.0,-0.9696109002913289,False
GAZP-GAZPF,5,2026-07-02,2026-07-09,7,10.303967027305294,-1.0729613733906351,31.540443070582178,11.33436373003747,42.87480680061965,32.24794520547945,12.0,-1.3731384048598017,False
GAZP-GAZPF,5,2026-03-12,2026-03-19,7,9.975445058316712,7.6487685482629075,43.340239410681406,2.3020257826888533,45.64226519337026,35.07671232876712,12.0,-1.4344471353968657,False
GAZP-GAZPF,5,2026-07-29,2026-08-05,7,7.58068009529822,-1.0481081647617518,33.529348061511804,8.663634394626822,42.19298245613862,31.68219178082191,12.0,-1.4892093246832872,False
GAZP-GAZPF,10,2026-05-28,2026-06-11,14,12.964563526360884,6.233858758570854,69.0371650821089,6.914433880725868,75.95159896283477,65.62739726027397,12.0,-1.6757982974392007,False
GAZP-GAZPF,3,2026-09-15,2026-09-18,3,11.376564277587597,2.085070892410279,14.466852828627573,9.308098045299763,23.774950873927335,13.57808219178082,12.0,-1.8031313178534862,False
GAZP-GAZPF,10,2026-06-01,2026-06-16,15,17.21911321566738,6.275775506543457,69.23202755058114,11.192423590184713,80.42445114076585,70.31506849315068,12.0,-1.8906173523848224,False
GAZP-GAZPF,5,2026-06-01,2026-06-08,7,17.21911321566738,6.167944312274187,31.72707705553164,11.19242359018349,42.91950064571513,32.81369863013699,12.0,-1.894197984421858,False
GAZP-GAZPF,10,2026-02-25,2026-03-11,14,0.0,0.7684032580312916,80.5916601101495,-0.7867820613705214,79.80487804877899,70.15342465753423,12.0,-2.3485466087552425,False
GAZP-GAZPF,3,2026-06-08,2026-06-11,3,6.167944312274187,6.233858758570854,23.65759097717861,1.252168007331219e-12,23.657590977179858,14.063013698630137,12.0,-2.405422721450279,False
GAZP-GAZPF,3,2026-01-12,2026-01-15,3,0.0,-8.196721311475308,16.758546477940566,8.27746047512576,25.036006953066327,15.517808219178079,12.0,-2.481801266111752,False
GAZP-GAZPF,5,2026-08-14,2026-08-21,7,20.096938172360357,14.154281670206714,35.28431256649722,5.9108641683410745,41.1951767348383,31.68219178082191,12.0,-2.487015045983611,False
GAZP-GAZPF,5,2026-08-20,2026-08-27,7,16.893930252201983,5.876131155246878,30.322191384095568,10.860383733558997,41.182575117654565,31.68219178082191,12.0,-2.4996166631673447,False
GAZP-GAZPF,20,2026-05-21,2026-06-19,29,12.640094379370304,4.785146904011661,137.01019634279933,8.426729586245902,145.43692592904526,135.9424657534246,12.0,-2.5055398243793547,False
GAZP-GAZPF,3,2026-06-23,2026-06-26,3,21.587675399863393,17.159584132431238,18.403493278382886,4.906289863604863,23.30978314198775,13.820547945205478,12.0,-2.510764803217727,False
GAZP-GAZPF,3,2026-03-16,2026-03-19,3,5.456813221078605,7.6487685482629075,26.770346117867163,-2.3386342376053273,24.431711880261837,15.032876712328765,12.0,-2.601164832066928,False
GAZP-GAZPF,10,2026-06-17,2026-07-01,14,25.496266618103558,10.887855092547305,58.71334911673648,15.47987616099087,74.19322527772735,64.9,12.0,-2.7067747222726553,False
GAZP-GAZPF,5,2026-02-18,2026-02-26,8,11.09526073862721,0.0,38.20653035346331,11.095260738626276,49.30179109208959,40.08767123287671,12.0,-2.785880140787121,False
GAZP-GAZPF,20,2026-08-14,2026-09-11,28,20.096938172360357,0.0,115.72762737912282,20.096938172361,135.82456555148383,126.72876712328771,12.0,-2.904201571803881,False
GAZP-GAZPF,10,2026-06-26,2026-07-10,14,17.159584132431238,4.3117387086355485,60.43908347632987,13.122034924800188,73.56111840113006,64.4958904109589,12.0,-2.9347720098288477,False
GAZP-GAZPF,5,2026-07-06,2026-07-13,7,14.766374854973119,3.177629488402278,29.683577681679147,11.602151671764522,41.285729353443664,32.24794520547945,12.0,-2.96221585203579,False
GAZP-GAZPF,5,2026-04-03,2026-04-10,7,18.79416629078312,12.515644555695093,36.208840775823184,6.765899864682259,42.974740640505445,33.94520547945204,12.0,-2.9704648389465973,False
GAZP-GAZPF,10,2026-04-01,2026-04-15,14,3.705075954056891,-1.5564202334639177,71.65765098184514,5.187106335681483,76.84475731752661,67.89041095890408,12.0,-3.04565364137747,False
GAZP-GAZPF,3,2026-06-17,2026-06-22,5,25.496266618103558,19.160951996772813,24.123110544527407,8.195228555818924,32.31833910034633,23.438356164383563,12.0,-3.120017064037235,False
GAZP-GAZPF,5,2026-04-09,2026-04-16,7,20.19574335870633,16.462841015991714,38.91409041478949,3.883796799751216,42.79788721454071,33.94520547945204,12.0,-3.147318264911334,False
GAZP-GAZPF,5,2026-06-25,2026-07-02,7,19.37391659019294,10.303967027305294,31.897624146018153,9.177118384827514,41.07474253084566,32.24794520547945,12.0,-3.1732026746337922,False
GAZP-GAZPF,5,2026-06-18,2026-06-25,7,30.927835051546282,19.37391659019294,28.17432052483599,13.120899718836585,41.295220243672574,32.57123287671233,12.0,-3.2760126330397554,False
GAZP-GAZPF,3,2026-07-30,2026-08-04,5,19.605707439276365,5.367686527106841,17.13974512580329,14.159677595032726,31.299422720836013,22.630136986301366,12.0,-3.330714265465353,False
GAZP-GAZPF,3,2026-08-14,2026-08-19,5,20.096938172360357,7.0704690077771915,18.253930724671946,13.003901170351039,31.257831895022985,22.630136986301366,12.0,-3.372305091278381,False
GAZP-GAZPF,5,2026-05-28,2026-06-04,7,12.964563526360884,5.14182877710212,33.65514261019879,7.778738115815834,41.43388072601463,32.81369863013699,12.0,-3.379817904122362,False
GAZP-GAZPF,10,2026-08-06,2026-08-20,14,17.169224165682895,16.893930252201983,69.59008477304432,2.1461530207099497,71.73623779375427,63.36438356164381,12.0,-3.628145767889542,False
GAZP-GAZPF,10,2026-02-10,2026-02-25,15,18.706791378608756,0.0,65.66083773891826,18.706791378609516,84.36762911752778,76.13424657534244,12.0,-3.766617457814661,False
GAZP-GAZPF,3,2026-03-02,2026-03-05,3,-58.34484876400925,-55.25721846058151,27.085060647934903,-3.8384768923677988,23.2465837555671,15.032876712328765,12.0,-3.786292956761663,False
GAZP-GAZPF,3,2026-04-23,2026-04-28,5,30.358712151472567,17.425939756037234,18.704961252696332,13.581529120396397,32.28649037309273,24.084931506849312,12.0,-3.7984411337565795,False
GAZP-GAZPF,3,2026-07-08,2026-07-13,5,18.777383684540627,3.177629488402278,15.560191946588777,15.64781973711722,31.208011683705998,23.034246575342465,12.0,-3.8262348916364672,False
GAZP-GAZPF,5,2026-08-18,2026-08-25,7,12.904739558892153,4.705328784848639,31.623650868137027,8.212106992023392,39.83575786016042,31.68219178082191,12.0,-3.8464339206614895,False
GAZP-GAZPF,20,2026-07-31,2026-08-28,28,3.2587442971965253,-1.1752262310504857,130.3812730827721,4.344992396263986,134.7262654790361,126.72876712328771,12.0,-4.002501644251609,False
GAZP-GAZPF,3,2026-08-18,2026-08-21,3,12.904739558892153,14.154281670206714,22.51290473955889,-1.1731581417181036,21.339746597840787,13.57808219178082,12.0,-4.238335593940034,False
GAZP-GAZPF,3,2026-02-19,2026-02-25,6,19.09307875894939,0.0,18.725536992840095,19.093078758949474,37.818615751789565,30.065753424657533,12.0,-4.247137672867968,False
GAZP-GAZPF,5,2026-07-10,2026-07-17,7,4.3117387086355485,-5.103342689460888,31.232079335992243,8.62347741726833,39.85555675326057,32.24794520547945,12.0,-4.392388452218881,False
GAZP-GAZPF,3,2026-05-19,2026-05-22,3,14.589074404280922,9.378463637139678,15.986383530556006,5.673528934998168,21.65991246555417,14.063013698630137,12.0,-4.403101233075965,False
GAZP-GAZPF,3,2026-06-29,2026-07-02,3,10.786428711511142,10.303967027305294,20.262796626789566,0.9805844283183863,21.243381055107953,13.820547945205478,12.0,-4.577166890097525,False
GAZP-GAZPF,10,2026-07-28,2026-08-11,14,24.004364429897063,20.314337645674918,67.48499727223131,3.2733224222587163,70.75831969449003,63.36438356164381,12.0,-4.606063867153786,False
GAZP-GAZPF,3,2026-06-02,2026-06-05,3,7.626472332851186,7.798960138647448,21.11515973222608,0.0,21.11515973222608,14.063013698630137,12.0,-4.9478539664040575,False
GAZP-GAZPF,3,2026-07-02,2026-07-07,5,10.303967027305294,-2.12179079142949,17.705306543019066,12.364760432768549,30.07006697578762,23.034246575342465,12.0,-4.964179599554846,False
GAZP-GAZPF,10,2026-06-10,2026-06-25,15,26.536930561698036,19.37391659019294,67.30738611233967,9.730207872621426,77.03759398496109,70.07260273972601,12.0,-5.035008754764917,False
GAZP-GAZPF,40,2026-02-10,2026-04-08,57,18.706791378608756,20.598108025631223,293.97803985359906,-3.2533550223650125,290.724684831234,284.00821917808224,12.0,-5.283534346848228,False
GAZP-GAZPF,5,2026-04-10,2026-04-17,7,12.515644555695093,12.030798845041879,39.86154568210262,0.7822277847313138,40.64377346683394,33.94520547945204,12.0,-5.3014320126181005,False
GAZP-GAZPF,20,2026-06-17,2026-07-15,28,25.496266618103558,2.2614201718673677,112.40848661446003,23.67510471680979,136.08359133126982,129.39589041095883,12.0,-5.312299079689012,False
GAZP-GAZPF,5,2026-04-14,2026-04-21,7,17.982799061766475,13.562026326285892,35.8921032056294,4.6911649726339375,40.58326817826334,33.94520547945204,12.0,-5.3619373011887035,False
GAZP-GAZPF,10,2026-02-13,2026-03-02,17,-35.29411764705892,-58.34484876400925,67.89960784313726,24.31372549019514,92.2133333333324,85.6712328767123,12.0,-5.457899543379895,False
GAZP-GAZPF,10,2026-03-13,2026-03-27,14,24.733343638891903,15.273838097313863,67.2916988715412,8.502086875870587,75.79378574741179,69.50684931506848,12.0,-5.71306356765669,False
GAZP-GAZPF,3,2026-08-04,2026-08-07,3,5.367686527106841,8.729812309036244,23.060654857756305,-3.2206119162642124,19.840042941492094,13.57808219178082,12.0,-5.738039250288727,False
GAZP-GAZPF,10,2026-05-21,2026-06-04,14,12.640094379370304,5.14182877710212,64.27656526502064,7.5840566276219095,71.86062189264256,65.62739726027397,12.0,-5.766775367631411,False
GAZP-GAZPF,20,2026-01-13,2026-02-10,28,36.58435187494868,18.706791378608756,133.57362600814832,17.460713394861042,151.03433940300937,144.83287671232875,12.0,-5.798537309319386,False
GAZP-GAZPF,20,2026-01-08,2026-02-05,28,13.092218312740211,-13.536109562863885,123.97266999427215,27.002700270028026,150.97537026430018,144.83287671232875,12.0,-5.857506448028573,False
GAZP-GAZPF,20,2026-02-27,2026-03-27,28,11.021018657009218,15.273838097313863,151.26584271431946,-5.510509328503422,145.75533338581602,139.6602739726027,12.0,-5.904940586786694,False
GAZP-GAZPF,3,2026-05-26,2026-05-29,3,3.4632034632031683,6.925207756232066,23.257142857142856,-3.4632034632027744,19.793939393940082,14.063013698630137,12.0,-6.269074304690054,False
GAZP-GAZPF,3,2026-06-03,2026-06-08,5,12.934379580926691,6.167944312274187,22.22988703975166,6.898335776493774,29.128222816245433,23.438356164383563,12.0,-6.31013334813813,False
GAZP-GAZPF,5,2026-01-05,2026-01-13,8,45.26349822179032,36.58435187494868,37.14839961202716,9.699321047527041,46.8477206595542,41.38082191780821,12.0,-6.533101258254014,False
GAZP-GAZPF,5,2026-07-09,2026-07-16,7,-1.0729613733906351,-10.783608914448628,29.103004291845494,8.583690987122756,37.686695278968244,32.24794520547945,12.0,-6.561249926511209,False
GAZP-GAZPF,40,2026-02-17,2026-04-15,57,-11.09526073862721,-1.5564202334639177,296.7704866064352,-9.510223490251255,287.260263116184,281.9068493150685,12.0,-6.646586198884506,False
GAZP-GAZPF,10,2026-07-06,2026-07-20,14,14.766374854973119,3.512880562062115,58.06876911718173,11.602151671764522,69.67092078894625,64.4958904109589,12.0,-6.824969622012659,False
GAZP-GAZPF,3,2026-04-24,2026-04-29,5,17.849898580122314,13.440860215052641,24.103042596348885,4.868154158215194,28.97119675456408,23.923287671232874,12.0,-6.952090916668794,False
GAZP-GAZPF,5,2026-06-23,2026-06-30,7,21.587675399863393,12.884043607532814,28.38681189284663,8.83132175448959,37.21813364733622,32.24794520547945,12.0,-7.029811558143237,False
GAZP-GAZPF,5,2026-02-04,2026-02-11,7,59.93690851735067,59.31388265469684,39.59227129337539,1.5772870662468639,41.16955835962226,36.20821917808219,12.0,-7.038660818459931,False
GAZP-GAZPF,3,2026-04-07,2026-04-10,3,7.5018754688671585,12.515644555695093,23.933983495873964,-4.5011252813205,19.432858214553466,14.547945205479449,12.0,-7.115086990925983,False
GAZP-GAZPF,5,2026-05-19,2026-05-26,7,14.589074404280922,3.4632034632031683,26.339763332792998,11.347057869995183,37.68682120278818,32.81369863013699,12.0,-7.126877427348809,False
GAZP-GAZPF,3,2026-08-20,2026-08-25,5,16.893930252201983,4.705328784848639,15.332448413177266,12.067093037288346,27.399541450465613,22.630136986301366,12.0,-7.230595535835754,False
GAZP-GAZPF,5,2026-06-11,2026-06-19,8,6.233858758570854,4.785146904011661,40.40965357556327,1.781102502447396,42.190756078010665,37.5013698630137,12.0,-7.310613785003035,False
GAZP-GAZPF,20,2026-03-30,2026-04-27,28,17.58370576598889,12.977532646605283,134.53146750677706,5.861235255328895,140.39270276210593,135.78082191780825,12.0,-7.388119155702327,False
GAZP-GAZPF,10,2026-06-04,2026-06-19,15,5.14182877710212,4.785146904011661,73.96777787299682,0.8569714628495076,74.82474933584633,70.31506849315068,12.0,-7.4903191573043415,False
GAZP-GAZPF,3,2026-05-18,2026-05-21,3,15.321345052818902,12.640094379370304,15.276187404241591,3.2255463269096243,18.50173373115122,14.063013698630137,12.0,-7.561279967478917,False
GAZP-GAZPF,5,2026-08-28,2026-09-04,7,-1.1752262310504857,-7.636085960511796,28.96110001175226,7.051357386297129,36.01245739804939,31.68219178082191,12.0,-7.669734382772518,False
GAZP-GAZPF,3,2026-09-14,2026-09-17,3,12.415933781686483,11.833046471600994,16.64666321779617,1.0346611484729336,17.681324366269106,13.57808219178082,12.0,-7.896757825511715,False
GAZP-GAZPF,5,2026-07-27,2026-08-03,7,11.81525241675585,5.312367190819511,29.278195488721806,6.444683136412705,35.722878625134506,31.68219178082191,12.0,-7.959313155687404,False
GAZP-GAZPF,5,2026-05-20,2026-05-27,7,19.32610704982629,12.059608924110954,29.103436685992772,7.562389715149079,36.66582640114185,32.81369863013699,12.0,-8.14787222899514,False
GAZP-GAZPF,40,2026-07-17,2026-09-11,56,-5.103342689460888,0.0,263.1257973972953,-5.1033426894605824,258.02245470783464,254.26575342465736,12.0,-8.243298716822721,False
GAZP-GAZPF,5,2026-07-30,2026-08-06,7,19.605707439276365,17.169224165682895,33.25672584685764,2.178411937696985,35.43513778455462,31.68219178082191,12.0,-8.24705399626729,False
GAZP-GAZPF,10,2026-04-14,2026-04-28,14,17.982799061766475,17.425939756037234,69.87255668491008,1.5637216575446458,71.43627834245473,67.72876712328764,12.0,-8.292488780832912,False
GAZP-GAZPF,3,2026-05-11,2026-05-14,3,16.5727543917793,9.895275006184256,11.09628770301624,6.6291017567106465,17.725389459726888,14.063013698630137,12.0,-8.337624238903249,False
GAZP-GAZPF,5,2026-06-22,2026-06-29,7,19.160951996772813,10.786428711511142,27.813634530052443,8.067769261798942,35.88140379185138,32.24794520547945,12.0,-8.36654141362807,False
GAZP-GAZPF,3,2026-09-22,2026-09-25,3,13.908205841446364,12.148208139299843,15.198688654877808,1.9868865487776695,17.18557520365548,13.57808219178082,12.0,-8.392506988125342,False
GAZP-GAZPF,5,2026-05-22,2026-05-29,7,9.378463637139678,6.925207756232066,33.793162247420916,2.557762810128837,36.35092505754976,32.81369863013699,12.0,-8.462773572587231,False
GAZP-GAZPF,3,2026-07-03,2026-07-08,5,25.815778603883732,18.777383684540627,19.318463444857496,7.228418009086449,26.54688145394395,23.034246575342465,12.0,-8.487365121398515,False
GAZP-GAZPF,5,2026-07-24,2026-07-31,7,10.727311735678757,3.2587442971965253,27.919974254451834,7.509118214974595,35.42909246942643,31.92465753424657,12.0,-8.495565064820141,False
GAZP-GAZPF,20,2026-03-25,2026-04-22,28,12.463343108504166,5.593288054335233,131.89882697947212,7.331378299119817,139.23020527859194,135.78082191780825,12.0,-8.550616639216315,False
GAZP-GAZPF,10,2026-05-20,2026-06-03,14,19.32610704982629,12.934379580926691,62.26787664902108,6.722124191243095,68.99000084026419,65.62739726027397,12.0,-8.637396420009779,False
GAZP-GAZPF,5,2026-02-19,2026-02-27,8,19.09307875894939,11.021018657009218,35.49164677804296,7.955449482895331,43.44709626093829,40.08767123287671,12.0,-8.64057497193842,False
GAZP-GAZPF,3,2026-03-27,2026-04-01,5,15.273838097313863,3.705075954056891,15.944432322350716,11.637209978905242,27.581642301255954,24.246575342465746,12.0,-8.664933041209792,False
GAZP-GAZPF,3,2026-04-21,2026-04-24,3,13.562026326285892,17.849898580122314,21.839648982848026,-3.9888312724369497,17.85081771041108,14.547945205479449,12.0,-8.69712749506837,False
GAZP-GAZPF,5,2026-09-10,2026-09-17,7,23.529411764706687,11.833046471600994,23.2192513368984,11.76470588235288,34.98395721925128,31.68219178082191,12.0,-8.69823456157063,False
GAZP-GAZPF,3,2026-06-22,2026-06-25,3,19.160951996772813,19.37391659019294,17.105687777329567,-1.4331237106899963e-12,17.105687777328136,13.820547945205478,12.0,-8.714860167877342,False
GAZP-GAZPF,10,2026-05-22,2026-06-05,14,9.378463637139678,7.798960138647448,66.85395174354164,1.705175206753366,68.55912695029501,65.62739726027397,12.0,-9.068270309978956,False
GAZP-GAZPF,5,2026-05-25,2026-06-01,7,16.286644951140072,17.21911321566738,36.55923195611177,-0.857191839532908,35.70204011657887,32.81369863013699,12.0,-9.111658513558119,False
GAZP-GAZPF,10,2026-07-01,2026-07-15,14,10.887855092547305,2.2614201718673677,58.36682173611798,8.908245075720421,67.2750668118384,64.4958904109589,12.0,-9.220823599120507,False
GAZP-GAZPF,10,2026-08-24,2026-09-07,14,24.070285232880018,15.36266871502212,58.641232398603925,7.221085569864276,65.86231796846819,63.36438356164381,12.0,-9.502065593175622,False
GAZP-GAZPF,40,2026-01-30,2026-03-30,59,31.347962382446415,17.58370576598889,287.15047021943576,12.539184952980017,299.68965517241577,297.26301369863023,12.0,-9.573358526214463,False
GAZP-GAZPF,3,2026-06-09,2026-06-15,6,19.453532584667865,13.155586739168612,24.259439384560967,6.189760367848012,30.44919975240898,28.126027397260277,12.0,-9.676827644851297,False
GAZP-GAZPF,5,2026-08-10,2026-08-17,7,14.99089838312484,18.037518037519185,35.062640539672344,-1.0707784559380142,33.991862083734325,31.68219178082191,12.0,-9.690329697087584,False
GAZP-GAZPF,20,2026-02-25,2026-03-25,28,0.0,12.463343108504166,155.6168371361133,-13.37529504327203,142.24154209284129,139.98356164383557,12.0,-9.742019550994286,False
GAZP-GAZPF,5,2026-03-25,2026-04-01,7,12.463343108504166,3.705075954056891,27.390762463343105,8.797653958942531,36.18841642228564,33.94520547945204,12.0,-9.7567890571664,False
GAZP-GAZPF,5,2026-04-13,2026-04-20,7,7.028504490431686,9.536676468251404,38.37485357282311,-2.342834830146783,36.03201874267633,33.94520547945204,12.0,-9.913186736775714,False
GAZP-GAZPF,10,2026-01-05,2026-01-20,15,45.26349822179032,31.59941662615573,65.73714839961202,13.740704817329592,79.47785321694161,77.5890410958904,12.0,-10.111187878948783,False
GAZP-GAZPF,20,2026-07-21,2026-08-18,28,9.253903990746881,12.904739558892153,132.54482359745518,-3.4702139965299175,129.07460960092524,127.21369863013703,12.0,-10.139089029211789,False
GAZP-GAZPF,20,2026-07-24,2026-08-21,28,10.727311735678757,14.154281670206714,130.96009440034328,-2.1454623471369056,128.81463205320637,126.97123287671238,12.0,-10.156600823506011,False
GAZP-GAZPF,10,2026-07-24,2026-08-07,14,10.727311735678757,8.729812309036244,63.263248229993565,2.145462347135381,65.40871057712896,63.60684931506847,12.0,-10.198138737939516,False
GAZP-GAZPF,5,2026-03-19,2026-03-26,7,7.6487685482629075,-1.4620951823951511,27.188312681658253,9.178522257914649,36.3668349395729,34.5917808219178,12.0,-10.224945882344905,False
GAZP-GAZPF,10,2026-03-27,2026-04-10,14,15.273838097313863,12.515644555695093,66.02371081533202,3.636628118407371,69.6603389337394,67.89041095890408,12.0,-10.230072025164688,False
GAZP-GAZPF,3,2026-06-18,2026-06-23,5,30.927835051546282,21.587675399863393,14.772258669165886,10.30927835051541,25.081537019681296,23.35753424657534,12.0,-10.275997226894045,False
GAZP-GAZPF,40,2026-02-09,2026-04-07,57,1.6110842597072406,7.5018754688671585,292.38923795714516,-6.444337038826993,285.9449009183182,284.3315068493151,12.0,-10.386605930996893,False
GAZP-GAZPF,5,2026-06-15,2026-06-22,7,13.155586739168612,19.160951996772813,37.802139975442905,-3.5081564637775866,34.293983511665324,32.81369863013699,12.0,-10.519715118471666,False
GAZP-GAZPF,5,2026-06-04,2026-06-11,7,5.14182877710212,6.233858758570854,35.08184077470221,-0.8569714628495076,34.2248693118527,32.81369863013699,12.0,-10.58882931828429,False
GAZP-GAZPF,20,2026-06-22,2026-07-20,28,19.160951996772813,3.512880562062115,114.21137555465914,16.135538523597884,130.34691407825702,128.99178082191773,12.0,-10.644866743660714,False
GAZP-GAZPF,10,2026-08-07,2026-08-21,14,8.729812309036244,14.154281670206714,68.86403317328677,-4.36490615451836,64.49912701876842,63.36438356164381,12.0,-10.865256542875393,False
GAZP-GAZPF,3,2026-07-29,2026-08-03,5,7.58068009529822,5.312367190819511,21.505306476066707,2.1659085986567055,23.671215074723417,22.630136986301366,12.0,-10.95892191157795,False
GAZP-GAZPF,10,2026-05-19,2026-06-02,14,14.589074404280922,7.626472332851186,59.344302155941,7.294537202141159,66.63883935808215,65.62739726027397,12.0,-10.988557902191815,False
GAZP-GAZPF,10,2026-06-29,2026-07-13,14,10.786428711511142,3.177629488402278,57.61914100804079,7.844675426554059,65.46381643459485,64.4958904109589,12.0,-11.03207397636406,False
GAZP-GAZPF,20,2026-02-05,2026-03-06,29,-13.536109562863885,-13.618824241505845,147.2657058683016,0.7962417389901022,148.0619476072917,147.09589041095887,12.0,-11.033942803667173,False
GAZP-GAZPF,3,2026-05-21,2026-05-26,5,12.640094379370304,3.4632034632031683,15.119238223645402,9.26940254487109,24.388640768516495,23.438356164383563,12.0,-11.049715395867068,False
GAZP-GAZPF,5,2026-07-22,2026-07-29,7,17.570832418185578,7.58068009529822,23.14188447177685,9.883593235229894,33.02547770700674,32.08630136986301,12.0,-11.060823662856265,False
GAZP-GAZPF,3,2026-04-13,2026-04-16,3,7.028504490431686,16.462841015991714,24.85201093322921,-9.371339320579363,15.480671612649841,14.547945205479449,12.0,-11.067273592829608,False
GAZP-GAZPF,5,2026-06-08,2026-06-16,8,6.167944312274187,6.275775506543457,38.38399859018416,1.252168007331219e-12,38.38399859018541,37.5013698630137,12.0,-11.117371272828287,False
GAZP-GAZPF,3,2026-08-12,2026-08-17,5,17.452006980802626,18.037518037519185,22.31566317626527,1.0907504362991824,23.40641361256445,22.630136986301366,12.0,-11.223723373736917,False
GAZP-GAZPF,5,2026-06-10,2026-06-18,8,26.536930561698036,30.927835051546282,40.715612560813796,-2.653693056169937,38.06191950464386,37.5013698630137,12.0,-11.43945035836984,False
GAZP-GAZPF,10,2026-06-15,2026-06-29,14,13.155586739168612,10.786428711511142,61.990878793194184,3.508156463778833,65.49903525697302,65.06164383561645,12.0,-11.562608578643434,False
GAZP-GAZPF,40,2026-02-16,2026-04-14,57,6.312135079691306,17.982799061766475,294.3348587659776,-11.8352532744194,282.4996054915582,282.0684931506849,12.0,-11.568887659126688,False
GAZP-GAZPF,20,2026-06-03,2026-07-02,29,12.934379580926691,10.303967027305294,131.23825127188067,4.311459860308456,135.54971113218912,135.13424657534242,12.0,-11.5845354431533,False
GAZP-GAZPF,3,2026-04-17,2026-04-22,5,12.030798845041879,5.593288054335233,18.235482836060314,6.416426050689629,24.651908886749943,24.246575342465746,12.0,-11.594666455715803,False
GAZP-GAZPF,10,2026-08-04,2026-08-18,14,5.367686527106841,12.904739558892153,70.20719269994632,-6.441223832528425,63.7659688674179,63.36438356164381,12.0,-11.598414694225916,False
GAZP-GAZPF,10,2026-02-26,2026-03-12,14,0.0,9.975445058316712,80.75829383886256,-10.268562401263464,70.48973143759909,70.15342465753423,12.0,-11.66369321993514,False
GAZP-GAZPF,20,2026-08-03,2026-08-31,28,5.312367190819511,4.498931503769121,125.99660008499788,1.0624734381630796,127.05907352316095,126.72876712328771,12.0,-11.669693600126763,False
GAZP-GAZPF,5,2026-05-27,2026-06-03,7,12.059608924110954,12.934379580926691,33.9986217589801,-0.8614006374369123,33.137221121543185,32.81369863013699,12.0,-11.676477508593806,False
GAZP-GAZPF,40,2026-05-20,2026-07-16,57,19.32610704982629,-10.783608914448628,238.665658348038,26.88849676497596,265.5541551130139,265.2575342465754,12.0,-11.703379133561498,False
GAZP-GAZPF,3,2026-05-04,2026-05-07,3,15.129864671765691,12.788814050643804,11.774396906783224,2.5216441119622885,14.296041018745512,14.063013698630137,12.0,-11.766972679884624,False
GAZP-GAZPF,3,2026-05-28,2026-06-02,5,12.964563526360884,7.626472332851186,18.431287813310284,5.185825410544708,23.617113223854993,23.438356164383563,12.0,-11.82124294052857,False
GAZP-GAZPF,5,2026-05-29,2026-06-05,7,6.925207756232066,7.798960138647448,33.567347645429365,-0.8656509695282986,32.70169667590107,32.81369863013699,12.0,-12.112001954235922,False
GAZP-GAZPF,10,2026-05-15,2026-05-29,14,16.583747927032544,6.925207756232066,55.52155887230514,9.950248756219283,65.47180762852443,65.62739726027397,12.0,-12.155589631749535,False
GAZP-GAZPF,3,2026-06-26,2026-07-01,5,17.159584132431238,10.887855092547305,16.72554759261129,6.056323811446681,22.78187140405797,23.034246575342465,12.0,-12.252375171284495,False
GAZP-GAZPF,20,2026-06-08,2026-07-07,29,6.167944312274187,-2.12179079142949,126.53097189179664,7.930214115782679,134.4611860075793,134.7301369863013,12.0,-12.268950978721989,False
GAZP-GAZPF,3,2026-07-31,2026-08-05,5,3.2587442971965253,-1.0481081647617518,17.975233543341297,4.344992396262442,22.32022593960374,22.630136986301366,12.0,-12.309911046697625,False
GAZP-GAZPF,3,2026-04-09,2026-04-14,5,20.19574335870633,17.982799061766475,21.45564704054684,2.33027807985095,23.78592512039779,24.246575342465746,12.0,-12.460650222067958,False
GAZP-GAZPF,10,2026-04-10,2026-04-24,14,12.515644555695093,17.849898580122314,72.0596057571965,-4.69336670838566,67.36623904881083,67.89041095890408,12.0,-12.524171910093258,False
GAZP-GAZPF,10,2026-04-07,2026-04-21,14,7.5018754688671585,13.562026326285892,72.50487621905476,-5.251312828207606,67.25356339084716,67.89041095890408,12.0,-12.636847568056922,False
GAZP-GAZPF,10,2026-06-22,2026-07-06,14,19.160951996772813,14.766374854973119,58.68999596611537,5.0423557886241595,63.732351754739526,64.4958904109589,12.0,-12.763538656219382,False
GAZP-GAZPF,10,2026-03-19,2026-04-02,14,7.6487685482629075,-3.7316217628191595,56.288817500382436,11.47315282239603,67.76197032277847,68.53698630136984,12.0,-12.77501597859137,False
GAZP-GAZPF,5,2026-09-02,2026-09-09,7,11.372682815875557,5.634437683119664,25.113158194017966,5.686341407936193,30.79949960195416,31.68219178082191,12.0,-12.88269217886775,False
GAZP-GAZPF,3,2026-04-01,2026-04-06,5,3.705075954056891,2.2502250225020504,21.862171174509083,1.4820303816235816,23.34420155613266,24.246575342465746,12.0,-12.902373786333087,False
GAZP-GAZPF,5,2026-07-14,2026-07-21,7,15.052144930651767,9.253903990746881,24.8586173529728,6.450919255994223,31.309536608967026,32.24794520547945,12.0,-12.938408596512428,False
GAZP-GAZPF,3,2026-09-18,2026-09-23,5,2.085070892410279,-9.746588693956282,9.149291075896581,12.510425354461045,21.659716430357626,22.630136986301366,12.0,-12.97042055594374,False
GAZP-GAZPF,20,2026-05-25,2026-06-23,29,16.286644951140072,21.587675399863393,137.43871078347334,-2.5715755186011604,134.8671352648722,135.8616438356164,12.0,-12.994508570744216,False
GAZP-GAZPF,10,2026-04-06,2026-04-20,14,2.2502250225020504,9.536676468251404,73.4938493849385,-6.750675067507006,66.7431743174315,67.89041095890408,12.0,-13.147236641472588,False
GAZP-GAZPF,5,2026-03-16,2026-03-23,7,5.456813221078605,9.873167767906477,38.57888992828188,-4.67726847521287,33.90162145306901,35.07671232876712,12.0,-13.17509087569811,False
GAZP-GAZPF,5,2026-07-31,2026-08-07,7,3.2587442971965253,8.729812309036244,35.78861611992179,-5.431240495328824,30.35737562459296,31.68219178082191,12.0,-13.324816156228948,False
GAZP-GAZPF,3,2026-09-10,2026-09-15,5,23.529411764706687,11.376564277587597,9.534759358288772,11.76470588235288,21.299465240641652,22.630136986301366,12.0,-13.330671745659714,False
GAZP-GAZPF,5,2026-05-21,2026-05-28,7,12.640094379370304,12.964563526360884,31.4637229291312,0.0,31.4637229291312,32.81369863013699,12.0,-13.34997570100579,False
GAZP-GAZPF,20,2026-08-12,2026-09-09,28,17.452006980802626,5.634437683119664,113.22753054101221,11.998254799300307,125.22578534031253,126.72876712328771,12.0,-13.502981782975183,False
GAZP-GAZPF,3,2026-09-21,2026-09-24,3,9.260211955963715,10.873863187030874,14.131083444798849,-2.057824879102379,12.07325856569647,13.57808219178082,12.0,-13.50482362608435,False
GAZP-GAZPF,3,2026-09-16,2026-09-21,5,18.166274845052843,9.260211955963715,12.537935456294079,8.548835221200928,21.086770677495007,22.630136986301366,12.0,-13.543366308806359,False
GAZP-GAZPF,20,2026-03-16,2026-04-13,28,5.456813221078605,7.028504490431686,136.9098846273776,-1.5590894917354077,135.35079513564222,136.91232876712334,12.0,-13.561533631481126,False
GAZP-GAZPF,10,2026-03-23,2026-04-06,14,9.873167767906477,2.2502250225020504,58.70433659907344,7.594744436851427,66.29908103592487,67.89041095890408,12.0,-13.591329922979213,False
GAZP-GAZPF,10,2026-02-27,2026-03-13,14,11.021018657009218,24.733343638891903,82.72927654884674,-14.169881130441045,68.55939541840569,70.15342465753423,12.0,-13.594029239128545,False
GAZP-GAZPF,40,2026-07-03,2026-08-28,56,25.815778603883732,-1.1752262310504857,226.88764973151586,26.848409748038527,253.7360594795544,255.3972602739723,12.0,-13.661200794417908,False
GAZP-GAZPF,3,2026-03-05,2026-03-10,5,-55.25721846058151,-55.269824211253706,22.513814304615142,0.7782706825426807,23.292084987157825,25.054794520547944,12.0,-13.762709533390119,False
GAZP-GAZPF,5,2026-03-31,2026-04-07,7,6.753207773693148,7.5018754688671585,32.89187363997898,-0.7503564192984846,32.1415172206805,33.94520547945204,12.0,-13.803688258771544,False
GAZP-GAZPF,5,2026-04-06,2026-04-13,7,2.2502250225020504,7.028504490431686,36.63591359135914,-4.500450045002539,32.135463546356604,33.94520547945204,12.0,-13.809741933095438,False
GAZP-GAZPF,10,2026-07-27,2026-08-10,14,11.81525241675585,14.99089838312484,64.74973147153598,-3.2223415682063523,61.527389903329635,63.36438356164381,12.0,-13.836993658314178,False
GAZP-GAZPF,20,2026-05-27,2026-06-25,29,12.059608924110954,19.37391659019294,138.15487983461108,-4.307003187183338,133.84787664742774,135.69999999999996,12.0,-13.852123352572221,False
GAZP-GAZPF,5,2026-05-26,2026-06-02,7,3.4632034632031683,7.626472332851186,35.25627705627706,-4.329004329002852,30.927272727274204,32.81369863013699,12.0,-13.886425902862786,False
GAZP-GAZPF,20,2026-03-23,2026-04-20,28,9.873167767906477,9.536676468251404,133.11916154021418,0.7594744436864379,133.87863598390064,135.78082191780825,12.0,-13.902185933907617,False
GAZP-GAZPF,3,2026-06-25,2026-06-30,5,19.37391659019294,12.884043607532814,14.916896094626289,6.118078923219791,21.03497501784608,23.034246575342465,12.0,-13.999271557496385,False
GAZP-GAZPF,3,2026-07-20,2026-07-23,3,3.512880562062115,3.3270489076198118,11.704918032786884,0.0,11.704918032786884,13.820547945205478,12.0,-14.115629912418594,False
GAZP-GAZPF,3,2026-07-27,2026-07-30,3,11.81525241675585,19.605707439276365,18.843179377013964,-7.51879699248047,11.324382384533495,13.57808219178082,12.0,-14.253699807247326,False
GAZP-GAZPF,5,2026-03-24,2026-03-31,7,11.915400655346797,6.753207773693148,26.4507000297885,5.21298778671382,31.66368781650232,33.94520547945204,12.0,-14.281517662949721,False
GAZP-GAZPF,5,2026-04-21,2026-04-28,7,13.562026326285892,17.425939756037234,34.67171918627842,-3.1910650179491062,31.480654168329316,33.783561643835604,12.0,-14.302907475506288,False
GAZP-GAZPF,20,2026-04-01,2026-04-29,28,3.705075954056891,13.440860215052641,141.2982586143016,-8.151167098924434,133.14709151537718,135.45753424657536,12.0,-14.31044273119818,False
GAZP-GAZPF,5,2026-04-22,2026-04-29,7,5.593288054335233,13.440860215052641,38.46024770275669,-7.191370355573584,31.268877347183107,33.62191780821917,12.0,-14.353040461036066,False
GAZP-GAZPF,10,2026-04-13,2026-04-27,14,7.028504490431686,12.977532646605283,70.99023818820773,-5.466614603672127,65.5236235845356,67.89041095890408,12.0,-14.366787374368485,False
GAZP-GAZPF,3,2026-03-11,2026-03-16,5,0.7684032580312916,5.456813221078605,27.229137851544493,-4.610419548176876,22.61871830336762,25.054794520547944,12.0,-14.436076217180325,False
GAZP-GAZPF,10,2026-08-05,2026-08-19,14,-1.0481081647617518,7.0704690077771915,68.23184152604549,-7.336757153337509,60.895084372707984,63.36438356164381,12.0,-14.469299188935828,False
GAZP-GAZPF,5,2026-09-08,2026-09-15,7,22.007042253522346,11.376564277587597,19.275968309859156,9.903169014084883,29.17913732394404,31.68219178082191,12.0,-14.50305445687787,False
GAZP-GAZPF,3,2026-07-22,2026-07-27,5,17.570832418185578,11.81525241675585,15.015374478365912,5.490885130682753,20.506259609048666,23.034246575342465,12.0,-14.527986966293799,False
GAZP-GAZPF,10,2026-07-29,2026-08-12,14,7.58068009529822,17.452006980802626,70.57396577864414,-9.746588693957484,60.82737708468666,63.36438356164381,12.0,-14.537006476957153,False
GAZP-GAZPF,3,2026-07-21,2026-07-24,3,9.253903990746881,10.727311735678757,13.526894158473105,-2.3134759976860635,11.213418160787043,13.820547945205478,12.0,-14.607129784418435,False
GAZP-GAZPF,5,2026-01-13,2026-01-20,7,36.58435187494868,31.59941662615573,29.40883013220255,4.157312713062041,33.56614284526459,36.20821917808219,12.0,-14.642076332817602,False
GAZP-GAZPF,5,2026-08-17,2026-08-24,7,18.037518037519185,24.070285232880018,35.031265031265036,-6.012506012505671,29.01875901875936,31.68219178082191,12.0,-14.663432762062548,False
GAZP-GAZPF,5,2026-05-15,2026-05-22,7,16.583747927032544,9.378463637139678,22.655887230514097,7.462686567164462,30.11857379767856,32.81369863013699,12.0,-14.69512483245843,False
GAZP-GAZPF,3,2026-04-16,2026-04-21,5,16.462841015991714,13.562026326285892,18.36782690498589,3.1357792411407996,21.50360614612669,24.246575342465746,12.0,-14.742969196339057,False
GAZP-GAZPF,3,2026-05-20,2026-05-25,5,19.32610704982629,16.286644951140072,17.127972439290815,3.3610620956215476,20.489034534912363,23.438356164383563,12.0,-14.9493216294712,False
GAZP-GAZPF,20,2026-05-18,2026-06-16,29,15.321345052818902,6.275775506543457,123.27312313523103,9.676638980727727,132.94976211595875,135.9424657534246,12.0,-14.992703637465866,False
GAZP-GAZPF,20,2026-07-03,2026-07-31,28,25.815778603883732,3.2587442971965253,102.94196612969847,22.717885171416654,125.65985130111513,128.6684931506849,12.0,-15.00864184956977,False
GAZP-GAZPF,3,2026-03-24,2026-03-27,3,11.915400655346797,15.273838097313863,15.252457551385165,-3.723562704794679,11.528894846590486,14.547945205479449,12.0,-15.019050358888963,False
GAZP-GAZPF,20,2026-06-01,2026-06-30,29,17.21911321566738,12.884043607532814,126.2290142057684,6.0266896254837,132.2557038312521,135.29589041095886,12.0,-15.040186579706756,False
GAZP-GAZPF,5,2026-01-09,2026-01-16,7,1.6229814168622347,-2.4265954865321238,29.102491276474883,4.057453542156711,33.159944818631594,36.20821917808219,12.0,-15.048274359450595,False
GAZP-GAZPF,20,2026-01-22,2026-02-19,28,29.42579926833222,19.09307875894939,130.9607125815174,10.33879433752264,141.29950691904006,144.3479452054795,12.0,-15.048438286439449,False
GAZP-GAZPF,3,2026-08-03,2026-08-06,3,5.312367190819511,17.169224165682895,22.118572035699106,-11.687207819804444,10.431364215894662,13.57808219178082,12.0,-15.146717975886158,False
GAZP-GAZPF,3,2026-07-07,2026-07-10,3,-2.12179079142949,4.3117387086355485,16.83322724379376,-6.365372374285644,10.467854869508116,13.820547945205478,12.0,-15.352693075697362,False
GAZP-GAZPF,20,2026-03-27,2026-04-24,28,15.273838097313863,17.849898580122314,133.02567459451595,-0.727325623683128,132.29834897083282,135.78082191780825,12.0,-15.482472946975435,False
GAZP-GAZPF,10,2026-07-21,2026-08-04,14,9.253903990746881,5.367686527106841,56.89647194910353,3.4702139965299175,60.36668594563345,63.849315068493134,12.0,-15.482629122859684,False
GAZP-GAZPF,10,2026-08-10,2026-08-24,14,14.99089838312484,24.070285232880018,66.25655851804262,-6.4246707356250425,59.83188778241758,63.36438356164381,12.0,-15.532495779226231,False
GAZP-GAZPF,3,2026-06-15,2026-06-18,3,13.155586739168612,30.927835051546282,26.312927556569026,-15.786704087001633,10.526223469567391,14.063013698630137,12.0,-15.536790229062746,False
GAZP-GAZPF,10,2026-09-09,2026-09-23,14,5.634437683119664,-9.746588693956282,42.79806175343701,16.903313049358317,59.701374802795335,63.36438356164381,12.0,-15.663008758848477,False
GAZP-GAZPF,5,2026-07-13,2026-07-20,7,3.177629488402278,3.512880562062115,28.50545493062176,0.0,28.50545493062176,32.24794520547945,12.0,-15.742490274857694,False
GAZP-GAZPF,5,2026-06-09,2026-06-17,8,19.453532584667865,25.496266618103558,38.94685648598462,-5.305508886727586,33.641347599257024,37.5013698630137,12.0,-15.860022263756676,False
GAZP-GAZPF,5,2026-04-20,2026-04-27,7,9.536676468251404,12.977532646605283,33.19081300166892,-3.1788921560829726,30.011920845585948,33.94520547945204,12.0,-15.933284633866094,False
GAZP-GAZPF,5,2026-03-26,2026-04-02,7,-1.4620951823951511,-3.7316217628191595,27.813436654726228,2.193142773596722,30.006579428322947,33.94520547945204,12.0,-15.938626051129095,False
GAZP-GAZPF,3,2026-07-10,2026-07-15,5,4.3117387086355485,2.2614201718673677,16.881534978980273,2.1558693543182317,19.037404333298507,23.034246575342465,12.0,-15.996842242043957,False
GAZP-GAZPF,10,2026-08-03,2026-08-17,14,5.312367190819511,18.037518037519185,69.87781555461113,-10.624734381641364,59.253081172969765,63.36438356164381,12.0,-16.111302388674048,False
GAZP-GAZPF,3,2026-05-27,2026-06-01,5,12.059608924110954,17.21911321566738,24.462055301920923,-5.168403824617802,19.293651477303122,23.438356164383563,12.0,-16.14470468708044,False
GAZP-GAZPF,20,2026-06-25,2026-07-23,28,19.37391659019294,3.3270489076198118,108.37768940552667,16.31487712858273,124.6925665341094,128.99178082191773,12.0,-16.299214287808326,False
GAZP-GAZPF,10,2026-03-24,2026-04-07,14,11.915400655346797,7.5018754688671585,59.09517426273458,4.468275245755308,63.56344950848989,67.89041095890408,12.0,-16.326961450414196,False
GAZP-GAZPF,40,2026-04-27,2026-06-24,58,12.977532646605283,-53.05039787798393,212.15913699407898,55.15451374807304,267.31365074215205,271.72328767123275,12.0,-16.409636929080705,False
GAZP-GAZPF,20,2026-04-02,2026-04-30,28,-3.7316217628191595,1.651118632874926,136.05791476975892,-5.224270467946981,130.83364430181194,135.29589041095892,12.0,-16.462246109146975,False
GAZP-GAZPF,20,2026-04-08,2026-05-07,29,20.598108025631223,12.788814050643804,125.36389990845285,9.154714678058461,134.5186145865113,139.01369863013696,12.0,-16.495084043625667,False
GAZP-GAZPF,10,2026-04-09,2026-04-23,14,20.19574335870633,30.358712151472567,72.68603386670809,-9.3211123194038,63.36492154730429,67.89041095890408,12.0,-16.525489411599793,False
GAZP-GAZPF,3,2026-06-30,2026-07-03,3,12.884043607532814,25.815778603883732,20.936570862239837,-11.892963330030183,9.043607532209657,13.820547945205478,12.0,-16.77694041299582,False
GAZP-GAZPF,10,2026-09-03,2026-09-17,14,24.279880807858145,11.833046471600994,46.23992936761947,12.139940403928865,58.379869771548336,63.36438356164381,12.0,-16.984513790095477,False
GAZP-GAZPF,5,2026-06-29,2026-07-06,7,10.786428711511142,14.766374854973119,30.02255344185134,-2.9417532849579464,27.080800156893396,32.24794520547945,12.0,-17.167145048586057,False
GAZP-GAZPF,20,2026-07-27,2026-08-24,28,11.81525241675585,24.070285232880018,131.2126745435016,-9.667024704619056,121.54564983888255,126.72876712328771,12.0,-17.183117284405157,False
GAZP-GAZPF,5,2026-08-07,2026-08-14,7,8.729812309036244,20.096938172360357,36.29419467481449,-9.821038847665148,26.473155827149345,31.68219178082191,12.0,-17.209035953672565,False
GAZP-GAZPF,5,2026-04-15,2026-04-22,7,-1.5564202334639177,5.593288054335233,35.67859922178988,-7.003891050583922,28.67470817120596,33.94520547945204,12.0,-17.27049730824608,False
GAZP-GAZPF,20,2026-06-23,2026-07-21,28,21.587675399863393,9.253903990746881,109.92248062015503,13.737611618094451,123.66009223824949,128.99178082191773,12.0,-17.33168858366824,False
GAZP-GAZPF,20,2026-05-28,2026-06-26,29,12.964563526360884,17.159584132431238,131.9075194468453,-1.7286084701823883,130.1789109766629,135.61917808219175,12.0,-17.440267105528847,False
GAZP-GAZPF,20,2026-03-24,2026-04-21,28,11.915400655346797,13.562026326285892,131.0708966338993,-0.7447125409595707,130.32618409293974,135.78082191780825,12.0,-17.454637824868513,False
GAZP-GAZPF,20,2026-07-16,2026-08-13,28,-10.783608914448628,-3.388681802778404,129.3445962137551,-7.1890726096319275,122.15552360412318,127.61780821917816,12.0,-17.462284615054983,False
GAZP-GAZPF,20,2026-06-15,2026-07-13,28,13.155586739168612,3.177629488402278,113.5256972460972,10.524469391335254,124.05016663743244,129.55753424657527,12.0,-17.507367609142833,False
GAZP-GAZPF,20,2026-06-09,2026-07-08,29,19.453532584667865,18.777383684540627,125.52922451145105,3.5370059244842196,129.06623043593527,134.64931506849308,12.0,-17.583084632557814,False
GAZP-GAZPF,5,2026-04-07,2026-04-14,7,7.5018754688671585,17.982799061766475,38.06676669167292,-9.75243810952704,28.31432858214588,33.94520547945204,12.0,-17.630876897306162,False
GAZP-GAZPF,20,2026-05-20,2026-06-18,29,19.32610704982629,30.927835051546282,138.6085202924124,-8.402655239056259,130.20586505335615,135.9424657534246,12.0,-17.736600700068465,False
GAZP-GAZPF,3,2026-07-15,2026-07-20,5,2.2614201718673677,3.512880562062115,18.427182270465856,-1.130710085934545,17.296472184531307,23.034246575342465,12.0,-17.737774390811158,False
GAZP-GAZPF,5,2026-03-27,2026-04-03,7,15.273838097313863,18.79416629078312,30.992072150701865,-2.909302494728377,28.082769655973486,33.94520547945204,12.0,-17.862435823478556,False
GAZP-GAZPF,3,2026-03-31,2026-04-03,3,6.753207773693148,18.79416629078312,20.690327905755233,-12.005702708786417,8.684625196968813,14.547945205479449,12.0,-17.863320008510634,False
GAZP-GAZPF,20,2026-07-23,2026-08-20,28,3.3270489076198118,16.893930252201983,133.38249972274593,-12.199179327936056,121.18332039480985,127.05205479452059,12.0,-17.868734399710732,False
GAZP-GAZPF,3,2026-05-12,2026-05-15,3,11.295788284653163,16.583747927032544,12.942552848152333,-4.841052121994697,8.101500726157635,14.063013698630137,12.0,-17.9615129724725,False
GAZP-GAZPF,3,2026-07-01,2026-07-06,5,10.887855092547305,14.766374854973119,20.003959220033654,-2.9694150252401403,17.03454419479351,23.034246575342465,12.0,-17.999702380548953,False
GAZP-GAZPF,10,2026-06-30,2026-07-14,14,12.884043607532814,15.052144930651767,59.43706640237859,-0.9910802775029847,58.44598612487561,64.4958904109589,12.0,-18.049904286083297,False
GAZP-GAZPF,5,2026-07-01,2026-07-08,7,10.887855092547305,18.777383684540627,33.09611006631693,-6.9286350588941295,26.167475007422805,32.24794520547945,12.0,-18.08047019805665,False
GAZP-GAZPF,5,2026-08-03,2026-08-10,7,5.312367190819511,14.99089838312484,35.08712282192945,-9.562260943476774,25.524861878452672,31.68219178082191,12.0,-18.157329902369238,False
GAZP-GAZPF,5,2026-04-17,2026-04-24,7,12.030798845041879,17.849898580122314,33.01411613731152,-5.6143727943541375,27.39974334295738,33.94520547945204,12.0,-18.545462136494663,False
GAZP-GAZPF,20,2026-03-31,2026-04-28,28,6.753207773693148,17.425939756037234,138.0243115479853,-9.00427703158928,129.020034516396,135.6191780821918,12.0,-18.5991435657958,False
GAZP-GAZPF,3,2026-02-16,2026-02-19,3,6.312135079691306,19.09307875894939,21.034401136184314,-12.624270159381144,8.410130976803172,15.032876712328765,12.0,-18.62274573552559,False
GAZP-GAZPF,10,2026-07-31,2026-08-14,14,3.2587442971965253,20.096938172360357,71.91722789485117,-15.207473386921633,56.70975450792954,63.36438356164381,12.0,-18.654629053714274,False
GAZP-GAZPF,20,2026-07-08,2026-08-05,28,18.777383684540627,-1.0481081647617518,101.74108074274984,19.820571667014157,121.56165240976401,128.26438356164385,12.0,-18.702731151879846,False
GAZP-GAZPF,10,2026-05-27,2026-06-10,14,12.059608924110954,26.536930561698036,72.6100439314325,-13.782410198983253,58.82763373244924,65.62739726027397,12.0,-18.799763527824723,False
GAZP-GAZPF,3,2026-04-03,2026-04-08,5,18.79416629078312,20.598108025631223,18.701698992632686,-1.5035333032612996,17.198165689371386,24.246575342465746,12.0,-19.04840965309436,False
GAZP-GAZPF,5,2026-06-03,2026-06-10,7,12.934379580926691,26.536930561698036,38.651375355695436,-12.934379580925366,25.71699577477007,32.81369863013699,12.0,-19.09670285536692,False
GAZP-GAZPF,3,2026-07-24,2026-07-29,5,10.727311735678757,7.58068009529822,12.458699849817636,3.2181935207038337,15.67689337052147,22.872602739726027,12.0,-19.195709369204558,False
GAZP-GAZPF,3,2026-08-06,2026-08-11,5,17.169224165682895,20.314337645674918,18.462281360661013,-3.219229531065687,15.243051829595325,22.630136986301366,12.0,-19.387085156706043,False
GAZP-GAZPF,10,2026-03-31,2026-04-14,14,6.753207773693148,17.982799061766475,70.96720942447662,-10.504989870187314,60.462219554289305,67.89041095890408,12.0,-19.42819140461478,False
GAZP-GAZPF,10,2026-06-03,2026-06-18,15,12.934379580926691,30.927835051546282,78.34181253772526,-15.521255497110685,62.82055704061458,70.31506849315068,12.0,-19.494511452536095,False
GAZP-GAZPF,3,2026-09-03,2026-09-08,5,24.279880807858145,22.007042253522346,12.785564507228784,2.207261891623002,14.992826398851784,22.630136986301366,12.0,-19.637310587449583,False
GAZP-GAZPF,10,2026-08-12,2026-08-26,14,17.452006980802626,27.932960893852776,63.30715532286213,-7.635253054100477,55.67190226876165,63.36438356164381,12.0,-19.692481292882164,False
GAZP-GAZPF,5,2026-09-01,2026-09-08,7,19.59428307976019,22.007042253522346,27.353619179345316,-3.457814661134294,23.895804518211023,31.68219178082191,12.0,-19.786387262610887,False
GAZP-GAZPF,10,2026-05-18,2026-06-01,14,15.321345052818902,17.21911321566738,58.429158938795254,-0.8063865817265466,57.62277235706871,65.62739726027397,12.0,-20.004624903205254,False
GAZP-GAZPF,5,2026-09-14,2026-09-21,7,12.415933781686483,9.260211955963715,20.42731505431971,3.1039834454202717,23.531298499739982,31.68219178082191,12.0,-20.150893281081927,False
GAZP-GAZPF,3,2026-05-05,2026-05-08,3,11.711560983771463,18.577942915047885,12.594110757905305,-6.6923205621547845,5.90179019575052,14.063013698630137,12.0,-20.161223502879615,False
GAZP-GAZPF,10,2026-08-19,2026-09-02,14,7.0704690077771915,11.372682815875557,59.901013433891116,-4.7136460051840725,55.18736742870704,63.36438356164381,12.0,-20.17701613293677,False
GAZP-GAZPF,3,2026-01-06,2026-01-12,6,-3.2351989647372292,0.0,26.087026852151407,-3.2351989647368367,22.85182788741457,31.03561643835616,12.0,-20.183788550941593,False
GAZP-GAZPF,5,2026-02-09,2026-02-16,7,1.6110842597072406,6.312135079691306,32.76542613178669,-4.8332527791205315,27.93217335266616,36.20821917808219,12.0,-20.276045825416027,False
GAZP-GAZPF,20,2026-08-10,2026-09-07,28,14.99089838312484,15.36266871502212,118.43023878359567,0.0,118.43023878359567,126.72876712328771,12.0,-20.29852833969204,False
GAZP-GAZPF,3,2026-09-02,2026-09-07,5,11.372682815875557,15.36266871502212,18.86841805982031,-4.5490731263512165,14.319344933469093,22.630136986301366,12.0,-20.310792052832273,False
GAZP-GAZPF,10,2026-04-15,2026-04-29,14,-1.5564202334639177,13.440860215052641,73.13618677042801,-14.007782101167845,59.12840466926017,67.56712328767121,12.0,-20.438718618411038,False
GAZP-GAZPF,40,2026-01-27,2026-03-25,57,9.355266235282489,12.463343108504166,283.9292118188197,-3.8980275980362804,280.03118422078336,288.5342465753427,12.0,-20.503062354559347,False
GAZP-GAZPF,20,2026-08-17,2026-09-14,28,18.037518037519185,12.415933781686483,114.56108706108708,3.6075036075054534,118.16859066859251,126.72876712328771,12.0,-20.560176454695196,False
GAZP-GAZPF,5,2026-06-26,2026-07-03,7,17.159584132431238,25.815778603883732,31.59281316241042,-8.075098415261763,23.517714747148656,32.24794520547945,12.0,-20.730230458330798,False
GAZP-GAZPF,5,2026-05-18,2026-05-25,7,15.321345052818902,16.286644951140072,24.036771228126767,0.0,24.036771228126767,32.81369863013699,12.0,-20.776927402010223,False
GAZP-GAZPF,10,2026-03-11,2026-03-25,14,0.7684032580312916,12.463343108504166,73.27262947594899,-12.29445212847458,60.97817734747441,69.83013698630135,12.0,-20.851959638826948,False
GAZP-GAZPF,3,2026-04-06,2026-04-09,3,2.2502250225020504,20.19574335870633,22.928292829282928,-17.251725172516483,5.676567656766445,14.547945205479449,12.0,-20.871377548713003,False
GAZP-GAZPF,10,2026-09-01,2026-09-15,14,19.59428307976019,11.376564277587597,47.54495159059474,6.915629322268588,54.46058091286333,63.36438356164381,12.0,-20.903802648780484,False
GAZP-GAZPF,3,2026-05-22,2026-05-27,5,9.378463637139678,12.059608924110954,17.007417512149374,-2.557762810128837,14.449654702020533,23.438356164383563,12.0,-20.988701462363032,False
GAZP-GAZPF,20,2026-05-14,2026-06-11,28,9.895275006184256,6.233858758570854,118.05228003628267,4.123031252577832,122.1753112888605,131.2547945205479,12.0,-21.079483231687405,False
GAZP-GAZPF,40,2026-02-26,2026-04-23,56,0.0,30.358712151472567,296.4526066350711,-30.015797788309282,266.43680884676183,275.6027397260273,12.0,-21.16593087926549,False
GAZP-GAZPF,20,2026-06-19,2026-07-17,28,4.785146904011661,-5.103342689460888,111.22212651928415,8.613264427218242,119.8353909465024,129.2342465753424,12.0,-21.39885562884001,False
GAZP-GAZPF,5,2026-09-03,2026-09-10,7,24.279880807858145,23.529411764706687,22.280101534047017,0.0,22.280101534047017,31.68219178082191,12.0,-21.402090246774893,False
GAZP-GAZPF,3,2026-09-07,2026-09-10,3,15.36266871502212,23.529411764706687,12.938659058487874,-8.778667837155524,4.15999122133235,13.57808219178082,12.0,-21.41809097044847,False
GAZP-GAZPF,20,2026-01-27,2026-02-25,29,9.355266235282489,0.0,129.73181570125516,9.355266235283084,139.08708193653823,148.55068493150688,12.0,-21.463602994968653,False
GAZP-GAZPF,10,2026-09-10,2026-09-24,14,23.529411764706687,10.873863187030874,41.81604278074866,11.76470588235288,53.580748663101545,63.36438356164381,12.0,-21.783634898542267,False
GAZP-GAZPF,10,2026-08-18,2026-09-01,14,12.904739558892153,19.59428307976019,60.60886907555139,-7.038948850305288,53.5699202252461,63.36438356164381,12.0,-21.794463336397712,False
GAZP-GAZPF,20,2026-03-12,2026-04-09,28,9.975445058316712,20.19574335870633,137.73250460405157,-9.975445058317638,127.75705954573392,137.5589041095891,12.0,-21.80184456385517,False
GAZP-GAZPF,3,2026-04-28,2026-05-04,6,17.425939756037234,15.129864671765691,15.621110281304455,2.489419965147036,18.110530246451493,28.126027397260277,12.0,-22.015497150808784,False
GAZP-GAZPF,3,2026-04-22,2026-04-27,5,5.593288054335233,12.977532646605283,21.33439872153416,-7.191370355573584,14.143028365960575,24.246575342465746,12.0,-22.10354697650517,False
GAZP-GAZPF,20,2026-08-24,2026-09-21,28,24.070285232880018,9.260211955963715,103.35780478998674,13.238656878083935,116.59646166807069,126.72876712328771,12.0,-22.132305455217022,False
GAZP-GAZPF,20,2026-01-09,2026-02-06,28,1.6229814168622347,-7.169600892217298,125.73805079931834,8.926397792745227,134.66444859206356,144.83287671232875,12.0,-22.16842812026519,False
GAZP-GAZPF,10,2026-04-23,2026-05-08,15,30.358712151472567,18.577942915047885,47.92282495805704,12.78261564272562,60.70544060078266,70.96164383561641,12.0,-22.256203234833755,False
GAZP-GAZPF,3,2026-05-13,2026-05-18,5,16.097875080489654,15.321345052818902,12.330167417900837,0.8048937540248806,13.135061171925717,23.438356164383563,12.0,-22.303294992457847,False
GAZP-GAZPF,40,2026-07-10,2026-09-04,56,4.3117387086355485,-7.636085960511796,232.5999784413065,11.857281448745677,244.45725989005217,254.83150684931485,12.0,-22.374246959262678,False
GAZP-GAZPF,5,2026-09-07,2026-09-14,7,15.36266871502212,12.415933781686483,19.106770547569408,2.1946669592900507,21.301437506859457,31.68219178082191,12.0,-22.380754273962452,False
GAZP-GAZPF,20,2026-08-06,2026-09-03,28,17.169224165682895,24.279880807858145,122.77175662624745,-6.438459062131374,116.33329756411608,126.72876712328771,12.0,-22.39546955917163,False
GAZP-GAZPF,40,2026-06-18,2026-08-13,56,30.927835051546282,-3.388681802778404,212.77319587628864,33.73945641986874,246.51265229615743,256.93287671232866,12.0,-22.420224416171237,False
GAZP-GAZPF,5,2026-06-02,2026-06-09,7,7.626472332851186,19.453532584667865,33.33446318108635,-11.01601559189981,22.318447589186537,32.81369863013699,12.0,-22.495251040950453,False
GAZP-GAZPF,5,2026-04-28,2026-05-06,8,17.425939756037234,10.994587280108714,20.354327441706083,6.638453240393667,26.99278068209975,37.5013698630137,12.0,-22.50858918091395,False
GAZP-GAZPF,10,2026-08-13,2026-08-27,14,-3.388681802778404,5.876131155246878,61.80729696148198,-9.036484807409725,52.77081215407226,63.36438356164381,12.0,-22.593571407571552,False
GAZP-GAZPF,20,2026-07-29,2026-08-26,28,7.58068009529822,27.932960893852776,133.42863331167425,-17.32726878925672,116.10136452241753,126.72876712328771,12.0,-22.627402600870184,False
GAZP-GAZPF,5,2026-09-21,2026-09-28,7,9.260211955963715,10.374520178442204,21.927152999279766,-1.0289124395504583,20.898240559729302,31.68219178082191,12.0,-22.783951221092607,False
GAZP-GAZPF,40,2026-07-29,2026-09-23,56,7.58068009529822,-9.746588693956282,224.1217240632445,18.410223088584306,242.53194715182883,253.45753424657514,12.0,-22.925587094746305,False
GAZP-GAZPF,10,2026-06-16,2026-06-30,14,6.275775506543457,12.884043607532814,59.35269858346781,-5.379236148467121,53.9734624350007,64.98082191780823,12.0,-23.00735948280753,False
GAZP-GAZPF,3,2026-04-15,2026-04-20,5,-1.5564202334639177,9.536676468251404,23.9556420233463,-10.894941634242395,13.060700389103909,24.246575342465746,12.0,-23.18587495336184,False
GAZP-GAZPF,20,2026-08-21,2026-09-18,28,14.154281670206714,2.085070892410279,103.45718329794762,11.795234725172035,115.25241802311967,126.72876712328771,12.0,-23.476349100168036,False
GAZP-GAZPF,20,2026-08-11,2026-09-08,28,20.314337645674918,22.007042253522346,116.3166898321394,-1.0691756655623987,115.247514166577,126.72876712328771,12.0,-23.481252956710705,False
GAZP-GAZPF,20,2026-06-02,2026-07-01,29,7.626472332851186,10.887855092547305,125.29616134225914,-1.6947716295237887,123.60138971273534,135.21506849315062,12.0,-23.613678780415285,False
GAZP-GAZPF,10,2026-05-26,2026-06-09,14,3.4632034632031683,19.453532584667865,69.31515151515153,-15.584415584414945,53.73073593073657,65.62739726027397,12.0,-23.896661329537395,False
GAZP-GAZPF,3,2026-08-07,2026-08-12,5,8.729812309036244,17.452006980802626,19.432562199912702,-8.72981230903517,10.702749890877532,22.630136986301366,12.0,-23.927387095423832,False
GAZP-GAZPF,5,2026-04-27,2026-05-05,8,12.977532646605283,11.711560983771463,23.787817341228,1.6221915808253728,25.41000892205337,37.5013698630137,12.0,-24.09136094096033,False
GAZP-GAZPF,20,2026-07-20,2026-08-17,28,3.512880562062115,18.037518037519185,129.23536299765806,-14.05152224824409,115.18384074941396,127.29452054794525,12.0,-24.110679798531294,False
GAZP-GAZPF,10,2026-06-08,2026-06-23,15,6.167944312274187,21.587675399863393,71.22653978324082,-13.217023526301125,58.00951625693969,70.23424657534245,12.0,-24.224730318402763,False
GAZP-GAZPF,20,2026-04-03,2026-05-04,31,18.79416629078312,15.129864671765691,131.7065102992031,5.262366561418823,136.96887686062195,149.1972602739726,12.0,-24.228383413350656,False
GAZP-GAZPF,10,2026-05-12,2026-05-26,14,11.295788284653163,3.4632034632031683,45.29449733742133,8.068420203323731,53.362917540745066,65.62739726027397,12.0,-24.2644797195289,False
GAZP-GAZPF,5,2026-08-04,2026-08-11,7,5.367686527106841,20.314337645674918,34.355340848094464,-15.029522275899147,19.325818572195317,31.68219178082191,12.0,-24.356373208626593,False
GAZP-GAZPF,3,2026-05-29,2026-06-03,5,6.925207756232066,12.934379580926691,17.123441828254848,-6.059556786704242,11.063885041550606,23.438356164383563,12.0,-24.374471122832958,False
GAZP-GAZPF,20,2026-03-19,2026-04-16,28,7.6487685482629075,16.462841015991714,132.40783233899342,-8.413645403090058,123.99418693590337,136.427397260274,12.0,-24.433210324370634,False
GAZP-GAZPF,3,2026-03-25,2026-03-30,5,12.463343108504166,17.58370576598889,16.853372434017597,-5.131964809383664,11.721407624633931,24.246575342465746,12.0,-24.525167717831813,False
GAZP-GAZPF,5,2026-09-11,2026-09-18,7,0.0,2.085070892410279,21.276779917766717,-2.164033758926209,19.11274615884051,31.68219178082191,12.0,-24.5694456219814,False
GAZP-GAZPF,10,2026-08-28,2026-09-11,14,-1.1752262310504857,0.0,51.79457045481255,-1.1752262310500783,50.619344223762475,63.36438356164381,12.0,-24.745039337881337,False
GAZP-GAZPF,20,2026-08-20,2026-09-17,28,16.893930252201983,11.833046471600994,110.36321950042235,3.6201279111863323,113.98334741160866,126.72876712328771,12.0,-24.745419711679048,False
GAZP-GAZPF,5,2026-06-16,2026-06-23,7,6.275775506543457,21.587675399863393,33.41671149363457,-13.448090371167803,19.968621122466768,32.73287671232877,12.0,-24.764255589862,False
GAZP-GAZPF,20,2026-05-22,2026-06-22,31,9.378463637139678,19.160951996772813,139.28723676357745,-6.82070082700983,132.46653593656762,145.31780821917803,12.0,-24.85127228261041,False
GAZP-GAZPF,5,2026-09-17,2026-09-24,7,11.833046471600994,10.873863187030874,18.704819277108435,0.0,18.704819277108435,31.68219178082191,12.0,-24.977372503713475,False
GAZP-GAZPF,10,2026-05-13,2026-05-27,14,16.097875080489654,12.059608924110954,47.79378622021894,4.829362524146996,52.623148744365935,65.62739726027397,12.0,-25.00424851590803,False
GAZP-GAZPF,20,2026-05-11,2026-06-08,28,16.5727543917793,6.167944312274187,107.47762678157109,10.77229035465539,118.24991713622647,131.2547945205479,12.0,-25.004877384321432,False
GAZP-GAZPF,10,2026-04-02,2026-04-16,14,-3.7316217628191595,16.462841015991714,74.27270691842675,-19.40443316665461,54.868273751772136,67.89041095890408,12.0,-25.022137207131948,False
GAZP-GAZPF,40,2026-02-06,2026-04-06,59,-7.169600892217298,2.2502250225020504,291.4450728909424,-9.559467856289697,281.8856050346527,295.0,12.0,-25.114394965347287,False
GAZP-GAZPF,5,2026-04-16,2026-04-23,7,16.462841015991714,30.358712151472567,34.084352461586704,-13.327061774851183,20.75729068673552,33.94520547945204,12.0,-25.187914792716523,False
GAZP-GAZPF,10,2026-08-20,2026-09-03,14,16.893930252201983,24.279880807858145,59.80451309279594,-9.653674429829648,50.150838662966294,63.36438356164381,12.0,-25.21354489867752,False
GAZP-GAZPF,5,2026-08-05,2026-08-12,7,-1.0481081647617518,17.452006980802626,35.85263599203438,-17.81783880096295,18.034797191071426,31.68219178082191,12.0,-25.647394589750483,False
GAZP-GAZPF,20,2026-06-11,2026-07-10,29,6.233858758570854,4.3117387086355485,118.10312583489178,2.6716537536723597,120.77477958856414,134.48767123287664,12.0,-25.712891644312492,False
GAZP-GAZPF,3,2026-03-19,2026-03-24,5,7.6487685482629075,11.915400655346797,15.709040844424049,-4.5892611289584115,11.119779715465636,24.893150684931506,12.0,-25.77337096946587,False
GAZP-GAZPF,20,2026-07-06,2026-08-03,28,14.766374854973119,5.312367190819511,105.10811095875962,9.492669549625926,114.60078050838554,128.42602739726027,12.0,-25.82524688887473,False
GAZP-GAZPF,10,2026-04-21,2026-05-06,15,13.562026326285892,10.994587280108714,54.24012764260072,3.1910650179491062,57.431192660549826,71.28493150684929,12.0,-25.853738846299464,False
GAZP-GAZPF,5,2026-05-14,2026-05-21,7,9.895275006184256,12.640094379370304,21.39688298837305,-2.4738187515450587,18.92306423682799,32.81369863013699,12.0,-25.890634393309,False
GAZP-GAZPF,20,2026-08-04,2026-09-01,28,5.367686527106841,19.59428307976019,125.6693505099302,-12.88244766505685,112.78690284487335,126.72876712328771,12.0,-25.941864278414357,False
GAZP-GAZPF,10,2026-07-20,2026-08-03,14,3.512880562062115,5.312367190819511,52.22248243559718,-2.3419203747067936,49.88056206089039,63.930136986301356,12.0,-26.049574925410965,False
GAZP-GAZPF,10,2026-06-11,2026-06-26,15,6.233858758570854,17.159584132431238,64.77958856532193,-8.905512512245839,55.874076053076095,69.9917808219178,12.0,-26.117704768841705,False
GAZP-GAZPF,10,2026-01-27,2026-02-10,14,9.355266235282489,18.706791378608756,66.79426210337569,-8.575660715680037,58.21860138769565,72.41643835616436,12.0,-26.197836968468714,False
GAZP-GAZPF,40,2026-05-21,2026-07-17,57,12.640094379370304,-5.103342689460888,234.9422769023342,16.010786213869007,250.9530631162032,265.1767123287672,12.0,-26.223649212564027,False
GAZP-GAZPF,5,2026-05-07,2026-05-14,7,12.788814050643804,9.895275006184256,15.921220905448033,2.5577628101276257,18.47898371557566,32.81369863013699,12.0,-26.33471491456133,False
GAZP-GAZPF,3,2026-04-20,2026-04-23,3,9.536676468251404,30.358712151472567,20.791544146864815,-20.66279901454271,0.1287451323221059,14.547945205479449,12.0,-26.41920007315734,False
GAZP-GAZPF,40,2026-07-06,2026-08-31,56,14.766374854973119,4.498931503769121,230.18774390887037,10.547410610694476,240.73515451956482,255.15479452054768,12.0,-26.419640000982866,False
GAZP-GAZPF,10,2026-03-25,2026-04-08,14,12.463343108504166,20.598108025631223,60.79692082111436,-7.331378299119817,53.46554252199455,67.89041095890408,12.0,-26.424868436909534,False
GAZP-GAZPF,10,2026-06-05,2026-06-22,17,7.798960138647448,19.160951996772813,73.61958405545927,-8.665511265165383,64.95407279029389,79.6904109589041,12.0,-26.736338168610203,False
GAZP-GAZPF,5,2026-08-31,2026-09-07,7,4.498931503769121,15.36266871502212,28.16106174783489,-11.247328759419,16.91373298841589,31.68219178082191,12.0,-26.76845879240602,False
GAZP-GAZPF,10,2026-07-08,2026-07-22,14,18.777383684540627,17.570832418185578,47.45983726267474,2.0863759649499514,49.54621322762469,64.4958904109589,12.0,-26.949677183334217,False
GAZP-GAZPF,5,2026-09-15,2026-09-22,7,11.376564277587597,13.908205841446364,19.763160616402935,-3.102699348433254,16.660461267969684,31.68219178082191,12.0,-27.021730512852226,False
GAZP-GAZPF,5,2026-05-11,2026-05-18,7,16.5727543917793,15.321345052818902,16.900066291017566,0.828637719588242,17.728704010605806,32.81369863013699,12.0,-27.084994619531184,False
GAZP-GAZPF,3,2026-08-31,2026-09-03,3,4.498931503769121,24.279880807858145,18.71667978855022,-20.24519176695452,-1.5285119784042973,13.57808219178082,12.0,-27.10659417018512,False
GAZP-GAZPF,20,2026-05-08,2026-06-05,28,18.577942915047885,7.798960138647448,105.10386758993414,10.977875358892895,116.08174294882703,131.2547945205479,12.0,-27.173051571720876,False
GAZP-GAZPF,5,2026-05-08,2026-05-15,7,18.577942915047885,16.583747927032544,15.814896132410066,1.688903901367676,17.50380003377774,32.81369863013699,12.0,-27.30989859635925,False
GAZP-GAZPF,5,2026-05-13,2026-05-20,7,16.097875080489654,19.32610704982629,19.915486155827434,-2.4146812620723543,17.500804893755078,32.81369863013699,12.0,-27.312893736381913,False
GAZP-GAZPF,3,2026-08-05,2026-08-10,5,-1.0481081647617518,14.99089838312484,22.975579079761033,-15.72162247143816,7.253956608322871,22.630136986301366,12.0,-27.376180377978496,False
GAZP-GAZPF,3,2026-05-15,2026-05-20,5,16.583747927032544,19.32610704982629,10.476782752902158,-2.4875621890536426,7.989220563848515,23.438356164383563,12.0,-27.449135600535048,False
GAZP-GAZPF,10,2026-06-02,2026-06-17,15,7.626472332851186,25.496266618103558,70.65757139225488,-16.10033048046877,54.55724091178612,70.31506849315068,12.0,-27.75782758136456,False
GAZP-GAZPF,5,2026-04-24,2026-05-04,10,17.849898580122314,15.129864671765691,28.32454361054767,3.2454361054760277,31.569979716023695,47.36164383561643,12.0,-27.79166411959273,False
GAZP-GAZPF,5,2026-06-05,2026-06-15,10,7.798960138647448,13.155586739168612,36.269497400346616,-5.199306759100215,31.0701906412464,46.87671232876712,12.0,-27.80652168752072,False
GAZP-GAZPF,3,2026-04-02,2026-04-07,5,-3.7316217628191595,7.5018754688671585,19.627584148070753,-11.194865288454785,8.432718859615964,24.246575342465746,12.0,-27.813856482849783,False
GAZP-GAZPF,10,2026-05-14,2026-05-28,14,9.895275006184256,12.964563526360884,52.186031170116266,-2.4738187515450587,49.712212418571205,65.62739726027397,12.0,-27.91518484170276,False
GAZP-GAZPF,10,2026-05-29,2026-06-15,17,6.925207756232066,13.155586739168612,69.79916897506925,-6.059556786704242,63.73961218836501,79.6904109589041,12.0,-27.950798770539087,False
GAZP-GAZPF,20,2026-06-26,2026-07-24,28,17.159584132431238,10.727311735678757,105.9463005955385,7.06571111335494,113.01201170889345,128.99178082191773,12.0,-27.979769113024275,False
GAZP-GAZPF,20,2026-07-17,2026-08-14,28,-5.103342689460888,20.096938172360357,138.22914008675681,-26.79254911967259,111.43659096708424,127.53698630136994,12.0,-28.100395334285693,False
GAZP-GAZPF,3,2026-05-08,2026-05-13,5,18.577942915047885,16.097875080489654,5.59027191352812,1.688903901367676,7.279175814895796,23.438356164383563,12.0,-28.15918034948777,False
GAZP-GAZPF,20,2026-05-29,2026-06-29,31,6.925207756232066,10.786428711511142,130.9851108033241,-2.596952908587356,128.38815789473674,144.75205479452052,12.0,-28.363896899783782,False
GAZP-GAZPF,10,2026-09-08,2026-09-22,14,22.007042253522346,13.908205841446364,40.30259683098591,6.6021126760565885,46.904709507042504,63.36438356164381,12.0,-28.459674054601308,False
GAZP-GAZPF,20,2026-04-09,2026-05-08,29,20.19574335870633,18.577942915047885,119.27994407332608,3.1070374398005316,122.3869815131266,138.8520547945205,12.0,-28.465073281393913,False
GAZP-GAZPF,5,2026-04-01,2026-04-08,7,3.705075954056891,20.598108025631223,33.76509818451278,-16.302334197848868,17.462763986663916,33.94520547945204,12.0,-28.482441492788126,False
GAZP-GAZPF,10,2026-04-20,2026-05-05,15,9.536676468251404,11.711560983771463,56.498450290073905,-1.5894460780414863,54.90900421203242,71.44657534246572,12.0,-28.5375711304333,False
GAZP-GAZPF,10,2026-07-23,2026-08-06,14,3.3270489076198118,17.169224165682895,61.46168348674726,-14.417211933014912,47.04447155373235,63.68767123287669,12.0,-28.643199679144338,False
GAZP-GAZPF,20,2026-08-05,2026-09-02,28,-1.0481081647617518,11.372682815875557,121.50927575725815,-11.52918981238709,109.98008594487105,126.72876712328771,12.0,-28.74868117841666,False
GAZP-GAZPF,3,2026-03-06,2026-03-11,5,-13.618824241505845,0.7684032580312916,22.52326549141258,-14.375425588257377,8.147839903155202,25.054794520547944,12.0,-28.906954617392742,False
GAZP-GAZPF,5,2026-03-23,2026-03-30,7,9.873167767906477,17.58370576598889,25.3816359079517,-8.35421888053139,17.02741702742031,33.94520547945204,12.0,-28.917788452031733,False
GAZP-GAZPF,20,2026-01-12,2026-02-09,28,0.0,1.6110842597072406,129.56460557900834,-1.6554920950249168,127.90911348398343,144.83287671232875,12.0,-28.923763228345322,False
GAZP-GAZPF,5,2026-05-12,2026-05-19,7,11.295788284653163,14.589074404280922,19.073745360658382,-3.22736808133018,15.846377279328202,32.81369863013699,12.0,-28.96732135080879,False
GAZP-GAZPF,3,2026-09-09,2026-09-14,5,5.634437683119664,12.415933781686483,13.433626324092858,-7.888212756364545,5.545413567728313,22.630136986301366,12.0,-29.084723418573052,False
GAZP-GAZPF,3,2026-08-19,2026-08-24,5,7.0704690077771915,24.070285232880018,22.03393825123733,-16.497761018147603,5.536177233089726,22.630136986301366,12.0,-29.093959753211642,False
GAZP-GAZPF,10,2026-09-07,2026-09-21,14,15.36266871502212,9.260211955963715,40.771425436190064,5.486667398222009,46.25809283441207,63.36438356164381,12.0,-29.106290727231745,False
GAZP-GAZPF,3,2026-05-07,2026-05-12,5,12.788814050643804,11.295788284653163,5.478727939295762,0.8525876033754715,6.331315542671234,23.438356164383563,12.0,-29.10704062171233,False
GAZP-GAZPF,20,2026-05-19,2026-06-17,29,14.589074404280922,25.496266618103558,126.92656832549847,-8.105041335710352,118.82152698978811,135.9424657534246,12.0,-29.120938763636502,False
GAZP-GAZPF,3,2026-03-26,2026-03-31,5,-1.4620951823951511,6.753207773693148,14.993786095474817,-8.041523503178977,6.952262592295839,24.246575342465746,12.0,-29.294312750169908,False
GAZP-GAZPF,40,2026-07-21,2026-09-15,56,9.253903990746881,11.376564277587597,240.0208212839792,-3.4702139965299175,236.55060728744928,253.94246575342444,12.0,-29.39185846597516,False
GAZP-GAZPF,5,2026-02-17,2026-02-25,8,-11.09526073862721,0.0,33.77159613250911,-11.0952607386274,22.67633539388171,40.08767123287671,12.0,-29.411335838994997,False
GAZP-GAZPF,10,2026-05-08,2026-05-22,14,18.577942915047885,9.378463637139678,38.887856780949164,9.288971457524019,48.17682823847318,65.62739726027397,12.0,-29.45056902180079,False
GAZP-GAZPF,5,2026-08-13,2026-08-20,7,-3.388681802778404,16.893930252201983,33.42369818140743,-19.20253021574627,14.221167965661165,31.68219178082191,12.0,-29.461023815160743,False
GAZP-GAZPF,10,2026-03-16,2026-03-30,14,5.456813221078605,17.58370576598889,64.63127533520424,-13.252260679762044,51.3790146554422,69.02191780821917,12.0,-29.642903152776974,False
GAZP-GAZPF,20,2026-08-18,2026-09-15,28,12.904739558892153,11.376564277587597,109.00164242139842,0.0,109.00164242139842,126.72876712328771,12.0,-29.727124701889295,False
GAZP-GAZPF,5,2026-06-19,2026-06-26,7,4.785146904011661,17.159584132431238,26.189109005646475,-11.484352569622962,14.704756436023512,32.490410958904114,12.0,-29.785654522880602,False
GAZP-GAZPF,3,2026-05-06,2026-05-11,5,10.994587280108714,16.5727543917793,11.491035182679296,-5.920162381594974,5.570872801084323,23.438356164383563,12.0,-29.86748336329924,False
GAZP-GAZPF,5,2026-08-25,2026-09-01,7,4.705328784848639,19.59428307976019,29.06363957181508,-15.292318550759871,13.77132102105521,31.68219178082191,12.0,-29.910870759766702,False
GAZP-GAZPF,20,2026-04-07,2026-05-06,29,7.5018754688671585,10.994587280108714,123.51012753188296,-2.2505626406613164,121.25956489122164,139.1753424657534,12.0,-29.91577757453176,False
GAZP-GAZPF,5,2026-05-05,2026-05-12,7,11.711560983771463,11.295788284653163,14.841893926719088,0.0,14.841893926719088,32.81369863013699,12.0,-29.971804703417902,False
GAZP-GAZPF,5,2026-09-04,2026-09-11,7,-7.636085960511796,0.0,21.19450201810843,-7.636085960511333,13.558416057597098,31.68219178082191,12.0,-30.12377572322481,False
GAZP-GAZPF,5,2026-05-04,2026-05-11,7,15.129864671765691,16.5727543917793,16.21501218794654,-1.6810960746391368,14.533916113307404,32.81369863013699,12.0,-30.279782516829584,False
GAZP-GAZPF,3,2026-06-04,2026-06-09,5,5.14182877710212,19.453532584667865,18.616848058959636,-13.711543405604303,4.905304653355334,23.438356164383563,12.0,-30.53305151102823,False
GAZP-GAZPF,40,2026-07-28,2026-09-22,56,24.004364429897063,13.908205841446364,226.151663938898,8.728859792689393,234.88052373158735,253.45753424657514,12.0,-30.57701051498779,False
GAZP-GAZPF,20,2026-05-15,2026-06-15,31,16.583747927032544,13.155586739168612,122.38059701492539,4.145936981757641,126.52653399668301,145.31780821917803,12.0,-30.79127422249502,False
GAZP-GAZPF,10,2026-09-14,2026-09-28,14,12.415933781686483,10.374520178442204,42.476978789446456,2.069322296947338,44.54630108639379,63.36438356164381,12.0,-30.818082475250023,False
GAZP-GAZPF,3,2026-05-14,2026-05-19,5,9.895275006184256,14.589074404280922,9.393914405871197,-4.947637503092461,4.446276902778735,23.438356164383563,12.0,-30.99207926160483,False
GAZP-GAZPF,40,2026-01-16,2026-03-16,59,-2.4265954865321238,5.456813221078605,289.6950578338591,-8.08865162177419,281.6064062120849,300.6575342465756,12.0,-31.051128034490716,False
GAZP-GAZPF,3,2026-09-17,2026-09-22,5,11.833046471600994,13.908205841446364,6.792168674698797,-3.227194492254856,3.5649741824439403,22.630136986301366,12.0,-31.065162803857426,False
GAZP-GAZPF,3,2026-06-05,2026-06-10,5,7.798960138647448,26.536930561698036,22.381282495667243,-18.19757365684644,4.1837088388208015,23.438356164383563,12.0,-31.25464732556276,False
GAZP-GAZPF,10,2026-07-17,2026-07-31,14,-5.103342689460888,3.2587442971965253,53.75988772646084,-8.930849706556925,44.82903801990391,64.17260273972603,12.0,-31.34356471982212,False
GAZP-GAZPF,3,2026-02-02,2026-02-05,3,-36.764705882352814,-13.536109562863885,19.386733416770962,-23.466833541927187,-4.080100125156223,15.517808219178079,12.0,-31.5979083443343,False
GAZP-GAZPF,5,2026-08-19,2026-08-26,7,7.0704690077771915,27.932960893852776,31.99033702568937,-20.03299552203482,11.957341503654549,31.68219178082191,12.0,-31.724850277167363,False
GAZP-GAZPF,3,2026-04-29,2026-05-05,6,13.440860215052641,11.711560983771463,6.632224462365591,1.680107526881386,8.312331989246976,28.126027397260277,12.0,-31.813695408013302,False
GAZP-GAZPF,40,2026-06-25,2026-08-20,56,19.37391659019294,16.893930252201983,231.0156011012542,5.098399102682917,236.1140002039371,256.0438356164381,12.0,-31.929835412501006,False
GAZP-GAZPF,40,2026-07-24,2026-09-18,56,10.727311735678757,2.085070892410279,225.05041836515767,8.581849388543048,233.63226775370072,253.6999999999998,12.0,-32.06773224629907,False
GAZP-GAZPF,5,2026-04-02,2026-04-09,7,-3.7316217628191595,20.19574335870633,36.8833495036943,-23.136054929472518,13.747294574221783,33.94520547945204,12.0,-32.19791090523026,False
GAZP-GAZPF,20,2026-07-10,2026-08-07,28,4.3117387086355485,8.729812309036244,112.16772663576587,-4.311738708633399,107.85598792713247,128.10273972602744,12.0,-32.24675179889496,False
GAZP-GAZPF,40,2026-07-15,2026-09-09,56,2.2614201718673677,5.634437683119664,237.46268656716418,-3.392130257803635,234.07055630936057,254.4273972602738,12.0,-32.35684095091324,False
GAZP-GAZPF,20,2026-05-07,2026-06-04,28,12.788814050643804,5.14182877710212,103.07698866058487,7.673288430385301,110.75027709097017,131.2547945205479,12.0,-32.50451742957773,False
GAZP-GAZPF,5,2026-04-29,2026-05-07,8,13.440860215052641,12.788814050643804,16.138272849462364,0.8400537634412899,16.978326612903658,37.5013698630137,12.0,-32.52304325011004,False
GAZP-GAZPF,3,2026-08-21,2026-08-26,5,14.154281670206714,27.932960893852776,15.02830856334041,-12.97475819768639,2.053550365654019,22.630136986301366,12.0,-32.57658662064735,False
GAZP-GAZPF,20,2026-03-11,2026-04-08,28,0.7684032580312916,20.598108025631223,136.99400645458738,-19.97848470877228,117.0155217458151,137.7205479452055,12.0,-32.70502619939042,False
GAZP-GAZPF,20,2026-04-06,2026-05-05,29,2.2502250225020504,11.711560983771463,126.81818181818181,-8.250825082508209,118.5673567356736,139.33698630136985,12.0,-32.76962956569625,False
GAZP-GAZPF,5,2026-09-18,2026-09-25,7,2.085070892410279,12.148208139299843,21.28857381150959,-10.425354462052598,10.86321934945699,31.68219178082191,12.0,-32.81897243136492,False
GAZP-GAZPF,3,2026-08-28,2026-09-02,5,-1.1752262310504857,11.372682815875557,14.632741802797037,-12.92748854154418,1.705253261252859,22.630136986301366,12.0,-32.9248837250485,False
GAZP-GAZPF,20,2026-07-14,2026-08-11,28,15.052144930651767,20.314337645674918,112.14923126545531,-5.375766046661344,106.77346521879396,127.7794520547946,12.0,-33.005986836000645,False
GAZP-GAZPF,5,2026-07-23,2026-07-30,7,3.3270489076198118,19.605707439276365,27.600088721304203,-16.635244538093765,10.96484418321044,32.005479452054786,12.0,-33.04063526884435,False
GAZP-GAZPF,3,2026-08-13,2026-08-18,5,-3.388681802778404,12.904739558892153,17.32745961820852,-15.81384841296742,1.513611205241098,22.630136986301366,12.0,-33.11652578106027,False
GAZP-GAZPF,3,2026-01-27,2026-01-30,3,9.355266235282489,31.347962382446415,16.200202697435095,-21.82895454900051,-5.628751851565415,15.517808219178079,12.0,-33.14656007074349,False
GAZP-GAZPF,10,2026-07-09,2026-07-23,14,-1.0729613733906351,3.3270489076198118,47.633047210300425,-4.291845493562903,43.34120171673753,64.4958904109589,12.0,-33.15468869422138,False
GAZP-GAZPF,40,2026-05-11,2026-07-07,57,16.5727543917793,-2.12179079142949,226.47000331455087,18.23002983095781,244.70003314550866,265.9849315068493,12.0,-33.28489836134065,False
GAZP-GAZPF,5,2026-07-20,2026-07-27,7,3.512880562062115,11.81525241675585,20.304449648711945,-9.367681498828839,10.936768149883104,32.24794520547945,12.0,-33.311177055596346,False
GAZP-GAZPF,20,2026-01-05,2026-02-03,29,45.26349822179032,42.429480631729355,126.91723246039444,1.6165535079207907,128.53378596831521,150.00547945205477,12.0,-33.47169348373956,False
GAZP-GAZPF,5,2026-07-07,2026-07-14,7,-2.12179079142949,15.052144930651767,27.72756206238065,-16.974326331424866,10.75323573095578,32.24794520547945,12.0,-33.494709474523674,False
GAZP-GAZPF,40,2026-06-26,2026-08-21,56,17.159584132431238,14.154281670206714,229.17331179973758,5.0469365095384235,234.220248309276,255.96301369862985,12.0,-33.74276538935385,False
GAZP-GAZPF,40,2026-05-25,2026-07-21,57,16.286644951140072,9.253903990746881,233.4630550317161,9.429110234870516,242.89216526658663,264.8534246575344,12.0,-33.96125939094776,False
GAZP-GAZPF,40,2026-05-13,2026-07-09,57,16.097875080489654,-1.0729613733906351,226.70235028976177,16.902768834514486,243.60511912427626,265.8232876712329,12.0,-34.21816854695663,False
GAZP-GAZPF,3,2026-08-27,2026-09-01,5,5.876131155246878,19.59428307976019,14.437654248442824,-14.102714772594258,0.33493947584856665,22.630136986301366,12.0,-34.295197510452795,False
GAZP-GAZPF,10,2026-07-10,2026-07-24,14,4.3117387086355485,10.727311735678757,48.59760698501671,-6.467608062950099,42.12999892206661,64.4958904109589,12.0,-34.365891488892295,False
GAZP-GAZPF,20,2026-06-16,2026-07-14,28,6.275775506543457,15.052144930651767,113.11995696611082,-6.275775506545399,106.84418145956542,129.47671232876706,12.0,-34.632530869201645,False
GAZP-GAZPF,10,2026-04-17,2026-05-04,17,12.030798845041879,15.129864671765691,61.013795316008974,-2.4061597690098933,58.607635546999084,81.30684931506846,12.0,-34.69921376806938,False
GAZP-GAZPF,5,2026-09-09,2026-09-16,7,5.634437683119664,18.166274845052843,22.459995492449853,-13.52265043948505,8.937345052964803,31.68219178082191,12.0,-34.74484672785711,False
GAZP-GAZPF,3,2026-02-17,2026-02-20,3,-11.09526073862721,17.470023028667292,20.79172610556348,-28.530670470756014,-7.738944365192539,15.032876712328765,12.0,-34.7718210775213,False
GAZP-GAZPF,10,2026-07-07,2026-07-21,14,-2.12179079142949,9.253903990746881,52.25652450668364,-10.608953957140729,41.64757054954291,64.4958904109589,12.0,-34.848319861415995,False
GAZP-GAZPF,20,2026-02-03,2026-03-04,29,42.429480631729355,58.8235294117645,140.99316413923154,-16.500353579004774,124.49281056022677,147.41917808219176,12.0,-34.92636752196499,False
GAZP-GAZPF,5,2026-08-27,2026-09-03,7,5.876131155246878,24.279880807858145,28.71312727700082,-19.97884592784131,8.734281349159513,31.68219178082191,12.0,-34.94791043166239,False
GAZP-GAZPF,5,2026-05-06,2026-05-13,7,10.994587280108714,16.097875080489654,15.783998646820027,-5.9201623815961755,9.863836265223851,32.81369863013699,12.0,-34.94986236491314,False
GAZP-GAZPF,40,2026-02-24,2026-04-21,56,-31.52336669556388,13.562026326285892,297.8414374655213,-44.92079754117798,252.92063992434336,275.9260273972602,12.0,-35.00538747291685,False
GAZP-GAZPF,40,2026-06-23,2026-08-18,56,21.587675399863393,12.904739558892153,222.35992542439408,10.793837699931256,233.15376312432534,256.2054794520546,12.0,-35.05171632772925,False
GAZP-GAZPF,10,2026-05-11,2026-05-25,14,16.5727543917793,16.286644951140072,41.60009943652634,0.828637719588242,42.428737156114586,65.62739726027397,12.0,-35.19866010415938,False
GAZP-GAZPF,40,2026-07-02,2026-08-27,56,10.303967027305294,5.876131155246878,227.1025244719217,5.151983513653928,232.25450798557563,255.47808219178052,12.0,-35.22357420620489,False
GAZP-GAZPF,10,2026-01-20,2026-02-03,14,31.59941662615573,42.429480631729355,61.3287959812024,-12.153621779290688,49.175174201911716,72.41643835616436,12.0,-35.24126415425265,False
GAZP-GAZPF,40,2026-07-30,2026-09-24,56,19.605707439276365,10.873863187030874,222.4485350179719,7.624441781940222,230.0729767999121,253.45753424657514,12.0,-35.384557446663024,False
GAZP-GAZPF,20,2026-07-15,2026-08-12,28,2.2614201718673677,17.452006980802626,120.08706467661692,-15.829941203075595,104.25712347354131,127.69863013698638,12.0,-35.44150666344507,False
GAZP-GAZPF,10,2026-09-02,2026-09-16,14,11.372682815875557,18.166274845052843,47.78005231434095,-7.9608779711142255,39.81917434322672,63.36438356164381,12.0,-35.54520921841709,False
GAZP-GAZPF,10,2026-07-15,2026-07-29,14,2.2614201718673677,7.58068009529822,46.40094979647218,-5.653550429669511,40.747399366802675,64.33424657534248,12.0,-35.5868472085398,False
GAZP-GAZPF,20,2026-05-13,2026-06-10,28,16.097875080489654,26.536930561698036,115.64069542820347,-8.04893754024423,107.59175788795926,131.2547945205479,12.0,-35.66303663258864,False
GAZP-GAZPF,10,2026-04-22,2026-05-07,15,5.593288054335233,12.788814050643804,53.81062724730323,-6.392329204953918,47.41829804234931,71.12328767123286,12.0,-35.704989628883546,False
GAZP-GAZPF,40,2026-07-20,2026-09-14,56,3.512880562062115,12.415933781686483,240.79156908665107,-10.538641686181403,230.25292740046964,254.02328767123268,12.0,-35.770360270763035,False
GAZP-GAZPF,40,2026-07-08,2026-09-02,56,18.777383684540627,11.372682815875557,222.67994992697683,8.345503859796839,231.02545378677365,254.99315068493127,12.0,-35.96769689815761,False
GAZP-GAZPF,40,2026-06-30,2026-08-25,56,12.884043607532814,4.705328784848639,222.63032705649155,8.919722497522637,231.5500495540142,255.63972602739693,12.0,-36.089676473382724,False
GAZP-GAZPF,40,2026-03-11,2026-05-07,57,0.7684032580312916,12.788814050643804,263.26340863685266,-10.757645612415258,252.5057630244374,276.7342465753426,12.0,-36.22848355090517,False
GAZP-GAZPF,40,2026-07-22,2026-09-16,56,17.570832418185578,18.166274845052843,230.59411377113992,-1.098177026137175,229.49593674500272,253.86164383561623,12.0,-36.36570709061351,False
GAZP-GAZPF,10,2026-03-26,2026-04-09,14,-1.4620951823951511,20.19574335870633,63.941808611740626,-20.469332553547243,43.47247605819339,67.89041095890408,12.0,-36.4179349007107,False
GAZP-GAZPF,20,2026-06-05,2026-07-06,31,7.798960138647448,14.766374854973119,124.05025996533794,-4.332755632583307,119.71750433275464,144.18630136986297,12.0,-36.46879703710833,False
GAZP-GAZPF,10,2026-08-31,2026-09-14,14,4.498931503769121,12.415933781686483,47.74491058373636,-8.99786300753392,38.74704757620244,63.36438356164381,12.0,-36.61733598544137,False
GAZP-GAZPF,3,2026-06-11,2026-06-17,6,6.233858758570854,25.496266618103558,22.11416867040698,-18.701576275715375,3.4125923946916044,28.126027397260277,12.0,-36.71343500256867,False
GAZP-GAZPF,3,2026-09-04,2026-09-09,5,-7.636085960511796,5.634437683119664,10.788698592778445,-13.090433075162949,-2.301734482384505,22.630136986301366,12.0,-36.93187146868587,False
GAZP-GAZPF,20,2026-02-24,2026-03-24,28,-31.52336669556388,11.915400655346797,159.13704783670892,-44.1327133737885,115.00433446292044,140.14520547945202,12.0,-37.14087101653158,False
GAZP-GAZPF,10,2026-08-25,2026-09-08,14,4.705328784848639,22.007042253522346,56.98035525232325,-18.821315139396635,38.15904011292662,63.36438356164381,12.0,-37.205343448717194,False
GAZP-GAZPF,40,2026-05-19,2026-07-15,57,14.589074404280922,2.2614201718673677,226.9808721024477,12.968066137138175,239.94893823958589,265.33835616438364,12.0,-37.389417924797755,False
GAZP-GAZPF,3,2026-07-09,2026-07-14,5,-1.0729613733906351,15.052144930651767,13.636266094420602,-16.094420600858978,-2.458154506438377,23.034246575342465,12.0,-37.49240108178084,False
GAZP-GAZPF,5,2026-07-15,2026-07-22,7,2.2614201718673677,17.570832418185578,22.57349615558571,-15.829941203075595,6.743554952510114,32.24794520547945,12.0,-37.504390252969344,False
GAZP-GAZPF,40,2026-05-27,2026-07-23,57,12.059608924110954,3.3270489076198118,229.7097079851839,9.47540701180114,239.18511499698505,264.691780821918,12.0,-37.506665824932924,False
GAZP-GAZPF,40,2026-03-13,2026-05-11,59,24.733343638891903,16.5727543917793,250.54877106198796,9.275003864585296,259.82377492657326,285.4630136986302,12.0,-37.639238772056956,False
GAZP-GAZPF,20,2026-07-01,2026-07-29,28,10.887855092547305,7.58068009529822,98.98544986637633,3.9592200336539896,102.94466990003033,128.8301369863013,12.0,-37.88546708627098,False
GAZP-GAZPF,5,2026-07-16,2026-07-23,7,-10.783608914448628,3.3270489076198118,20.692547328061348,-14.378145219265557,6.31440210879579,32.24794520547945,12.0,-37.933543096683664,False
GAZP-GAZPF,40,2026-02-05,2026-04-03,57,-13.536109562863885,18.79416629078312,293.11808264989253,-33.442153037662365,259.6759296122301,285.6246575342466,12.0,-37.948727922016474,False
GAZP-GAZPF,5,2026-07-21,2026-07-28,7,9.253903990746881,24.004364429897063,22.370156159629843,-16.194331983805732,6.17582417582411,32.16712328767123,12.0,-37.99129911184712,False
GAZP-GAZPF,10,2026-07-13,2026-07-27,14,3.177629488402278,11.81525241675585,46.87215337358331,-8.47367863573756,38.39847473784575,64.4958904109589,12.0,-38.097415673113154,False
GAZP-GAZPF,40,2026-06-22,2026-08-17,56,19.160951996772813,18.037518037519185,225.513311819282,4.033884630898754,229.54719645018076,256.2863013698628,12.0,-38.73910491968206,False
GAZP-GAZPF,20,2026-06-04,2026-07-03,29,5.14182877710212,25.815778603883732,124.24115176964608,-16.28245779415526,107.95869397549082,135.05342465753418,12.0,-39.09473068204336,False
GAZP-GAZPF,10,2026-07-14,2026-07-28,14,15.052144930651767,24.004364429897063,45.65100526825072,-8.601225674658455,37.04977959359226,64.4150684931507,12.0,-39.365288899558436,False
GAZP-GAZPF,5,2026-03-17,2026-03-24,7,-14.102162331558477,11.915400655346797,34.105296145408964,-26.637417737386667,7.4678784080223,34.915068493150685,12.0,-39.44719008512838,False
GAZP-GAZPF,3,2026-09-23,2026-09-28,5,-9.746588693956282,10.374520178442204,14.615984405458091,-19.49317738791312,-4.877192982455032,22.630136986301366,12.0,-39.507329968756395,False
GAZP-GAZPF,10,2026-05-07,2026-05-21,14,12.788814050643804,12.640094379370304,38.044164037854884,0.0,38.044164037854884,65.62739726027397,12.0,-39.58323322241908,False
GAZP-GAZPF,10,2026-06-19,2026-07-03,14,4.785146904011661,25.815778603883732,56.14317159536798,-19.140587616038726,37.00258397932926,64.73835616438357,12.0,-39.735772185054316,False
GAZP-GAZPF,10,2026-01-08,2026-01-22,14,13.092218312740211,29.42579926833222,61.85009410031912,-17.183536535471216,44.666557564847906,72.41643835616436,12.0,-39.74988079131646,False
GAZP-GAZPF,40,2026-03-12,2026-05-08,57,9.975445058316712,18.577942915047885,255.56629834254144,-6.90607734806656,248.6602209944749,276.4109589041097,12.0,-39.75073790963478,False
GAZP-GAZPF,20,2026-05-12,2026-06-09,28,11.295788284653163,19.453532584667865,109.88946264321446,-6.454736162659214,103.43472648055524,131.2547945205479,12.0,-39.82006803999266,False
GAZP-GAZPF,40,2026-07-23,2026-09-17,56,3.3270489076198118,11.833046471600994,234.810912720417,-8.87213042031699,225.93878230010003,253.780821917808,12.0,-39.84203961770797,False
GAZP-GAZPF,40,2026-07-27,2026-09-21,56,11.81525241675585,9.260211955963715,223.45757250268528,2.148227712137059,225.60580021482235,253.45753424657514,12.0,-39.851734031752784,False
GAZP-GAZPF,20,2026-06-29,2026-07-27,28,10.786428711511142,11.81525241675585,101.01196313002549,0.0,101.01196313002549,128.99178082191773,12.0,-39.97981769189224,False
GAZP-GAZPF,10,2026-03-17,2026-03-31,14,-14.102162331558477,6.753207773693148,61.93199623942338,-21.15324349733706,40.77875274208631,68.86027397260273,12.0,-40.081521230516415,False
GAZP-GAZPF,20,2026-07-13,2026-08-10,28,3.177629488402278,14.99089838312484,110.72344031352611,-11.651308124139332,99.07213218938678,127.86027397260281,12.0,-40.788141783216034,False
GAZP-GAZPF,10,2026-02-06,2026-02-20,14,-7.169600892217298,17.470023028667292,67.56950529753844,-24.69529196208096,42.874213335457476,71.76986301369861,12.0,-40.895649678241135,False
GAZP-GAZPF,5,2026-07-17,2026-07-24,7,-5.103342689460888,10.727311735678757,20.553712681806584,-17.86169941311385,2.6920132686927323,32.24794520547945,12.0,-41.55593193678672,False
GAZP-GAZPF,3,2026-09-11,2026-09-16,5,0.0,18.166274845052843,11.244319411382817,-18.39428695087662,-7.149967539493801,22.630136986301366,12.0,-41.78010452579517,False
GAZP-GAZPF,3,2026-04-30,2026-05-06,6,1.651118632874926,10.994587280108714,7.127879138116074,-9.081152480805699,-1.9532733426896254,28.126027397260277,12.0,-42.0793007399499,False
GAZP-GAZPF,20,2026-08-19,2026-09-16,28,7.0704690077771915,18.166274845052843,109.40961583785058,-12.962526514258712,96.44708932359187,126.72876712328771,12.0,-42.28167779969584,False
GAZP-GAZPF,20,2026-04-23,2026-05-22,29,30.358712151472567,9.378463637139678,84.71358951825518,21.570663897099628,106.2842534153548,136.58904109589037,12.0,-42.30478768053557,False
GAZP-GAZPF,3,2026-01-08,2026-01-13,5,13.092218312740211,36.58435187494868,18.34219785614925,-22.911382047294573,-4.569184191145318,25.863013698630134,12.0,-42.43219788977545,False
GAZP-GAZPF,10,2026-04-27,2026-05-12,15,12.977532646605283,11.295788284653163,38.178278854732746,1.6221915808253728,39.80047043555811,70.31506849315068,12.0,-42.514598057592565,False
GAZP-GAZPF,10,2026-09-04,2026-09-18,14,-7.636085960511796,2.085070892410279,42.645358350605434,-9.817824806371048,32.827533544234385,63.36438356164381,12.0,-42.53685001740943,False
GAZP-GAZPF,20,2026-01-14,2026-02-11,28,40.339178397958975,59.31388265469684,134.67193545731456,-20.581213468346093,114.09072198896847,144.83287671232875,12.0,-42.74215472336029,False
GAZP-GAZPF,40,2026-06-09,2026-08-05,57,19.453532584667865,-1.0481081647617518,211.76938721372358,20.337784065787403,232.10717127951096,262.91369863013705,12.0,-42.806527350626084,False
GAZP-GAZPF,10,2026-08-27,2026-09-10,14,5.876131155246878,23.529411764706687,52.43859442942766,-19.97884592784131,32.459748501586354,63.36438356164381,12.0,-42.90463506005746,False
GAZP-GAZPF,40,2026-05-15,2026-07-13,59,16.583747927032544,3.177629488402278,229.71227197346602,14.096185737976926,243.8084577114429,274.8753424657534,12.0,-43.06688475431051,False
GAZP-GAZPF,20,2026-05-05,2026-06-02,28,11.711560983771463,7.626472332851186,95.86832859293959,4.182700351347781,100.05102894428738,131.2547945205479,12.0,-43.20376557626052,False
GAZP-GAZPF,20,2026-07-07,2026-08-04,28,-2.12179079142949,5.367686527106841,104.43878633566729,-7.4262677699986614,97.01251856566864,128.34520547945206,12.0,-43.33268691378342,False
GAZP-GAZPF,40,2026-05-22,2026-07-20,59,9.378463637139678,3.512880562062115,235.84448802114417,6.82070082700983,242.66518884815397,274.309589041096,12.0,-43.644400192942015,False
GAZP-GAZPF,40,2026-05-14,2026-07-10,57,9.895275006184256,4.3117387086355485,227.4099117671312,6.59685000412289,234.0067617712541,265.74246575342465,12.0,-43.73570398217055,False
GAZP-GAZPF,40,2026-07-14,2026-09-08,56,15.052144930651767,22.007042253522346,229.11622406192882,-6.450919255994223,222.66530480593457,254.50821917808202,12.0,-43.84291437214745,False
GAZP-GAZPF,20,2026-04-14,2026-05-13,29,17.982799061766475,16.097875080489654,103.64268960125096,2.345582486316413,105.9882720875674,138.0438356164383,12.0,-44.05556352887089,False
GAZP-GAZPF,3,2026-07-23,2026-07-28,5,3.3270489076198118,24.004364429897063,11.9496506598647,-21.071309748253046,-9.121659088388347,22.953424657534242,12.0,-44.07508374592259,False
GAZP-GAZPF,5,2026-03-06,2026-03-13,7,-13.618824241505845,24.733343638891903,40.480441855186506,-37.83006733751771,2.6503745176687925,35.07671232876712,12.0,-44.42633781109833,False
GAZP-GAZPF,20,2026-03-06,2026-04-03,28,-13.618824241505845,18.79416629078312,138.59120829235079,-32.533857910265446,106.05735038208533,138.52876712328768,12.0,-44.47141674120235,False
GAZP-GAZPF,3,2026-02-05,2026-02-10,5,-13.536109562863885,18.706791378608756,25.127796799108204,-31.84966955967877,-6.721872760570564,25.863013698630134,12.0,-44.584886459200696,False
GAZP-GAZPF,20,2026-03-26,2026-04-23,28,-1.4620951823951511,30.358712151472567,132.35031800570218,-29.24190364792582,103.10841435777635,135.78082191780825,12.0,-44.6724075600319,False
GAZP-GAZPF,20,2026-03-17,2026-04-14,28,-14.102162331558477,17.982799061766475,136.0294578502037,-32.121591977436275,103.90786587276742,136.7506849315069,12.0,-44.84281905873948,False
GAZP-GAZPF,3,2026-07-16,2026-07-21,5,-10.783608914448628,9.253903990746881,10.431344356578002,-20.369039060626346,-9.937694704048347,23.034246575342465,12.0,-44.97194127939081,False
GAZP-GAZPF,10,2026-09-11,2026-09-25,14,0.0,12.148208139299843,43.37156459640771,-12.984202553560328,30.38736204284738,63.36438356164381,12.0,-44.977021518796434,False
GAZP-GAZPF,10,2026-05-04,2026-05-18,14,15.129864671765691,15.321345052818902,33.35798940909473,-0.8405480373195684,32.51744137177516,65.62739726027397,12.0,-45.1099558884988,False
GAZP-GAZPF,20,2026-05-06,2026-06-03,28,10.994587280108714,12.934379580926691,99.38345737483087,-1.6914749661701642,97.69198240866069,131.2547945205479,12.0,-45.56281211188721,False
GAZP-GAZPF,10,2026-04-28,2026-05-13,15,17.425939756037234,16.097875080489654,35.841009044892544,0.8298066550486188,36.67081569994116,70.31506849315068,12.0,-45.64425279320952,False
GAZP-GAZPF,5,2026-03-10,2026-03-17,7,-55.269824211253706,-14.102162331558477,42.8556075842481,-41.45236815843955,1.4032394258085479,35.07671232876712,12.0,-45.67347290295857,False
GAZP-GAZPF,3,2026-02-24,2026-02-27,3,-31.52336669556388,11.021018657009218,23.845062652691308,-42.55654503901066,-18.71148238631935,15.032876712328765,12.0,-45.74435909864812,False
GAZP-GAZPF,10,2026-02-05,2026-02-19,14,-13.536109562863885,19.09307875894939,70.66645433553626,-32.64591129867,38.02054303686626,71.93150684931504,12.0,-45.910963812448784,False
GAZP-GAZPF,20,2026-07-02,2026-07-30,28,10.303967027305294,19.605707439276365,102.9273570324575,-8.24317362184277,94.68418341061472,128.7493150684931,12.0,-46.06513165787838,False
GAZP-GAZPF,10,2026-05-05,2026-05-19,14,11.711560983771463,14.589074404280922,34.6177011878869,-3.346160281077987,31.271540906808912,65.62739726027397,12.0,-46.35585635346506,False
GAZP-GAZPF,20,2026-04-13,2026-05-12,29,7.028504490431686,11.295788284653163,107.74931667317453,-3.904724716909455,103.84459195626506,138.20547945205473,12.0,-46.36088749578967,False
GAZP-GAZPF,10,2026-04-24,2026-05-11,17,17.849898580122314,16.5727543917793,43.976470588235294,1.622718052739167,45.59918864097446,80.1753424657534,12.0,-46.57615382477894,False
GAZP-GAZPF,10,2026-04-29,2026-05-14,15,13.440860215052641,9.895275006184256,31.825436827956988,3.360215053762772,35.185651881719764,70.31506849315068,12.0,-47.12941661143091,False
GAZP-GAZPF,20,2026-08-27,2026-09-24,28,5.876131155246878,10.873863187030874,98.38758961100011,-7.051357386297129,91.336232224703,126.72876712328771,12.0,-47.392534898584714,False
GAZP-GAZPF,40,2026-01-15,2026-03-13,57,-8.196721311475308,24.733343638891903,289.605737704918,-34.426229508195696,255.17950819672234,290.7972602739728,12.0,-47.617752077250486,False
GAZP-GAZPF,40,2026-05-06,2026-07-02,57,10.994587280108714,10.303967027305294,228.10216508795673,2.5372124492558474,230.63937753721254,266.3890410958903,12.0,-47.74966355867778,False
GAZP-GAZPF,40,2026-03-16,2026-05-12,57,5.456813221078605,11.295788284653163,244.46601184908013,-5.456813221079465,239.00919862800066,275.1178082191782,12.0,-48.108609591177526,False
GAZP-GAZPF,20,2026-06-30,2026-07-28,28,12.884043607532814,24.004364429897063,101.51833498513378,-8.919722497522637,92.59861248761113,128.91095890410952,12.0,-48.312346416498386,False
GAZP-GAZPF,40,2026-05-18,2026-07-14,57,15.321345052818902,15.052144930651767,225.01814369808883,4.031932908636171,229.050076606725,265.4191780821918,12.0,-48.369101475466806,False
GAZP-GAZPF,3,2026-01-30,2026-02-04,5,31.347962382446415,59.93690851735067,17.68025078369906,-28.21316614420058,-10.532915360501525,25.863013698630134,12.0,-48.39592905913166,False
GAZP-GAZPF,40,2026-04-08,2026-06-04,57,20.598108025631223,5.14182877710212,217.59688739700943,16.02075068660204,233.61763808361147,270.26849315068483,12.0,-48.650855067073365,False
GAZP-GAZPF,20,2026-04-10,2026-05-11,31,12.515644555695093,16.5727543917793,114.45713391739673,-3.1289111389230317,111.3282227784737,148.0657534246575,12.0,-48.737530646183785,False
GAZP-GAZPF,5,2026-04-30,2026-05-08,8,1.651118632874926,18.577942915047885,17.07008998596549,-16.51118632873678,0.5589036572287112,37.5013698630137,12.0,-48.94246620578499,False
GAZP-GAZPF,40,2026-06-17,2026-08-12,56,25.496266618103558,17.452006980802626,209.1167364778729,10.926971407758563,220.04370788563148,257.0945205479451,12.0,-49.050812662313604,False
GAZP-GAZPF,10,2026-05-06,2026-05-20,14,10.994587280108714,19.32610704982629,36.71008119079838,-8.45737483085082,28.252706359947556,65.62739726027397,12.0,-49.374690900326414,False
GAZP-GAZPF,40,2026-05-28,2026-07-24,57,12.964563526360884,10.727311735678757,222.6257562662057,4.321521175453514,226.94727744165922,264.61095890410974,12.0,-49.66368146245051,False
GAZP-GAZPF,40,2026-07-13,2026-09-07,56,3.177629488402278,15.36266871502212,227.87416587225928,-11.651308124139332,216.22285774811996,254.58904109589022,12.0,-50.36618334777026,False
GAZP-GAZPF,5,2026-02-02,2026-02-09,7,-36.764705882352814,1.6110842597072406,36.13892365456821,-38.329161451814365,-2.1902377972461604,36.20821917808219,12.0,-50.39845697532835,False
GAZP-GAZPF,20,2026-08-25,2026-09-22,28,4.705328784848639,13.908205841446364,100.06587460298788,-11.763321962123104,88.30255264086477,126.72876712328771,12.0,-50.426214482422935,False
GAZP-GAZPF,20,2026-05-04,2026-06-01,28,15.129864671765691,17.21911321566738,94.26241909725141,-1.6810960746391368,92.58132302261227,131.2547945205479,12.0,-50.67347149793564,False
GAZP-GAZPF,20,2026-07-09,2026-08-06,28,-1.0729613733906351,17.169224165682895,107.09656652360515,-18.24034334763967,88.8562231759655,128.18356164383565,12.0,-51.32733846787015,False
GAZP-GAZPF,20,2026-08-31,2026-09-28,28,4.498931503769121,10.374520178442204,93.91969407265775,-6.74839725565044,87.17129681700732,126.72876712328771,12.0,-51.55747030628039,False
GAZP-GAZPF,10,2026-01-12,2026-01-26,14,0.0,27.86624203821697,61.6000331098419,-28.971111662942512,32.62892144689939,72.41643835616436,12.0,-51.78751690926497,False
GAZP-GAZPF,40,2026-06-10,2026-08-06,57,26.536930561698036,17.169224165682895,210.3467492260062,12.38390092879262,222.73065015479878,262.7520547945206,12.0,-52.021404639721794,False
GAZP-GAZPF,3,2026-07-17,2026-07-22,5,-5.103342689460888,17.570832418185578,8.485583056902271,-25.51671344730654,-17.031130390404265,23.034246575342465,12.0,-52.06537696574673,False
GAZP-GAZPF,5,2026-01-27,2026-02-03,7,9.355266235282489,42.429480631729355,28.135963202619475,-32.743431823499655,-4.6074686208801845,36.20821917808219,12.0,-52.81568779896237,False
GAZP-GAZPF,40,2026-01-05,2026-03-04,58,45.26349822179032,58.8235294117645,271.95602974458455,-15.357258325250383,256.5987714193342,297.4246575342466,12.0,-52.82588611491241,False
GAZP-GAZPF,40,2026-04-09,2026-06-05,57,20.19574335870633,7.798960138647448,215.95852105017866,13.204909119155017,229.16343016933368,270.1068493150684,12.0,-52.94341914573474,False
GAZP-GAZPF,20,2026-04-16,2026-05-15,29,16.462841015991714,16.583747927032544,95.79100031357794,0.7839448102846429,96.57494512386258,137.72054794520542,12.0,-53.14560282134285,False
GAZP-GAZPF,40,2026-07-31,2026-09-25,56,3.2587442971965253,12.148208139299843,221.79556810775583,-9.77623289159281,212.019335216163,253.45753424657514,12.0,-53.438199030412136,False
GAZP-GAZPF,5,2026-01-29,2026-02-05,7,-51.02435253188986,-13.536109562863885,31.80286045612679,-37.88171627367568,-6.078855817548889,36.20821917808219,12.0,-54.28707499563108,False
GAZP-GAZPF,20,2026-04-27,2026-05-26,29,12.977532646605283,3.4632034632031683,83.71157433692919,9.733149484953389,93.44472382188258,135.9424657534246,12.0,-54.49774193154204,False
GAZP-GAZPF,40,2026-05-08,2026-07-06,59,18.577942915047885,14.766374854973119,225.99054213815234,6.755615605471904,232.74615774362422,275.44109589041085,12.0,-54.694938146786626,False
GAZP-GAZPF,20,2026-08-13,2026-09-10,28,-3.388681802778404,23.529411764706687,112.20829097481081,-28.23901502315599,83.96927595165481,126.72876712328771,12.0,-54.7594911716329,False
GAZP-GAZPF,5,2026-01-15,2026-01-22,7,-8.196721311475308,29.42579926833222,31.92213114754098,-38.524590163934334,-6.602459016393353,36.20821917808219,12.0,-54.81067819447554,False
GAZP-GAZPF,20,2026-08-28,2026-09-25,28,-1.1752262310504857,12.148208139299843,98.90233870019978,-15.277941003644337,83.62439769655545,126.72876712328771,12.0,-55.10436942673226,False
GAZP-GAZPF,40,2026-07-16,2026-09-10,56,-10.783608914448628,23.529411764706687,248.36927869638154,-37.14354181643758,211.22573687994395,254.34657534246557,12.0,-55.12083846252162,False
GAZP-GAZPF,40,2026-01-21,2026-03-19,57,-38.69846785657938,7.6487685482629075,293.21276259674613,-46.5961143579216,246.61664823882455,289.8273972602743,12.0,-55.21074902144977,False
GAZP-GAZPF,20,2026-02-13,2026-03-16,31,-35.29411764705892,5.456813221078605,153.14666666666668,-40.78431372548989,112.3623529411768,155.82465753424657,12.0,-55.462304593069774,False
GAZP-GAZPF,40,2026-05-26,2026-07-22,57,3.4632034632031683,17.570832418185578,231.6147186147186,-10.389610389609553,221.22510822510904,264.7726027397262,12.0,-55.54749451461717,False
GAZP-GAZPF,40,2026-06-29,2026-08-24,56,10.786428711511142,24.070285232880018,220.79917630908022,-8.825259854873838,211.97391645420637,255.72054794520514,12.0,-55.746631490998766,False
GAZP-GAZPF,40,2026-03-06,2026-05-04,59,-13.618824241505845,15.129864671765691,271.1447378376334,-27.237648483013185,243.9070893546202,287.7260273972604,12.0,-55.818938042640184,False
GAZP-GAZPF,40,2026-08-03,2026-09-28,56,5.312367190819511,10.374520178442204,214.71738206544833,-5.312367190819928,209.40501487462842,253.45753424657514,12.0,-56.052519371946715,False
GAZP-GAZPF,40,2026-02-13,2026-04-13,59,-35.29411764705892,7.028504490431686,290.8941176470588,-42.35294117646885,248.54117647058996,292.7369863013698,12.0,-56.195809830779865,False
GAZP-GAZPF,40,2026-05-05,2026-07-01,57,11.711560983771463,10.887855092547305,219.56081646310855,2.5096202108081926,222.07043667391676,266.46986301369856,12.0,-56.3994263397818,False
GAZP-GAZPF,40,2026-02-02,2026-03-31,57,-36.764705882352814,6.753207773693148,285.7767521902378,-43.804755944931344,241.97199624530646,286.59452054794525,12.0,-56.622524302638794,False
GAZP-GAZPF,40,2026-05-12,2026-07-08,57,11.295788284653163,18.777383684540627,224.42956269162497,-3.22736808133018,221.20219461029478,265.90410958904107,12.0,-56.70191497874629,False
GAZP-GAZPF,40,2026-05-04,2026-06-30,57,15.129864671765691,12.884043607532814,217.49936958897203,4.20274018660262,221.70210977557466,266.55068493150674,12.0,-56.84857515593208,False
GAZP-GAZPF,20,2026-04-28,2026-05-27,29,17.425939756037234,12.059608924110954,85.11409841506928,5.808646585345048,90.92274500041432,135.9424657534246,12.0,-57.01972075301029,False
GAZP-GAZPF,10,2026-07-16,2026-07-30,14,-10.783608914448628,19.605707439276365,50.51162233405225,-32.35082674334793,18.160795590704314,64.25342465753425,12.0,-58.09262906682994,False
GAZP-GAZPF,20,2026-04-15,2026-05-14,29,-1.5564202334639177,9.895275006184256,102.61867704280156,-10.894941634242395,91.72373540855916,137.88219178082187,12.0,-58.158456372262705,False
GAZP-GAZPF,40,2026-07-01,2026-08-26,56,10.887855092547305,27.932960893852776,220.93734534296746,-11.877660100959154,209.0596852420083,255.55890410958872,12.0,-58.499218867580424,False
GAZP-GAZPF,40,2026-07-07,2026-09-01,56,-2.12179079142949,19.59428307976019,228.6282622533418,-20.157012518566933,208.4712497347749,255.07397260273947,12.0,-58.60272286796459,False
GAZP-GAZPF,10,2026-01-16,2026-01-30,14,-2.4265954865321238,31.347962382446415,60.38582868235866,-34.781201973631546,25.60462670872711,72.41643835616436,12.0,-58.81181164743725,False
GAZP-GAZPF,40,2026-03-30,2026-05-26,57,17.58370576598889,3.4632034632031683,210.14726353579013,14.653088138323277,224.80035167411344,271.72328767123287,12.0,-58.922935997119424,False
GAZP-GAZPF,10,2026-02-02,2026-02-16,14,-36.764705882352814,6.312135079691306,67.95603879849813,-43.022528160200025,24.933510638298095,72.41643835616436,12.0,-59.48292771786627,False
GAZP-GAZPF,3,2026-02-09,2026-02-12,3,1.6110842597072406,55.111821086262225,21.75849846946995,-53.97132270017735,-32.212824230707405,15.517808219178079,12.0,-59.73063244988548,False
GAZP-GAZPF,40,2026-03-05,2026-04-30,56,-55.25721846058151,1.651118632874926,283.0150206241731,-56.813759825668775,226.20126079850428,273.9863013698631,12.0,-59.78504057135882,False
GAZP-GAZPF,3,2026-01-09,2026-01-14,5,1.6229814168622347,40.339178397958975,15.982309502556193,-38.140063296275166,-22.157753793718975,25.863013698630134,12.0,-60.02076749234911,False
GAZP-GAZPF,40,2026-06-08,2026-08-04,57,6.167944312274187,5.367686527106841,213.27341616001414,1.7622698035078186,215.03568596352193,263.07534246575347,12.0,-60.03965650223154,False
GAZP-GAZPF,40,2026-05-07,2026-07-03,57,12.788814050643804,25.815778603883732,226.682581635263,-8.525876033763195,218.1567056014998,266.30821917808214,12.0,-60.151513576582346,False
GAZP-GAZPF,3,2026-01-15,2026-01-20,5,-8.196721311475308,31.59941662615573,17.331147540983604,-40.16393442622909,-22.832786885245486,25.863013698630134,12.0,-60.695800583875624,False
GAZP-GAZPF,20,2026-03-05,2026-04-02,28,-55.25721846058151,-3.7316217628191595,141.13316211378316,-51.36586504786338,89.76729706591979,138.69041095890412,12.0,-60.92311389298433,False
GAZP-GAZPF,40,2026-06-03,2026-07-30,57,12.934379580926691,19.605707439276365,217.37345865309996,-2.5868759161840926,214.78658273691585,263.8835616438358,12.0,-61.09697890691993,False
GAZP-GAZPF,5,2026-01-06,2026-01-14,8,-3.2351989647372292,40.339178397958975,34.94257521837593,-42.86638628275648,-7.923811064380554,41.38082191780821,12.0,-61.304632982188764,False
GAZP-GAZPF,10,2026-03-05,2026-03-19,14,-55.25721846058151,7.6487685482629075,83.85866604405012,-63.03992528601465,20.818740758035474,70.15342465753423,12.0,-61.334683899498756,False
GAZP-GAZPF,20,2026-03-18,2026-04-15,28,-47.780517879162375,-1.5564202334639177,133.28067200986436,-46.23921085080105,87.04146115906333,136.58904109589045,12.0,-61.54757993682712,False
GAZP-GAZPF,40,2026-07-09,2026-09-03,56,-1.0729613733906351,24.279880807858145,229.85515021459227,-24.67811158798326,205.17703862660903,254.91232876712306,12.0,-61.735290140514024,False
GAZP-GAZPF,20,2026-04-29,2026-05-28,29,13.440860215052641,12.964563526360884,84.98907930107525,0.8400537634412899,85.82913306451655,135.9424657534246,12.0,-62.11333268890806,False
GAZP-GAZPF,10,2026-03-02,2026-03-16,14,-58.34484876400925,5.456813221078605,83.44081068631968,-63.71871641332598,19.722094272993697,70.15342465753423,12.0,-62.43133038454053,False
GAZP-GAZPF,3,2026-02-27,2026-03-04,5,11.021018657009218,58.8235294117645,22.0813980949382,-48.020152719829916,-25.938754624891715,25.054794520547944,12.0,-62.99354914543966,False
GAZP-GAZPF,40,2026-06-15,2026-08-10,56,13.155586739168612,14.99089838312484,205.20610419224698,0.8770391159450199,206.083143308192,257.417808219178,12.0,-63.33466491098602,False
GAZP-GAZPF,40,2026-06-04,2026-07-31,57,5.14182877710212,3.2587442971965253,209.67177992972836,2.5709143885509587,212.24269431827932,263.7219178082193,12.0,-63.47922348993998,False
GAZP-GAZPF,40,2026-04-23,2026-06-22,60,30.358712151472567,19.160951996772813,215.23208436526323,15.179356075736816,230.41144044100005,281.90684931506837,12.0,-63.49540887406832,False
GAZP-GAZPF,40,2026-06-01,2026-07-28,57,17.21911321566738,24.004364429897063,214.41842445114077,-1.7219113215678203,212.69651312957296,264.20684931506867,12.0,-63.5103361854957,False
GAZP-GAZPF,40,2026-04-22,2026-06-19,58,5.593288054335233,4.785146904011661,219.38154214942065,1.5980823012370604,220.97962445065772,272.6931506849314,12.0,-63.7135262342737,False
GAZP-GAZPF,40,2026-04-28,2026-06-25,58,17.425939756037234,19.37391659019294,218.20180897850798,1.6596133100972377,219.86142228860524,271.6424657534245,12.0,-63.78104346481928,False
GAZP-GAZPF,40,2026-06-02,2026-07-29,57,7.626472332851186,7.58068009529822,210.03897974747903,1.6947716295225845,211.73375137700162,264.04520547945225,12.0,-64.31145410245063,False
GAZP-GAZPF,20,2026-04-20,2026-05-19,29,9.536676468251404,14.589074404280922,89.38567909083685,-4.768338234125588,84.61734085671127,137.07397260273967,12.0,-64.4566317460284,False
GAZP-GAZPF,10,2026-04-30,2026-05-15,15,1.651118632874926,16.583747927032544,32.531164864195496,-14.86006769586334,17.671097168332157,70.31506849315068,12.0,-64.64397132481852,False
GAZP-GAZPF,40,2026-06-11,2026-08-07,57,6.233858758570854,8.729812309036244,210.77210793481166,-0.8905512512249636,209.8815566835867,262.5904109589041,12.0,-64.7088542753174,False
GAZP-GAZPF,20,2026-04-21,2026-05-20,29,13.562026326285892,19.32610704982629,88.86796968488234,-4.786597526923659,84.08137215795868,136.91232876712323,12.0,-64.83095660916455,False
GAZP-GAZPF,3,2026-01-14,2026-01-19,5,40.339178397958975,86.08088354718157,19.74067671029884,-46.925166707829696,-27.184489997530864,25.863013698630134,12.0,-65.047503696161,False
GAZP-GAZPF,20,2026-04-30,2026-05-29,29,1.651118632874926,6.925207756232066,87.80979113349294,-4.953355898620331,82.8564352348726,135.9424657534246,12.0,-65.08603051855201,False
GAZP-GAZPF,40,2026-06-19,2026-08-14,56,4.785146904011661,20.096938172360357,214.91051775289503,-11.484352569622962,203.42616518327205,256.7712328767122,12.0,-65.34506769344014,False
GAZP-GAZPF,20,2026-04-22,2026-05-21,29,5.593288054335233,12.640094379370304,89.46544147023573,-6.392329204953918,83.0731122652818,136.7506849315068,12.0,-65.67757266622502,False
GAZP-GAZPF,3,2026-02-13,2026-02-18,5,-35.29411764705892,11.09526073862721,17.782745098039218,-46.27450980392072,-28.491764705881508,25.539726027397258,12.0,-66.03149073327876,False
GAZP-GAZPF,5,2026-02-25,2026-03-04,7,0.0,58.8235294117645,38.65066876475217,-59.008654602675065,-20.357985837922893,35.07671232876712,12.0,-67.43469816669001,False
GAZP-GAZPF,20,2026-03-20,2026-04-17,28,-40.18500265372427,12.030798845041879,132.25490939419214,-51.55811661232575,80.6967927818664,136.26575342465756,12.0,-67.56896064279115,False
GAZP-GAZPF,40,2026-03-19,2026-05-15,57,7.6487685482629075,16.583747927032544,225.86890010708274,-7.648768548264381,218.22013155881837,274.1479452054795,12.0,-67.92781364666115,False
GAZP-GAZPF,5,2026-02-13,2026-02-20,7,-35.29411764705892,17.470023028667292,32.169411764705885,-52.54901960784327,-20.379607843137386,35.56164383561644,12.0,-67.94125167875382,False
GAZP-GAZPF,40,2026-05-29,2026-07-27,59,6.925207756232066,11.81525241675585,220.1575484764543,-2.596952908587356,217.56059556786695,273.74383561643845,12.0,-68.18324004857149,False
GAZP-GAZPF,40,2026-04-10,2026-06-08,59,12.515644555695093,6.167944312274187,215.91520650813519,7.040050062577378,222.95525657071255,279.32054794520536,12.0,-68.36529137449281,False
GAZP-GAZPF,40,2026-03-25,2026-05-21,57,12.463343108504166,12.640094379370304,213.98533724340172,1.4662756598237552,215.45161290322548,272.53150684931506,12.0,-69.07989394608958,False
GAZP-GAZPF,20,2026-04-17,2026-05-18,31,12.030798845041879,15.321345052818902,92.84408084696824,-3.208213025345384,89.63586782162285,146.9342465753424,12.0,-69.29837875371955,False
GAZP-GAZPF,40,2026-03-02,2026-04-27,56,-58.34484876400925,12.977532646605283,288.0554276063258,-70.62797481959063,217.4274527867352,274.95616438356166,12.0,-69.52871159682647,False
GAZP-GAZPF,40,2026-03-23,2026-05-19,57,9.873167767906477,14.589074404280922,218.5402901192375,-3.797372218423555,214.74291790081395,272.85479452054796,12.0,-70.111876619734,False
GAZP-GAZPF,20,2026-04-24,2026-05-25,31,17.849898580122314,16.286644951140072,84.70912778904665,2.434077079107597,87.14320486815426,145.80273972602734,12.0,-70.65953485787308,False
GAZP-GAZPF,40,2026-06-05,2026-08-03,59,7.798960138647448,5.312367190819511,210.40467937608318,3.466204506065168,213.87088388214835,272.6123287671235,12.0,-70.74144488497512,False
GAZP-GAZPF,40,2026-04-14,2026-06-10,57,17.982799061766475,26.536930561698036,215.97419859265048,-5.4730258014079265,210.50117279124254,269.29863013698616,12.0,-70.79745734574362,False
GAZP-GAZPF,40,2026-04-29,2026-06-26,58,13.440860215052641,17.159584132431238,213.195564516129,-0.8400537634412899,212.35551075268774,271.5616438356163,12.0,-71.20613308292855,False
GAZP-GAZPF,40,2026-03-31,2026-05-27,57,6.753207773693148,12.059608924110954,214.98911983192014,-3.7517820964956217,211.23733773542452,271.5616438356164,12.0,-72.32430610019188,False
GAZP-GAZPF,5,2026-03-05,2026-03-12,7,-55.25721846058151,9.975445058316712,39.901159623316985,-65.3747373336449,-25.473577710327916,35.07671232876712,12.0,-72.55029003909505,False
GAZP-GAZPF,40,2026-04-03,2026-06-01,59,18.79416629078312,17.21911321566738,216.01262967974742,3.758833258157522,219.77146293790491,280.4520547945205,12.0,-72.68059185661559,False
GAZP-GAZPF,3,2026-03-18,2026-03-23,5,-47.780517879162375,9.873167767906477,21.9250924784217,-57.79901356350405,-35.873921085082344,25.054794520547944,12.0,-72.92871560563029,False
GAZP-GAZPF,40,2026-04-17,2026-06-16,60,12.030798845041879,6.275775506543457,215.4547641963426,6.416426050689629,221.87119024703227,282.876712328767,12.0,-73.00552208173471,False
GAZP-GAZPF,10,2026-03-10,2026-03-24,14,-55.269824211253706,11.915400655346797,76.2723574115299,-67.55200736930954,8.720350042220355,69.9917808219178,12.0,-73.27143077969745,False
GAZP-GAZPF,40,2026-06-16,2026-08-11,56,6.275775506543457,20.314337645674918,206.63797740720815,-10.758472296934242,195.87950511027393,257.25616438356155,12.0,-73.37665927328763,False
GAZP-GAZPF,10,2026-03-18,2026-04-01,14,-47.780517879162375,3.705075954056891,58.756935881627626,-51.63378545006288,7.1231504315647465,68.69863013698628,12.0,-73.57547970542154,False
GAZP-GAZPF,40,2026-04-15,2026-06-11,57,-1.5564202334639177,6.233858758570854,214.02879377431904,-7.003891050583922,207.02490272373512,269.13698630136975,12.0,-74.11208357763462,False
GAZP-GAZPF,40,2026-04-06,2026-06-02,57,2.2502250225020504,7.626472332851186,212.77752775277526,-4.500450045003605,208.2770777077717,270.5917808219177,12.0,-74.31470311414603,False
GAZP-GAZPF,40,2026-04-07,2026-06-03,57,7.5018754688671585,12.934379580926691,211.6654163540885,-3.7509377344344608,207.91447861965403,270.4301369863013,12.0,-74.51565836664727,False
GAZP-GAZPF,40,2026-04-01,2026-05-28,57,3.705075954056891,12.964563526360884,216.26750648388295,-7.410151908112643,208.8573545757703,271.4,12.0,-74.54264542422968,False
GAZP-GAZPF,20,2026-03-10,2026-04-07,28,-55.269824211253706,7.5018754688671585,137.1866124203577,-62.94618868503824,74.24042373531947,137.88219178082196,12.0,-75.64176804550249,False
GAZP-GAZPF,40,2026-03-24,2026-05-20,57,11.915400655346797,19.32610704982629,214.02889484658922,-5.21298778671382,208.81590705987537,272.69315068493154,12.0,-75.87724362505617,False
GAZP-GAZPF,20,2026-01-21,2026-02-18,28,-38.69846785657938,11.09526073862721,129.78676354446375,-49.75517295845801,80.03159058600572,144.50958904109592,12.0,-76.4779984550902,False
GAZP-GAZPF,40,2026-03-17,2026-05-13,57,-14.102162331558477,16.097875080489654,239.8832654340332,-29.77123158884438,210.11203384518882,274.7945205479453,12.0,-76.68248670275648,False
GAZP-GAZPF,3,2026-03-20,2026-03-25,5,-40.18500265372427,12.463343108504166,13.084388505572827,-53.074531806805695,-39.99014330123287,24.73150684931506,12.0,-76.72165015054793,False
GAZP-GAZPF,40,2026-04-21,2026-06-18,58,13.562026326285892,30.927835051546282,220.46589549262066,-12.764260071798692,207.70163542082196,272.85479452054784,12.0,-77.15315909972588,False
GAZP-GAZPF,40,2026-04-02,2026-05-29,57,-3.7316217628191595,6.925207756232066,215.43995820583626,-9.702216583327834,205.7377416225084,271.2383561643835,12.0,-77.50061454187511,False
GAZP-GAZPF,40,2026-04-13,2026-06-09,57,7.028504490431686,19.453532584667865,214.1116751269035,-10.152284263961254,203.95939086294226,269.46027397260264,12.0,-77.50088310966038,False
GAZP-GAZPF,5,2026-03-18,2026-03-25,7,-47.780517879162375,12.463343108504166,29.964549938347723,-60.88162762022134,-30.917077681873618,34.75342465753424,12.0,-77.67050233940786,False
GAZP-GAZPF,5,2026-06-24,2026-07-01,7,-53.05039787798393,10.887855092547305,30.830442766782294,-64.27259742909564,-33.44215466231335,32.24794520547945,12.0,-77.69009986779281,False
GAZP-GAZPF,5,2026-03-20,2026-03-27,7,-40.18500265372427,15.273838097313863,24.79035559936311,-56.10736219576559,-31.317006596402475,34.430136986301356,12.0,-77.74714358270383,False
GAZP-GAZPF,5,2026-02-05,2026-02-12,7,-13.536109562863885,55.111821086262225,38.55959869416355,-68.47678955330834,-29.917190859144792,36.20821917808219,12.0,-78.12541003722698,False
GAZP-GAZPF,40,2026-04-16,2026-06-15,60,16.462841015991714,13.155586739168612,211.4941988084039,4.7036688617112,216.19786767011507,283.03835616438346,12.0,-78.84048849426839,False
GAZP-GAZPF,40,2026-04-24,2026-06-23,60,17.849898580122314,21.587675399863393,214.79918864097363,0.0,214.79918864097363,281.6643835616437,12.0,-78.86519492067009,False
GAZP-GAZPF,3,2026-06-24,2026-06-29,5,-53.05039787798393,10.786428711511142,20.213221791471128,-64.27259742909564,-44.05937563762451,23.034246575342465,12.0,-79.09362221296698,False
GAZP-GAZPF,20,2026-03-02,2026-03-30,28,-58.34484876400925,17.58370576598889,147.08966682020576,-76.76953784737998,70.32012897282578,139.1753424657534,12.0,-80.85521349292762,False
GAZP-GAZPF,3,2026-02-06,2026-02-11,5,-7.169600892217298,59.31388265469684,22.57149685334183,-66.11965267266775,-43.54815581932593,25.863013698630134,12.0,-81.41116951795607,False
GAZP-GAZPF,3,2026-03-10,2026-03-13,3,-55.269824211253706,24.733343638891903,25.162355108620556,-79.83419052736562,-54.67183541874507,15.032876712328765,12.0,-81.70471213107383,False
GAZP-GAZPF,10,2026-03-20,2026-04-03,14,-40.18500265372427,18.79416629078312,57.09833952536206,-59.140192584727636,-2.041853059365585,68.37534246575339,12.0,-82.41719552511897,False
GAZP-GAZPF,10,2026-06-24,2026-07-08,14,-53.05039787798393,18.777383684540627,64.94286880228525,-71.41399714344041,-6.4711283411551594,64.4958904109589,12.0,-82.96701875211407,False
GAZP-GAZPF,40,2026-03-27,2026-05-25,59,15.273838097313863,16.286644951140072,208.96137900938245,1.4546512473621214,210.4160302567446,281.5835616438356,12.0,-83.167531387091,False
GAZP-GAZPF,3,2026-01-21,2026-01-26,5,-38.69846785657938,27.86624203821697,20.594692781551096,-66.34023061127924,-45.745537829728136,25.863013698630134,12.0,-83.60855152835828,False
GAZP-GAZPF,40,2026-01-29,2026-03-27,57,-51.02435253188986,15.273838097313863,283.4580595284113,-67.25937379203526,216.19868573637604,287.88767123287687,12.0,-83.68898549650083,False
GAZP-GAZPF,40,2026-04-20,2026-06-17,58,9.536676468251404,25.496266618103558,213.84089644758805,-12.71556862433415,201.12532782325388,273.01643835616426,12.0,-83.89111053291037,False
GAZP-GAZPF,40,2026-03-26,2026-05-22,57,-1.4620951823951511,9.378463637139678,209.86768038599314,-9.503618685575061,200.36406170041806,272.36986301369865,12.0,-84.00580131328059,False
GAZP-GAZPF,10,2026-02-17,2026-03-04,15,-11.09526073862721,58.8235294117645,72.70407354572832,-70.53415755270252,2.1699159930257887,75.16438356164382,12.0,-84.99446756861803,False
GAZP-GAZPF,10,2026-02-16,2026-03-03,15,6.312135079691306,73.93571484162197,69.96370522329177,-68.64446899163566,1.3192362316561164,75.16438356164382,12.0,-85.8451473299877,False
GAZP-GAZPF,20,2026-01-29,2026-02-27,29,-51.02435253188986,11.021018657009218,134.90529570931582,-61.847700038654594,73.05759567066123,148.227397260274,12.0,-87.16980158961276,False
GAZP-GAZPF,40,2026-04-30,2026-06-29,60,1.651118632874926,10.786428711511142,212.7284735408239,-7.430033847931083,205.29843969289283,280.694520547945,12.0,-87.39608085505216,False
GAZP-GAZPF,20,2026-01-15,2026-02-12,28,-8.196721311475308,55.111821086262225,133.84590163934425,-64.75409836065508,69.09180327868917,144.83287671232875,12.0,-87.74107343363958,False
GAZP-GAZPF,40,2026-03-10,2026-05-06,57,-55.269824211253706,10.994587280108714,263.5695094803101,-65.24909802717498,198.32041145313514,277.05753424657547,12.0,-90.73712279344034,False
GAZP-GAZPF,3,2026-02-26,2026-03-03,5,0.0,73.93571484162197,19.73696682464455,-75.03949447077319,-55.302527646128645,25.054794520547944,12.0,-92.3573221666766,False
GAZP-GAZPF,10,2026-01-23,2026-02-06,14,-80.72100313479602,-7.169600892217298,62.927115987460816,-73.66771159874591,-10.740595611285094,72.41643835616436,12.0,-95.15703396744945,False
GAZP-GAZPF,40,2026-06-24,2026-08-19,56,-53.05039787798393,7.0704690077771915,230.85696796572128,-59.17159763313592,171.68537033258536,256.12465753424635,12.0,-96.43928720166099,False
GAZP-GAZPF,10,2026-01-14,2026-01-28,14,40.339178397958975,110.96246163531775,62.690376224582195,-75.73886556351377,-13.048489338931567,72.41643835616436,12.0,-97.46492769509592,False
GAZP-GAZPF,20,2026-06-24,2026-07-22,28,-53.05039787798393,17.570832418185578,111.35686594572537,-69.37359722505536,41.98326872067002,128.99178082191773,12.0,-99.0085121012477,False
GAZP-GAZPF,20,2026-01-06,2026-02-04,29,-3.2351989647372292,59.93690851735067,126.6467162730508,-64.70397929472755,61.94273697832325,150.00547945205477,12.0,-100.06274247373152,False
GAZP-GAZPF,5,2026-01-12,2026-01-19,7,0.0,86.08088354718157,28.9115139475209,-87.74108103633823,-58.829567088817335,36.20821917808219,12.0,-107.03778626689953,False
GAZP-GAZPF,40,2026-03-18,2026-05-14,57,-47.780517879162375,9.895275006184256,234.90289765721332,-57.02836004932253,177.8745376078908,274.4712328767124,12.0,-108.5966952688216,False
GAZP-GAZPF,3,2026-01-29,2026-02-03,5,-51.02435253188986,42.429480631729355,17.864708156165445,-92.77155005798244,-74.906841901817,25.863013698630134,12.0,-112.76985560044713,False
GAZP-GAZPF,40,2026-01-23,2026-03-23,59,-80.72100313479602,9.873167767906477,289.06739811912223,-90.90909090909287,198.15830721002936,299.52602739726063,12.0,-113.36772018723127,False
GAZP-GAZPF,5,2026-02-24,2026-03-03,7,-31.52336669556388,73.93571484162197,37.55772716526125,-106.39136259752496,-68.83363543226372,35.07671232876712,12.0,-115.91034776103083,False
GAZP-GAZPF,10,2026-01-29,2026-02-12,14,-51.02435253188986,55.111821086262225,69.241592578276,-104.36799381522955,-35.12640123695356,72.41643835616436,12.0,-119.54283959311792,False
GAZP-GAZPF,10,2026-01-21,2026-02-04,14,-38.69846785657938,59.93690851735067,60.01421576370241,-98.72058126678361,-38.7063655030812,72.41643835616436,12.0,-123.12280385924556,False
GAZP-GAZPF,20,2026-01-23,2026-02-20,28,-80.72100313479602,17.470023028667292,129.40047021943573,-97.96238244514107,31.438087774294665,144.18630136986306,12.0,-124.74821359556839,False
GAZP-GAZPF,40,2026-03-20,2026-05-18,59,-40.18500265372427,15.321345052818902,220.02350443551447,-54.590947001286715,165.43255743422773,283.20000000000005,12.0,-129.7674425657723,False
GAZP-GAZPF,5,2026-01-23,2026-01-30,7,-80.72100313479602,31.347962382446415,28.108150470219435,-112.06896551724192,-83.96081504702248,36.20821917808219,12.0,-132.16903422510467,False
GAZP-GAZPF,20,2026-02-02,2026-03-03,29,-36.764705882352814,73.93571484162197,137.31774092615768,-111.07634543178875,26.241395494368945,147.5808219178082,12.0,-133.33942642343925,False
GAZP-GAZPF,5,2026-01-21,2026-01-28,7,-38.69846785657938,110.96246163531775,30.608908545253513,-150.05528352550985,-119.44637498025634,36.20821917808219,12.0,-167.6545941583385,False
GAZP-GAZPF,3,2026-01-23,2026-01-28,5,-80.72100313479602,110.96246163531775,16.608934169279,-191.2225705329152,-174.61363636363618,25.863013698630134,12.0,-212.47665006226632,False
GAZP-GAZPF,3,2026-03-04,2026-03-09,5,58.8235294117645,298.72523421901496,27.210980392156866,-246.27450980392274,-219.06352941176584,25.054794520547944,12.0,-256.1183239323138,False
GAZP-GAZPF,10,2026-02-20,2026-03-09,17,17.470023028667292,298.72523421901496,79.56563170015087,-291.43174779639605,-211.86611609624518,85.18630136986299,12.0,-309.0524174661082,False
GAZP-GAZPF,20,2026-02-06,2026-03-09,31,-7.169600892217298,298.72523421901496,147.3886720305903,-317.0556839002643,-169.667011869674,156.95616438356166,12.0,-338.62317625323567,False
GAZP-GAZPF,40,2026-01-09,2026-03-09,59,1.6229814168622347,298.72523421901496,275.87762720116854,-314.04690416294886,-38.16927696178033,301.7890410958905,12.0,-351.95831805767085,False
GAZP-GAZPF,5,2026-03-02,2026-03-09,7,-58.34484876400925,298.72523421901496,41.94764317518809,-356.9783509903275,-315.03070781513946,35.07671232876712,12.0,-362.1074201439066,False
