utc,sample,spread,near,far,direct_bid,direct_ask,near_bid,near_ask,far_bid,far_ask,synthetic_buy,synthetic_sell,cheap_direct_gross_rub,rich_direct_gross_rub,roundtrip_fee_rub,net_buy_direct_rub,net_sell_direct_rub,request_gap_ms,trades,volume,confirmed
2026-09-30T11:21:19.861536+00:00,0,MIX-12.26-3.27,MXZ6,MXH7,5300.0,5325.0,226925.0,226950.0,232225.0,232275.0,5350.0,5275.0,-50.0,-50.0,63.2,-113.2,-113.2,631,363.0,780.0,False
2026-09-30T11:21:19.861941+00:00,0,BR-11.26-12.26,BRX6,BRZ6,-2.55,-2.52,97.72,97.73,95.21,95.24,-2.480000000000004,-2.5200000000000102,-8.62355031827633e-12,-59.099809999996495,44.480000000000004,-44.48000000000863,-103.5798099999965,631,2785.0,8696.0,False
2026-09-30T11:21:19.862059+00:00,0,RTS-12.26-3.27,RIZ6,RIH7,-120.0,-90.0,84620.0,84630.0,84490.0,84550.0,-70.0,-140.0,-84.42830000000001,-84.42830000000001,39.8,-124.2283,-124.2283,631,322.0,728.0,False
2026-09-30T11:21:19.862146+00:00,0,Si-3.27-6.27,SiH7,SiM7,1909.0,1936.0,85836.0,85837.0,87754.0,87782.0,1946.0,1917.0,-19.0,-37.0,18.18,-37.18,-55.18,631,190.0,962.0,False
2026-09-30T11:21:19.862217+00:00,0,GAZR-12.26-3.27,GZZ6,GZH7,340.0,341.0,9965.0,9966.0,10305.0,10307.0,342.0,339.0,-2.0,-2.0,10.14,-12.14,-12.14,631,300.0,2158.0,False
2026-09-30T11:21:19.862279+00:00,0,Si-12.26-3.27,SiZ6,SiH7,1246.0,1249.0,84622.0,84623.0,85836.0,85837.0,1215.0,1213.0,-36.0,31.0,17.86,-53.86,13.14,631,10775.0,81776.0,False
2026-09-30T11:21:19.862342+00:00,0,TTF-9.26-10.26,FFU6,FFV6,2.98,3.06,69.8,69.805,72.85,72.91,3.1099999999999994,3.0449999999999875,-1.4409300000012064,-12.488059999999948,5.5600000000000005,-7.0009300000012065,-18.04805999999995,631,1483.0,8504.0,False
2026-09-30T11:21:19.862413+00:00,0,MXI-12.26-3.27,MMZ6,MMH7,53.95,54.0,2269.1,2269.2,2323.05,2323.2,54.09999999999991,53.850000000000364,-1.499999999996362,-1.499999999999062,8.120000000000001,-9.619999999996363,-9.619999999999063,631,547.0,2052.0,False
2026-09-30T11:21:19.862480+00:00,0,Eu-12.26-3.27,EuZ6,EuH7,1420.0,1427.0,96282.0,96288.0,97702.0,97711.0,1429.0,1414.0,-13.0,-9.0,20.0,-33.0,-29.0,631,364.0,1872.0,False
2026-09-30T11:21:19.862539+00:00,0,WHEAT-10.26-11.26,W4V6,W4X6,1600.0,1620.0,11490.0,11510.0,13100.0,13120.0,1630.0,1590.0,-30.0,-30.0,8.7,-38.7,-38.7,631,611.0,1868.0,False
2026-09-30T11:21:19.862603+00:00,0,TTF-10.26-11.26,FFV6,FFX6,1.28,1.29,72.85,72.91,74.13,74.195,1.3449999999999989,1.2199999999999989,-6.724340000000113,-6.2440299999998885,5.6,-12.324340000000113,-11.844029999999888,631,1246.0,5586.0,False
2026-09-30T11:21:19.862673+00:00,0,GOLDM-12.26-3.27,GNZ6,GNH7,52.6,53.8,4246.5,4246.7,4299.1,4300.1,53.600000000000364,52.400000000000546,-11.819919999995369,-8.442800000003059,20.96,-32.77991999999537,-29.40280000000306,631,456.0,1802.0,False
2026-09-30T11:21:19.862781+00:00,0,SBRF-12.26-3.27,SRZ6,SRH7,970.0,971.0,28114.0,28118.0,29083.0,29089.0,975.0,965.0,-6.0,-5.0,24.9,-30.9,-29.9,631,248.0,1312.0,False
2026-09-30T11:21:19.862844+00:00,0,BRM-11.26-12.26,BMX6,BMZ6,-2.61,-2.56,97.71,97.74,95.05,95.09,-2.6199999999999903,-2.6899999999999977,-10.975639999999803,0.8442799999991946,6.24,-17.2156399999998,-5.395720000000805,631,891.0,3976.0,False
2026-09-30T11:21:19.862909+00:00,0,VTBR-12.26-3.27,VBZ6,VBH7,182.0,183.0,5343.0,5344.0,5525.0,5527.0,184.0,181.0,-2.0,-2.0,6.32,-8.32,-8.32,631,486.0,4858.0,False
2026-09-30T11:21:19.862969+00:00,0,SILVM-12.26-3.27,S1Z6,S1H7,1.59,1.6,61.88,61.89,63.53,63.54,1.6599999999999966,1.6400000000000006,3.3771200000000405,-5.909959999999705,4.8,-1.4228799999999593,-10.709959999999704,631,237.0,1172.0,False
2026-09-30T11:21:19.863037+00:00,0,COCOA-11.26-2.27,CCX6,CCG7,22.4,22.5,463.5,463.6,486.0,486.1,22.600000000000023,22.399999999999977,-1.0000000000002274,-2.0000000000002416,4.5,-5.500000000000227,-6.500000000000242,631,1910.0,26750.0,False
2026-09-30T11:21:19.863102+00:00,0,NASD-12.26-3.27,NAZ6,NAH7,75.0,77.0,30326.0,30327.0,30402.0,30403.0,77.0,75.0,-1.68856,-1.68856,22.28,-23.96856,-23.96856,631,283.0,1782.0,False
2026-09-30T11:21:19.863161+00:00,0,BTC-10.26-11.26,BTV6,BTX6,494.0,500.0,84476.0,84503.0,84976.0,85003.0,527.0,473.0,-2.27961,-2.7861900000000004,13.36,-15.63961,-16.14619,631,790.0,7782.0,False
2026-09-30T11:21:19.863228+00:00,0,CNY-12.26-3.27,CRZ6,CRH7,0.2,0.2,12.652,12.653,12.846,12.848,0.1960000000000015,0.19299999999999962,-7.000000000000394,3.9999999999985048,4.359999999999999,-11.360000000000394,-0.3600000000014947,631,10897.0,251390.0,False
2026-09-30T11:21:19.863295+00:00,0,OZON-12.26-3.27,ONZ6,ONH7,56.0,57.0,3017.0,3018.0,3066.0,3070.0,53.0,48.0,-9.0,3.0,4.359999999999999,-13.36,-1.3599999999999994,631,312.0,2346.0,False
2026-09-30T11:21:19.863358+00:00,0,CNY-3.27-6.27,CRH7,CRM7,0.26,0.26,12.846,12.848,13.108,13.115,0.26900000000000013,0.2599999999999998,-2.220446049250313e-13,-9.000000000000119,4.4,-4.400000000000222,-13.40000000000012,631,436.0,7624.0,False
2026-09-30T11:21:19.863433+00:00,0,NG-11.26-12.26,NGX6,NGZ6,0.38,0.38,3.389,3.39,3.769,3.774,0.38500000000000023,0.379,-8.442830000000008,-42.214150000001915,17.96,-26.40283000000001,-60.174150000001916,631,171.0,574.0,False
2026-09-30T11:21:19.863499+00:00,0,COFFEE-11.26-2.27,KCX6,KCG7,-0.05,-0.05,2.999,3.0,2.949,2.952,-0.04700000000000015,-0.051000000000000156,-0.8442800000001296,-2.532839999999873,3.3200000000000003,-4.164280000000129,-5.8528399999998735,631,849.0,11642.0,False
2026-09-30T11:21:19.863569+00:00,0,GL-12.26-3.27,GLZ6,GLH7,328.1,331.5,11530.8,11530.9,11855.2,11858.9,328.10000000000036,324.3000000000011,-7.199999999998909,-3.410605131648481e-13,8.2,-15.399999999998908,-8.20000000000034,631,1849.0,26912.0,False
2026-09-30T11:21:19.863634+00:00,0,NG-10.26-11.26,NGV6,NGX6,0.34,0.34,3.051,3.052,3.389,3.39,0.33899999999999997,0.33699999999999974,-25.328490000002365,8.442830000000477,16.4,-41.72849000000237,-7.957169999999522,631,664.0,3608.0,False
2026-09-30T11:21:19.863726+00:00,0,BRM-10.26-11.26,BMV6,BMX6,-5.83,-5.8,103.5,103.53,97.71,97.74,-5.760000000000005,-5.820000000000007,-1.6885600000006389,-5.9099599999995736,6.48,-8.168560000000639,-12.389959999999574,631,2990.0,19658.0,False
2026-09-30T11:21:19.863799+00:00,0,GOLD-12.26-3.27,GDZ6,GDH7,52.9,53.3,4246.0,4246.1,4298.3,4298.9,52.899999999999636,52.19999999999982,-92.87113000001513,3.059485678136298e-11,191.68,-284.5511300000151,-191.67999999996943,631,3046.0,10108.0,False
2026-09-30T11:21:19.863863+00:00,0,BR-10.26-11.26,BRV6,BRX6,-5.79,-5.76,103.54,103.55,97.72,97.73,-5.810000000000002,-5.829999999999998,-59.09980999999874,16.88566000000189,46.7,-105.79980999999874,-29.81433999999811,631,11306.0,45920.0,False
2026-09-30T11:21:24.627441+00:00,1,MIX-12.26-3.27,MXZ6,MXH7,5300.0,5325.0,226925.0,226950.0,232225.0,232275.0,5350.0,5275.0,-50.0,-50.0,63.2,-113.2,-113.2,340,363.0,780.0,False
2026-09-30T11:21:24.627607+00:00,1,BR-11.26-12.26,BRX6,BRZ6,-2.55,-2.52,97.72,97.73,95.21,95.24,-2.480000000000004,-2.5200000000000102,-8.62355031827633e-12,-59.099809999996495,44.480000000000004,-44.48000000000863,-103.5798099999965,340,2785.0,8696.0,False
2026-09-30T11:21:24.627721+00:00,1,RTS-12.26-3.27,RIZ6,RIH7,-120.0,-90.0,84620.0,84630.0,84490.0,84550.0,-70.0,-140.0,-84.42830000000001,-84.42830000000001,39.8,-124.2283,-124.2283,340,322.0,728.0,False
2026-09-30T11:21:24.627814+00:00,1,Si-3.27-6.27,SiH7,SiM7,1909.0,1936.0,85836.0,85837.0,87754.0,87782.0,1946.0,1917.0,-19.0,-37.0,18.18,-37.18,-55.18,340,190.0,962.0,False
2026-09-30T11:21:24.627880+00:00,1,GAZR-12.26-3.27,GZZ6,GZH7,340.0,341.0,9965.0,9966.0,10305.0,10307.0,342.0,339.0,-2.0,-2.0,10.14,-12.14,-12.14,340,300.0,2158.0,False
2026-09-30T11:21:24.627940+00:00,1,Si-12.26-3.27,SiZ6,SiH7,1246.0,1249.0,84622.0,84624.0,85836.0,85837.0,1215.0,1212.0,-37.0,31.0,17.86,-54.86,13.14,340,10775.0,81776.0,False
2026-09-30T11:21:24.628000+00:00,1,TTF-9.26-10.26,FFU6,FFV6,2.98,3.06,69.8,69.805,72.845,72.905,3.105000000000004,3.039999999999992,-1.9212400000007694,-12.007750000000383,5.5600000000000005,-7.48124000000077,-17.567750000000384,340,1483.0,8504.0,False
2026-09-30T11:21:24.628066+00:00,1,MXI-12.26-3.27,MMZ6,MMH7,53.95,54.0,2269.0,2269.05,2322.95,2323.05,54.05000000000018,53.899999999999636,-1.000000000003638,-1.0000000000017906,8.120000000000001,-9.120000000003639,-9.120000000001792,340,547.0,2052.0,False
2026-09-30T11:21:24.628143+00:00,1,Eu-12.26-3.27,EuZ6,EuH7,1420.0,1427.0,96279.0,96290.0,97699.0,97713.0,1434.0,1409.0,-18.0,-14.0,20.0,-38.0,-34.0,340,364.0,1872.0,False
2026-09-30T11:21:24.628205+00:00,1,WHEAT-10.26-11.26,W4V6,W4X6,1600.0,1620.0,11490.0,11510.0,13100.0,13120.0,1630.0,1590.0,-30.0,-30.0,8.7,-38.7,-38.7,340,611.0,1868.0,False
2026-09-30T11:21:24.628261+00:00,1,TTF-10.26-11.26,FFV6,FFX6,1.28,1.29,72.845,72.905,74.09,74.19,1.3449999999999989,1.1850000000000023,-10.086509999999786,-6.2440299999998885,5.6,-15.686509999999785,-11.844029999999888,340,1246.0,5586.0,False
2026-09-30T11:21:24.628324+00:00,1,GOLDM-12.26-3.27,GNZ6,GNH7,52.6,53.8,4245.7,4246.1,4298.3,4299.6,53.900000000000546,52.19999999999982,-13.508480000001512,-10.975640000004596,20.96,-34.46848000000151,-31.935640000004597,340,456.0,1802.0,False
2026-09-30T11:21:24.628394+00:00,1,SBRF-12.26-3.27,SRZ6,SRH7,970.0,971.0,28114.0,28116.0,29083.0,29087.0,973.0,967.0,-4.0,-3.0,24.9,-28.9,-27.9,340,248.0,1312.0,False
2026-09-30T11:21:24.628452+00:00,1,BRM-11.26-12.26,BMX6,BMZ6,-2.61,-2.56,97.72,97.74,95.06,95.09,-2.6299999999999955,-2.6799999999999926,-10.131359999999372,1.6885599999996266,6.24,-16.37135999999937,-4.551440000000373,340,891.0,3976.0,False
2026-09-30T11:21:24.628512+00:00,1,VTBR-12.26-3.27,VBZ6,VBH7,182.0,183.0,5342.0,5344.0,5524.0,5527.0,185.0,180.0,-3.0,-3.0,6.32,-9.32,-9.32,340,486.0,4858.0,False
2026-09-30T11:21:24.628568+00:00,1,SILVM-12.26-3.27,S1Z6,S1H7,1.59,1.6,61.86,61.88,63.45,63.49,1.6300000000000026,1.5700000000000003,-2.5328399999999833,-3.3771200000002093,4.8,-7.332839999999983,-8.177120000000208,340,237.0,1172.0,False
2026-09-30T11:21:24.628629+00:00,1,COCOA-11.26-2.27,CCX6,CCG7,22.4,22.5,463.5,463.6,486.0,486.1,22.600000000000023,22.399999999999977,-1.0000000000002274,-2.0000000000002416,4.5,-5.500000000000227,-6.500000000000242,340,1910.0,26750.0,False
2026-09-30T11:21:24.628721+00:00,1,NASD-12.26-3.27,NAZ6,NAH7,75.0,77.0,30324.0,30325.0,30400.0,30401.0,77.0,75.0,-1.68856,-1.68856,22.28,-23.96856,-23.96856,340,283.0,1782.0,False
2026-09-30T11:21:24.628785+00:00,1,BTC-10.26-11.26,BTV6,BTX6,494.0,500.0,84478.0,84501.0,84976.0,85001.0,523.0,475.0,-2.1107500000000003,-2.4484700000000004,13.36,-15.470749999999999,-15.80847,340,790.0,7782.0,False
2026-09-30T11:21:24.628845+00:00,1,CNY-12.26-3.27,CRZ6,CRH7,0.2,0.2,12.652,12.653,12.846,12.848,0.1960000000000015,0.19299999999999962,-7.000000000000394,3.9999999999985048,4.359999999999999,-11.360000000000394,-0.3600000000014947,340,10897.0,251390.0,False
2026-09-30T11:21:24.628908+00:00,1,OZON-12.26-3.27,ONZ6,ONH7,56.0,57.0,3017.0,3018.0,3066.0,3070.0,53.0,48.0,-9.0,3.0,4.359999999999999,-13.36,-1.3599999999999994,340,312.0,2346.0,False
2026-09-30T11:21:24.628965+00:00,1,CNY-3.27-6.27,CRH7,CRM7,0.26,0.26,12.846,12.848,13.108,13.115,0.26900000000000013,0.2599999999999998,-2.220446049250313e-13,-9.000000000000119,4.4,-4.400000000000222,-13.40000000000012,340,436.0,7624.0,False
2026-09-30T11:21:24.629032+00:00,1,NG-11.26-12.26,NGX6,NGZ6,0.38,0.38,3.388,3.39,3.768,3.772,0.3839999999999999,0.37799999999999967,-16.885660000002826,-33.77131999999909,17.96,-34.84566000000282,-51.731319999999094,340,171.0,574.0,False
2026-09-30T11:21:24.629093+00:00,1,COFFEE-11.26-2.27,KCX6,KCG7,-0.05,-0.05,2.998,3.0,2.948,2.952,-0.04600000000000026,-0.052000000000000046,-1.6885600000000367,-3.3771199999997803,3.3200000000000003,-5.0085600000000365,-6.697119999999781,340,849.0,11642.0,False
2026-09-30T11:21:24.629154+00:00,1,GL-12.26-3.27,GLZ6,GLH7,328.1,331.5,11530.8,11530.9,11855.2,11858.9,328.10000000000036,324.3000000000011,-7.199999999998909,-3.410605131648481e-13,8.2,-15.399999999998908,-8.20000000000034,340,1849.0,26912.0,False
2026-09-30T11:21:24.629215+00:00,1,NG-10.26-11.26,NGV6,NGX6,0.34,0.34,3.051,3.052,3.388,3.39,0.33899999999999997,0.33599999999999985,-33.77132000000144,8.442830000000477,16.4,-50.17132000000144,-7.957169999999522,340,664.0,3608.0,False
2026-09-30T11:21:24.629274+00:00,1,BRM-10.26-11.26,BMV6,BMX6,-5.83,-5.8,103.51,103.53,97.72,97.74,-5.77000000000001,-5.810000000000002,-0.844280000000207,-5.065679999999142,6.48,-7.324280000000208,-11.545679999999143,340,2990.0,19658.0,False
2026-09-30T11:21:24.629344+00:00,1,GOLD-12.26-3.27,GDZ6,GDH7,52.9,53.3,4245.4,4245.7,4297.7,4298.5,53.100000000000364,52.0,-109.75678999999977,-16.885660000030835,191.68,-301.43678999999975,-208.56566000003085,340,3046.0,10108.0,False
2026-09-30T11:21:24.629407+00:00,1,BR-10.26-11.26,BRV6,BRX6,-5.79,-5.76,103.54,103.55,97.72,97.73,-5.810000000000002,-5.829999999999998,-59.09980999999874,16.88566000000189,46.7,-105.79980999999874,-29.81433999999811,340,11306.0,45920.0,False
2026-09-30T11:21:29.387129+00:00,2,MIX-12.26-3.27,MXZ6,MXH7,5300.0,5325.0,226925.0,226950.0,232225.0,232275.0,5350.0,5275.0,-50.0,-50.0,63.2,-113.2,-113.2,361,363.0,780.0,False
2026-09-30T11:21:29.387300+00:00,2,BR-11.26-12.26,BRX6,BRZ6,-2.55,-2.52,97.73,97.74,95.22,95.25,-2.480000000000004,-2.519999999999996,3.374432733238564e-12,-59.099809999996495,44.480000000000004,-44.47999999999663,-103.5798099999965,361,2785.0,8696.0,False
2026-09-30T11:21:29.387381+00:00,2,RTS-12.26-3.27,RIZ6,RIH7,-120.0,-90.0,84620.0,84630.0,84490.0,84550.0,-70.0,-140.0,-84.42830000000001,-84.42830000000001,39.8,-124.2283,-124.2283,361,322.0,728.0,False
2026-09-30T11:21:29.387448+00:00,2,Si-3.27-6.27,SiH7,SiM7,1909.0,1936.0,85837.0,85841.0,87755.0,87803.0,1966.0,1914.0,-22.0,-57.0,18.18,-40.18,-75.18,361,190.0,962.0,False
2026-09-30T11:21:29.387511+00:00,2,GAZR-12.26-3.27,GZZ6,GZH7,340.0,341.0,9965.0,9966.0,10305.0,10307.0,342.0,339.0,-2.0,-2.0,10.14,-12.14,-12.14,361,300.0,2158.0,False
2026-09-30T11:21:29.387570+00:00,2,Si-12.26-3.27,SiZ6,SiH7,1246.0,1249.0,84623.0,84625.0,85837.0,85841.0,1218.0,1212.0,-37.0,28.0,17.86,-54.86,10.14,361,10775.0,81776.0,True
2026-09-30T11:21:29.387843+00:00,2,TTF-9.26-10.26,FFU6,FFV6,2.98,3.06,69.8,69.805,72.845,72.905,3.105000000000004,3.039999999999992,-1.9212400000007694,-12.007750000000383,5.5600000000000005,-7.48124000000077,-17.567750000000384,361,1483.0,8504.0,False
2026-09-30T11:21:29.387922+00:00,2,MXI-12.26-3.27,MMZ6,MMH7,53.95,54.0,2268.95,2269.05,2322.9,2323.05,54.100000000000364,53.84999999999991,-1.5000000000009095,-1.5000000000036096,8.120000000000001,-9.62000000000091,-9.62000000000361,361,547.0,2052.0,False
2026-09-30T11:21:29.387991+00:00,2,Eu-12.26-3.27,EuZ6,EuH7,1420.0,1427.0,96284.0,96290.0,97704.0,97713.0,1429.0,1414.0,-13.0,-9.0,20.0,-33.0,-29.0,361,364.0,1872.0,False
2026-09-30T11:21:29.388051+00:00,2,WHEAT-10.26-11.26,W4V6,W4X6,1600.0,1620.0,11490.0,11510.0,13100.0,13120.0,1630.0,1590.0,-30.0,-30.0,8.7,-38.7,-38.7,361,611.0,1868.0,False
2026-09-30T11:21:29.388113+00:00,2,TTF-10.26-11.26,FFV6,FFX6,1.28,1.29,72.845,72.905,74.09,74.19,1.3449999999999989,1.1850000000000023,-10.086509999999786,-6.2440299999998885,5.6,-15.686509999999785,-11.844029999999888,361,1246.0,5586.0,False
2026-09-30T11:21:29.388177+00:00,2,GOLDM-12.26-3.27,GNZ6,GNH7,52.6,53.8,4245.4,4245.7,4298.0,4299.2,53.80000000000018,52.30000000000018,-12.66419999999844,-10.131360000001523,20.96,-33.62419999999844,-31.091360000001522,361,456.0,1802.0,False
2026-09-30T11:21:29.388240+00:00,2,SBRF-12.26-3.27,SRZ6,SRH7,970.0,971.0,28114.0,28116.0,29083.0,29087.0,973.0,967.0,-4.0,-3.0,24.9,-28.9,-27.9,361,248.0,1312.0,False
2026-09-30T11:21:29.388296+00:00,2,BRM-11.26-12.26,BMX6,BMZ6,-2.61,-2.56,97.73,97.76,95.07,95.1,-2.6300000000000097,-2.690000000000012,-10.975640000001002,1.6885600000008263,6.24,-17.215640000001002,-4.5514399999991735,361,891.0,3976.0,False
2026-09-30T11:21:29.388357+00:00,2,VTBR-12.26-3.27,VBZ6,VBH7,182.0,183.0,5341.0,5344.0,5523.0,5527.0,186.0,179.0,-4.0,-4.0,6.32,-10.32,-10.32,361,486.0,4858.0,False
2026-09-30T11:21:29.388417+00:00,2,SILVM-12.26-3.27,S1Z6,S1H7,1.59,1.6,61.87,61.88,63.46,63.49,1.6200000000000045,1.5799999999999983,-1.6885600000001515,-2.5328400000003772,4.8,-6.4885600000001515,-7.3328400000003775,361,237.0,1172.0,False
2026-09-30T11:21:29.388479+00:00,2,COCOA-11.26-2.27,CCX6,CCG7,22.4,22.5,463.5,463.6,485.9,486.1,22.600000000000023,22.299999999999955,-2.0000000000004547,-2.0000000000002416,4.5,-6.500000000000455,-6.500000000000242,361,1910.0,26750.0,False
2026-09-30T11:21:29.388547+00:00,2,NASD-12.26-3.27,NAZ6,NAH7,75.0,77.0,30324.0,30325.0,30400.0,30401.0,77.0,75.0,-1.68856,-1.68856,22.28,-23.96856,-23.96856,361,283.0,1782.0,False
2026-09-30T11:21:29.388607+00:00,2,BTC-10.26-11.26,BTV6,BTX6,494.0,500.0,84477.0,84498.0,84977.0,84998.0,521.0,479.0,-1.77303,-2.27961,13.36,-15.13303,-15.63961,361,790.0,7782.0,False
2026-09-30T11:21:29.388671+00:00,2,CNY-12.26-3.27,CRZ6,CRH7,0.2,0.2,12.653,12.654,12.847,12.849,0.19599999999999973,0.19299999999999962,-7.000000000000394,4.000000000000281,4.359999999999999,-11.360000000000394,-0.35999999999971877,361,10897.0,251390.0,False
2026-09-30T11:21:29.388790+00:00,2,OZON-12.26-3.27,ONZ6,ONH7,56.0,57.0,3017.0,3018.0,3066.0,3070.0,53.0,48.0,-9.0,3.0,4.359999999999999,-13.36,-1.3599999999999994,361,312.0,2346.0,False
2026-09-30T11:21:29.388856+00:00,2,CNY-3.27-6.27,CRH7,CRM7,0.26,0.26,12.847,12.849,13.109,13.117,0.27000000000000135,0.2599999999999998,-2.220446049250313e-13,-10.000000000001341,4.4,-4.400000000000222,-14.400000000001342,361,436.0,7624.0,False
2026-09-30T11:21:29.388921+00:00,2,NG-11.26-12.26,NGX6,NGZ6,0.38,0.38,3.388,3.39,3.768,3.772,0.3839999999999999,0.37799999999999967,-16.885660000002826,-33.77131999999909,17.96,-34.84566000000282,-51.731319999999094,361,171.0,574.0,False
2026-09-30T11:21:29.388989+00:00,2,COFFEE-11.26-2.27,KCX6,KCG7,-0.05,-0.05,2.998,3.0,2.948,2.952,-0.04600000000000026,-0.052000000000000046,-1.6885600000000367,-3.3771199999997803,3.3200000000000003,-5.0085600000000365,-6.697119999999781,361,849.0,11642.0,False
2026-09-30T11:21:29.389057+00:00,2,GL-12.26-3.27,GLZ6,GLH7,328.1,331.5,11530.8,11530.9,11855.2,11858.9,328.10000000000036,324.3000000000011,-7.199999999998909,-3.410605131648481e-13,8.2,-15.399999999998908,-8.20000000000034,361,1849.0,26912.0,False
2026-09-30T11:21:29.389120+00:00,2,NG-10.26-11.26,NGV6,NGX6,0.34,0.34,3.051,3.052,3.388,3.39,0.33899999999999997,0.33599999999999985,-33.77132000000144,8.442830000000477,16.4,-50.17132000000144,-7.957169999999522,361,664.0,3608.0,False
2026-09-30T11:21:29.389180+00:00,2,BRM-10.26-11.26,BMV6,BMX6,-5.83,-5.8,103.53,103.54,97.73,97.76,-5.769999999999996,-5.810000000000002,-0.844280000000207,-5.0656800000003415,6.48,-7.324280000000208,-11.545680000000342,361,2990.0,19658.0,False
2026-09-30T11:21:29.389240+00:00,2,GOLD-12.26-3.27,GDZ6,GDH7,52.9,53.3,4245.5,4245.9,4297.8,4298.7,53.19999999999982,51.900000000000546,-118.1996199999537,-25.328489999984765,191.68,-309.8796199999537,-217.00848999998476,361,3046.0,10108.0,False
2026-09-30T11:21:29.389305+00:00,2,BR-10.26-11.26,BRV6,BRX6,-5.79,-5.76,103.56,103.57,97.73,97.74,-5.820000000000007,-5.839999999999989,-67.54263999999107,25.32849000000621,46.7,-114.24263999999107,-21.371509999993794,361,11306.0,45920.0,False
2026-09-30T11:21:33.934024+00:00,3,MIX-12.26-3.27,MXZ6,MXH7,5300.0,5325.0,226925.0,226950.0,232225.0,232275.0,5350.0,5275.0,-50.0,-50.0,63.2,-113.2,-113.2,263,363.0,780.0,False
2026-09-30T11:21:33.934183+00:00,3,BR-11.26-12.26,BRX6,BRZ6,-2.55,-2.52,97.74,97.75,95.23,95.26,-2.4799999999999898,-2.519999999999996,3.374432733238564e-12,-59.09981000000849,44.480000000000004,-44.47999999999663,-103.5798100000085,263,2785.0,8696.0,False
2026-09-30T11:21:33.934262+00:00,3,RTS-12.26-3.27,RIZ6,RIH7,-120.0,-90.0,84610.0,84620.0,84480.0,84540.0,-70.0,-140.0,-84.42830000000001,-84.42830000000001,39.8,-124.2283,-124.2283,263,322.0,728.0,False
2026-09-30T11:21:33.934329+00:00,3,Si-3.27-6.27,SiH7,SiM7,1909.0,1936.0,85836.0,85837.0,87754.0,87786.0,1950.0,1917.0,-19.0,-41.0,18.18,-37.18,-59.18,263,190.0,962.0,False
2026-09-30T11:21:33.934391+00:00,3,GAZR-12.26-3.27,GZZ6,GZH7,340.0,341.0,9965.0,9966.0,10305.0,10307.0,342.0,339.0,-2.0,-2.0,10.14,-12.14,-12.14,263,300.0,2158.0,False
2026-09-30T11:21:33.934450+00:00,3,Si-12.26-3.27,SiZ6,SiH7,1246.0,1249.0,84614.0,84615.0,85836.0,85837.0,1223.0,1221.0,-28.0,23.0,17.86,-45.86,5.140000000000001,263,10775.0,81776.0,True
2026-09-30T11:21:33.934572+00:00,3,TTF-9.26-10.26,FFU6,FFV6,2.98,3.06,69.8,69.805,72.845,72.905,3.105000000000004,3.039999999999992,-1.9212400000007694,-12.007750000000383,5.5600000000000005,-7.48124000000077,-17.567750000000384,263,1483.0,8504.0,False
2026-09-30T11:21:33.934646+00:00,3,MXI-12.26-3.27,MMZ6,MMH7,53.95,54.0,2269.2,2269.35,2323.15,2323.35,54.15000000000009,53.80000000000018,-1.999999999998181,-2.000000000000881,8.120000000000001,-10.119999999998182,-10.120000000000882,263,547.0,2052.0,False
2026-09-30T11:21:33.934765+00:00,3,Eu-12.26-3.27,EuZ6,EuH7,1420.0,1427.0,96270.0,96278.0,97690.0,97701.0,1431.0,1412.0,-15.0,-11.0,20.0,-35.0,-31.0,263,364.0,1872.0,False
2026-09-30T11:21:33.934836+00:00,3,WHEAT-10.26-11.26,W4V6,W4X6,1600.0,1620.0,11490.0,11510.0,13100.0,13120.0,1630.0,1590.0,-30.0,-30.0,8.7,-38.7,-38.7,263,611.0,1868.0,False
2026-09-30T11:21:33.934894+00:00,3,TTF-10.26-11.26,FFV6,FFX6,1.28,1.29,72.845,72.905,74.09,74.19,1.3449999999999989,1.1850000000000023,-10.086509999999786,-6.2440299999998885,5.6,-15.686509999999785,-11.844029999999888,263,1246.0,5586.0,False
2026-09-30T11:21:33.934956+00:00,3,GOLDM-12.26-3.27,GNZ6,GNH7,52.6,53.8,4245.4,4245.9,4298.0,4299.5,54.100000000000364,52.100000000000364,-14.352759999996906,-12.66420000000306,20.96,-35.312759999996906,-33.62420000000306,263,456.0,1802.0,False
2026-09-30T11:21:33.935016+00:00,3,SBRF-12.26-3.27,SRZ6,SRH7,970.0,971.0,28115.0,28116.0,29084.0,29087.0,972.0,968.0,-3.0,-2.0,24.9,-27.9,-26.9,263,248.0,1312.0,False
2026-09-30T11:21:33.935072+00:00,3,BRM-11.26-12.26,BMX6,BMZ6,-2.61,-2.56,97.73,97.76,95.07,95.1,-2.6300000000000097,-2.690000000000012,-10.975640000001002,1.6885600000008263,6.24,-17.215640000001002,-4.5514399999991735,263,891.0,3976.0,False
2026-09-30T11:21:33.935138+00:00,3,VTBR-12.26-3.27,VBZ6,VBH7,182.0,183.0,5341.0,5344.0,5523.0,5527.0,186.0,179.0,-4.0,-4.0,6.32,-10.32,-10.32,263,486.0,4858.0,False
2026-09-30T11:21:33.935200+00:00,3,SILVM-12.26-3.27,S1Z6,S1H7,1.59,1.6,61.88,61.9,63.47,63.51,1.6299999999999955,1.5700000000000003,-2.5328399999999833,-3.3771199999996093,4.8,-7.332839999999983,-8.17711999999961,263,237.0,1172.0,False
2026-09-30T11:21:33.935261+00:00,3,COCOA-11.26-2.27,CCX6,CCG7,22.4,22.5,463.5,463.6,485.9,486.1,22.600000000000023,22.299999999999955,-2.0000000000004547,-2.0000000000002416,4.5,-6.500000000000455,-6.500000000000242,263,1910.0,26750.0,False
2026-09-30T11:21:33.935322+00:00,3,NASD-12.26-3.27,NAZ6,NAH7,75.0,77.0,30324.0,30325.0,30400.0,30401.0,77.0,75.0,-1.68856,-1.68856,22.28,-23.96856,-23.96856,263,283.0,1782.0,False
2026-09-30T11:21:33.935389+00:00,3,BTC-10.26-11.26,BTV6,BTX6,494.0,500.0,84478.0,84501.0,84977.0,85001.0,523.0,476.0,-2.02632,-2.4484700000000004,13.36,-15.38632,-15.80847,263,790.0,7782.0,False
2026-09-30T11:21:33.935446+00:00,3,CNY-12.26-3.27,CRZ6,CRH7,0.2,0.2,12.65,12.651,12.844,12.846,0.19599999999999973,0.19299999999999962,-7.000000000000394,4.000000000000281,4.359999999999999,-11.360000000000394,-0.35999999999971877,263,10897.0,251390.0,False
2026-09-30T11:21:33.935511+00:00,3,OZON-12.26-3.27,ONZ6,ONH7,56.0,57.0,3017.0,3018.0,3066.0,3070.0,53.0,48.0,-9.0,3.0,4.359999999999999,-13.36,-1.3599999999999994,263,312.0,2346.0,False
2026-09-30T11:21:33.935573+00:00,3,CNY-3.27-6.27,CRH7,CRM7,0.26,0.26,12.844,12.846,13.108,13.113,0.26900000000000013,0.26200000000000045,2.000000000000446,-9.000000000000119,4.4,-2.3999999999995545,-13.40000000000012,263,436.0,7624.0,False
2026-09-30T11:21:33.935648+00:00,3,NG-11.26-12.26,NGX6,NGZ6,0.38,0.38,3.388,3.39,3.768,3.772,0.3839999999999999,0.37799999999999967,-16.885660000002826,-33.77131999999909,17.96,-34.84566000000282,-51.731319999999094,263,171.0,574.0,False
2026-09-30T11:21:33.935734+00:00,3,COFFEE-11.26-2.27,KCX6,KCG7,-0.05,-0.05,2.998,3.0,2.948,2.952,-0.04600000000000026,-0.052000000000000046,-1.6885600000000367,-3.3771199999997803,3.3200000000000003,-5.0085600000000365,-6.697119999999781,263,849.0,11642.0,False
2026-09-30T11:21:33.935802+00:00,3,GL-12.26-3.27,GLZ6,GLH7,328.1,331.5,11530.8,11530.9,11855.2,11858.9,328.10000000000036,324.3000000000011,-7.199999999998909,-3.410605131648481e-13,8.2,-15.399999999998908,-8.20000000000034,263,1849.0,26912.0,False
2026-09-30T11:21:33.935870+00:00,3,NG-10.26-11.26,NGV6,NGX6,0.34,0.34,3.051,3.052,3.388,3.39,0.33899999999999997,0.33599999999999985,-33.77132000000144,8.442830000000477,16.4,-50.17132000000144,-7.957169999999522,263,664.0,3608.0,False
2026-09-30T11:21:33.935931+00:00,3,BRM-10.26-11.26,BMV6,BMX6,-5.83,-5.8,103.53,103.54,97.73,97.76,-5.769999999999996,-5.810000000000002,-0.844280000000207,-5.0656800000003415,6.48,-7.324280000000208,-11.545680000000342,263,2990.0,19658.0,False
2026-09-30T11:21:33.935991+00:00,3,GOLD-12.26-3.27,GDZ6,GDH7,52.9,53.3,4245.8,4246.0,4298.8,4299.0,53.19999999999982,52.80000000000018,-42.21414999998441,-25.328489999984765,191.68,-233.89414999998442,-217.00848999998476,263,3046.0,10108.0,False
2026-09-30T11:21:33.936049+00:00,3,BR-10.26-11.26,BRV6,BRX6,-5.79,-5.76,103.57,103.58,97.74,97.75,-5.819999999999993,-5.840000000000003,-67.54264000000306,25.32848999999421,46.7,-114.24264000000306,-21.37151000000579,263,11306.0,45920.0,False
2026-09-30T11:21:38.436112+00:00,4,MIX-12.26-3.27,MXZ6,MXH7,5300.0,5325.0,226925.0,226950.0,232225.0,232275.0,5350.0,5275.0,-50.0,-50.0,63.2,-113.2,-113.2,225,363.0,780.0,False
2026-09-30T11:21:38.436284+00:00,4,BR-11.26-12.26,BRX6,BRZ6,-2.55,-2.52,97.72,97.74,95.23,95.25,-2.469999999999999,-2.509999999999991,8.442830000007694,-67.54264000000082,44.480000000000004,-36.03716999999231,-112.02264000000082,225,2785.0,8696.0,False
2026-09-30T11:21:38.436362+00:00,4,RTS-12.26-3.27,RIZ6,RIH7,-120.0,-90.0,84620.0,84640.0,84490.0,84560.0,-60.0,-150.0,-101.31396000000001,-101.31396000000001,39.8,-141.11396000000002,-141.11396000000002,225,322.0,728.0,False
2026-09-30T11:21:38.436431+00:00,4,Si-3.27-6.27,SiH7,SiM7,1909.0,1936.0,85831.0,85832.0,87749.0,87777.0,1946.0,1917.0,-19.0,-37.0,18.18,-37.18,-55.18,225,190.0,962.0,False
2026-09-30T11:21:38.436493+00:00,4,GAZR-12.26-3.27,GZZ6,GZH7,340.0,341.0,9962.0,9963.0,10302.0,10304.0,342.0,339.0,-2.0,-2.0,10.14,-12.14,-12.14,225,300.0,2158.0,False
2026-09-30T11:21:38.436552+00:00,4,Si-12.26-3.27,SiZ6,SiH7,1246.0,1249.0,84612.0,84613.0,85831.0,85832.0,1220.0,1218.0,-31.0,26.0,17.86,-48.86,8.14,225,10775.0,81776.0,True
2026-09-30T11:21:38.436657+00:00,4,TTF-9.26-10.26,FFU6,FFV6,2.98,3.06,69.8,69.805,72.845,72.905,3.105000000000004,3.039999999999992,-1.9212400000007694,-12.007750000000383,5.5600000000000005,-7.48124000000077,-17.567750000000384,225,1483.0,8504.0,False
2026-09-30T11:21:38.436785+00:00,4,MXI-12.26-3.27,MMZ6,MMH7,53.95,54.0,2269.3,2269.4,2323.25,2323.4,54.09999999999991,53.84999999999991,-1.5000000000009095,-1.499999999999062,8.120000000000001,-9.62000000000091,-9.619999999999063,225,547.0,2052.0,False
2026-09-30T11:21:38.436860+00:00,4,Eu-12.26-3.27,EuZ6,EuH7,1420.0,1427.0,96272.0,96273.0,97692.0,97696.0,1424.0,1419.0,-8.0,-4.0,20.0,-28.0,-24.0,225,364.0,1872.0,False
2026-09-30T11:21:38.436920+00:00,4,WHEAT-10.26-11.26,W4V6,W4X6,1600.0,1620.0,11490.0,11510.0,13100.0,13120.0,1630.0,1590.0,-30.0,-30.0,8.7,-38.7,-38.7,225,611.0,1868.0,False
2026-09-30T11:21:38.436977+00:00,4,TTF-10.26-11.26,FFV6,FFX6,1.28,1.29,72.845,72.905,74.09,74.19,1.3449999999999989,1.1850000000000023,-10.086509999999786,-6.2440299999998885,5.6,-15.686509999999785,-11.844029999999888,225,1246.0,5586.0,False
2026-09-30T11:21:38.437044+00:00,4,GOLDM-12.26-3.27,GNZ6,GNH7,52.6,53.8,4245.4,4245.9,4298.0,4299.4,54.0,52.100000000000364,-14.352759999996906,-11.819919999999987,20.96,-35.312759999996906,-32.77991999999999,225,456.0,1802.0,False
2026-09-30T11:21:38.437112+00:00,4,SBRF-12.26-3.27,SRZ6,SRH7,970.0,971.0,28115.0,28116.0,29084.0,29087.0,972.0,968.0,-3.0,-2.0,24.9,-27.9,-26.9,225,248.0,1312.0,False
2026-09-30T11:21:38.437180+00:00,4,BRM-11.26-12.26,BMX6,BMZ6,-2.61,-2.56,97.71,97.74,95.05,95.12,-2.589999999999989,-2.6899999999999977,-10.975639999999803,-1.6885600000009013,6.24,-17.2156399999998,-7.9285600000009016,225,891.0,3976.0,False
2026-09-30T11:21:38.437243+00:00,4,VTBR-12.26-3.27,VBZ6,VBH7,182.0,183.0,5343.0,5344.0,5525.0,5527.0,184.0,181.0,-2.0,-2.0,6.32,-8.32,-8.32,225,486.0,4858.0,False
2026-09-30T11:21:38.437309+00:00,4,SILVM-12.26-3.27,S1Z6,S1H7,1.59,1.6,61.89,61.9,63.49,63.51,1.6199999999999974,1.5900000000000034,-0.8442799999997195,-2.5328399999997773,4.8,-5.6442799999997195,-7.332839999999777,225,237.0,1172.0,False
2026-09-30T11:21:38.437374+00:00,4,COCOA-11.26-2.27,CCX6,CCG7,22.4,22.5,463.5,463.6,485.9,486.1,22.600000000000023,22.299999999999955,-2.0000000000004547,-2.0000000000002416,4.5,-6.500000000000455,-6.500000000000242,225,1910.0,26750.0,False
2026-09-30T11:21:38.437436+00:00,4,NASD-12.26-3.27,NAZ6,NAH7,75.0,77.0,30325.0,30327.0,30401.0,30403.0,78.0,74.0,-2.53284,-2.53284,22.28,-24.81284,-24.81284,225,283.0,1782.0,False
2026-09-30T11:21:38.437494+00:00,4,BTC-10.26-11.26,BTV6,BTX6,494.0,500.0,84477.0,84488.0,84977.0,84988.0,511.0,489.0,-0.92873,-1.43531,13.36,-14.28873,-14.795309999999999,225,790.0,7782.0,False
2026-09-30T11:21:38.437551+00:00,4,CNY-12.26-3.27,CRZ6,CRH7,0.2,0.2,12.651,12.652,12.844,12.846,0.19500000000000028,0.19200000000000017,-7.99999999999984,4.999999999999726,4.359999999999999,-12.35999999999984,0.639999999999727,225,10897.0,251390.0,False
2026-09-30T11:21:38.437617+00:00,4,OZON-12.26-3.27,ONZ6,ONH7,56.0,57.0,3017.0,3018.0,3066.0,3070.0,53.0,48.0,-9.0,3.0,4.359999999999999,-13.36,-1.3599999999999994,225,312.0,2346.0,False
2026-09-30T11:21:38.437677+00:00,4,CNY-3.27-6.27,CRH7,CRM7,0.26,0.26,12.844,12.846,13.107,13.112,0.2680000000000007,0.26099999999999923,0.9999999999992237,-8.000000000000673,4.4,-3.4000000000007766,-12.400000000000674,225,436.0,7624.0,False
2026-09-30T11:21:38.437768+00:00,4,NG-11.26-12.26,NGX6,NGZ6,0.38,0.38,3.388,3.39,3.768,3.772,0.3839999999999999,0.37799999999999967,-16.885660000002826,-33.77131999999909,17.96,-34.84566000000282,-51.731319999999094,225,171.0,574.0,False
2026-09-30T11:21:38.437829+00:00,4,COFFEE-11.26-2.27,KCX6,KCG7,-0.05,-0.05,2.998,3.0,2.948,2.952,-0.04600000000000026,-0.052000000000000046,-1.6885600000000367,-3.3771199999997803,3.3200000000000003,-5.0085600000000365,-6.697119999999781,225,849.0,11642.0,False
2026-09-30T11:21:38.437891+00:00,4,GL-12.26-3.27,GLZ6,GLH7,328.1,331.5,11528.1,11528.2,11853.3,11856.3,328.1999999999989,325.09999999999854,-6.400000000001455,-0.09999999999888587,8.2,-14.600000000001454,-8.299999999998885,225,1849.0,26912.0,False
2026-09-30T11:21:38.437956+00:00,4,NG-10.26-11.26,NGV6,NGX6,0.34,0.34,3.051,3.052,3.388,3.39,0.33899999999999997,0.33599999999999985,-33.77132000000144,8.442830000000477,16.4,-50.17132000000144,-7.957169999999522,225,664.0,3608.0,False
2026-09-30T11:21:38.438021+00:00,4,BRM-10.26-11.26,BMV6,BMX6,-5.83,-5.8,103.51,103.54,97.71,97.74,-5.77000000000001,-5.8300000000000125,-2.532840000001071,-5.065679999999142,6.48,-9.012840000001072,-11.545679999999143,225,2990.0,19658.0,False
2026-09-30T11:21:38.438081+00:00,4,GOLD-12.26-3.27,GDZ6,GDH7,52.9,53.3,4245.8,4245.9,4298.8,4298.9,53.099999999999454,52.900000000000546,-33.77131999995369,-16.88565999995405,191.68,-225.45131999995368,-208.56565999995405,225,3046.0,10108.0,False
2026-09-30T11:21:38.438139+00:00,4,BR-10.26-11.26,BRV6,BRX6,-5.79,-5.76,103.54,103.56,97.72,97.74,-5.800000000000011,-5.840000000000003,-67.54264000000306,8.442830000009568,46.7,-114.24264000000306,-38.25716999999044,225,11306.0,45920.0,False
2026-09-30T11:21:43.424375+00:00,5,MIX-12.26-3.27,MXZ6,MXH7,5300.0,5325.0,226925.0,226950.0,232225.0,232275.0,5350.0,5275.0,-50.0,-50.0,63.2,-113.2,-113.2,466,363.0,780.0,False
2026-09-30T11:21:43.424542+00:00,5,BR-11.26-12.26,BRX6,BRZ6,-2.55,-2.52,97.72,97.74,95.23,95.25,-2.469999999999999,-2.509999999999991,8.442830000007694,-67.54264000000082,44.480000000000004,-36.03716999999231,-112.02264000000082,466,2796.0,8730.0,False
2026-09-30T11:21:43.424621+00:00,5,RTS-12.26-3.27,RIZ6,RIH7,-120.0,-90.0,84620.0,84640.0,84490.0,84560.0,-60.0,-150.0,-101.31396000000001,-101.31396000000001,39.8,-141.11396000000002,-141.11396000000002,466,322.0,728.0,False
2026-09-30T11:21:43.424723+00:00,5,Si-3.27-6.27,SiH7,SiM7,1909.0,1936.0,85831.0,85832.0,87749.0,87777.0,1946.0,1917.0,-19.0,-37.0,18.18,-37.18,-55.18,466,190.0,962.0,False
2026-09-30T11:21:43.424816+00:00,5,GAZR-12.26-3.27,GZZ6,GZH7,340.0,341.0,9962.0,9963.0,10302.0,10304.0,342.0,339.0,-2.0,-2.0,10.14,-12.14,-12.14,466,300.0,2158.0,False
2026-09-30T11:21:43.424880+00:00,5,Si-12.26-3.27,SiZ6,SiH7,1248.0,1251.0,84612.0,84613.0,85831.0,85832.0,1220.0,1218.0,-33.0,28.0,17.86,-50.86,10.14,466,10854.0,82176.0,True
2026-09-30T11:21:43.424989+00:00,5,TTF-9.26-10.26,FFU6,FFV6,3.1,3.12,69.8,69.805,72.845,72.905,3.105000000000004,3.039999999999992,-7.684960000000775,-0.4803100000003737,5.5600000000000005,-13.244960000000775,-6.040310000000375,466,1484.0,8506.0,False
2026-09-30T11:21:43.425056+00:00,5,MXI-12.26-3.27,MMZ6,MMH7,53.95,54.0,2269.3,2269.4,2323.25,2323.4,54.09999999999991,53.84999999999991,-1.5000000000009095,-1.499999999999062,8.120000000000001,-9.62000000000091,-9.619999999999063,466,548.0,2054.0,False
2026-09-30T11:21:43.425121+00:00,5,Eu-12.26-3.27,EuZ6,EuH7,1420.0,1427.0,96272.0,96273.0,97692.0,97696.0,1424.0,1419.0,-8.0,-4.0,20.0,-28.0,-24.0,466,364.0,1872.0,False
2026-09-30T11:21:43.425178+00:00,5,WHEAT-10.26-11.26,W4V6,W4X6,1610.0,1620.0,11490.0,11510.0,13100.0,13120.0,1630.0,1590.0,-30.0,-20.0,8.7,-38.7,-28.7,466,611.0,1868.0,False
2026-09-30T11:21:43.425234+00:00,5,TTF-10.26-11.26,FFV6,FFX6,1.29,1.3,72.845,72.905,74.09,74.19,1.3449999999999989,1.1850000000000023,-11.047129999999786,-5.283409999999887,5.6,-16.647129999999784,-10.883409999999888,466,1255.0,5706.0,False
2026-09-30T11:21:43.425301+00:00,5,GOLDM-12.26-3.27,GNZ6,GNH7,53.4,53.8,4245.4,4245.9,4298.0,4299.4,54.0,52.100000000000364,-14.352759999996906,-5.065680000000012,20.96,-35.312759999996906,-26.025680000000012,466,456.0,1802.0,False
2026-09-30T11:21:43.425363+00:00,5,SBRF-12.26-3.27,SRZ6,SRH7,970.0,971.0,28115.0,28116.0,29084.0,29087.0,972.0,968.0,-3.0,-2.0,24.9,-27.9,-26.9,466,248.0,1312.0,False
2026-09-30T11:21:43.425425+00:00,5,BRM-11.26-12.26,BMX6,BMZ6,-2.61,-2.56,97.71,97.74,95.05,95.12,-2.589999999999989,-2.6899999999999977,-10.975639999999803,-1.6885600000009013,6.24,-17.2156399999998,-7.9285600000009016,466,891.0,3976.0,False
2026-09-30T11:21:43.425487+00:00,5,VTBR-12.26-3.27,VBZ6,VBH7,182.0,183.0,5343.0,5344.0,5525.0,5527.0,184.0,181.0,-2.0,-2.0,6.32,-8.32,-8.32,466,486.0,4858.0,False
2026-09-30T11:21:43.425544+00:00,5,SILVM-12.26-3.27,S1Z6,S1H7,1.59,1.6,61.89,61.9,63.49,63.51,1.6199999999999974,1.5900000000000034,-0.8442799999997195,-2.5328399999997773,4.8,-5.6442799999997195,-7.332839999999777,466,251.0,1208.0,False
2026-09-30T11:21:43.425604+00:00,5,COCOA-11.26-2.27,CCX6,CCG7,22.4,22.5,463.5,463.6,485.9,486.1,22.600000000000023,22.299999999999955,-2.0000000000004547,-2.0000000000002416,4.5,-6.500000000000455,-6.500000000000242,466,1914.0,26774.0,False
2026-09-30T11:21:43.425669+00:00,5,NASD-12.26-3.27,NAZ6,NAH7,75.0,77.0,30325.0,30327.0,30401.0,30403.0,78.0,74.0,-2.53284,-2.53284,22.28,-24.81284,-24.81284,466,284.0,1784.0,False
2026-09-30T11:21:43.425774+00:00,5,BTC-10.26-11.26,BTV6,BTX6,494.0,500.0,84477.0,84488.0,84977.0,84988.0,511.0,489.0,-0.92873,-1.43531,13.36,-14.28873,-14.795309999999999,466,791.0,7784.0,False
2026-09-30T11:21:43.425836+00:00,5,CNY-12.26-3.27,CRZ6,CRH7,0.19,0.19,12.651,12.652,12.844,12.846,0.19500000000000028,0.19200000000000017,2.0000000000001683,-5.000000000000282,4.359999999999999,-2.359999999999831,-9.360000000000282,466,11094.0,256142.0,False
2026-09-30T11:21:43.425900+00:00,5,OZON-12.26-3.27,ONZ6,ONH7,56.0,57.0,3017.0,3018.0,3066.0,3070.0,53.0,48.0,-9.0,3.0,4.359999999999999,-13.36,-1.3599999999999994,466,312.0,2346.0,False
2026-09-30T11:21:43.425955+00:00,5,CNY-3.27-6.27,CRH7,CRM7,0.26,0.26,12.844,12.846,13.107,13.112,0.2680000000000007,0.26099999999999923,0.9999999999992237,-8.000000000000673,4.4,-3.4000000000007766,-12.400000000000674,466,436.0,7624.0,False
2026-09-30T11:21:43.426020+00:00,5,NG-11.26-12.26,NGX6,NGZ6,0.38,0.38,3.388,3.39,3.768,3.772,0.3839999999999999,0.37799999999999967,-16.885660000002826,-33.77131999999909,17.96,-34.84566000000282,-51.731319999999094,466,171.0,574.0,False
2026-09-30T11:21:43.426090+00:00,5,COFFEE-11.26-2.27,KCX6,KCG7,-0.05,-0.05,2.998,3.0,2.948,2.952,-0.04600000000000026,-0.052000000000000046,-1.6885600000000367,-3.3771199999997803,3.3200000000000003,-5.0085600000000365,-6.697119999999781,466,849.0,11642.0,False
2026-09-30T11:21:43.426156+00:00,5,GL-12.26-3.27,GLZ6,GLH7,328.5,331.5,11528.1,11528.2,11853.3,11856.3,328.1999999999989,325.09999999999854,-6.400000000001455,0.3000000000010914,8.2,-14.600000000001454,-7.899999999998908,466,1849.0,26912.0,False
2026-09-30T11:21:43.426217+00:00,5,NG-10.26-11.26,NGV6,NGX6,0.34,0.34,3.051,3.052,3.388,3.39,0.33899999999999997,0.33599999999999985,-33.77132000000144,8.442830000000477,16.4,-50.17132000000144,-7.957169999999522,466,666.0,3624.0,False
2026-09-30T11:21:43.426275+00:00,5,BRM-10.26-11.26,BMV6,BMX6,-5.86,-5.83,103.51,103.54,97.71,97.74,-5.77000000000001,-5.8300000000000125,-1.0498197866581904e-12,-7.598519999999163,6.48,-6.48000000000105,-14.078519999999163,466,2998.0,19724.0,False
2026-09-30T11:21:43.426340+00:00,5,GOLD-12.26-3.27,GDZ6,GDH7,54.0,54.1,4245.8,4245.9,4298.8,4298.9,53.099999999999454,52.900000000000546,-101.31395999995405,75.98547000004608,191.68,-292.9939599999541,-115.69452999995393,466,3066.0,10156.0,False
2026-09-30T11:21:43.426407+00:00,5,BR-10.26-11.26,BRV6,BRX6,-5.86,-5.83,103.54,103.56,97.72,97.74,-5.800000000000011,-5.840000000000003,-8.44283000000282,-50.656979999990675,46.7,-55.142830000002824,-97.35697999999067,466,11327.0,45976.0,False
2026-09-30T11:21:48.296369+00:00,6,MIX-12.26-3.27,MXZ6,MXH7,5300.0,5325.0,226950.0,226975.0,232250.0,232300.0,5350.0,5275.0,-50.0,-50.0,63.2,-113.2,-113.2,401,363.0,780.0,False
2026-09-30T11:21:48.296552+00:00,6,BR-11.26-12.26,BRX6,BRZ6,-2.55,-2.52,97.71,97.72,95.22,95.23,-2.4799999999999898,-2.5,16.885660000000016,-59.09981000000849,44.480000000000004,-27.59433999999999,-103.5798100000085,401,2796.0,8730.0,False
2026-09-30T11:21:48.296636+00:00,6,RTS-12.26-3.27,RIZ6,RIH7,-120.0,-90.0,84620.0,84630.0,84490.0,84550.0,-70.0,-140.0,-84.42830000000001,-84.42830000000001,39.8,-124.2283,-124.2283,401,322.0,728.0,False
2026-09-30T11:21:48.296738+00:00,6,Si-3.27-6.27,SiH7,SiM7,1909.0,1936.0,85834.0,85838.0,87749.0,87783.0,1949.0,1911.0,-25.0,-40.0,18.18,-43.18,-58.18,401,190.0,962.0,False
2026-09-30T11:21:48.296808+00:00,6,GAZR-12.26-3.27,GZZ6,GZH7,340.0,341.0,9961.0,9963.0,10301.0,10304.0,343.0,338.0,-3.0,-3.0,10.14,-13.14,-13.14,401,300.0,2158.0,False
2026-09-30T11:21:48.296866+00:00,6,Si-12.26-3.27,SiZ6,SiH7,1248.0,1251.0,84622.0,84623.0,85834.0,85838.0,1216.0,1211.0,-40.0,32.0,17.86,-57.86,14.14,401,10854.0,82176.0,True
2026-09-30T11:21:48.296981+00:00,6,TTF-9.26-10.26,FFU6,FFV6,3.1,3.12,69.8,69.805,72.795,72.885,3.085000000000008,2.989999999999995,-12.488060000000502,1.440929999999244,5.5600000000000005,-18.048060000000504,-4.1190700000007565,401,1484.0,8506.0,False
2026-09-30T11:21:48.297046+00:00,6,MXI-12.26-3.27,MMZ6,MMH7,53.95,54.0,2269.45,2269.5,2323.4,2323.5,54.05000000000018,53.90000000000009,-0.9999999999990905,-1.0000000000017906,8.120000000000001,-9.119999999999092,-9.120000000001792,401,548.0,2054.0,False
2026-09-30T11:21:48.297111+00:00,6,Eu-12.26-3.27,EuZ6,EuH7,1420.0,1427.0,96281.0,96290.0,97701.0,97713.0,1432.0,1411.0,-16.0,-12.0,20.0,-36.0,-32.0,401,364.0,1872.0,False
2026-09-30T11:21:48.297177+00:00,6,WHEAT-10.26-11.26,W4V6,W4X6,1610.0,1620.0,11490.0,11510.0,13100.0,13120.0,1630.0,1590.0,-30.0,-20.0,8.7,-38.7,-28.7,401,611.0,1868.0,False
2026-09-30T11:21:48.297234+00:00,6,TTF-10.26-11.26,FFV6,FFX6,1.29,1.3,72.795,72.885,74.075,74.175,1.3799999999999955,1.1899999999999977,-10.566820000000222,-8.64557999999956,5.6,-16.16682000000022,-14.24557999999956,401,1255.0,5706.0,False
2026-09-30T11:21:48.297295+00:00,6,GOLDM-12.26-3.27,GNZ6,GNH7,53.4,53.8,4245.7,4245.9,4298.0,4299.4,53.69999999999982,52.100000000000364,-14.352759999996906,-2.532839999998476,20.96,-35.312759999996906,-23.492839999998477,401,456.0,1802.0,False
2026-09-30T11:21:48.297355+00:00,6,SBRF-12.26-3.27,SRZ6,SRH7,970.0,971.0,28114.0,28118.0,29084.0,29089.0,975.0,966.0,-5.0,-5.0,24.9,-29.9,-29.9,401,248.0,1312.0,False
2026-09-30T11:21:48.297421+00:00,6,BRM-11.26-12.26,BMX6,BMZ6,-2.61,-2.56,97.69,97.71,95.04,95.09,-2.5999999999999943,-2.6699999999999875,-9.287079999998939,-0.8442800000004694,6.24,-15.52707999999894,-7.0842800000004695,401,891.0,3976.0,False
2026-09-30T11:21:48.297484+00:00,6,VTBR-12.26-3.27,VBZ6,VBH7,182.0,183.0,5343.0,5344.0,5525.0,5527.0,184.0,181.0,-2.0,-2.0,6.32,-8.32,-8.32,401,486.0,4858.0,False
2026-09-30T11:21:48.297545+00:00,6,SILVM-12.26-3.27,S1Z6,S1H7,1.59,1.6,61.88,61.89,63.48,63.5,1.6199999999999974,1.5899999999999963,-0.8442800000003194,-2.5328399999997773,4.8,-5.644280000000319,-7.332839999999777,401,251.0,1208.0,False
2026-09-30T11:21:48.297605+00:00,6,COCOA-11.26-2.27,CCX6,CCG7,22.4,22.5,463.5,463.6,485.9,486.1,22.600000000000023,22.299999999999955,-2.0000000000004547,-2.0000000000002416,4.5,-6.500000000000455,-6.500000000000242,401,1914.0,26774.0,False
2026-09-30T11:21:48.297665+00:00,6,NASD-12.26-3.27,NAZ6,NAH7,75.0,77.0,30324.0,30325.0,30401.0,30402.0,78.0,76.0,-0.84428,-2.53284,22.28,-23.124280000000002,-24.81284,401,284.0,1784.0,False
2026-09-30T11:21:48.297750+00:00,6,BTC-10.26-11.26,BTV6,BTX6,494.0,500.0,84470.0,84483.0,84965.0,84983.0,513.0,482.0,-1.51974,-1.60417,13.36,-14.87974,-14.96417,401,791.0,7784.0,False
2026-09-30T11:21:48.297811+00:00,6,CNY-12.26-3.27,CRZ6,CRH7,0.19,0.19,12.65,12.651,12.843,12.844,0.19399999999999906,0.19200000000000017,2.0000000000001683,-3.99999999999906,4.359999999999999,-2.359999999999831,-8.35999999999906,401,11094.0,256142.0,False
2026-09-30T11:21:48.297884+00:00,6,OZON-12.26-3.27,ONZ6,ONH7,56.0,57.0,3017.0,3018.0,3066.0,3070.0,53.0,48.0,-9.0,3.0,4.359999999999999,-13.36,-1.3599999999999994,401,312.0,2346.0,False
2026-09-30T11:21:48.297943+00:00,6,CNY-3.27-6.27,CRH7,CRM7,0.26,0.26,12.843,12.844,13.106,13.109,0.266,0.26200000000000045,2.000000000000446,-6.000000000000005,4.4,-2.3999999999995545,-10.400000000000006,401,436.0,7624.0,False
2026-09-30T11:21:48.298002+00:00,6,NG-11.26-12.26,NGX6,NGZ6,0.38,0.38,3.388,3.39,3.768,3.772,0.3839999999999999,0.37799999999999967,-16.885660000002826,-33.77131999999909,17.96,-34.84566000000282,-51.731319999999094,401,171.0,574.0,False
2026-09-30T11:21:48.298062+00:00,6,COFFEE-11.26-2.27,KCX6,KCG7,-0.05,-0.05,2.999,3.0,2.949,2.952,-0.04700000000000015,-0.051000000000000156,-0.8442800000001296,-2.532839999999873,3.3200000000000003,-4.164280000000129,-5.8528399999998735,401,849.0,11642.0,False
2026-09-30T11:21:48.298123+00:00,6,GL-12.26-3.27,GLZ6,GLH7,328.5,331.5,11528.2,11529.4,11853.3,11857.4,329.1999999999989,323.89999999999964,-7.600000000000364,-0.6999999999989086,8.2,-15.800000000000363,-8.899999999998908,401,1849.0,26912.0,False
2026-09-30T11:21:48.298187+00:00,6,NG-10.26-11.26,NGV6,NGX6,0.34,0.34,3.051,3.052,3.388,3.39,0.33899999999999997,0.33599999999999985,-33.77132000000144,8.442830000000477,16.4,-50.17132000000144,-7.957169999999522,401,666.0,3624.0,False
2026-09-30T11:21:48.298248+00:00,6,BRM-10.26-11.26,BMV6,BMX6,-5.86,-5.83,103.49,103.51,97.69,97.71,-5.780000000000001,-5.820000000000007,0.8442799999993821,-6.754239999999931,6.48,-5.635720000000618,-13.234239999999932,401,2998.0,19724.0,False
2026-09-30T11:21:48.298314+00:00,6,GOLD-12.26-3.27,GDZ6,GDH7,54.0,54.1,4245.9,4246.0,4298.8,4299.0,53.100000000000364,52.80000000000018,-109.75678999998478,75.9854699999693,191.68,-301.4367899999848,-115.69453000003071,401,3066.0,10156.0,False
2026-09-30T11:21:48.298373+00:00,6,BR-10.26-11.26,BRV6,BRX6,-5.86,-5.83,103.52,103.53,97.71,97.72,-5.799999999999997,-5.820000000000007,8.44282999999382,-50.65698000000267,46.7,-38.257170000006184,-97.35698000000266,401,11327.0,45976.0,False
2026-09-30T11:21:53.244919+00:00,7,MIX-12.26-3.27,MXZ6,MXH7,5300.0,5325.0,226925.0,226950.0,232225.0,232275.0,5350.0,5275.0,-50.0,-50.0,63.2,-113.2,-113.2,398,363.0,780.0,False
2026-09-30T11:21:53.245084+00:00,7,BR-11.26-12.26,BRX6,BRZ6,-2.55,-2.52,97.71,97.72,95.22,95.23,-2.4799999999999898,-2.5,16.885660000000016,-59.09981000000849,44.480000000000004,-27.59433999999999,-103.5798100000085,398,2796.0,8730.0,False
2026-09-30T11:21:53.245172+00:00,7,RTS-12.26-3.27,RIZ6,RIH7,-120.0,-90.0,84610.0,84620.0,84480.0,84540.0,-70.0,-140.0,-84.42830000000001,-84.42830000000001,39.8,-124.2283,-124.2283,398,322.0,728.0,False
2026-09-30T11:21:53.245242+00:00,7,Si-3.27-6.27,SiH7,SiM7,1909.0,1936.0,85841.0,85842.0,87749.0,87787.0,1946.0,1907.0,-29.0,-37.0,18.18,-47.18,-55.18,398,190.0,962.0,False
2026-09-30T11:21:53.245311+00:00,7,GAZR-12.26-3.27,GZZ6,GZH7,340.0,341.0,9960.0,9961.0,10300.0,10302.0,342.0,339.0,-2.0,-2.0,10.14,-12.14,-12.14,398,300.0,2158.0,False
2026-09-30T11:21:53.245370+00:00,7,Si-12.26-3.27,SiZ6,SiH7,1248.0,1251.0,84630.0,84631.0,85841.0,85842.0,1212.0,1210.0,-41.0,36.0,17.86,-58.86,18.14,398,10854.0,82176.0,True
2026-09-30T11:21:53.245478+00:00,7,TTF-9.26-10.26,FFU6,FFV6,3.1,3.12,69.8,69.805,72.8,72.885,3.085000000000008,2.9949999999999903,-12.007750000000938,1.440929999999244,5.5600000000000005,-17.567750000000938,-4.1190700000007565,398,1484.0,8506.0,False
2026-09-30T11:21:53.245544+00:00,7,MXI-12.26-3.27,MMZ6,MMH7,53.95,54.0,2269.25,2269.3,2323.2,2323.3,54.05000000000018,53.899999999999636,-1.000000000003638,-1.0000000000017906,8.120000000000001,-9.120000000003639,-9.120000000001792,398,548.0,2054.0,False
2026-09-30T11:21:53.245609+00:00,7,Eu-12.26-3.27,EuZ6,EuH7,1420.0,1427.0,96293.0,96300.0,97713.0,97723.0,1430.0,1413.0,-14.0,-10.0,20.0,-34.0,-30.0,398,364.0,1872.0,False
2026-09-30T11:21:53.245666+00:00,7,WHEAT-10.26-11.26,W4V6,W4X6,1610.0,1620.0,11490.0,11510.0,13100.0,13120.0,1630.0,1590.0,-30.0,-20.0,8.7,-38.7,-28.7,398,611.0,1868.0,False
2026-09-30T11:21:53.245782+00:00,7,TTF-10.26-11.26,FFV6,FFX6,1.29,1.3,72.8,72.885,74.08,74.175,1.375,1.1949999999999932,-10.08651000000066,-8.165269999999996,5.6,-15.68651000000066,-13.765269999999996,398,1255.0,5706.0,False
2026-09-30T11:21:53.245862+00:00,7,GOLDM-12.26-3.27,GNZ6,GNH7,53.4,53.8,4245.7,4245.9,4297.9,4299.4,53.69999999999982,52.0,-15.197039999999976,-2.532839999998476,20.96,-36.15703999999998,-23.492839999998477,398,456.0,1802.0,False
2026-09-30T11:21:53.245928+00:00,7,SBRF-12.26-3.27,SRZ6,SRH7,970.0,971.0,28113.0,28116.0,29083.0,29087.0,974.0,967.0,-4.0,-4.0,24.9,-28.9,-28.9,398,248.0,1312.0,False
2026-09-30T11:21:53.245984+00:00,7,BRM-11.26-12.26,BMX6,BMZ6,-2.61,-2.56,97.69,97.7,95.04,95.08,-2.6099999999999994,-2.6599999999999966,-8.442799999999707,-3.7493563809221085e-14,6.24,-14.682799999999707,-6.2400000000000375,398,891.0,3976.0,False
2026-09-30T11:21:53.246047+00:00,7,VTBR-12.26-3.27,VBZ6,VBH7,182.0,183.0,5343.0,5344.0,5525.0,5527.0,184.0,181.0,-2.0,-2.0,6.32,-8.32,-8.32,398,486.0,4858.0,False
2026-09-30T11:21:53.246102+00:00,7,SILVM-12.26-3.27,S1Z6,S1H7,1.59,1.6,61.88,61.89,63.48,63.5,1.6199999999999974,1.5899999999999963,-0.8442800000003194,-2.5328399999997773,4.8,-5.644280000000319,-7.332839999999777,398,251.0,1208.0,False
2026-09-30T11:21:53.246167+00:00,7,COCOA-11.26-2.27,CCX6,CCG7,22.4,22.5,463.5,463.6,485.9,486.1,22.600000000000023,22.299999999999955,-2.0000000000004547,-2.0000000000002416,4.5,-6.500000000000455,-6.500000000000242,398,1914.0,26774.0,False
2026-09-30T11:21:53.246230+00:00,7,NASD-12.26-3.27,NAZ6,NAH7,75.0,77.0,30328.0,30329.0,30403.0,30404.0,76.0,74.0,-2.53284,-0.84428,22.28,-24.81284,-23.124280000000002,398,284.0,1784.0,False
2026-09-30T11:21:53.246288+00:00,7,BTC-10.26-11.26,BTV6,BTX6,494.0,500.0,84470.0,84481.0,84965.0,84981.0,511.0,484.0,-1.35088,-1.43531,13.36,-14.71088,-14.795309999999999,398,791.0,7784.0,False
2026-09-30T11:21:53.246345+00:00,7,CNY-12.26-3.27,CRZ6,CRH7,0.19,0.19,12.652,12.653,12.845,12.846,0.19400000000000084,0.19200000000000017,2.0000000000001683,-4.000000000000837,4.359999999999999,-2.359999999999831,-8.360000000000836,398,11094.0,256142.0,False
2026-09-30T11:21:53.246406+00:00,7,OZON-12.26-3.27,ONZ6,ONH7,56.0,57.0,3017.0,3018.0,3066.0,3070.0,53.0,48.0,-9.0,3.0,4.359999999999999,-13.36,-1.3599999999999994,398,312.0,2346.0,False
2026-09-30T11:21:53.246461+00:00,7,CNY-3.27-6.27,CRH7,CRM7,0.26,0.26,12.845,12.846,13.108,13.112,0.26699999999999946,0.26200000000000045,2.000000000000446,-6.999999999999451,4.4,-2.3999999999995545,-11.399999999999451,398,436.0,7624.0,False
2026-09-30T11:21:53.246532+00:00,7,NG-11.26-12.26,NGX6,NGZ6,0.38,0.38,3.388,3.39,3.768,3.772,0.3839999999999999,0.37799999999999967,-16.885660000002826,-33.77131999999909,17.96,-34.84566000000282,-51.731319999999094,398,171.0,574.0,False
2026-09-30T11:21:53.246596+00:00,7,COFFEE-11.26-2.27,KCX6,KCG7,-0.05,-0.05,2.999,3.0,2.949,2.952,-0.04700000000000015,-0.051000000000000156,-0.8442800000001296,-2.532839999999873,3.3200000000000003,-4.164280000000129,-5.8528399999998735,398,849.0,11642.0,False
2026-09-30T11:21:53.246657+00:00,7,GL-12.26-3.27,GLZ6,GLH7,328.5,331.5,11528.2,11528.6,11853.3,11856.6,328.39999999999964,324.6999999999989,-6.800000000001091,0.1000000000003638,8.2,-15.00000000000109,-8.099999999999635,398,1849.0,26912.0,False
2026-09-30T11:21:53.246770+00:00,7,NG-10.26-11.26,NGV6,NGX6,0.34,0.34,3.051,3.052,3.388,3.39,0.33899999999999997,0.33599999999999985,-33.77132000000144,8.442830000000477,16.4,-50.17132000000144,-7.957169999999522,398,666.0,3624.0,False
2026-09-30T11:21:53.246837+00:00,7,BRM-10.26-11.26,BMV6,BMX6,-5.86,-5.83,103.48,103.5,97.69,97.7,-5.780000000000001,-5.810000000000002,1.688559999999814,-6.754239999999931,6.48,-4.791440000000186,-13.234239999999932,398,2998.0,19724.0,False
2026-09-30T11:21:53.246902+00:00,7,GOLD-12.26-3.27,GDZ6,GDH7,54.0,54.1,4245.9,4246.0,4298.4,4299.2,53.30000000000018,52.399999999999636,-143.52811000003084,59.09980999998465,191.68,-335.20811000003084,-132.58019000001536,398,3066.0,10156.0,False
2026-09-30T11:21:53.246961+00:00,7,BR-10.26-11.26,BRV6,BRX6,-5.86,-5.83,103.52,103.53,97.71,97.72,-5.799999999999997,-5.820000000000007,8.44282999999382,-50.65698000000267,46.7,-38.257170000006184,-97.35698000000266,398,11327.0,45976.0,False
2026-09-30T11:21:58.128215+00:00,8,MIX-12.26-3.27,MXZ6,MXH7,5300.0,5325.0,226950.0,226975.0,232250.0,232300.0,5350.0,5275.0,-50.0,-50.0,63.2,-113.2,-113.2,398,363.0,780.0,False
2026-09-30T11:21:58.128403+00:00,8,BR-11.26-12.26,BRX6,BRZ6,-2.55,-2.52,97.71,97.73,95.22,95.23,-2.4799999999999898,-2.510000000000005,8.442829999995697,-59.09981000000849,44.480000000000004,-36.03717000000431,-103.5798100000085,398,2796.0,8730.0,False
2026-09-30T11:21:58.128484+00:00,8,RTS-12.26-3.27,RIZ6,RIH7,-120.0,-90.0,84610.0,84620.0,84480.0,84540.0,-70.0,-140.0,-84.42830000000001,-84.42830000000001,39.8,-124.2283,-124.2283,398,322.0,728.0,False
2026-09-30T11:21:58.128552+00:00,8,Si-3.27-6.27,SiH7,SiM7,1909.0,1936.0,85845.0,85846.0,87758.0,87791.0,1946.0,1912.0,-24.0,-37.0,18.18,-42.18,-55.18,398,190.0,962.0,False
2026-09-30T11:21:58.128614+00:00,8,GAZR-12.26-3.27,GZZ6,GZH7,340.0,341.0,9960.0,9961.0,10300.0,10302.0,342.0,339.0,-2.0,-2.0,10.14,-12.14,-12.14,398,300.0,2158.0,False
2026-09-30T11:21:58.128673+00:00,8,Si-12.26-3.27,SiZ6,SiH7,1248.0,1251.0,84634.0,84635.0,85845.0,85846.0,1212.0,1210.0,-41.0,36.0,17.86,-58.86,18.14,398,10854.0,82176.0,True
2026-09-30T11:21:58.128828+00:00,8,TTF-9.26-10.26,FFU6,FFV6,3.1,3.12,69.8,69.805,72.8,72.885,3.085000000000008,2.9949999999999903,-12.007750000000938,1.440929999999244,5.5600000000000005,-17.567750000000938,-4.1190700000007565,398,1484.0,8506.0,False
2026-09-30T11:21:58.128895+00:00,8,MXI-12.26-3.27,MMZ6,MMH7,53.95,54.0,2269.35,2269.4,2323.3,2323.4,54.05000000000018,53.90000000000009,-0.9999999999990905,-1.0000000000017906,8.120000000000001,-9.119999999999092,-9.120000000001792,398,548.0,2054.0,False
2026-09-30T11:21:58.128959+00:00,8,Eu-12.26-3.27,EuZ6,EuH7,1420.0,1427.0,96299.0,96306.0,97719.0,97729.0,1430.0,1413.0,-14.0,-10.0,20.0,-34.0,-30.0,398,364.0,1872.0,False
2026-09-30T11:21:58.129017+00:00,8,WHEAT-10.26-11.26,W4V6,W4X6,1610.0,1620.0,11490.0,11510.0,13100.0,13120.0,1630.0,1590.0,-30.0,-20.0,8.7,-38.7,-28.7,398,611.0,1868.0,False
2026-09-30T11:21:58.129074+00:00,8,TTF-10.26-11.26,FFV6,FFX6,1.29,1.3,72.8,72.885,74.08,74.165,1.365000000000009,1.1949999999999932,-10.08651000000066,-7.20465000000087,5.6,-15.68651000000066,-12.80465000000087,398,1255.0,5706.0,False
2026-09-30T11:21:58.129136+00:00,8,GOLDM-12.26-3.27,GNZ6,GNH7,53.4,53.8,4245.7,4245.9,4298.1,4299.5,53.80000000000018,52.20000000000073,-13.508479999993833,-3.3771200000015478,20.96,-34.46847999999383,-24.337120000001548,398,456.0,1802.0,False
2026-09-30T11:21:58.129208+00:00,8,SBRF-12.26-3.27,SRZ6,SRH7,970.0,971.0,28115.0,28116.0,29085.0,29087.0,972.0,969.0,-2.0,-2.0,24.9,-26.9,-26.9,398,248.0,1312.0,False
2026-09-30T11:21:58.129273+00:00,8,BRM-11.26-12.26,BMX6,BMZ6,-2.61,-2.56,97.7,97.72,95.04,95.1,-2.6000000000000085,-2.6799999999999926,-10.131359999999372,-0.8442799999992696,6.24,-16.37135999999937,-7.08427999999927,398,891.0,3976.0,False
2026-09-30T11:21:58.129335+00:00,8,VTBR-12.26-3.27,VBZ6,VBH7,182.0,183.0,5343.0,5344.0,5525.0,5527.0,184.0,181.0,-2.0,-2.0,6.32,-8.32,-8.32,398,486.0,4858.0,False
2026-09-30T11:21:58.129397+00:00,8,SILVM-12.26-3.27,S1Z6,S1H7,1.59,1.6,61.88,61.89,63.48,63.5,1.6199999999999974,1.5899999999999963,-0.8442800000003194,-2.5328399999997773,4.8,-5.644280000000319,-7.332839999999777,398,251.0,1208.0,False
2026-09-30T11:21:58.129457+00:00,8,COCOA-11.26-2.27,CCX6,CCG7,22.4,22.5,463.3,463.4,485.7,485.9,22.599999999999966,22.30000000000001,-1.9999999999998863,-1.9999999999996732,4.5,-6.499999999999886,-6.499999999999673,398,1914.0,26774.0,False
2026-09-30T11:21:58.129517+00:00,8,NASD-12.26-3.27,NAZ6,NAH7,75.0,77.0,30328.0,30329.0,30403.0,30406.0,78.0,74.0,-2.53284,-2.53284,22.28,-24.81284,-24.81284,398,284.0,1784.0,False
2026-09-30T11:21:58.129578+00:00,8,BTC-10.26-11.26,BTV6,BTX6,494.0,500.0,84470.0,84482.0,84965.0,84982.0,512.0,483.0,-1.43531,-1.51974,13.36,-14.795309999999999,-14.87974,398,791.0,7784.0,False
2026-09-30T11:21:58.129636+00:00,8,CNY-12.26-3.27,CRZ6,CRH7,0.19,0.19,12.654,12.655,12.846,12.848,0.19400000000000084,0.19100000000000072,1.0000000000007225,-4.000000000000837,4.359999999999999,-3.359999999999277,-8.360000000000836,398,11094.0,256142.0,False
2026-09-30T11:21:58.129722+00:00,8,OZON-12.26-3.27,ONZ6,ONH7,56.0,57.0,3017.0,3018.0,3066.0,3070.0,53.0,48.0,-9.0,3.0,4.359999999999999,-13.36,-1.3599999999999994,398,312.0,2346.0,False
2026-09-30T11:21:58.129784+00:00,8,CNY-3.27-6.27,CRH7,CRM7,0.26,0.26,12.846,12.848,13.109,13.116,0.2699999999999996,0.26099999999999923,0.9999999999992237,-9.999999999999565,4.4,-3.4000000000007766,-14.399999999999565,398,436.0,7624.0,False
2026-09-30T11:21:58.129845+00:00,8,NG-11.26-12.26,NGX6,NGZ6,0.38,0.38,3.388,3.39,3.768,3.772,0.3839999999999999,0.37799999999999967,-16.885660000002826,-33.77131999999909,17.96,-34.84566000000282,-51.731319999999094,398,171.0,574.0,False
2026-09-30T11:21:58.129905+00:00,8,COFFEE-11.26-2.27,KCX6,KCG7,-0.05,-0.05,2.999,3.0,2.949,2.952,-0.04700000000000015,-0.051000000000000156,-0.8442800000001296,-2.532839999999873,3.3200000000000003,-4.164280000000129,-5.8528399999998735,398,849.0,11642.0,False
2026-09-30T11:21:58.129970+00:00,8,GL-12.26-3.27,GLZ6,GLH7,328.5,331.5,11528.4,11529.2,11853.3,11857.2,328.8000000000011,324.09999999999854,-7.400000000001455,-0.3000000000010914,8.2,-15.600000000001454,-8.50000000000109,398,1849.0,26912.0,False
2026-09-30T11:21:58.130032+00:00,8,NG-10.26-11.26,NGV6,NGX6,0.34,0.34,3.051,3.052,3.388,3.39,0.33899999999999997,0.33599999999999985,-33.77132000000144,8.442830000000477,16.4,-50.17132000000144,-7.957169999999522,398,666.0,3624.0,False
2026-09-30T11:21:58.130092+00:00,8,BRM-10.26-11.26,BMV6,BMX6,-5.86,-5.83,103.49,103.51,97.7,97.72,-5.769999999999996,-5.810000000000002,1.688559999999814,-7.598520000000363,6.48,-4.791440000000186,-14.078520000000363,398,2998.0,19724.0,False
2026-09-30T11:21:58.130153+00:00,8,GOLD-12.26-3.27,GDZ6,GDH7,54.0,54.1,4245.9,4246.0,4298.6,4299.2,53.30000000000018,52.600000000000364,-126.64244999996941,59.09980999998465,191.68,-318.3224499999694,-132.58019000001536,398,3066.0,10156.0,False
2026-09-30T11:21:58.130211+00:00,8,BR-10.26-11.26,BRV6,BRX6,-5.86,-5.83,103.52,103.53,97.71,97.73,-5.789999999999992,-5.820000000000007,8.44282999999382,-59.09981000000699,46.7,-38.257170000006184,-105.799810000007,398,11327.0,45976.0,False
2026-09-30T11:22:03.034445+00:00,9,MIX-12.26-3.27,MXZ6,MXH7,5300.0,5325.0,226850.0,226875.0,232150.0,232200.0,5350.0,5275.0,-50.0,-50.0,63.2,-113.2,-113.2,418,363.0,780.0,False
2026-09-30T11:22:03.034620+00:00,9,BR-11.26-12.26,BRX6,BRZ6,-2.55,-2.52,97.73,97.74,95.22,95.23,-2.5,-2.519999999999996,3.374432733238564e-12,-42.21414999999985,44.480000000000004,-44.47999999999663,-86.69414999999985,418,2796.0,8730.0,False
2026-09-30T11:22:03.034737+00:00,9,RTS-12.26-3.27,RIZ6,RIH7,-120.0,-90.0,84570.0,84590.0,84440.0,84510.0,-60.0,-150.0,-101.31396000000001,-101.31396000000001,39.8,-141.11396000000002,-141.11396000000002,418,322.0,728.0,False
2026-09-30T11:22:03.034815+00:00,9,Si-3.27-6.27,SiH7,SiM7,1909.0,1936.0,85844.0,85846.0,87758.0,87791.0,1947.0,1912.0,-24.0,-38.0,18.18,-42.18,-56.18,418,190.0,962.0,False
2026-09-30T11:22:03.034878+00:00,9,GAZR-12.26-3.27,GZZ6,GZH7,340.0,341.0,9957.0,9958.0,10297.0,10299.0,342.0,339.0,-2.0,-2.0,10.14,-12.14,-12.14,418,300.0,2158.0,False
2026-09-30T11:22:03.034939+00:00,9,Si-12.26-3.27,SiZ6,SiH7,1248.0,1251.0,84634.0,84635.0,85844.0,85846.0,1212.0,1209.0,-42.0,36.0,17.86,-59.86,18.14,418,10854.0,82176.0,True
2026-09-30T11:22:03.035049+00:00,9,TTF-9.26-10.26,FFU6,FFV6,3.1,3.12,69.8,69.805,72.825,72.89,3.0900000000000034,3.019999999999996,-9.606200000000392,0.9606199999996808,5.5600000000000005,-15.166200000000392,-4.59938000000032,418,1484.0,8506.0,False
2026-09-30T11:22:03.035115+00:00,9,MXI-12.26-3.27,MMZ6,MMH7,53.95,54.0,2268.5,2268.7,2322.45,2322.7,54.19999999999982,53.75,-2.5,-2.4999999999981526,8.120000000000001,-10.620000000000001,-10.619999999998154,418,548.0,2054.0,False
2026-09-30T11:22:03.035190+00:00,9,Eu-12.26-3.27,EuZ6,EuH7,1420.0,1427.0,96298.0,96304.0,97718.0,97727.0,1429.0,1414.0,-13.0,-9.0,20.0,-33.0,-29.0,418,364.0,1872.0,False
2026-09-30T11:22:03.035249+00:00,9,WHEAT-10.26-11.26,W4V6,W4X6,1610.0,1620.0,11490.0,11510.0,13100.0,13120.0,1630.0,1590.0,-30.0,-20.0,8.7,-38.7,-28.7,418,611.0,1868.0,False
2026-09-30T11:22:03.035306+00:00,9,TTF-10.26-11.26,FFV6,FFX6,1.29,1.3,72.825,72.89,74.105,74.17,1.3449999999999989,1.2150000000000034,-8.165269999999676,-5.283409999999887,5.6,-13.765269999999676,-10.883409999999888,418,1255.0,5706.0,False
2026-09-30T11:22:03.035368+00:00,9,GOLDM-12.26-3.27,GNZ6,GNH7,53.4,53.8,4245.7,4245.9,4298.1,4299.5,53.80000000000018,52.20000000000073,-13.508479999993833,-3.3771200000015478,20.96,-34.46847999999383,-24.337120000001548,418,456.0,1802.0,False
2026-09-30T11:22:03.035429+00:00,9,SBRF-12.26-3.27,SRZ6,SRH7,970.0,971.0,28107.0,28108.0,29077.0,29079.0,972.0,969.0,-2.0,-2.0,24.9,-26.9,-26.9,418,248.0,1312.0,False
2026-09-30T11:22:03.035485+00:00,9,BRM-11.26-12.26,BMX6,BMZ6,-2.61,-2.56,97.71,97.72,95.05,95.1,-2.6099999999999994,-2.6700000000000017,-9.28708000000014,-3.7493563809221085e-14,6.24,-15.52708000000014,-6.2400000000000375,418,891.0,3976.0,False
2026-09-30T11:22:03.035547+00:00,9,VTBR-12.26-3.27,VBZ6,VBH7,182.0,183.0,5342.0,5344.0,5524.0,5527.0,185.0,180.0,-3.0,-3.0,6.32,-9.32,-9.32,418,486.0,4858.0,False
2026-09-30T11:22:03.035607+00:00,9,SILVM-12.26-3.27,S1Z6,S1H7,1.59,1.6,61.88,61.89,63.48,63.5,1.6199999999999974,1.5899999999999963,-0.8442800000003194,-2.5328399999997773,4.8,-5.644280000000319,-7.332839999999777,418,251.0,1208.0,False
2026-09-30T11:22:03.035667+00:00,9,COCOA-11.26-2.27,CCX6,CCG7,22.4,22.5,463.2,463.4,485.6,485.9,22.69999999999999,22.200000000000045,-2.9999999999995453,-2.9999999999999005,4.5,-7.499999999999545,-7.4999999999999005,418,1914.0,26774.0,False
2026-09-30T11:22:03.035771+00:00,9,NASD-12.26-3.27,NAZ6,NAH7,75.0,77.0,30328.0,30329.0,30403.0,30406.0,78.0,74.0,-2.53284,-2.53284,22.28,-24.81284,-24.81284,418,284.0,1784.0,False
2026-09-30T11:22:03.035832+00:00,9,BTC-10.26-11.26,BTV6,BTX6,494.0,500.0,84470.0,84479.0,84965.0,84979.0,509.0,486.0,-1.18202,-1.26645,13.36,-14.542019999999999,-14.62645,418,791.0,7784.0,False
2026-09-30T11:22:03.035890+00:00,9,CNY-12.26-3.27,CRZ6,CRH7,0.19,0.19,12.654,12.655,12.846,12.848,0.19400000000000084,0.19100000000000072,1.0000000000007225,-4.000000000000837,4.359999999999999,-3.359999999999277,-8.360000000000836,418,11094.0,256142.0,False
2026-09-30T11:22:03.035960+00:00,9,OZON-12.26-3.27,ONZ6,ONH7,56.0,57.0,3017.0,3018.0,3066.0,3070.0,53.0,48.0,-9.0,3.0,4.359999999999999,-13.36,-1.3599999999999994,418,312.0,2346.0,False
2026-09-30T11:22:03.036019+00:00,9,CNY-3.27-6.27,CRH7,CRM7,0.26,0.26,12.846,12.848,13.109,13.116,0.2699999999999996,0.26099999999999923,0.9999999999992237,-9.999999999999565,4.4,-3.4000000000007766,-14.399999999999565,418,436.0,7624.0,False
2026-09-30T11:22:03.036080+00:00,9,NG-11.26-12.26,NGX6,NGZ6,0.38,0.38,3.388,3.39,3.768,3.772,0.3839999999999999,0.37799999999999967,-16.885660000002826,-33.77131999999909,17.96,-34.84566000000282,-51.731319999999094,418,171.0,574.0,False
2026-09-30T11:22:03.036141+00:00,9,COFFEE-11.26-2.27,KCX6,KCG7,-0.05,-0.05,2.999,3.0,2.949,2.952,-0.04700000000000015,-0.051000000000000156,-0.8442800000001296,-2.532839999999873,3.3200000000000003,-4.164280000000129,-5.8528399999998735,418,849.0,11642.0,False
2026-09-30T11:22:03.036202+00:00,9,GL-12.26-3.27,GLZ6,GLH7,328.5,331.5,11528.4,11529.2,11853.3,11857.2,328.8000000000011,324.09999999999854,-7.400000000001455,-0.3000000000010914,8.2,-15.600000000001454,-8.50000000000109,418,1849.0,26912.0,False
2026-09-30T11:22:03.036266+00:00,9,NG-10.26-11.26,NGV6,NGX6,0.34,0.34,3.051,3.052,3.388,3.39,0.33899999999999997,0.33599999999999985,-33.77132000000144,8.442830000000477,16.4,-50.17132000000144,-7.957169999999522,418,666.0,3624.0,False
2026-09-30T11:22:03.036326+00:00,9,BRM-10.26-11.26,BMV6,BMX6,-5.86,-5.83,103.49,103.51,97.71,97.72,-5.769999999999996,-5.800000000000011,2.5328399999990463,-7.598520000000363,6.48,-3.947160000000954,-14.078520000000363,418,2998.0,19724.0,False
2026-09-30T11:22:03.036385+00:00,9,GOLD-12.26-3.27,GDZ6,GDH7,54.0,54.1,4245.9,4246.0,4298.6,4299.2,53.30000000000018,52.600000000000364,-126.64244999996941,59.09980999998465,191.68,-318.3224499999694,-132.58019000001536,418,3066.0,10156.0,False
2026-09-30T11:22:03.036444+00:00,9,BR-10.26-11.26,BRV6,BRX6,-5.86,-5.83,103.53,103.54,97.73,97.74,-5.790000000000006,-5.810000000000002,16.88565999999814,-59.09980999999499,46.7,-29.814340000001863,-105.79980999999499,418,11327.0,45976.0,False
2026-09-30T11:22:07.807445+00:00,10,MIX-12.26-3.27,MXZ6,MXH7,5300.0,5325.0,226850.0,226875.0,232150.0,232200.0,5350.0,5275.0,-50.0,-50.0,63.2,-113.2,-113.2,372,363.0,780.0,False
2026-09-30T11:22:07.807606+00:00,10,BR-11.26-12.26,BRX6,BRZ6,-2.55,-2.52,97.71,97.73,95.2,95.23,-2.4799999999999898,-2.530000000000001,-8.442830000000946,-59.09981000000849,44.480000000000004,-52.92283000000095,-103.5798100000085,372,2796.0,8730.0,False
2026-09-30T11:22:07.807717+00:00,10,RTS-12.26-3.27,RIZ6,RIH7,-120.0,-90.0,84580.0,84590.0,84450.0,84510.0,-70.0,-140.0,-84.42830000000001,-84.42830000000001,39.8,-124.2283,-124.2283,372,322.0,728.0,False
2026-09-30T11:22:07.807806+00:00,10,Si-3.27-6.27,SiH7,SiM7,1909.0,1936.0,85832.0,85837.0,87749.0,87783.0,1951.0,1912.0,-24.0,-42.0,18.18,-42.18,-60.18,372,190.0,962.0,False
2026-09-30T11:22:07.807871+00:00,10,GAZR-12.26-3.27,GZZ6,GZH7,340.0,341.0,9956.0,9959.0,10296.0,10300.0,344.0,337.0,-4.0,-4.0,10.14,-14.14,-14.14,372,300.0,2158.0,False
2026-09-30T11:22:07.807929+00:00,10,Si-12.26-3.27,SiZ6,SiH7,1248.0,1251.0,84622.0,84623.0,85832.0,85837.0,1215.0,1209.0,-42.0,33.0,17.86,-59.86,15.14,372,10854.0,82176.0,True
2026-09-30T11:22:07.808038+00:00,10,TTF-9.26-10.26,FFU6,FFV6,3.1,3.12,69.8,69.805,72.83,72.89,3.0900000000000034,3.0249999999999915,-9.12589000000083,0.9606199999996808,5.5600000000000005,-14.68589000000083,-4.59938000000032,372,1484.0,8506.0,False
2026-09-30T11:22:07.808103+00:00,10,MXI-12.26-3.27,MMZ6,MMH7,53.95,54.0,2268.5,2268.65,2322.45,2322.65,54.15000000000009,53.79999999999973,-2.0000000000027285,-2.000000000000881,8.120000000000001,-10.12000000000273,-10.120000000000882,372,548.0,2054.0,False
2026-09-30T11:22:07.808176+00:00,10,Eu-12.26-3.27,EuZ6,EuH7,1420.0,1427.0,96288.0,96290.0,97708.0,97713.0,1425.0,1418.0,-9.0,-5.0,20.0,-29.0,-25.0,372,364.0,1872.0,False
2026-09-30T11:22:07.808236+00:00,10,WHEAT-10.26-11.26,W4V6,W4X6,1610.0,1620.0,11490.0,11510.0,13100.0,13120.0,1630.0,1590.0,-30.0,-20.0,8.7,-38.7,-28.7,372,611.0,1868.0,False
2026-09-30T11:22:07.808301+00:00,10,TTF-10.26-11.26,FFV6,FFX6,1.29,1.3,72.83,72.89,74.11,74.17,1.3400000000000034,1.2199999999999989,-7.684960000000113,-4.803100000000324,5.6,-13.284960000000112,-10.403100000000324,372,1255.0,5706.0,False
2026-09-30T11:22:07.808365+00:00,10,GOLDM-12.26-3.27,GNZ6,GNH7,53.4,53.8,4245.6,4245.8,4298.1,4299.5,53.899999999999636,52.30000000000018,-12.66419999999844,-4.22139999999694,20.96,-33.62419999999844,-25.18139999999694,372,456.0,1802.0,False
2026-09-30T11:22:07.808426+00:00,10,SBRF-12.26-3.27,SRZ6,SRH7,970.0,971.0,28107.0,28108.0,29077.0,29079.0,972.0,969.0,-2.0,-2.0,24.9,-26.9,-26.9,372,248.0,1312.0,False
2026-09-30T11:22:07.808486+00:00,10,BRM-11.26-12.26,BMX6,BMZ6,-2.61,-2.56,97.7,97.72,95.04,95.05,-2.6500000000000057,-2.6799999999999926,-10.131359999999372,3.3771200000004904,6.24,-16.37135999999937,-2.86287999999951,372,891.0,3976.0,False
2026-09-30T11:22:07.808548+00:00,10,VTBR-12.26-3.27,VBZ6,VBH7,182.0,183.0,5341.0,5343.0,5523.0,5526.0,185.0,180.0,-3.0,-3.0,6.32,-9.32,-9.32,372,486.0,4858.0,False
2026-09-30T11:22:07.808603+00:00,10,SILVM-12.26-3.27,S1Z6,S1H7,1.59,1.6,61.88,61.89,63.48,63.5,1.6199999999999974,1.5899999999999963,-0.8442800000003194,-2.5328399999997773,4.8,-5.644280000000319,-7.332839999999777,372,251.0,1208.0,False
2026-09-30T11:22:07.808662+00:00,10,COCOA-11.26-2.27,CCX6,CCG7,22.4,22.5,463.3,463.4,485.7,485.9,22.599999999999966,22.30000000000001,-1.9999999999998863,-1.9999999999996732,4.5,-6.499999999999886,-6.499999999999673,372,1914.0,26774.0,False
2026-09-30T11:22:07.808751+00:00,10,NASD-12.26-3.27,NAZ6,NAH7,75.0,77.0,30326.0,30327.0,30401.0,30404.0,78.0,74.0,-2.53284,-2.53284,22.28,-24.81284,-24.81284,372,284.0,1784.0,False
2026-09-30T11:22:07.808815+00:00,10,BTC-10.26-11.26,BTV6,BTX6,494.0,500.0,84470.0,84480.0,84965.0,84980.0,510.0,485.0,-1.26645,-1.35088,13.36,-14.62645,-14.71088,372,791.0,7784.0,False
2026-09-30T11:22:07.808879+00:00,10,CNY-12.26-3.27,CRZ6,CRH7,0.19,0.19,12.652,12.653,12.844,12.846,0.19400000000000084,0.19099999999999895,0.9999999999989462,-4.000000000000837,4.359999999999999,-3.3600000000010533,-8.360000000000836,372,11094.0,256142.0,False
2026-09-30T11:22:07.808943+00:00,10,OZON-12.26-3.27,ONZ6,ONH7,56.0,57.0,3017.0,3018.0,3066.0,3070.0,53.0,48.0,-9.0,3.0,4.359999999999999,-13.36,-1.3599999999999994,372,312.0,2346.0,False
2026-09-30T11:22:07.808999+00:00,10,CNY-3.27-6.27,CRH7,CRM7,0.26,0.26,12.844,12.846,13.107,13.113,0.26900000000000013,0.26099999999999923,0.9999999999992237,-9.000000000000119,4.4,-3.4000000000007766,-13.40000000000012,372,436.0,7624.0,False
2026-09-30T11:22:07.809060+00:00,10,NG-11.26-12.26,NGX6,NGZ6,0.38,0.38,3.387,3.389,3.768,3.772,0.3849999999999998,0.379,-8.442830000000008,-42.21414999999816,17.96,-26.40283000000001,-60.174149999998164,372,171.0,574.0,False
2026-09-30T11:22:07.809118+00:00,10,COFFEE-11.26-2.27,KCX6,KCG7,-0.05,-0.05,2.999,3.0,2.949,2.952,-0.04700000000000015,-0.051000000000000156,-0.8442800000001296,-2.532839999999873,3.3200000000000003,-4.164280000000129,-5.8528399999998735,372,849.0,11642.0,False
2026-09-30T11:22:07.809179+00:00,10,GL-12.26-3.27,GLZ6,GLH7,328.5,331.5,11528.1,11528.6,11853.3,11856.6,328.5,324.6999999999989,-6.800000000001091,0.0,8.2,-15.00000000000109,-8.2,372,1849.0,26912.0,False
2026-09-30T11:22:07.809237+00:00,10,NG-10.26-11.26,NGV6,NGX6,0.34,0.34,3.049,3.05,3.387,3.389,0.33999999999999986,0.3370000000000002,-25.328489999998617,1.4060136388494014e-12,16.4,-41.728489999998615,-16.39999999999859,372,666.0,3624.0,False
2026-09-30T11:22:07.809296+00:00,10,BRM-10.26-11.26,BMV6,BMX6,-5.86,-5.83,103.49,103.51,97.7,97.72,-5.769999999999996,-5.810000000000002,1.688559999999814,-7.598520000000363,6.48,-4.791440000000186,-14.078520000000363,372,2998.0,19724.0,False
2026-09-30T11:22:07.809373+00:00,10,GOLD-12.26-3.27,GDZ6,GDH7,54.0,54.1,4245.9,4246.0,4298.6,4299.2,53.30000000000018,52.600000000000364,-126.64244999996941,59.09980999998465,191.68,-318.3224499999694,-132.58019000001536,372,3066.0,10156.0,False
2026-09-30T11:22:07.809439+00:00,10,BR-10.26-11.26,BRV6,BRX6,-5.86,-5.83,103.53,103.54,97.71,97.73,-5.799999999999997,-5.8300000000000125,-1.0498235170075531e-11,-50.65698000000267,46.7,-46.7000000000105,-97.35698000000266,372,11327.0,45976.0,False
2026-09-30T11:22:12.565946+00:00,11,MIX-12.26-3.27,MXZ6,MXH7,5300.0,5325.0,226850.0,226875.0,232150.0,232200.0,5350.0,5275.0,-50.0,-50.0,63.2,-113.2,-113.2,376,363.0,780.0,False
2026-09-30T11:22:12.566136+00:00,11,BR-11.26-12.26,BRX6,BRZ6,-2.55,-2.52,97.71,97.73,95.2,95.23,-2.4799999999999898,-2.530000000000001,-8.442830000000946,-59.09981000000849,44.480000000000004,-52.92283000000095,-103.5798100000085,376,2796.0,8730.0,False
2026-09-30T11:22:12.566225+00:00,11,RTS-12.26-3.27,RIZ6,RIH7,-120.0,-90.0,84580.0,84590.0,84450.0,84510.0,-70.0,-140.0,-84.42830000000001,-84.42830000000001,39.8,-124.2283,-124.2283,376,322.0,728.0,False
2026-09-30T11:22:12.566292+00:00,11,Si-3.27-6.27,SiH7,SiM7,1909.0,1936.0,85832.0,85837.0,87749.0,87783.0,1951.0,1912.0,-24.0,-42.0,18.18,-42.18,-60.18,376,190.0,962.0,False
2026-09-30T11:22:12.566353+00:00,11,GAZR-12.26-3.27,GZZ6,GZH7,340.0,341.0,9956.0,9959.0,10296.0,10300.0,344.0,337.0,-4.0,-4.0,10.14,-14.14,-14.14,376,300.0,2158.0,False
2026-09-30T11:22:12.566411+00:00,11,Si-12.26-3.27,SiZ6,SiH7,1248.0,1251.0,84622.0,84623.0,85832.0,85837.0,1215.0,1209.0,-42.0,33.0,17.86,-59.86,15.14,376,10854.0,82176.0,True
2026-09-30T11:22:12.566518+00:00,11,TTF-9.26-10.26,FFU6,FFV6,3.1,3.12,69.8,69.805,72.83,72.89,3.0900000000000034,3.0249999999999915,-9.12589000000083,0.9606199999996808,5.5600000000000005,-14.68589000000083,-4.59938000000032,376,1484.0,8506.0,False
2026-09-30T11:22:12.566584+00:00,11,MXI-12.26-3.27,MMZ6,MMH7,53.95,54.0,2268.5,2268.65,2322.45,2322.65,54.15000000000009,53.79999999999973,-2.0000000000027285,-2.000000000000881,8.120000000000001,-10.12000000000273,-10.120000000000882,376,548.0,2054.0,False
2026-09-30T11:22:12.566650+00:00,11,Eu-12.26-3.27,EuZ6,EuH7,1420.0,1427.0,96288.0,96290.0,97708.0,97713.0,1425.0,1418.0,-9.0,-5.0,20.0,-29.0,-25.0,376,364.0,1872.0,False
2026-09-30T11:22:12.566762+00:00,11,WHEAT-10.26-11.26,W4V6,W4X6,1610.0,1620.0,11490.0,11510.0,13100.0,13120.0,1630.0,1590.0,-30.0,-20.0,8.7,-38.7,-28.7,376,611.0,1868.0,False
2026-09-30T11:22:12.566837+00:00,11,TTF-10.26-11.26,FFV6,FFX6,1.29,1.3,72.83,72.89,74.11,74.17,1.3400000000000034,1.2199999999999989,-7.684960000000113,-4.803100000000324,5.6,-13.284960000000112,-10.403100000000324,376,1255.0,5706.0,False
2026-09-30T11:22:12.566904+00:00,11,GOLDM-12.26-3.27,GNZ6,GNH7,53.4,53.8,4245.6,4245.8,4298.1,4299.5,53.899999999999636,52.30000000000018,-12.66419999999844,-4.22139999999694,20.96,-33.62419999999844,-25.18139999999694,376,456.0,1802.0,False
2026-09-30T11:22:12.566968+00:00,11,SBRF-12.26-3.27,SRZ6,SRH7,970.0,971.0,28107.0,28108.0,29077.0,29079.0,972.0,969.0,-2.0,-2.0,24.9,-26.9,-26.9,376,248.0,1312.0,False
2026-09-30T11:22:12.567026+00:00,11,BRM-11.26-12.26,BMX6,BMZ6,-2.61,-2.56,97.7,97.72,95.04,95.05,-2.6500000000000057,-2.6799999999999926,-10.131359999999372,3.3771200000004904,6.24,-16.37135999999937,-2.86287999999951,376,891.0,3976.0,False
2026-09-30T11:22:12.567089+00:00,11,VTBR-12.26-3.27,VBZ6,VBH7,182.0,183.0,5341.0,5343.0,5523.0,5526.0,185.0,180.0,-3.0,-3.0,6.32,-9.32,-9.32,376,486.0,4858.0,False
2026-09-30T11:22:12.567153+00:00,11,SILVM-12.26-3.27,S1Z6,S1H7,1.59,1.6,61.88,61.89,63.48,63.5,1.6199999999999974,1.5899999999999963,-0.8442800000003194,-2.5328399999997773,4.8,-5.644280000000319,-7.332839999999777,376,251.0,1208.0,False
2026-09-30T11:22:12.567216+00:00,11,COCOA-11.26-2.27,CCX6,CCG7,22.4,22.5,463.3,463.4,485.7,485.9,22.599999999999966,22.30000000000001,-1.9999999999998863,-1.9999999999996732,4.5,-6.499999999999886,-6.499999999999673,376,1914.0,26774.0,False
2026-09-30T11:22:12.567276+00:00,11,NASD-12.26-3.27,NAZ6,NAH7,75.0,77.0,30326.0,30327.0,30401.0,30404.0,78.0,74.0,-2.53284,-2.53284,22.28,-24.81284,-24.81284,376,284.0,1784.0,False
2026-09-30T11:22:12.567332+00:00,11,BTC-10.26-11.26,BTV6,BTX6,494.0,500.0,84470.0,84480.0,84965.0,84980.0,510.0,485.0,-1.26645,-1.35088,13.36,-14.62645,-14.71088,376,791.0,7784.0,False
2026-09-30T11:22:12.567397+00:00,11,CNY-12.26-3.27,CRZ6,CRH7,0.19,0.19,12.652,12.653,12.844,12.846,0.19400000000000084,0.19099999999999895,0.9999999999989462,-4.000000000000837,4.359999999999999,-3.3600000000010533,-8.360000000000836,376,11094.0,256142.0,False
2026-09-30T11:22:12.567482+00:00,11,OZON-12.26-3.27,ONZ6,ONH7,56.0,57.0,3017.0,3018.0,3066.0,3070.0,53.0,48.0,-9.0,3.0,4.359999999999999,-13.36,-1.3599999999999994,376,312.0,2346.0,False
2026-09-30T11:22:12.567548+00:00,11,CNY-3.27-6.27,CRH7,CRM7,0.26,0.26,12.844,12.846,13.107,13.113,0.26900000000000013,0.26099999999999923,0.9999999999992237,-9.000000000000119,4.4,-3.4000000000007766,-13.40000000000012,376,436.0,7624.0,False
2026-09-30T11:22:12.567609+00:00,11,NG-11.26-12.26,NGX6,NGZ6,0.38,0.38,3.387,3.389,3.768,3.772,0.3849999999999998,0.379,-8.442830000000008,-42.21414999999816,17.96,-26.40283000000001,-60.174149999998164,376,171.0,574.0,False
2026-09-30T11:22:12.567668+00:00,11,COFFEE-11.26-2.27,KCX6,KCG7,-0.05,-0.05,2.999,3.0,2.949,2.952,-0.04700000000000015,-0.051000000000000156,-0.8442800000001296,-2.532839999999873,3.3200000000000003,-4.164280000000129,-5.8528399999998735,376,849.0,11642.0,False
2026-09-30T11:22:12.567765+00:00,11,GL-12.26-3.27,GLZ6,GLH7,328.5,331.5,11528.1,11528.6,11853.3,11856.6,328.5,324.6999999999989,-6.800000000001091,0.0,8.2,-15.00000000000109,-8.2,376,1849.0,26912.0,False
2026-09-30T11:22:12.567832+00:00,11,NG-10.26-11.26,NGV6,NGX6,0.34,0.34,3.049,3.05,3.387,3.389,0.33999999999999986,0.3370000000000002,-25.328489999998617,1.4060136388494014e-12,16.4,-41.728489999998615,-16.39999999999859,376,666.0,3624.0,False
2026-09-30T11:22:12.567896+00:00,11,BRM-10.26-11.26,BMV6,BMX6,-5.86,-5.83,103.49,103.51,97.7,97.72,-5.769999999999996,-5.810000000000002,1.688559999999814,-7.598520000000363,6.48,-4.791440000000186,-14.078520000000363,376,2998.0,19724.0,False
2026-09-30T11:22:12.567957+00:00,11,GOLD-12.26-3.27,GDZ6,GDH7,54.0,54.1,4245.9,4246.0,4298.6,4299.2,53.30000000000018,52.600000000000364,-126.64244999996941,59.09980999998465,191.68,-318.3224499999694,-132.58019000001536,376,3066.0,10156.0,False
2026-09-30T11:22:12.568016+00:00,11,BR-10.26-11.26,BRV6,BRX6,-5.86,-5.83,103.53,103.54,97.71,97.73,-5.799999999999997,-5.8300000000000125,-1.0498235170075531e-11,-50.65698000000267,46.7,-46.7000000000105,-97.35698000000266,376,11327.0,45976.0,False
2026-09-30T11:22:18.242023+00:00,12,MIX-12.26-3.27,MXZ6,MXH7,5300.0,5325.0,226925.0,226975.0,232225.0,232300.0,5375.0,5250.0,-75.0,-75.0,63.2,-138.2,-138.2,420,363.0,780.0,False
2026-09-30T11:22:18.242201+00:00,12,BR-11.26-12.26,BRX6,BRZ6,-2.55,-2.52,97.72,97.74,95.2,95.23,-2.489999999999995,-2.539999999999992,-16.885659999993266,-50.65698000000417,44.480000000000004,-61.36565999999327,-95.13698000000417,420,2796.0,8730.0,False
2026-09-30T11:22:18.242276+00:00,12,RTS-12.26-3.27,RIZ6,RIH7,-120.0,-90.0,84620.0,84630.0,84490.0,84550.0,-70.0,-140.0,-84.42830000000001,-84.42830000000001,39.8,-124.2283,-124.2283,420,322.0,728.0,False
2026-09-30T11:22:18.242341+00:00,12,Si-3.27-6.27,SiH7,SiM7,1909.0,1936.0,85831.0,85832.0,87749.0,87777.0,1946.0,1917.0,-19.0,-37.0,18.18,-37.18,-55.18,420,190.0,962.0,False
2026-09-30T11:22:18.242404+00:00,12,GAZR-12.26-3.27,GZZ6,GZH7,340.0,341.0,9959.0,9960.0,10299.0,10301.0,342.0,339.0,-2.0,-2.0,10.14,-12.14,-12.14,420,300.0,2158.0,False
2026-09-30T11:22:18.242467+00:00,12,Si-12.26-3.27,SiZ6,SiH7,1248.0,1251.0,84618.0,84619.0,85831.0,85832.0,1214.0,1212.0,-39.0,34.0,17.86,-56.86,16.14,420,10854.0,82176.0,True
2026-09-30T11:22:18.242571+00:00,12,TTF-9.26-10.26,FFU6,FFV6,3.1,3.12,69.8,69.805,72.835,72.89,3.0900000000000034,3.029999999999987,-8.645580000001265,0.9606199999996808,5.5600000000000005,-14.205580000001266,-4.59938000000032,420,1484.0,8506.0,False
2026-09-30T11:22:18.242635+00:00,12,MXI-12.26-3.27,MMZ6,MMH7,53.95,54.0,2269.35,2269.6,2323.3,2323.6,54.25,53.70000000000027,-2.9999999999972715,-2.9999999999999716,8.120000000000001,-11.119999999997273,-11.119999999999973,420,548.0,2054.0,False
2026-09-30T11:22:18.242776+00:00,12,Eu-12.26-3.27,EuZ6,EuH7,1420.0,1427.0,96280.0,96288.0,97700.0,97711.0,1431.0,1412.0,-15.0,-11.0,20.0,-35.0,-31.0,420,364.0,1872.0,False
2026-09-30T11:22:18.242857+00:00,12,WHEAT-10.26-11.26,W4V6,W4X6,1610.0,1620.0,11490.0,11510.0,13100.0,13110.0,1620.0,1590.0,-30.0,-10.0,8.7,-38.7,-18.7,420,611.0,1868.0,False
2026-09-30T11:22:18.242917+00:00,12,TTF-10.26-11.26,FFV6,FFX6,1.29,1.3,72.835,72.89,74.115,74.17,1.335000000000008,1.2249999999999943,-7.20465000000055,-4.322790000000761,5.6,-12.80465000000055,-9.92279000000076,420,1255.0,5706.0,False
2026-09-30T11:22:18.242979+00:00,12,GOLDM-12.26-3.27,GNZ6,GNH7,53.4,53.8,4245.2,4245.5,4297.6,4299.1,53.900000000000546,52.100000000000364,-14.352759999996906,-4.2214000000046195,20.96,-35.312759999996906,-25.181400000004622,420,456.0,1802.0,False
2026-09-30T11:22:18.243040+00:00,12,SBRF-12.26-3.27,SRZ6,SRH7,970.0,971.0,28116.0,28117.0,29086.0,29088.0,972.0,969.0,-2.0,-2.0,24.9,-26.9,-26.9,420,248.0,1312.0,False
2026-09-30T11:22:18.243096+00:00,12,BRM-11.26-12.26,BMX6,BMZ6,-2.61,-2.56,97.71,97.73,95.05,95.11,-2.5999999999999943,-2.680000000000007,-10.131360000000571,-0.8442800000004694,6.24,-16.37136000000057,-7.0842800000004695,420,891.0,3976.0,False
2026-09-30T11:22:18.243161+00:00,12,VTBR-12.26-3.27,VBZ6,VBH7,182.0,183.0,5341.0,5343.0,5523.0,5526.0,185.0,180.0,-3.0,-3.0,6.32,-9.32,-9.32,420,486.0,4858.0,False
2026-09-30T11:22:18.243217+00:00,12,SILVM-12.26-3.27,S1Z6,S1H7,1.59,1.6,61.88,61.89,63.48,63.5,1.6199999999999974,1.5899999999999963,-0.8442800000003194,-2.5328399999997773,4.8,-5.644280000000319,-7.332839999999777,420,251.0,1208.0,False
2026-09-30T11:22:18.243276+00:00,12,COCOA-11.26-2.27,CCX6,CCG7,22.4,22.5,463.0,463.2,485.4,485.7,22.69999999999999,22.19999999999999,-3.0000000000001137,-2.9999999999999005,4.5,-7.500000000000114,-7.4999999999999005,420,1914.0,26774.0,False
2026-09-30T11:22:18.243335+00:00,12,NASD-12.26-3.27,NAZ6,NAH7,75.0,77.0,30322.0,30323.0,30398.0,30400.0,78.0,75.0,-1.68856,-2.53284,22.28,-23.96856,-24.81284,420,284.0,1784.0,False
2026-09-30T11:22:18.243390+00:00,12,BTC-10.26-11.26,BTV6,BTX6,494.0,500.0,84457.0,84480.0,84952.0,84980.0,523.0,472.0,-2.36404,-2.4484700000000004,13.36,-15.724039999999999,-15.80847,420,791.0,7784.0,False
2026-09-30T11:22:18.243451+00:00,12,CNY-12.26-3.27,CRZ6,CRH7,0.19,0.19,12.651,12.652,12.843,12.845,0.19400000000000084,0.19100000000000072,1.0000000000007225,-4.000000000000837,4.359999999999999,-3.359999999999277,-8.360000000000836,420,11094.0,256142.0,False
2026-09-30T11:22:18.243513+00:00,12,OZON-12.26-3.27,ONZ6,ONH7,56.0,57.0,3016.0,3018.0,3065.0,3070.0,54.0,47.0,-10.0,2.0,4.359999999999999,-14.36,-2.3599999999999994,420,312.0,2346.0,False
2026-09-30T11:22:18.243568+00:00,12,CNY-3.27-6.27,CRH7,CRM7,0.26,0.26,12.843,12.845,13.107,13.113,0.2699999999999996,0.2619999999999987,1.9999999999986695,-9.999999999999565,4.4,-2.400000000001331,-14.399999999999565,420,436.0,7624.0,False
2026-09-30T11:22:18.243626+00:00,12,NG-11.26-12.26,NGX6,NGZ6,0.38,0.38,3.387,3.389,3.768,3.772,0.3849999999999998,0.379,-8.442830000000008,-42.21414999999816,17.96,-26.40283000000001,-60.174149999998164,420,171.0,574.0,False
2026-09-30T11:22:18.243724+00:00,12,COFFEE-11.26-2.27,KCX6,KCG7,-0.05,-0.05,2.999,3.0,2.949,2.951,-0.04800000000000004,-0.051000000000000156,-0.8442800000001296,-1.6885599999999663,3.3200000000000003,-4.164280000000129,-5.008559999999966,420,849.0,11642.0,False
2026-09-30T11:22:18.243812+00:00,12,GL-12.26-3.27,GLZ6,GLH7,328.5,331.5,11526.0,11526.5,11853.3,11854.5,328.5,326.7999999999993,-4.700000000000728,0.0,8.2,-12.900000000000727,-8.2,420,1849.0,26912.0,False
2026-09-30T11:22:18.243876+00:00,12,NG-10.26-11.26,NGV6,NGX6,0.34,0.34,3.049,3.05,3.387,3.389,0.33999999999999986,0.3370000000000002,-25.328489999998617,1.4060136388494014e-12,16.4,-41.728489999998615,-16.39999999999859,420,666.0,3624.0,False
2026-09-30T11:22:18.243937+00:00,12,BRM-10.26-11.26,BMV6,BMX6,-5.86,-5.83,103.51,103.53,97.71,97.73,-5.780000000000001,-5.820000000000007,0.8442799999993821,-6.754239999999931,6.48,-5.635720000000618,-13.234239999999932,420,2998.0,19724.0,False
2026-09-30T11:22:18.244002+00:00,12,GOLD-12.26-3.27,GDZ6,GDH7,54.0,54.1,4245.4,4245.6,4298.1,4298.8,53.400000000000546,52.5,-135.08528000000013,50.65697999995393,191.68,-326.76528000000013,-141.02302000004607,420,3066.0,10156.0,False
2026-09-30T11:22:18.244063+00:00,12,BR-10.26-11.26,BRV6,BRX6,-5.86,-5.83,103.56,103.57,97.72,97.74,-5.820000000000007,-5.849999999999994,-16.88565999999514,-33.771319999994034,46.7,-63.585659999995144,-80.47131999999404,420,11327.0,45976.0,False
2026-09-30T11:22:22.980610+00:00,13,MIX-12.26-3.27,MXZ6,MXH7,5300.0,5325.0,227000.0,227050.0,232300.0,232375.0,5375.0,5250.0,-75.0,-75.0,63.2,-138.2,-138.2,269,363.0,780.0,False
2026-09-30T11:22:22.980825+00:00,13,BR-11.26-12.26,BRX6,BRZ6,-2.55,-2.52,97.73,97.74,95.21,95.23,-2.5,-2.530000000000001,-8.442830000000946,-42.21414999999985,44.480000000000004,-52.92283000000095,-86.69414999999985,269,2796.0,8730.0,False
2026-09-30T11:22:22.980905+00:00,13,RTS-12.26-3.27,RIZ6,RIH7,-120.0,-90.0,84650.0,84660.0,84520.0,84580.0,-70.0,-140.0,-84.42830000000001,-84.42830000000001,39.8,-124.2283,-124.2283,269,322.0,728.0,False
2026-09-30T11:22:22.980973+00:00,13,Si-3.27-6.27,SiH7,SiM7,1909.0,1936.0,85825.0,85827.0,87749.0,87772.0,1947.0,1922.0,-14.0,-38.0,18.18,-32.18,-56.18,269,190.0,962.0,False
2026-09-30T11:22:22.981035+00:00,13,GAZR-12.26-3.27,GZZ6,GZH7,340.0,341.0,9965.0,9967.0,10305.0,10308.0,343.0,338.0,-3.0,-3.0,10.14,-13.14,-13.14,269,300.0,2158.0,False
2026-09-30T11:22:22.981094+00:00,13,Si-12.26-3.27,SiZ6,SiH7,1248.0,1251.0,84614.0,84615.0,85825.0,85827.0,1213.0,1210.0,-41.0,35.0,17.86,-58.86,17.14,269,10854.0,82176.0,True
2026-09-30T11:22:22.981199+00:00,13,TTF-9.26-10.26,FFU6,FFV6,3.1,3.12,69.8,69.805,72.835,72.89,3.0900000000000034,3.029999999999987,-8.645580000001265,0.9606199999996808,5.5600000000000005,-14.205580000001266,-4.59938000000032,269,1484.0,8506.0,False
2026-09-30T11:22:22.981264+00:00,13,MXI-12.26-3.27,MMZ6,MMH7,53.95,54.0,2270.05,2270.3,2324.0,2324.3,54.25,53.69999999999982,-3.000000000001819,-2.9999999999999716,8.120000000000001,-11.12000000000182,-11.119999999999973,269,548.0,2054.0,False
2026-09-30T11:22:22.981327+00:00,13,Eu-12.26-3.27,EuZ6,EuH7,1420.0,1427.0,96274.0,96282.0,97694.0,97705.0,1431.0,1412.0,-15.0,-11.0,20.0,-35.0,-31.0,269,364.0,1872.0,False
2026-09-30T11:22:22.981384+00:00,13,WHEAT-10.26-11.26,W4V6,W4X6,1610.0,1620.0,11490.0,11510.0,13100.0,13110.0,1620.0,1590.0,-30.0,-10.0,8.7,-38.7,-18.7,269,611.0,1868.0,False
2026-09-30T11:22:22.981439+00:00,13,TTF-10.26-11.26,FFV6,FFX6,1.29,1.3,72.835,72.89,74.115,74.17,1.335000000000008,1.2249999999999943,-7.20465000000055,-4.322790000000761,5.6,-12.80465000000055,-9.92279000000076,269,1255.0,5706.0,False
2026-09-30T11:22:22.981508+00:00,13,GOLDM-12.26-3.27,GNZ6,GNH7,53.4,53.8,4245.1,4245.4,4297.5,4299.0,53.899999999999636,52.100000000000364,-14.352759999996906,-4.22139999999694,20.96,-35.312759999996906,-25.18139999999694,269,456.0,1802.0,False
2026-09-30T11:22:22.981572+00:00,13,SBRF-12.26-3.27,SRZ6,SRH7,970.0,971.0,28121.0,28125.0,29091.0,29096.0,975.0,966.0,-5.0,-5.0,24.9,-29.9,-29.9,269,248.0,1312.0,False
2026-09-30T11:22:22.981628+00:00,13,BRM-11.26-12.26,BMX6,BMZ6,-2.61,-2.56,97.72,97.74,95.06,95.12,-2.5999999999999943,-2.6799999999999926,-10.131359999999372,-0.8442800000004694,6.24,-16.37135999999937,-7.0842800000004695,269,891.0,3976.0,False
2026-09-30T11:22:22.981709+00:00,13,VTBR-12.26-3.27,VBZ6,VBH7,182.0,183.0,5342.0,5343.0,5524.0,5526.0,184.0,181.0,-2.0,-2.0,6.32,-8.32,-8.32,269,486.0,4858.0,False
2026-09-30T11:22:22.981774+00:00,13,SILVM-12.26-3.27,S1Z6,S1H7,1.59,1.6,61.87,61.88,63.47,63.49,1.6200000000000045,1.5899999999999963,-0.8442800000003194,-2.5328400000003772,4.8,-5.644280000000319,-7.3328400000003775,269,251.0,1208.0,False
2026-09-30T11:22:22.981835+00:00,13,COCOA-11.26-2.27,CCX6,CCG7,22.4,22.5,462.8,463.0,485.2,485.5,22.69999999999999,22.19999999999999,-3.0000000000001137,-2.9999999999999005,4.5,-7.500000000000114,-7.4999999999999005,269,1914.0,26774.0,False
2026-09-30T11:22:22.981909+00:00,13,NASD-12.26-3.27,NAZ6,NAH7,75.0,77.0,30322.0,30323.0,30398.0,30400.0,78.0,75.0,-1.68856,-2.53284,22.28,-23.96856,-24.81284,269,284.0,1784.0,False
2026-09-30T11:22:22.981969+00:00,13,BTC-10.26-11.26,BTV6,BTX6,494.0,500.0,84456.0,84480.0,84951.0,84980.0,524.0,471.0,-2.4484700000000004,-2.5329,13.36,-15.80847,-15.8929,269,791.0,7784.0,False
2026-09-30T11:22:22.982026+00:00,13,CNY-12.26-3.27,CRZ6,CRH7,0.19,0.19,12.651,12.652,12.844,12.845,0.19400000000000084,0.19200000000000017,2.0000000000001683,-4.000000000000837,4.359999999999999,-2.359999999999831,-8.360000000000836,269,11094.0,256142.0,False
2026-09-30T11:22:22.982090+00:00,13,OZON-12.26-3.27,ONZ6,ONH7,56.0,57.0,3016.0,3018.0,3065.0,3070.0,54.0,47.0,-10.0,2.0,4.359999999999999,-14.36,-2.3599999999999994,269,312.0,2346.0,False
2026-09-30T11:22:22.982146+00:00,13,CNY-3.27-6.27,CRH7,CRM7,0.26,0.26,12.844,12.845,13.107,13.113,0.26900000000000013,0.2619999999999987,1.9999999999986695,-9.000000000000119,4.4,-2.400000000001331,-13.40000000000012,269,436.0,7624.0,False
2026-09-30T11:22:22.982218+00:00,13,NG-11.26-12.26,NGX6,NGZ6,0.38,0.38,3.387,3.389,3.768,3.772,0.3849999999999998,0.379,-8.442830000000008,-42.21414999999816,17.96,-26.40283000000001,-60.174149999998164,269,171.0,574.0,False
2026-09-30T11:22:22.982279+00:00,13,COFFEE-11.26-2.27,KCX6,KCG7,-0.05,-0.05,2.998,2.999,2.948,2.951,-0.04700000000000015,-0.051000000000000156,-0.8442800000001296,-2.532839999999873,3.3200000000000003,-4.164280000000129,-5.8528399999998735,269,849.0,11642.0,False
2026-09-30T11:22:22.982344+00:00,13,GL-12.26-3.27,GLZ6,GLH7,328.5,331.5,11524.5,11524.9,11853.3,11855.8,331.2999999999993,328.39999999999964,-3.100000000000364,-2.7999999999992724,8.2,-11.300000000000363,-10.999999999999272,269,1849.0,26912.0,False
2026-09-30T11:22:22.982405+00:00,13,NG-10.26-11.26,NGV6,NGX6,0.34,0.34,3.049,3.05,3.387,3.389,0.33999999999999986,0.3370000000000002,-25.328489999998617,1.4060136388494014e-12,16.4,-41.728489999998615,-16.39999999999859,269,666.0,3624.0,False
2026-09-30T11:22:22.982464+00:00,13,BRM-10.26-11.26,BMV6,BMX6,-5.86,-5.83,103.53,103.55,97.72,97.74,-5.790000000000006,-5.829999999999998,1.4997425523688434e-13,-5.909959999999499,6.48,-6.47999999999985,-12.3899599999995,269,2998.0,19724.0,False
2026-09-30T11:22:22.982525+00:00,13,GOLD-12.26-3.27,GDZ6,GDH7,54.0,54.1,4245.3,4245.5,4298.0,4298.7,53.399999999999636,52.5,-135.08528000000013,50.65698000003072,191.68,-326.76528000000013,-141.02301999996928,269,3066.0,10156.0,False
2026-09-30T11:22:22.982583+00:00,13,BR-10.26-11.26,BRV6,BRX6,-5.86,-5.83,103.57,103.58,97.73,97.74,-5.829999999999998,-5.849999999999994,-16.88565999999514,-25.32849000000171,46.7,-63.585659999995144,-72.02849000000171,269,11327.0,45976.0,False
2026-09-30T11:22:28.396897+00:00,14,MIX-12.26-3.27,MXZ6,MXH7,5300.0,5325.0,227025.0,227050.0,232325.0,232375.0,5350.0,5275.0,-50.0,-50.0,63.2,-113.2,-113.2,558,363.0,780.0,False
2026-09-30T11:22:28.397071+00:00,14,BR-11.26-12.26,BRX6,BRZ6,-2.55,-2.52,97.73,97.74,95.21,95.23,-2.5,-2.530000000000001,-8.442830000000946,-42.21414999999985,44.480000000000004,-52.92283000000095,-86.69414999999985,558,2796.0,8730.0,False
2026-09-30T11:22:28.397153+00:00,14,RTS-12.26-3.27,RIZ6,RIH7,-120.0,-90.0,84660.0,84670.0,84530.0,84590.0,-70.0,-140.0,-84.42830000000001,-84.42830000000001,39.8,-124.2283,-124.2283,558,322.0,728.0,False
2026-09-30T11:22:28.397223+00:00,14,Si-3.27-6.27,SiH7,SiM7,1909.0,1936.0,85821.0,85822.0,87749.0,87767.0,1946.0,1927.0,-9.0,-37.0,18.18,-27.18,-55.18,558,190.0,962.0,False
2026-09-30T11:22:28.397287+00:00,14,GAZR-12.26-3.27,GZZ6,GZH7,340.0,341.0,9964.0,9965.0,10304.0,10306.0,342.0,339.0,-2.0,-2.0,10.14,-12.14,-12.14,558,300.0,2158.0,False
2026-09-30T11:22:28.397348+00:00,14,Si-12.26-3.27,SiZ6,SiH7,1248.0,1251.0,84608.0,84609.0,85821.0,85822.0,1214.0,1212.0,-39.0,34.0,17.86,-56.86,16.14,558,10854.0,82176.0,True
2026-09-30T11:22:28.397458+00:00,14,TTF-9.26-10.26,FFU6,FFV6,3.1,3.12,69.8,69.805,72.82,72.89,3.0900000000000034,3.0149999999999864,-10.08651000000132,0.9606199999996808,5.5600000000000005,-15.64651000000132,-4.59938000000032,558,1484.0,8506.0,False
2026-09-30T11:22:28.397538+00:00,14,MXI-12.26-3.27,MMZ6,MMH7,53.95,54.0,2270.1,2270.15,2324.05,2324.15,54.05000000000018,53.90000000000009,-0.9999999999990905,-1.0000000000017906,8.120000000000001,-9.119999999999092,-9.120000000001792,558,548.0,2054.0,False
2026-09-30T11:22:28.397614+00:00,14,Eu-12.26-3.27,EuZ6,EuH7,1420.0,1427.0,96251.0,96254.0,97671.0,97677.0,1426.0,1417.0,-10.0,-6.0,20.0,-30.0,-26.0,558,364.0,1872.0,False
2026-09-30T11:22:28.397704+00:00,14,WHEAT-10.26-11.26,W4V6,W4X6,1610.0,1620.0,11490.0,11510.0,13100.0,13110.0,1620.0,1590.0,-30.0,-10.0,8.7,-38.7,-18.7,558,611.0,1868.0,False
2026-09-30T11:22:28.397782+00:00,14,TTF-10.26-11.26,FFV6,FFX6,1.29,1.3,72.82,72.89,74.1,74.17,1.3500000000000085,1.2099999999999937,-8.645580000000605,-5.7637200000008155,5.6,-14.245580000000604,-11.363720000000814,558,1255.0,5706.0,False
2026-09-30T11:22:28.397848+00:00,14,GOLDM-12.26-3.27,GNZ6,GNH7,53.4,53.8,4244.8,4245.1,4297.2,4298.8,54.0,52.099999999999454,-14.352760000004583,-5.065680000000012,20.96,-35.31276000000459,-26.025680000000012,558,456.0,1802.0,False
2026-09-30T11:22:28.397911+00:00,14,SBRF-12.26-3.27,SRZ6,SRH7,970.0,971.0,28119.0,28124.0,29089.0,29095.0,976.0,965.0,-6.0,-6.0,24.9,-30.9,-30.9,558,248.0,1312.0,False
2026-09-30T11:22:28.397973+00:00,14,BRM-11.26-12.26,BMX6,BMZ6,-2.61,-2.56,97.72,97.74,95.04,95.05,-2.6700000000000017,-2.6999999999999886,-11.819919999999035,5.065680000000154,6.24,-18.059919999999035,-1.1743199999998462,558,891.0,3976.0,False
2026-09-30T11:22:28.398035+00:00,14,VTBR-12.26-3.27,VBZ6,VBH7,182.0,183.0,5342.0,5343.0,5524.0,5526.0,184.0,181.0,-2.0,-2.0,6.32,-8.32,-8.32,558,486.0,4858.0,False
2026-09-30T11:22:28.398092+00:00,14,SILVM-12.26-3.27,S1Z6,S1H7,1.59,1.6,61.87,61.88,63.47,63.49,1.6200000000000045,1.5899999999999963,-0.8442800000003194,-2.5328400000003772,4.8,-5.644280000000319,-7.3328400000003775,558,251.0,1208.0,False
2026-09-30T11:22:28.398153+00:00,14,COCOA-11.26-2.27,CCX6,CCG7,22.4,22.5,462.9,463.0,485.3,485.5,22.600000000000023,22.30000000000001,-1.9999999999998863,-2.0000000000002416,4.5,-6.499999999999886,-6.500000000000242,558,1914.0,26774.0,False
2026-09-30T11:22:28.398215+00:00,14,NASD-12.26-3.27,NAZ6,NAH7,75.0,77.0,30321.0,30322.0,30397.0,30399.0,78.0,75.0,-1.68856,-2.53284,22.28,-23.96856,-24.81284,558,284.0,1784.0,False
2026-09-30T11:22:28.398274+00:00,14,BTC-10.26-11.26,BTV6,BTX6,494.0,500.0,84457.0,84483.0,84952.0,84983.0,526.0,469.0,-2.61733,-2.70176,13.36,-15.977329999999998,-16.06176,558,791.0,7784.0,False
2026-09-30T11:22:28.398338+00:00,14,CNY-12.26-3.27,CRZ6,CRH7,0.19,0.19,12.65,12.651,12.842,12.844,0.19399999999999906,0.19100000000000072,1.0000000000007225,-3.99999999999906,4.359999999999999,-3.359999999999277,-8.35999999999906,558,11094.0,256142.0,False
2026-09-30T11:22:28.398403+00:00,14,OZON-12.26-3.27,ONZ6,ONH7,56.0,57.0,3016.0,3018.0,3065.0,3070.0,54.0,47.0,-10.0,2.0,4.359999999999999,-14.36,-2.3599999999999994,558,312.0,2346.0,False
2026-09-30T11:22:28.398459+00:00,14,CNY-3.27-6.27,CRH7,CRM7,0.26,0.26,12.842,12.844,13.107,13.109,0.26699999999999946,0.2629999999999999,2.9999999999998916,-6.999999999999451,4.4,-1.4000000000001087,-11.399999999999451,558,436.0,7624.0,False
2026-09-30T11:22:28.398521+00:00,14,NG-11.26-12.26,NGX6,NGZ6,0.38,0.38,3.388,3.39,3.768,3.772,0.3839999999999999,0.37799999999999967,-16.885660000002826,-33.77131999999909,17.96,-34.84566000000282,-51.731319999999094,558,171.0,574.0,False
2026-09-30T11:22:28.398581+00:00,14,COFFEE-11.26-2.27,KCX6,KCG7,-0.05,-0.05,2.998,2.999,2.948,2.951,-0.04700000000000015,-0.051000000000000156,-0.8442800000001296,-2.532839999999873,3.3200000000000003,-4.164280000000129,-5.8528399999998735,558,849.0,11642.0,False
2026-09-30T11:22:28.398647+00:00,14,GL-12.26-3.27,GLZ6,GLH7,328.5,331.5,11523.6,11524.5,11853.3,11855.4,331.7999999999993,328.7999999999993,-2.7000000000007276,-3.2999999999992724,8.2,-10.900000000000727,-11.499999999999272,558,1849.0,26912.0,False
2026-09-30T11:22:28.398745+00:00,14,NG-10.26-11.26,NGV6,NGX6,0.34,0.34,3.051,3.052,3.388,3.39,0.33899999999999997,0.33599999999999985,-33.77132000000144,8.442830000000477,16.4,-50.17132000000144,-7.957169999999522,558,666.0,3624.0,False
2026-09-30T11:22:28.398819+00:00,14,BRM-10.26-11.26,BMV6,BMX6,-5.86,-5.83,103.53,103.54,97.72,97.74,-5.790000000000006,-5.820000000000007,0.8442799999993821,-5.909959999999499,6.48,-5.635720000000618,-12.3899599999995,558,2998.0,19724.0,False
2026-09-30T11:22:28.398883+00:00,14,GOLD-12.26-3.27,GDZ6,GDH7,54.0,54.1,4245.0,4245.2,4297.7,4298.4,53.399999999999636,52.5,-135.08528000000013,50.65698000003072,191.68,-326.76528000000013,-141.02301999996928,558,3066.0,10156.0,False
2026-09-30T11:22:28.398943+00:00,14,BR-10.26-11.26,BRV6,BRX6,-5.86,-5.83,103.57,103.58,97.73,97.74,-5.829999999999998,-5.849999999999994,-16.88565999999514,-25.32849000000171,46.7,-63.585659999995144,-72.02849000000171,558,11327.0,45976.0,False
2026-09-30T11:22:33.374686+00:00,15,MIX-12.26-3.27,MXZ6,MXH7,5300.0,5325.0,227000.0,227025.0,232300.0,232350.0,5350.0,5275.0,-50.0,-50.0,63.2,-113.2,-113.2,481,363.0,780.0,False
2026-09-30T11:22:33.374898+00:00,15,BR-11.26-12.26,BRX6,BRZ6,-2.55,-2.52,97.73,97.75,95.21,95.23,-2.5,-2.5400000000000063,-16.885660000005263,-42.21414999999985,44.480000000000004,-61.36566000000526,-86.69414999999985,481,2796.0,8730.0,False
2026-09-30T11:22:33.374983+00:00,15,RTS-12.26-3.27,RIZ6,RIH7,-120.0,-90.0,84650.0,84660.0,84520.0,84580.0,-70.0,-140.0,-84.42830000000001,-84.42830000000001,39.8,-124.2283,-124.2283,481,322.0,728.0,False
2026-09-30T11:22:33.375053+00:00,15,Si-3.27-6.27,SiH7,SiM7,1909.0,1936.0,85830.0,85835.0,87749.0,87783.0,1953.0,1914.0,-22.0,-44.0,18.18,-40.18,-62.18,481,190.0,962.0,False
2026-09-30T11:22:33.375115+00:00,15,GAZR-12.26-3.27,GZZ6,GZH7,340.0,341.0,9965.0,9966.0,10305.0,10307.0,342.0,339.0,-2.0,-2.0,10.14,-12.14,-12.14,481,300.0,2158.0,False
2026-09-30T11:22:33.375176+00:00,15,Si-12.26-3.27,SiZ6,SiH7,1248.0,1251.0,84620.0,84621.0,85830.0,85835.0,1215.0,1209.0,-42.0,33.0,17.86,-59.86,15.14,481,10854.0,82176.0,True
2026-09-30T11:22:33.375291+00:00,15,TTF-9.26-10.26,FFU6,FFV6,3.1,3.12,69.8,69.805,72.82,72.89,3.0900000000000034,3.0149999999999864,-10.08651000000132,0.9606199999996808,5.5600000000000005,-15.64651000000132,-4.59938000000032,481,1484.0,8506.0,False
2026-09-30T11:22:33.375366+00:00,15,MXI-12.26-3.27,MMZ6,MMH7,53.95,54.0,2270.15,2270.2,2324.1,2324.2,54.04999999999973,53.90000000000009,-0.9999999999990905,-0.9999999999972431,8.120000000000001,-9.119999999999092,-9.119999999997244,481,548.0,2054.0,False
2026-09-30T11:22:33.375436+00:00,15,Eu-12.26-3.27,EuZ6,EuH7,1420.0,1427.0,96278.0,96282.0,97698.0,97705.0,1427.0,1416.0,-11.0,-7.0,20.0,-31.0,-27.0,481,364.0,1872.0,False
2026-09-30T11:22:33.375499+00:00,15,WHEAT-10.26-11.26,W4V6,W4X6,1610.0,1620.0,11490.0,11510.0,13100.0,13110.0,1620.0,1590.0,-30.0,-10.0,8.7,-38.7,-18.7,481,611.0,1868.0,False
2026-09-30T11:22:33.375568+00:00,15,TTF-10.26-11.26,FFV6,FFX6,1.29,1.3,72.82,72.89,74.1,74.17,1.3500000000000085,1.2099999999999937,-8.645580000000605,-5.7637200000008155,5.6,-14.245580000000604,-11.363720000000814,481,1255.0,5706.0,False
2026-09-30T11:22:33.375646+00:00,15,GOLDM-12.26-3.27,GNZ6,GNH7,53.4,53.8,4244.7,4245.0,4297.2,4298.7,54.0,52.19999999999982,-13.508480000001512,-5.065680000000012,20.96,-34.46848000000151,-26.025680000000012,481,456.0,1802.0,False
2026-09-30T11:22:33.375757+00:00,15,SBRF-12.26-3.27,SRZ6,SRH7,970.0,971.0,28121.0,28124.0,29091.0,29095.0,974.0,967.0,-4.0,-4.0,24.9,-28.9,-28.9,481,248.0,1312.0,False
2026-09-30T11:22:33.375833+00:00,15,BRM-11.26-12.26,BMX6,BMZ6,-2.61,-2.56,97.72,97.74,95.04,95.05,-2.6700000000000017,-2.6999999999999886,-11.819919999999035,5.065680000000154,6.24,-18.059919999999035,-1.1743199999998462,481,891.0,3976.0,False
2026-09-30T11:22:33.375895+00:00,15,VTBR-12.26-3.27,VBZ6,VBH7,182.0,183.0,5342.0,5343.0,5524.0,5526.0,184.0,181.0,-2.0,-2.0,6.32,-8.32,-8.32,481,486.0,4858.0,False
2026-09-30T11:22:33.375953+00:00,15,SILVM-12.26-3.27,S1Z6,S1H7,1.59,1.6,61.87,61.88,63.47,63.48,1.6099999999999994,1.5899999999999963,-0.8442800000003194,-1.6885599999999452,4.8,-5.644280000000319,-6.488559999999945,481,251.0,1208.0,False
2026-09-30T11:22:33.376031+00:00,15,COCOA-11.26-2.27,CCX6,CCG7,22.4,22.5,463.1,463.2,485.5,485.7,22.599999999999966,22.30000000000001,-1.9999999999998863,-1.9999999999996732,4.5,-6.499999999999886,-6.499999999999673,481,1914.0,26774.0,False
2026-09-30T11:22:33.376097+00:00,15,NASD-12.26-3.27,NAZ6,NAH7,75.0,77.0,30314.0,30316.0,30390.0,30393.0,79.0,74.0,-2.53284,-3.37712,22.28,-24.81284,-25.657120000000003,481,284.0,1784.0,False
2026-09-30T11:22:33.376156+00:00,15,BTC-10.26-11.26,BTV6,BTX6,494.0,500.0,84452.0,84467.0,84947.0,84968.0,516.0,480.0,-1.6886,-1.85746,13.36,-15.0486,-15.217459999999999,481,791.0,7784.0,False
2026-09-30T11:22:33.376215+00:00,15,CNY-12.26-3.27,CRZ6,CRH7,0.19,0.19,12.652,12.653,12.844,12.846,0.19400000000000084,0.19099999999999895,0.9999999999989462,-4.000000000000837,4.359999999999999,-3.3600000000010533,-8.360000000000836,481,11094.0,256142.0,False
2026-09-30T11:22:33.376279+00:00,15,OZON-12.26-3.27,ONZ6,ONH7,56.0,57.0,3016.0,3018.0,3065.0,3070.0,54.0,47.0,-10.0,2.0,4.359999999999999,-14.36,-2.3599999999999994,481,312.0,2346.0,False
2026-09-30T11:22:33.376335+00:00,15,CNY-3.27-6.27,CRH7,CRM7,0.26,0.26,12.844,12.846,13.107,13.114,0.27000000000000135,0.26099999999999923,0.9999999999992237,-10.000000000001341,4.4,-3.4000000000007766,-14.400000000001342,481,436.0,7624.0,False
2026-09-30T11:22:33.376406+00:00,15,NG-11.26-12.26,NGX6,NGZ6,0.38,0.38,3.388,3.39,3.768,3.772,0.3839999999999999,0.37799999999999967,-16.885660000002826,-33.77131999999909,17.96,-34.84566000000282,-51.731319999999094,481,171.0,574.0,False
2026-09-30T11:22:33.376469+00:00,15,COFFEE-11.26-2.27,KCX6,KCG7,-0.05,-0.05,2.998,2.999,2.948,2.951,-0.04700000000000015,-0.051000000000000156,-0.8442800000001296,-2.532839999999873,3.3200000000000003,-4.164280000000129,-5.8528399999998735,481,849.0,11642.0,False
2026-09-30T11:22:33.376538+00:00,15,GL-12.26-3.27,GLZ6,GLH7,328.5,331.5,11523.6,11524.1,11853.3,11855.0,331.39999999999964,329.1999999999989,-2.3000000000010914,-2.899999999999636,8.2,-10.50000000000109,-11.099999999999635,481,1849.0,26912.0,False
2026-09-30T11:22:33.376601+00:00,15,NG-10.26-11.26,NGV6,NGX6,0.34,0.34,3.051,3.052,3.388,3.39,0.33899999999999997,0.33599999999999985,-33.77132000000144,8.442830000000477,16.4,-50.17132000000144,-7.957169999999522,481,666.0,3624.0,False
2026-09-30T11:22:33.376666+00:00,15,BRM-10.26-11.26,BMV6,BMX6,-5.86,-5.83,103.53,103.54,97.72,97.74,-5.790000000000006,-5.820000000000007,0.8442799999993821,-5.909959999999499,6.48,-5.635720000000618,-12.3899599999995,481,2998.0,19724.0,False
2026-09-30T11:22:33.376770+00:00,15,GOLD-12.26-3.27,GDZ6,GDH7,54.0,54.1,4245.0,4245.1,4297.7,4298.3,53.30000000000018,52.599999999999454,-126.6424500000462,59.09980999998465,191.68,-318.3224500000462,-132.58019000001536,481,3066.0,10156.0,False
2026-09-30T11:22:33.376845+00:00,15,BR-10.26-11.26,BRV6,BRX6,-5.86,-5.83,103.57,103.58,97.73,97.75,-5.819999999999993,-5.849999999999994,-16.88565999999514,-33.77132000000603,46.7,-63.585659999995144,-80.47132000000603,481,11327.0,45976.0,False
2026-09-30T11:22:38.173509+00:00,16,MIX-12.26-3.27,MXZ6,MXH7,5300.0,5325.0,227025.0,227050.0,232325.0,232375.0,5350.0,5275.0,-50.0,-50.0,63.2,-113.2,-113.2,373,363.0,780.0,False
2026-09-30T11:22:38.173726+00:00,16,BR-11.26-12.26,BRX6,BRZ6,-2.55,-2.52,97.74,97.75,95.22,95.23,-2.509999999999991,-2.530000000000001,-8.442830000000946,-33.77132000000753,44.480000000000004,-52.92283000000095,-78.25132000000752,373,2796.0,8730.0,False
2026-09-30T11:22:38.173820+00:00,16,RTS-12.26-3.27,RIZ6,RIH7,-120.0,-90.0,84660.0,84670.0,84530.0,84590.0,-70.0,-140.0,-84.42830000000001,-84.42830000000001,39.8,-124.2283,-124.2283,373,322.0,728.0,False
2026-09-30T11:22:38.173892+00:00,16,Si-3.27-6.27,SiH7,SiM7,1909.0,1936.0,85820.0,85821.0,87749.0,87779.0,1959.0,1928.0,-8.0,-50.0,18.18,-26.18,-68.18,373,190.0,962.0,False
2026-09-30T11:22:38.173959+00:00,16,GAZR-12.26-3.27,GZZ6,GZH7,340.0,341.0,9967.0,9968.0,10307.0,10309.0,342.0,339.0,-2.0,-2.0,10.14,-12.14,-12.14,373,300.0,2158.0,False
2026-09-30T11:22:38.174033+00:00,16,Si-12.26-3.27,SiZ6,SiH7,1248.0,1251.0,84607.0,84608.0,85820.0,85821.0,1214.0,1212.0,-39.0,34.0,17.86,-56.86,16.14,373,10854.0,82176.0,True
2026-09-30T11:22:38.174150+00:00,16,TTF-9.26-10.26,FFU6,FFV6,3.1,3.12,69.8,69.805,72.81,72.885,3.085000000000008,3.0049999999999955,-11.047130000000447,1.440929999999244,5.5600000000000005,-16.607130000000446,-4.1190700000007565,373,1484.0,8506.0,False
2026-09-30T11:22:38.174218+00:00,16,MXI-12.26-3.27,MMZ6,MMH7,53.95,54.0,2270.2,2270.4,2324.15,2324.4,54.20000000000027,53.75,-2.5,-2.5000000000027,8.120000000000001,-10.620000000000001,-10.620000000002701,373,548.0,2054.0,False
2026-09-30T11:22:38.174293+00:00,16,Eu-12.26-3.27,EuZ6,EuH7,1420.0,1427.0,96258.0,96268.0,97678.0,97691.0,1433.0,1410.0,-17.0,-13.0,20.0,-37.0,-33.0,373,364.0,1872.0,False
2026-09-30T11:22:38.174358+00:00,16,WHEAT-10.26-11.26,W4V6,W4X6,1610.0,1620.0,11490.0,11510.0,13100.0,13110.0,1620.0,1590.0,-30.0,-10.0,8.7,-38.7,-18.7,373,611.0,1868.0,False
2026-09-30T11:22:38.174415+00:00,16,TTF-10.26-11.26,FFV6,FFX6,1.29,1.3,72.81,72.885,74.09,74.165,1.355000000000004,1.2049999999999983,-9.125890000000167,-6.244030000000379,5.6,-14.725890000000167,-11.844030000000378,373,1255.0,5706.0,False
2026-09-30T11:22:38.174479+00:00,16,GOLDM-12.26-3.27,GNZ6,GNH7,53.4,53.8,4244.1,4244.4,4296.5,4298.1,54.0,52.100000000000364,-14.352759999996906,-5.065680000000012,20.96,-35.312759999996906,-26.025680000000012,373,456.0,1802.0,False
2026-09-30T11:22:38.174543+00:00,16,SBRF-12.26-3.27,SRZ6,SRH7,970.0,971.0,28122.0,28123.0,29092.0,29094.0,972.0,969.0,-2.0,-2.0,24.9,-26.9,-26.9,373,248.0,1312.0,False
2026-09-30T11:22:38.174609+00:00,16,BRM-11.26-12.26,BMX6,BMZ6,-2.61,-2.56,97.74,97.75,95.05,95.13,-2.6099999999999994,-2.700000000000003,-11.819920000000234,-3.7493563809221085e-14,6.24,-18.059920000000233,-6.2400000000000375,373,891.0,3976.0,False
2026-09-30T11:22:38.174675+00:00,16,VTBR-12.26-3.27,VBZ6,VBH7,182.0,183.0,5342.0,5343.0,5524.0,5526.0,184.0,181.0,-2.0,-2.0,6.32,-8.32,-8.32,373,486.0,4858.0,False
2026-09-30T11:22:38.174782+00:00,16,SILVM-12.26-3.27,S1Z6,S1H7,1.59,1.6,61.86,61.87,63.46,63.48,1.6199999999999974,1.5900000000000034,-0.8442799999997195,-2.5328399999997773,4.8,-5.6442799999997195,-7.332839999999777,373,251.0,1208.0,False
2026-09-30T11:22:38.174860+00:00,16,COCOA-11.26-2.27,CCX6,CCG7,22.4,22.5,463.6,463.7,486.0,486.1,22.5,22.30000000000001,-1.9999999999998863,-1.0000000000000142,4.5,-6.499999999999886,-5.500000000000014,373,1914.0,26774.0,False
2026-09-30T11:22:38.174929+00:00,16,NASD-12.26-3.27,NAZ6,NAH7,75.0,77.0,30315.0,30316.0,30391.0,30393.0,78.0,75.0,-1.68856,-2.53284,22.28,-23.96856,-24.81284,373,284.0,1784.0,False
2026-09-30T11:22:38.174994+00:00,16,BTC-10.26-11.26,BTV6,BTX6,494.0,500.0,84439.0,84466.0,84934.0,84967.0,528.0,468.0,-2.70176,-2.87062,13.36,-16.06176,-16.23062,373,791.0,7784.0,False
2026-09-30T11:22:38.175054+00:00,16,CNY-12.26-3.27,CRZ6,CRH7,0.19,0.19,12.65,12.651,12.843,12.845,0.19500000000000028,0.19200000000000017,2.0000000000001683,-5.000000000000282,4.359999999999999,-2.359999999999831,-9.360000000000282,373,11094.0,256142.0,False
2026-09-30T11:22:38.175116+00:00,16,OZON-12.26-3.27,ONZ6,ONH7,56.0,57.0,3016.0,3017.0,3065.0,3069.0,53.0,48.0,-9.0,3.0,4.359999999999999,-13.36,-1.3599999999999994,373,312.0,2346.0,False
2026-09-30T11:22:38.175172+00:00,16,CNY-3.27-6.27,CRH7,CRM7,0.26,0.26,12.843,12.845,13.107,13.114,0.2710000000000008,0.2619999999999987,1.9999999999986695,-11.000000000000787,4.4,-2.400000000001331,-15.400000000000787,373,436.0,7624.0,False
2026-09-30T11:22:38.175235+00:00,16,NG-11.26-12.26,NGX6,NGZ6,0.38,0.38,3.388,3.39,3.768,3.772,0.3839999999999999,0.37799999999999967,-16.885660000002826,-33.77131999999909,17.96,-34.84566000000282,-51.731319999999094,373,171.0,574.0,False
2026-09-30T11:22:38.175302+00:00,16,COFFEE-11.26-2.27,KCX6,KCG7,-0.05,-0.05,2.998,2.999,2.948,2.951,-0.04700000000000015,-0.051000000000000156,-0.8442800000001296,-2.532839999999873,3.3200000000000003,-4.164280000000129,-5.8528399999998735,373,849.0,11642.0,False
2026-09-30T11:22:38.175372+00:00,16,GL-12.26-3.27,GLZ6,GLH7,328.5,331.5,11522.4,11522.7,11853.3,11853.6,331.2000000000007,330.59999999999854,-0.9000000000014552,-2.7000000000007276,8.2,-9.100000000001454,-10.900000000000727,373,1849.0,26912.0,False
2026-09-30T11:22:38.175436+00:00,16,NG-10.26-11.26,NGV6,NGX6,0.34,0.34,3.051,3.052,3.388,3.39,0.33899999999999997,0.33599999999999985,-33.77132000000144,8.442830000000477,16.4,-50.17132000000144,-7.957169999999522,373,666.0,3624.0,False
2026-09-30T11:22:38.175497+00:00,16,BRM-10.26-11.26,BMV6,BMX6,-5.86,-5.83,103.55,103.56,97.74,97.75,-5.799999999999997,-5.820000000000007,0.8442799999993821,-5.065680000000267,6.48,-5.635720000000618,-11.545680000000267,373,2998.0,19724.0,False
2026-09-30T11:22:38.175558+00:00,16,GOLD-12.26-3.27,GDZ6,GDH7,54.0,54.1,4244.3,4244.4,4297.0,4297.6,53.30000000000018,52.600000000000364,-126.64244999996941,59.09980999998465,191.68,-318.3224499999694,-132.58019000001536,373,3066.0,10156.0,False
2026-09-30T11:22:38.175617+00:00,16,BR-10.26-11.26,BRV6,BRX6,-5.86,-5.83,103.59,103.6,97.74,97.75,-5.840000000000003,-5.859999999999999,-25.328489999999462,-16.88565999999739,46.7,-72.02848999999946,-63.58565999999739,373,11327.0,45976.0,False
2026-09-30T11:22:43.015929+00:00,17,MIX-12.26-3.27,MXZ6,MXH7,5300.0,5325.0,227025.0,227050.0,232325.0,232375.0,5350.0,5275.0,-50.0,-50.0,63.2,-113.2,-113.2,400,363.0,780.0,False
2026-09-30T11:22:43.016090+00:00,17,BR-11.26-12.26,BRX6,BRZ6,-2.55,-2.52,97.75,97.76,95.23,95.26,-2.489999999999995,-2.530000000000001,-8.442830000000946,-50.65698000000417,44.480000000000004,-52.92283000000095,-95.13698000000417,400,2796.0,8730.0,False
2026-09-30T11:22:43.016167+00:00,17,RTS-12.26-3.27,RIZ6,RIH7,-120.0,-90.0,84660.0,84670.0,84530.0,84590.0,-70.0,-140.0,-84.42830000000001,-84.42830000000001,39.8,-124.2283,-124.2283,400,322.0,728.0,False
2026-09-30T11:22:43.016234+00:00,17,Si-3.27-6.27,SiH7,SiM7,1909.0,1936.0,85819.0,85820.0,87749.0,87765.0,1946.0,1929.0,-7.0,-37.0,18.18,-25.18,-55.18,400,190.0,962.0,False
2026-09-30T11:22:43.016297+00:00,17,GAZR-12.26-3.27,GZZ6,GZH7,340.0,341.0,9967.0,9968.0,10307.0,10309.0,342.0,339.0,-2.0,-2.0,10.14,-12.14,-12.14,400,300.0,2158.0,False
2026-09-30T11:22:43.016355+00:00,17,Si-12.26-3.27,SiZ6,SiH7,1248.0,1251.0,84606.0,84607.0,85819.0,85820.0,1214.0,1212.0,-39.0,34.0,17.86,-56.86,16.14,400,10854.0,82176.0,True
2026-09-30T11:22:43.016466+00:00,17,TTF-9.26-10.26,FFU6,FFV6,3.1,3.12,69.8,69.805,72.81,72.885,3.085000000000008,3.0049999999999955,-11.047130000000447,1.440929999999244,5.5600000000000005,-16.607130000000446,-4.1190700000007565,400,1484.0,8506.0,False
2026-09-30T11:22:43.016532+00:00,17,MXI-12.26-3.27,MMZ6,MMH7,53.95,54.0,2270.15,2270.3,2324.1,2324.3,54.15000000000009,53.79999999999973,-2.0000000000027285,-2.000000000000881,8.120000000000001,-10.12000000000273,-10.120000000000882,400,548.0,2054.0,False
2026-09-30T11:22:43.016596+00:00,17,Eu-12.26-3.27,EuZ6,EuH7,1420.0,1427.0,96256.0,96260.0,97676.0,97683.0,1427.0,1416.0,-11.0,-7.0,20.0,-31.0,-27.0,400,364.0,1872.0,False
2026-09-30T11:22:43.016653+00:00,17,WHEAT-10.26-11.26,W4V6,W4X6,1610.0,1620.0,11500.0,11510.0,13110.0,13120.0,1620.0,1600.0,-20.0,-10.0,8.7,-28.7,-18.7,400,611.0,1868.0,False
2026-09-30T11:22:43.016754+00:00,17,TTF-10.26-11.26,FFV6,FFX6,1.29,1.3,72.81,72.885,74.09,74.165,1.355000000000004,1.2049999999999983,-9.125890000000167,-6.244030000000379,5.6,-14.725890000000167,-11.844030000000378,400,1255.0,5706.0,False
2026-09-30T11:22:43.016834+00:00,17,GOLDM-12.26-3.27,GNZ6,GNH7,53.4,53.8,4244.0,4244.3,4296.4,4298.0,54.0,52.099999999999454,-14.352760000004583,-5.065680000000012,20.96,-35.31276000000459,-26.025680000000012,400,456.0,1802.0,False
2026-09-30T11:22:43.016898+00:00,17,SBRF-12.26-3.27,SRZ6,SRH7,970.0,971.0,28122.0,28123.0,29092.0,29094.0,972.0,969.0,-2.0,-2.0,24.9,-26.9,-26.9,400,248.0,1312.0,False
2026-09-30T11:22:43.016957+00:00,17,BRM-11.26-12.26,BMX6,BMZ6,-2.61,-2.56,97.75,97.77,95.07,95.14,-2.6099999999999994,-2.700000000000003,-11.819920000000234,-3.7493563809221085e-14,6.24,-18.059920000000233,-6.2400000000000375,400,891.0,3976.0,False
2026-09-30T11:22:43.017032+00:00,17,VTBR-12.26-3.27,VBZ6,VBH7,182.0,183.0,5344.0,5346.0,5526.0,5529.0,185.0,180.0,-3.0,-3.0,6.32,-9.32,-9.32,400,486.0,4858.0,False
2026-09-30T11:22:43.017093+00:00,17,SILVM-12.26-3.27,S1Z6,S1H7,1.59,1.6,61.85,61.86,63.45,63.47,1.6199999999999974,1.5900000000000034,-0.8442799999997195,-2.5328399999997773,4.8,-5.6442799999997195,-7.332839999999777,400,251.0,1208.0,False
2026-09-30T11:22:43.017160+00:00,17,COCOA-11.26-2.27,CCX6,CCG7,22.4,22.5,463.6,463.7,486.0,486.2,22.599999999999966,22.30000000000001,-1.9999999999998863,-1.9999999999996732,4.5,-6.499999999999886,-6.499999999999673,400,1914.0,26774.0,False
2026-09-30T11:22:43.017224+00:00,17,NASD-12.26-3.27,NAZ6,NAH7,75.0,77.0,30312.0,30314.0,30388.0,30391.0,79.0,74.0,-2.53284,-3.37712,22.28,-24.81284,-25.657120000000003,400,284.0,1784.0,False
2026-09-30T11:22:43.017282+00:00,17,BTC-10.26-11.26,BTV6,BTX6,494.0,500.0,84440.0,84469.0,84936.0,84969.0,529.0,467.0,-2.7861900000000004,-2.95505,13.36,-16.14619,-16.31505,400,791.0,7784.0,False
2026-09-30T11:22:43.017340+00:00,17,CNY-12.26-3.27,CRZ6,CRH7,0.19,0.19,12.65,12.651,12.843,12.844,0.19399999999999906,0.19200000000000017,2.0000000000001683,-3.99999999999906,4.359999999999999,-2.359999999999831,-8.35999999999906,400,11094.0,256142.0,False
2026-09-30T11:22:43.017403+00:00,17,OZON-12.26-3.27,ONZ6,ONH7,56.0,57.0,3016.0,3017.0,3065.0,3069.0,53.0,48.0,-9.0,3.0,4.359999999999999,-13.36,-1.3599999999999994,400,312.0,2346.0,False
2026-09-30T11:22:43.017465+00:00,17,CNY-3.27-6.27,CRH7,CRM7,0.26,0.26,12.843,12.844,13.107,13.109,0.266,0.2629999999999999,2.9999999999998916,-6.000000000000005,4.4,-1.4000000000001087,-10.400000000000006,400,436.0,7624.0,False
2026-09-30T11:22:43.017528+00:00,17,NG-11.26-12.26,NGX6,NGZ6,0.38,0.38,3.388,3.39,3.768,3.772,0.3839999999999999,0.37799999999999967,-16.885660000002826,-33.77131999999909,17.96,-34.84566000000282,-51.731319999999094,400,171.0,574.0,False
2026-09-30T11:22:43.017588+00:00,17,COFFEE-11.26-2.27,KCX6,KCG7,-0.05,-0.05,2.998,2.999,2.948,2.951,-0.04700000000000015,-0.051000000000000156,-0.8442800000001296,-2.532839999999873,3.3200000000000003,-4.164280000000129,-5.8528399999998735,400,849.0,11642.0,False
2026-09-30T11:22:43.017649+00:00,17,GL-12.26-3.27,GLZ6,GLH7,328.5,331.5,11522.2,11522.3,11852.2,11853.2,331.0,329.90000000000146,-1.5999999999985448,-2.5,8.2,-9.799999999998544,-10.7,400,1849.0,26912.0,False
2026-09-30T11:22:43.017747+00:00,17,NG-10.26-11.26,NGV6,NGX6,0.34,0.34,3.051,3.052,3.388,3.39,0.33899999999999997,0.33599999999999985,-33.77132000000144,8.442830000000477,16.4,-50.17132000000144,-7.957169999999522,400,666.0,3624.0,False
2026-09-30T11:22:43.017815+00:00,17,BRM-10.26-11.26,BMV6,BMX6,-5.86,-5.83,103.62,103.63,97.75,97.77,-5.8500000000000085,-5.8799999999999955,-4.22139999999961,-0.8442799999993071,6.48,-10.70139999999961,-7.324279999999307,400,2998.0,19724.0,False
2026-09-30T11:22:43.017884+00:00,17,GOLD-12.26-3.27,GDZ6,GDH7,54.0,54.1,4244.2,4244.4,4296.9,4297.6,53.400000000000546,52.5,-135.08528000000013,50.65697999995393,191.68,-326.76528000000013,-141.02302000004607,400,3066.0,10156.0,False
2026-09-30T11:22:43.017951+00:00,17,BR-10.26-11.26,BRV6,BRX6,-5.86,-5.83,103.62,103.63,97.75,97.76,-5.859999999999999,-5.8799999999999955,-42.2141499999961,-7.498739407196808e-13,46.7,-88.91414999999611,-46.700000000000756,400,11327.0,45976.0,False
2026-09-30T11:22:47.859938+00:00,18,MIX-12.26-3.27,MXZ6,MXH7,5300.0,5325.0,227050.0,227075.0,232350.0,232400.0,5350.0,5275.0,-50.0,-50.0,63.2,-113.2,-113.2,396,363.0,780.0,False
2026-09-30T11:22:47.860103+00:00,18,BR-11.26-12.26,BRX6,BRZ6,-2.55,-2.52,97.75,97.77,95.23,95.26,-2.489999999999995,-2.539999999999992,-16.885659999993266,-50.65698000000417,44.480000000000004,-61.36565999999327,-95.13698000000417,396,2796.0,8730.0,False
2026-09-30T11:22:47.860181+00:00,18,RTS-12.26-3.27,RIZ6,RIH7,-120.0,-90.0,84660.0,84670.0,84530.0,84590.0,-70.0,-140.0,-84.42830000000001,-84.42830000000001,39.8,-124.2283,-124.2283,396,322.0,728.0,False
2026-09-30T11:22:47.860262+00:00,18,Si-3.27-6.27,SiH7,SiM7,1909.0,1936.0,85821.0,85826.0,87749.0,87776.0,1955.0,1923.0,-13.0,-46.0,18.18,-31.18,-64.18,396,190.0,962.0,False
2026-09-30T11:22:47.860327+00:00,18,GAZR-12.26-3.27,GZZ6,GZH7,340.0,341.0,9967.0,9968.0,10307.0,10309.0,342.0,339.0,-2.0,-2.0,10.14,-12.14,-12.14,396,300.0,2158.0,False
2026-09-30T11:22:47.860388+00:00,18,Si-12.26-3.27,SiZ6,SiH7,1248.0,1251.0,84609.0,84610.0,85821.0,85826.0,1217.0,1211.0,-40.0,31.0,17.86,-57.86,13.14,396,10854.0,82176.0,True
2026-09-30T11:22:47.860496+00:00,18,TTF-9.26-10.26,FFU6,FFV6,3.1,3.12,69.8,69.805,72.79,72.88,3.0799999999999983,2.9849999999999994,-12.968370000000064,1.9212400000001724,5.5600000000000005,-18.528370000000066,-3.638759999999828,396,1484.0,8506.0,False
2026-09-30T11:22:47.860561+00:00,18,MXI-12.26-3.27,MMZ6,MMH7,53.95,54.0,2270.2,2270.5,2324.15,2324.5,54.30000000000018,53.65000000000009,-3.4999999999990905,-3.5000000000017906,8.120000000000001,-11.619999999999092,-11.620000000001792,396,548.0,2054.0,False
2026-09-30T11:22:47.860626+00:00,18,Eu-12.26-3.27,EuZ6,EuH7,1420.0,1427.0,96268.0,96270.0,97688.0,97693.0,1425.0,1418.0,-9.0,-5.0,20.0,-29.0,-25.0,396,364.0,1872.0,False
2026-09-30T11:22:47.860717+00:00,18,WHEAT-10.26-11.26,W4V6,W4X6,1610.0,1620.0,11500.0,11510.0,13110.0,13120.0,1620.0,1600.0,-20.0,-10.0,8.7,-28.7,-18.7,396,611.0,1868.0,False
2026-09-30T11:22:47.860794+00:00,18,TTF-10.26-11.26,FFV6,FFX6,1.29,1.3,72.79,72.88,74.07,74.165,1.375,1.1899999999999977,-10.566820000000222,-8.165269999999996,5.6,-16.16682000000022,-13.765269999999996,396,1255.0,5706.0,False
2026-09-30T11:22:47.860867+00:00,18,GOLDM-12.26-3.27,GNZ6,GNH7,53.4,53.8,4243.8,4244.1,4296.2,4297.8,54.0,52.099999999999454,-14.352760000004583,-5.065680000000012,20.96,-35.31276000000459,-26.025680000000012,396,456.0,1802.0,False
2026-09-30T11:22:47.860929+00:00,18,SBRF-12.26-3.27,SRZ6,SRH7,970.0,971.0,28122.0,28123.0,29092.0,29094.0,972.0,969.0,-2.0,-2.0,24.9,-26.9,-26.9,396,248.0,1312.0,False
2026-09-30T11:22:47.860994+00:00,18,BRM-11.26-12.26,BMX6,BMZ6,-2.61,-2.56,97.75,97.77,95.07,95.14,-2.6099999999999994,-2.700000000000003,-11.819920000000234,-3.7493563809221085e-14,6.24,-18.059920000000233,-6.2400000000000375,396,891.0,3976.0,False
2026-09-30T11:22:47.861059+00:00,18,VTBR-12.26-3.27,VBZ6,VBH7,182.0,183.0,5344.0,5346.0,5526.0,5529.0,185.0,180.0,-3.0,-3.0,6.32,-9.32,-9.32,396,486.0,4858.0,False
2026-09-30T11:22:47.861116+00:00,18,SILVM-12.26-3.27,S1Z6,S1H7,1.59,1.6,61.85,61.86,63.45,63.47,1.6199999999999974,1.5900000000000034,-0.8442799999997195,-2.5328399999997773,4.8,-5.6442799999997195,-7.332839999999777,396,251.0,1208.0,False
2026-09-30T11:22:47.861177+00:00,18,COCOA-11.26-2.27,CCX6,CCG7,22.4,22.5,463.5,463.6,485.9,486.1,22.600000000000023,22.299999999999955,-2.0000000000004547,-2.0000000000002416,4.5,-6.500000000000455,-6.500000000000242,396,1914.0,26774.0,False
2026-09-30T11:22:47.861238+00:00,18,NASD-12.26-3.27,NAZ6,NAH7,75.0,77.0,30312.0,30313.0,30388.0,30390.0,78.0,75.0,-1.68856,-2.53284,22.28,-23.96856,-24.81284,396,284.0,1784.0,False
2026-09-30T11:22:47.861300+00:00,18,BTC-10.26-11.26,BTV6,BTX6,494.0,500.0,84446.0,84469.0,84945.0,84969.0,523.0,476.0,-2.02632,-2.4484700000000004,13.36,-15.38632,-15.80847,396,791.0,7784.0,False
2026-09-30T11:22:47.861359+00:00,18,CNY-12.26-3.27,CRZ6,CRH7,0.19,0.19,12.651,12.652,12.843,12.846,0.19500000000000028,0.19100000000000072,1.0000000000007225,-5.000000000000282,4.359999999999999,-3.359999999999277,-9.360000000000282,396,11094.0,256142.0,False
2026-09-30T11:22:47.861421+00:00,18,OZON-12.26-3.27,ONZ6,ONH7,56.0,57.0,3016.0,3017.0,3065.0,3069.0,53.0,48.0,-9.0,3.0,4.359999999999999,-13.36,-1.3599999999999994,396,312.0,2346.0,False
2026-09-30T11:22:47.861479+00:00,18,CNY-3.27-6.27,CRH7,CRM7,0.26,0.26,12.843,12.846,13.107,13.112,0.26900000000000013,0.26099999999999923,0.9999999999992237,-9.000000000000119,4.4,-3.4000000000007766,-13.40000000000012,396,436.0,7624.0,False
2026-09-30T11:22:47.861540+00:00,18,NG-11.26-12.26,NGX6,NGZ6,0.38,0.38,3.388,3.39,3.768,3.773,0.38500000000000023,0.37799999999999967,-16.885660000002826,-42.214150000001915,17.96,-34.84566000000282,-60.174150000001916,396,171.0,574.0,False
2026-09-30T11:22:47.861610+00:00,18,COFFEE-11.26-2.27,KCX6,KCG7,-0.05,-0.05,3.0,3.001,2.95,2.952,-0.04800000000000004,-0.05099999999999971,-0.8442799999997547,-1.6885599999999663,3.3200000000000003,-4.164279999999755,-5.008559999999966,396,849.0,11642.0,False
2026-09-30T11:22:47.861674+00:00,18,GL-12.26-3.27,GLZ6,GLH7,328.5,331.5,11521.6,11522.9,11851.6,11853.8,332.1999999999989,328.7000000000007,-2.7999999999992724,-3.6999999999989086,8.2,-10.999999999999272,-11.899999999998908,396,1849.0,26912.0,False
2026-09-30T11:22:47.861787+00:00,18,NG-10.26-11.26,NGV6,NGX6,0.34,0.34,3.051,3.052,3.388,3.39,0.33899999999999997,0.33599999999999985,-33.77132000000144,8.442830000000477,16.4,-50.17132000000144,-7.957169999999522,396,666.0,3624.0,False
2026-09-30T11:22:47.861851+00:00,18,BRM-10.26-11.26,BMV6,BMX6,-5.86,-5.83,103.61,103.64,97.75,97.77,-5.840000000000003,-5.890000000000001,-5.065680000000042,-1.688559999999739,6.48,-11.545680000000043,-8.16855999999974,396,2998.0,19724.0,False
2026-09-30T11:22:47.861913+00:00,18,GOLD-12.26-3.27,GDZ6,GDH7,54.0,54.1,4244.0,4244.3,4296.7,4297.5,53.5,52.399999999999636,-143.52811000003084,42.214150000000004,191.68,-335.20811000003084,-149.46585,396,3066.0,10156.0,False
2026-09-30T11:22:47.861972+00:00,18,BR-10.26-11.26,BRV6,BRX6,-5.86,-5.83,103.62,103.63,97.75,97.77,-5.8500000000000085,-5.8799999999999955,-42.2141499999961,-8.442829999993071,46.7,-88.91414999999611,-55.142829999993076,396,11327.0,45976.0,False
2026-09-30T11:22:52.654794+00:00,19,MIX-12.26-3.27,MXZ6,MXH7,5300.0,5325.0,227050.0,227075.0,232350.0,232400.0,5350.0,5275.0,-50.0,-50.0,63.2,-113.2,-113.2,398,363.0,780.0,False
2026-09-30T11:22:52.654968+00:00,19,BR-11.26-12.26,BRX6,BRZ6,-2.55,-2.52,97.75,97.77,95.23,95.26,-2.489999999999995,-2.539999999999992,-16.885659999993266,-50.65698000000417,44.480000000000004,-61.36565999999327,-95.13698000000417,398,2796.0,8730.0,False
2026-09-30T11:22:52.655048+00:00,19,RTS-12.26-3.27,RIZ6,RIH7,-120.0,-90.0,84660.0,84670.0,84530.0,84590.0,-70.0,-140.0,-84.42830000000001,-84.42830000000001,39.8,-124.2283,-124.2283,398,322.0,728.0,False
2026-09-30T11:22:52.655116+00:00,19,Si-3.27-6.27,SiH7,SiM7,1909.0,1936.0,85821.0,85826.0,87749.0,87776.0,1955.0,1923.0,-13.0,-46.0,18.18,-31.18,-64.18,398,190.0,962.0,False
2026-09-30T11:22:52.655178+00:00,19,GAZR-12.26-3.27,GZZ6,GZH7,340.0,341.0,9967.0,9968.0,10307.0,10309.0,342.0,339.0,-2.0,-2.0,10.14,-12.14,-12.14,398,300.0,2158.0,False
2026-09-30T11:22:52.655237+00:00,19,Si-12.26-3.27,SiZ6,SiH7,1248.0,1251.0,84609.0,84610.0,85821.0,85826.0,1217.0,1211.0,-40.0,31.0,17.86,-57.86,13.14,398,10854.0,82176.0,True
2026-09-30T11:22:52.655347+00:00,19,TTF-9.26-10.26,FFU6,FFV6,3.1,3.12,69.8,69.805,72.79,72.88,3.0799999999999983,2.9849999999999994,-12.968370000000064,1.9212400000001724,5.5600000000000005,-18.528370000000066,-3.638759999999828,398,1484.0,8506.0,False
2026-09-30T11:22:52.655414+00:00,19,MXI-12.26-3.27,MMZ6,MMH7,53.95,54.0,2270.2,2270.5,2324.15,2324.5,54.30000000000018,53.65000000000009,-3.4999999999990905,-3.5000000000017906,8.120000000000001,-11.619999999999092,-11.620000000001792,398,548.0,2054.0,False
2026-09-30T11:22:52.655478+00:00,19,Eu-12.26-3.27,EuZ6,EuH7,1420.0,1427.0,96268.0,96270.0,97688.0,97693.0,1425.0,1418.0,-9.0,-5.0,20.0,-29.0,-25.0,398,364.0,1872.0,False
2026-09-30T11:22:52.655535+00:00,19,WHEAT-10.26-11.26,W4V6,W4X6,1610.0,1620.0,11500.0,11510.0,13110.0,13120.0,1620.0,1600.0,-20.0,-10.0,8.7,-28.7,-18.7,398,611.0,1868.0,False
2026-09-30T11:22:52.655592+00:00,19,TTF-10.26-11.26,FFV6,FFX6,1.29,1.3,72.79,72.88,74.07,74.165,1.375,1.1899999999999977,-10.566820000000222,-8.165269999999996,5.6,-16.16682000000022,-13.765269999999996,398,1255.0,5706.0,False
2026-09-30T11:22:52.655662+00:00,19,GOLDM-12.26-3.27,GNZ6,GNH7,53.4,53.8,4243.8,4244.1,4296.2,4297.8,54.0,52.099999999999454,-14.352760000004583,-5.065680000000012,20.96,-35.31276000000459,-26.025680000000012,398,456.0,1802.0,False
2026-09-30T11:22:52.655782+00:00,19,SBRF-12.26-3.27,SRZ6,SRH7,970.0,971.0,28122.0,28123.0,29092.0,29094.0,972.0,969.0,-2.0,-2.0,24.9,-26.9,-26.9,398,248.0,1312.0,False
2026-09-30T11:22:52.655856+00:00,19,BRM-11.26-12.26,BMX6,BMZ6,-2.61,-2.56,97.75,97.77,95.07,95.14,-2.6099999999999994,-2.700000000000003,-11.819920000000234,-3.7493563809221085e-14,6.24,-18.059920000000233,-6.2400000000000375,398,891.0,3976.0,False
2026-09-30T11:22:52.655922+00:00,19,VTBR-12.26-3.27,VBZ6,VBH7,182.0,183.0,5344.0,5346.0,5526.0,5529.0,185.0,180.0,-3.0,-3.0,6.32,-9.32,-9.32,398,486.0,4858.0,False
2026-09-30T11:22:52.655981+00:00,19,SILVM-12.26-3.27,S1Z6,S1H7,1.59,1.6,61.85,61.86,63.45,63.47,1.6199999999999974,1.5900000000000034,-0.8442799999997195,-2.5328399999997773,4.8,-5.6442799999997195,-7.332839999999777,398,251.0,1208.0,False
2026-09-30T11:22:52.656048+00:00,19,COCOA-11.26-2.27,CCX6,CCG7,22.4,22.5,463.5,463.6,485.9,486.1,22.600000000000023,22.299999999999955,-2.0000000000004547,-2.0000000000002416,4.5,-6.500000000000455,-6.500000000000242,398,1914.0,26774.0,False
2026-09-30T11:22:52.656111+00:00,19,NASD-12.26-3.27,NAZ6,NAH7,75.0,77.0,30312.0,30313.0,30388.0,30390.0,78.0,75.0,-1.68856,-2.53284,22.28,-23.96856,-24.81284,398,284.0,1784.0,False
2026-09-30T11:22:52.656169+00:00,19,BTC-10.26-11.26,BTV6,BTX6,494.0,500.0,84446.0,84469.0,84945.0,84969.0,523.0,476.0,-2.02632,-2.4484700000000004,13.36,-15.38632,-15.80847,398,791.0,7784.0,False
2026-09-30T11:22:52.656228+00:00,19,CNY-12.26-3.27,CRZ6,CRH7,0.19,0.19,12.651,12.652,12.843,12.846,0.19500000000000028,0.19100000000000072,1.0000000000007225,-5.000000000000282,4.359999999999999,-3.359999999999277,-9.360000000000282,398,11094.0,256142.0,False
2026-09-30T11:22:52.656292+00:00,19,OZON-12.26-3.27,ONZ6,ONH7,56.0,57.0,3016.0,3017.0,3065.0,3069.0,53.0,48.0,-9.0,3.0,4.359999999999999,-13.36,-1.3599999999999994,398,312.0,2346.0,False
2026-09-30T11:22:52.656353+00:00,19,CNY-3.27-6.27,CRH7,CRM7,0.26,0.26,12.843,12.846,13.107,13.112,0.26900000000000013,0.26099999999999923,0.9999999999992237,-9.000000000000119,4.4,-3.4000000000007766,-13.40000000000012,398,436.0,7624.0,False
2026-09-30T11:22:52.656417+00:00,19,NG-11.26-12.26,NGX6,NGZ6,0.38,0.38,3.388,3.39,3.768,3.773,0.38500000000000023,0.37799999999999967,-16.885660000002826,-42.214150000001915,17.96,-34.84566000000282,-60.174150000001916,398,171.0,574.0,False
2026-09-30T11:22:52.656477+00:00,19,COFFEE-11.26-2.27,KCX6,KCG7,-0.05,-0.05,3.0,3.001,2.95,2.952,-0.04800000000000004,-0.05099999999999971,-0.8442799999997547,-1.6885599999999663,3.3200000000000003,-4.164279999999755,-5.008559999999966,398,849.0,11642.0,False
2026-09-30T11:22:52.656538+00:00,19,GL-12.26-3.27,GLZ6,GLH7,328.5,331.5,11521.6,11522.9,11851.6,11853.8,332.1999999999989,328.7000000000007,-2.7999999999992724,-3.6999999999989086,8.2,-10.999999999999272,-11.899999999998908,398,1849.0,26912.0,False
2026-09-30T11:22:52.656598+00:00,19,NG-10.26-11.26,NGV6,NGX6,0.34,0.34,3.051,3.052,3.388,3.39,0.33899999999999997,0.33599999999999985,-33.77132000000144,8.442830000000477,16.4,-50.17132000000144,-7.957169999999522,398,666.0,3624.0,False
2026-09-30T11:22:52.656657+00:00,19,BRM-10.26-11.26,BMV6,BMX6,-5.86,-5.83,103.61,103.64,97.75,97.77,-5.840000000000003,-5.890000000000001,-5.065680000000042,-1.688559999999739,6.48,-11.545680000000043,-8.16855999999974,398,2998.0,19724.0,False
2026-09-30T11:22:52.656759+00:00,19,GOLD-12.26-3.27,GDZ6,GDH7,54.0,54.1,4244.0,4244.3,4296.7,4297.5,53.5,52.399999999999636,-143.52811000003084,42.214150000000004,191.68,-335.20811000003084,-149.46585,398,3066.0,10156.0,False
2026-09-30T11:22:52.656832+00:00,19,BR-10.26-11.26,BRV6,BRX6,-5.86,-5.83,103.62,103.63,97.75,97.77,-5.8500000000000085,-5.8799999999999955,-42.2141499999961,-8.442829999993071,46.7,-88.91414999999611,-55.142829999993076,398,11327.0,45976.0,False
